path	bytes	sha256
.gitignore	52	8e5a2988007a13bd9d83f5baebd3b813f587612f76359d2c672b735352a87048
AI_ASSISTANCE_DISCLOSURE.md	1167	e2fc815c3c7ea83b9c4047f567c4d4a8e4d4ba2b89b781a3340a7be4f18f34ec
CITATION.cff	396	8495413773993333dc6328beed7ca325e97c391d120ef92357f5442d8546fff6
LICENSE	1218	4eac1cd8053340fad7091af167cd26c30916b4fd5c40e3108a0aa6f52eea2c53
README.md	4335	b4bbcf5b5691ecd443fcccbcff92e16af7804f2e5fe17c8e0cbf4012d274ce6b
REPOSITORY_CONTENT_POLICY.md	889	a141ba1ff071e2a01d2e0a52fd4cc3e7e246c13a6281bf8ea3e282ca18ff2a3e
REPRODUCIBILITY.md	5259	5666187177e9f975e8e454392e540a5f7f96b63d0aa68d634c869152bd5a1ad3
SCOPE_AND_NONCLAIMS.md	3047	29fdfa94e4940899b8cecc174a9edd2806a2f6f3396bb00443f890d1cca92508
THIRD_PARTY_NOTICES.md	1585	46dcd7e77c612b8af64e788e93feb330bd400a5c48ed5db2ff1146a244facd62
VERSION	6	59854984853104df5c353e2f681a15fc7924742f9a2e468c29af248dce45ce03
docs/EXTERNAL_SOURCE_REGISTRY.tsv	3108	76691114f7c6fef301ea4ba78fc837bf8e586463f942c1c317981a5f6a08e60f
docs/GITHUB_INTEGRATION_NOTES.md	922	0413807a5b4389b9d7bca965994cfc8f6f00c4edf605969ce1560a6c7d817a29
docs/MANUSCRIPT_TARGETS.tsv	496	c6b329839a85fb1d5004eace43ba2c012fe2f0912507fad40c8a800246304e8a
docs/PAPER_REPRODUCTION_MATRIX.tsv	16016	84d4722c918438e109406e552efa39aec473fcf090a6f1feffff34c8efccaab9
docs/PROJECT_SOURCE_SELECTION_REPORT.md	2796	1041c3d4d26d0d451ea921a6eb779fca131a74da245f21395e154090976013ea
docs/REPRODUCTION_STATUS.tsv	2228	41ee199c30efc568fd5d0fa2b977cffbc8afc94a37859e480fbcf4f1ba65f351
docs/VALIDATION_REPORT.md	4733	65dcfb83c02437ceb051d09bbc8ae426b580a38cbe85998df925d16e59ebcd83
environment/requirements.txt	70	abf7f7ff187ff81f9bff5542bdda75d995ac4d1851ad144e5a20ee7c269883eb
evidence/canonical_ledgers/cross_season/00_READ_FIRST_JA.md	2777	721b46e03683fba244bb5a7cb27c7c90046bb42667a1d72e6d0faaf23e255e5d
evidence/canonical_ledgers/cross_season/AI_ASSISTANCE_DISCLOSURE.md	715	3f817220169febee3228d3e8c7a6f220f4096786d0f6e9e475323cb8a0f1bcba
evidence/canonical_ledgers/cross_season/CLAIM_AND_NONCLAIM_LEDGER.tsv	3505	b8697a553715633fc5eb20eba9e496ec9603c40a9f42d03a698c79ae3a40904b
evidence/canonical_ledgers/cross_season/CONTRADICTION_AND_QUALIFICATION_LEDGER.tsv	2966	97bff1568e209a17331b72f4d868b743b74f6b0b705f03ae981ecfac51488fe8
evidence/canonical_ledgers/cross_season/CROSS_SEASON_CLAIM_CROSSWALK.tsv	4564	3974df54de92d401314fab8807d2c9a0206a3b01ae874cf3d7e82e2aa8f2df99
evidence/canonical_ledgers/cross_season/EVIDENCE_LOCATOR.tsv	8321	1df3ad654f9eb683fa8fd072f2751da8db37d83a144c6b33027cf5126c7898e0
evidence/canonical_ledgers/cross_season/EVIDENCE_STATE_MATRIX.tsv	2586	cc47f587d8e076980d2d59233b6b2218e1e3a5ec654de4569debba4cfbf73037
evidence/canonical_ledgers/cross_season/MANIFEST.tsv	2089	5ee350a7aae3fb8fec8ef1a0095f1e84794f5d20e5e65679db97478367fe2b67
evidence/canonical_ledgers/cross_season/METHOD_AND_EVIDENCE_MODEL_JA.md	5324	1adf83524013a0d0d71557a143ead9ac6921b9863547152c4f57133a49929315
evidence/canonical_ledgers/cross_season/NEW_CROSS_SEASON_PROPOSITIONS.tsv	2504	7cd1588fdf8e340cd108beb60cb685a800ebcb5f738d4a01725c147f260ecade
evidence/canonical_ledgers/cross_season/PUBLICATION_ARCHITECTURE_JA.md	3403	8a81daab1784c3e955a8e64eb63a02a7a48984e35691f4e18f97672ef2884a7e
evidence/canonical_ledgers/cross_season/REPORT.md	7296	8181a9b584ba081386f616b25c07bd1cc4407513454342dbbda38377b3451917
evidence/canonical_ledgers/cross_season/REPORT_JA.md	20885	b53271951ea5b77c5a2b722e844a8ee3cdb62c145a2af700d5e588da7b85959f
evidence/canonical_ledgers/cross_season/SHA256SUMS.txt	1991	0c94f4bbedad5c115b09f113d0dd59c4fe2a3b361bb180df97011a6d970dedd7
evidence/canonical_ledgers/cross_season/SOURCE_MASTER_IDENTITIES.tsv	678	5d75c57d4e47fc9cd42ab8512014dad31ca743ae2f89ece00d84f8afd7c0c3c4
evidence/canonical_ledgers/cross_season/UNRESOLVED_PRIORITIES_AND_REENTRY.tsv	3493	01c6cf33808db8c9863b5c6494d4c77cb413acc7a530c8b831c62f3262dbebe8
evidence/canonical_ledgers/cross_season/VERSION	6	e9dd8507f4bf0c6f42458e41aea833ad0bd3f6127272335eee9bf4d58541ed67
evidence/canonical_ledgers/cross_season/machine_readable/audit_summary.json	3042	1b82abbb42ad2bb4c46c96883bb0711a8df878a7906a8bd8e31f353d7f0ab205
evidence/canonical_ledgers/cross_season/machine_readable/evidence_model.json	1634	0a20b61d5d5208a383fcbed087a747fd2fc4596e8c57daa79d710887adb0db6c
evidence/canonical_ledgers/cross_season/machine_readable/validation_summary.json	2151	5ee919ad6c6d973ef180f43c49cab154708429b4c781b8b4fadf9507be5f58de
evidence/canonical_ledgers/final_validation/00_READ_FIRST_JA.md	1423	3a4219c92e21e579c6fbd077f93b6d792669976d79c37cf3313aaf88bbfdb0c9
evidence/canonical_ledgers/final_validation/AI_ASSISTANCE_DISCLOSURE.md	509	9080954def5f11cdf81df9c2b9293328d8bd9ed6be14517cc8a394314402d146
evidence/canonical_ledgers/final_validation/ATTEMPT_LEDGER.tsv	1379	a6d5b9e1711a4a50c2c9ad5dcf7867a0eef4623e248a720a72f9cc9565bef8ed
evidence/canonical_ledgers/final_validation/CLAIM_AND_NONCLAIM_LEDGER.tsv	3983	009618872b8615c4bf5ba69aff5467be7a6a62289a4bd6b0f8fc2d0ee674a6da
evidence/canonical_ledgers/final_validation/EVIDENCE_LOCATOR.tsv	4358	75b49d798979c582346766e040b7f498bb4450183ebf664172325f21ec83e830
evidence/canonical_ledgers/final_validation/FRAMEWORK_REFINEMENT_JA.md	2128	4d6970ab985ba10f47eaccf15575ae1e1ae63d636cde62f192c183e37fdb60f1
evidence/canonical_ledgers/final_validation/HOLD_REENTRY_AND_STOP.tsv	2645	e94adeaef0cbbaa5ebae99c8719a9de7e5956c5b47fbed084040f9672bb5c2e8
evidence/canonical_ledgers/final_validation/INFORMATION_GAIN_DECISION_LEDGER.tsv	3263	78130359bb27381c35785c0bffa71de3f54cac913290b8e22647d4108bb35ccb
evidence/canonical_ledgers/final_validation/INTERNAL_VALIDATION_CONTRACT.md	7096	5a54607d6004c88215e2981dce5a0a4ff1012c4505885487ef27b57db7a0b7d5
evidence/canonical_ledgers/final_validation/INTERNAL_VALIDATION_CONTRACT.md.sha256	98	e0bacc0002110e51aae80f90759ad140d1bac4014e8139318d60feda9c6c473b
evidence/canonical_ledgers/final_validation/MANIFEST.tsv	2775	d53ef69c559e66688ffb0559815ac5049727a7619a663585170e753bc41c0ceb
evidence/canonical_ledgers/final_validation/REPORT.md	3786	7cbd78a7e4b86f0e33faed7a7db5d54e4cfa843380b223d0e0403c00499b655b
evidence/canonical_ledgers/final_validation/REPORT_JA.md	11788	a16cfe4629f6eacf03257027301a54e9eb632254bc4074b259746a54c7aa9d45
evidence/canonical_ledgers/final_validation/REPRODUCIBILITY.md	1598	0e4353283a60889be14097d24f6af443f518a91b3a2472173ad47f94ce616411
evidence/canonical_ledgers/final_validation/SHA256SUMS.txt	2646	c9e758851411d96798bb72e59470919dcff936fbe7dca459b95220b695255c19
evidence/canonical_ledgers/final_validation/SOURCE_IDENTITIES.tsv	1255	5f89ff46c2d68fc819e1eb526dc7fc0054ffeae7bb8221e1d23f1383df2861b1
evidence/canonical_ledgers/final_validation/VALIDATION_LEDGER.tsv	3040	57169aeaf0cbb1039d8d533d504fd6c81797b1e75424662b84d0527715216cd1
evidence/canonical_ledgers/final_validation/VERSION	6	e9dd8507f4bf0c6f42458e41aea833ad0bd3f6127272335eee9bf4d58541ed67
evidence/canonical_ledgers/final_validation/results/closure_summary.json	1459	245f44c87616840a0b0c64631f5b3f86e323d0eb765912a22b411182ac41449e
evidence/canonical_ledgers/final_validation/results/internal_validation_results.json	10906	05399e51c5f42f75c9c0b52273a11f93c5168bcf39f3ba0960927c17ab8c3821
evidence/canonical_ledgers/final_validation/results/master_and_canonical_verification.json	1005	cecf561c803aff95eb07801868d0a90897c3a7ef88c4f8b1e06f59a4ab5a24b7
evidence/canonical_ledgers/final_validation/results/validation_checks.tsv	2171	84c2db675cedb14e61594e62e90dc657bc12067909a5942f464ade0dbfba8649
evidence/canonical_ledgers/first_season/00_READ_FIRST_JA.md	2589	31bbfe278a5a26e25033d9f3aba7a1c284c71abdb231069f0c9f1c53f18ff13a
evidence/canonical_ledgers/first_season/01_FIRST_SEASON_SCIENTIFIC_SUMMARY_JA.md	4481	c2aecfdcdd79a5a29ce5a7d090709e5f2daaad45bb2cd1f56ecfaca872c15f03
evidence/canonical_ledgers/first_season/02_SCOPE_CHRONOLOGY_AND_SEASON_MAP_JA.md	1951	994499cf9123f6a5b327e017ee6198602171344a2a94a9a044259c48768c2bbd
evidence/canonical_ledgers/first_season/03_BRANCH_STATUS_LEDGER.tsv	3400	c1f450eaa6e5062690aecbc7595202ad9ad75aa20e1d622e534f0f9d4eaf7214
evidence/canonical_ledgers/first_season/04_CLAIM_AND_NONCLAIM_LEDGER.tsv	3150	0a5baa497d5316e1267ec61f475cd8e296c6b746ae5c533ada17ada663d41e29
evidence/canonical_ledgers/first_season/05_KEY_NUMERICAL_RESULTS.tsv	1729	ebce46fd40486be435ad9f0bcc0deea5bcee8ef3a62e8b865561fa76b7e682ae
evidence/canonical_ledgers/first_season/06_DEPENDENCY_AND_SHARED_SOURCE_MAP_JA.md	1906	ca8259fd93a11b9ea011bac3811249743db6d98a68f76caaef68a27cd2eb98ef
evidence/canonical_ledgers/first_season/07_HOLD_REENTRY_AND_OPEN_QUESTIONS_JA.md	1858	e08420ccd748ef7cf71aef7a36a23d8b53cb16ecb7052fb68bc0634a2c464e05
evidence/canonical_ledgers/first_season/08_CROSS_SEASON_COMPARISON_INTERFACE_JA.md	2374	a8a3dd44233916ddac58901ad05e123deb48734a3736571392db4b007c620cbb
evidence/canonical_ledgers/first_season/09_THREAD_HANDOFF_JA.md	1366	83746419bfa4d4b3f068732088eb5652a796b4c5f3858e4c4c6b1fe2f580d2dc
evidence/canonical_ledgers/first_season/10_ARCHIVE_INTEGRITY_AND_LIMITATIONS_JA.md	1492	ffcf8f11343f7359c324d5e23f93e75cc5feeff591a4789f875585afbab9e1d8
evidence/canonical_ledgers/first_season/AI_ASSISTANCE_DISCLOSURE.md	556	611c70d01ccc69580f9f51080acef64ca931fee245cbdf0a2c300eb84477b409
evidence/canonical_ledgers/first_season/MANIFEST.tsv	4604	7d0221d74c848731c45afcb9b85508312435e75c346332ef744f0cad5b7048c9
evidence/canonical_ledgers/first_season/MASTER_PACKAGE_CLOSURE.json	702	d0bda236eea0809166971e7b16b4f58e2859c3410e0848c0c70662368396a333
evidence/canonical_ledgers/first_season/SHA256SUMS.txt	4447	62d2473d8c95b71d13884928a14afdfd76a109f23045fdf06873912eba1b9d52
evidence/canonical_ledgers/first_season/VERSION	6	59854984853104df5c353e2f681a15fc7924742f9a2e468c29af248dce45ce03
evidence/canonical_ledgers/first_season/canonical_reference_packages/cross_season_bridge_evidence/HTV114_CORR1_REVIEW_REPORT.md	5466	a249a95ea63b366994051aea274a763c227883cd67e24c1eda830c71cec1e18f
evidence/canonical_ledgers/first_season/canonical_reference_packages/cross_season_bridge_evidence/HTV114_CORR1_REVIEW_REPORT.md.sha256	96	285be206d0fd5477f29d64cbda3043a80b8825f9f6668103b68284de0b43f487
evidence/canonical_ledgers/first_season/canonical_reference_packages/cross_season_bridge_evidence/HTV136_REVIEW_REPORT.md	9652	bd3922b35954ab8dc09d71684760c341885f9c633081e613565b60d95c92ee02
evidence/canonical_ledgers/first_season/canonical_reference_packages/cross_season_bridge_evidence/HTV136_REVIEW_REPORT.md.sha256	90	404777b69b4fefc35f07559dd733f9d4cab8b63739f0149748fb0e3d23c0c0a4
evidence/canonical_ledgers/first_season/machine_readable/branch_registry.json	5796	f833c43c42846fff039c626559d88ce87acf1734e33a30e6cbe037af557868ff
evidence/canonical_ledgers/first_season/machine_readable/cross_season_interface.tsv	1272	2b0e6cd4235ae64b8e1bf5fe68b07870529d6f716ae32c66aec40c77049318a8
evidence/canonical_ledgers/first_season/machine_readable/first_season_file_inventory.tsv	239639	ecec5800ed31951ff05af337740df421c84ffda4ebc3cc4ab86a303ae6e48924
evidence/canonical_ledgers/first_season/machine_readable/first_season_sidecar_audit.tsv	185084	cfd8cdd6db118b5d24c014afc13eb00e5630bbe153e10dd8555900d50ae6b967
evidence/canonical_ledgers/first_season/machine_readable/first_season_zip_registry.tsv	81324	54821753fc797510b7d7da2aa672f5f8394063726fab3a1e82d2614f985545d0
evidence/canonical_ledgers/first_season/machine_readable/master_state.json	1598	4a53806b1026df3e82b4bc78c9afe5726e57a265f296bf162eebe4bcab9a9ee9
evidence/canonical_ledgers/first_season/machine_readable/source_archive_identity.json	588	6ebe9dbbfa777e01610ec40636db066000bf13aac5f15f4731236d4af715959a
evidence/canonical_ledgers/first_season/machine_readable/source_package_registry.tsv	4763	c1d9abe4fad225ae997d66dc878c2e8ea0dfd008d9993a161eb4bf5d819e8d07
evidence/canonical_ledgers/second_season/00_READ_FIRST_JA.md	1741	02e8ee21cf7020311bed640b6daa254a98bdc8ac99c5d6a7fc45f594df5457e3
evidence/canonical_ledgers/second_season/01_SECOND_SEASON_SCIENTIFIC_SUMMARY_JA.md	3438	cd6b0bf096581b8be130cd3a8137ba2a04d70dd56faacd2ca5a29bff27398902
evidence/canonical_ledgers/second_season/02_BRANCH_STATUS_REGISTRY.tsv	1737	41616f999a2f525ed7b8f4bb855232672114e8c0868e14098515bf77388514dd
evidence/canonical_ledgers/second_season/03_CLAIM_AND_NONCLAIM_LEDGER.tsv	2115	8be37bcea0b4dc9927108031f1b07d42b542ae8ae2486861b8c532e27542b15e
evidence/canonical_ledgers/second_season/04_KEY_NUMERICAL_RESULTS.tsv	1403	7b5728ec9f9b935271fe762cfa6be785646f6123b48a4d9d1da47c6f96deea7f
evidence/canonical_ledgers/second_season/05_HOLD_REENTRY_AND_SEASON_CLOSURE_GATES_JA.md	1864	2b89f096f76abc377dc2cfe1f5a4ea4da51b275af0a38d73b8c9209713a4573e
evidence/canonical_ledgers/second_season/06_CROSS_SEASON_COMPARISON_INTERFACE_JA.md	1773	fdcb4791638a90bf0f17c902c8b44f5cba69fd90985d3d828c1b133868cb8682
evidence/canonical_ledgers/second_season/07_SOURCE_FOLDER_HYGIENE_AND_INTEGRITY_JA.md	1797	79f8e02a82b62a0bfd26ddc6e7d6d777058267959f5095edcb3fd659c6b11118
evidence/canonical_ledgers/second_season/08_PUBLICATION_AND_PROJECT_STATE_JA.md	686	c84074a9c4081b27fe45762b4fde968106c2d779f685fc4d6527ae8ff362ef99
evidence/canonical_ledgers/second_season/09_THREAD_HANDOFF_JA.md	651	f48d02abbef0df3df3f9098b50fbb2b8daad9962ca03cc71add84014bfd1ebc1
evidence/canonical_ledgers/second_season/10_AI_USE_AND_RESPONSIBILITY_JA.md	463	056378aaf979d979c196d5c78b886e55a5de268c2e30de3fbb816672b9987817
evidence/canonical_ledgers/second_season/11_HISTORICAL_SNAPSHOT_REGISTER.tsv	309	ca596ade36ea4a29ab3ec9a7789d090764d85430f6860048517c895c4dca0f65
evidence/canonical_ledgers/second_season/MANIFEST.tsv	3593	7b8af6eb6b2d448cf2b70cfa503f456ba15ed03143950d8aacde7a63f21c5afb
evidence/canonical_ledgers/second_season/SHA256SUMS.txt	2942	683c677ef1f081deea7b45d3c62818247cc2c8bf76a0e0ed10a769065b53c04a
evidence/canonical_ledgers/second_season/machine_readable/branch_master_verification.json	2935	13ba9a9183d1637b7c6fb71b9604f28142a88191748d988326d2c4c174feb95b
evidence/canonical_ledgers/second_season/machine_readable/second_season_master_state.json	2650	1eaf8476ba087a1b5315dfbfb0a73496d641ab572b3db75d478f0d2d710cf105
evidence/canonical_ledgers/second_season/machine_readable/source_season_file_inventory.tsv	8791	8bf8c681dad92a35f6143c0b143d3bf83f2bfcdb827c80f790601fa341996300
evidence/first_season_publication_baseline/ANALYSIS_OUTPUTS/act_robustness/HTS43_CANONICALIZATION_AUDIT.md	961	e5ed15f9da979f05d35b530e9c3f0ce16c6c78895ef37cb660273900dd3a1924
evidence/first_season_publication_baseline/ANALYSIS_OUTPUTS/act_robustness/HTS43_CHAIN_SOURCES.tsv	1209	88e241a8c203c3547c2c602b3b00a4cc72c126886e418c3bc41b7ba8b8f1ba05
evidence/first_season_publication_baseline/ANALYSIS_OUTPUTS/act_robustness/HTS43_CORR1_LIMITED_CORRECTION_ORDER.md	937	60856272e5966b05679c02c93f036769d00e25f901f951b325fd6f5237a2b57c
evidence/first_season_publication_baseline/ANALYSIS_OUTPUTS/act_robustness/HTS43_NUMERICAL_RESULTS.json	4015	0e0dc17a7567d39d417d1a613fcdd54c0e11ed822ee77b1038365884e29ea99e
evidence/first_season_publication_baseline/ANALYSIS_OUTPUTS/act_robustness/HTS43_ROBUSTNESS_RESPONSE.tsv	5926	da152cc4617d56034e95cf83c933c2f52088ad16f85687d1820341b261e9537d
evidence/first_season_publication_baseline/ANALYSIS_OUTPUTS/bao_early_scale/HTS18_CONCLUSION_SUMMARY.tsv	702	8a87faa64b359fb4ae97e262ac8c1c8a049558f560f9dc36bd1ad900d2e45727
evidence/first_season_publication_baseline/ANALYSIS_OUTPUTS/bao_early_scale/HTS18_POSTERIOR_PRODUCT_SUMMARY.tsv	677	d50da1bba248d8a61e5c383d50445400b7ef228ed680271ecc201aa32b5ba0ad
evidence/first_season_publication_baseline/ANALYSIS_OUTPUTS/bao_early_scale/HTS18_PROJECTED_GAUSSIAN_CONTRACT.tsv	528	832f148832428a03bdac5a39f198ebe9cd748bb54319b1b5cb8b5adba20371b5
evidence/first_season_publication_baseline/ANALYSIS_OUTPUTS/bao_early_scale/HTS18_SOURCE_REGISTRY.tsv	530	423c028b54b863a9bf6b1b6098ec3aa817f171a9155c4aee59e7015c4dc609ea
evidence/first_season_publication_baseline/ANALYSIS_OUTPUTS/bao_early_scale/HTV05_MACHINE_READABLE_RESULTS.json	4571	7e41f66c1a9c63f90c39c08c4e9b4dd68af6abb036e624820b7c5c51c111dc97
evidence/first_season_publication_baseline/ANALYSIS_OUTPUTS/bao_early_scale/HTV05_SOURCE_REGISTER.md	1760	5df0804e852476164ccc21f5e10fa8d80bfffe9b8b031d892d7f7babfea05d6b
evidence/first_season_publication_baseline/ANALYSIS_OUTPUTS/cmb_geometry/HTS19_CROSS_EXPERIMENT_AUTHORITY_ATLAS.tsv	2631	7b5255f90012d852fa53daa6bfe823204125f42c7521f44197bf47e379a72faf
evidence/first_season_publication_baseline/ANALYSIS_OUTPUTS/cmb_geometry/HTS19_SOURCE_REGISTRY.tsv	1011	153d620cb42d69f5d901dd744fc70cc8c7bb7313110e001bc238951ad9ad0f87
evidence/first_season_publication_baseline/ANALYSIS_OUTPUTS/cmb_geometry/HTS21_DEPENDENCY_GRADE_ATLAS.tsv	1975	fdcf72398beef1e0f21f7f8857c5df0c527c7cbc51e08a7ffc769a42c486b868
evidence/first_season_publication_baseline/ANALYSIS_OUTPUTS/cmb_geometry/HTS21_SOURCE_REGISTRY.tsv	1844	15ad1cfc8de38532dcb1ae728979dde1b526de8e5137c3169caca316c691bd64
evidence/first_season_publication_baseline/ANALYSIS_OUTPUTS/cmb_geometry/HTS23_AXIS_GEOMETRY_ATLAS.tsv	3045	dbbfa27f3972841b6eff12b246fd9a76939baeefd92b9694355bde916b5fea89
evidence/first_season_publication_baseline/ANALYSIS_OUTPUTS/cmb_geometry/HTS23_COMMON_AXIS_SUMMARY.tsv	1271	dd5c057db2e7a83990aa1a2901aad2f9c0ff5e644b00797a2c9f2cee004e770b
evidence/first_season_publication_baseline/ANALYSIS_OUTPUTS/cmb_geometry/HTS23_SOURCE_REGISTRY.tsv	1505	88fba7bc9fac28fc35e1bba6ba532b923fb04030d14d46c96992d50d2b039d76
evidence/first_season_publication_baseline/ANALYSIS_OUTPUTS/cmb_geometry/HTS25_ACOUSTIC_INVARIANT_CROSSCHECK.tsv	946	a3c1cfa52891a57afbcf38d936861f8601e0ec8292437736680296bf8a3e2e4d
evidence/first_season_publication_baseline/ANALYSIS_OUTPUTS/cmb_geometry/HTS25_SOURCE_REGISTRY.tsv	595	7e42b6658d239385fa60648cb95bd1612592fb14d7aedaeaa8e8b9e934b4aef6
evidence/first_season_publication_baseline/ANALYSIS_OUTPUTS/cmb_geometry/HTV100_MACHINE_READABLE_RESULTS.json	346	12081f1ad95a2731e9dcc5419b170e0ce8aaa2eaa6587244f91f08136df2e91e
evidence/first_season_publication_baseline/ANALYSIS_OUTPUTS/cmb_geometry/HTV101_NESTED_MODEL_TESTS.tsv	660	ed4151e081c7230e8677ef7785a1854daa50d39fb3a0dcf992d60d1964620af8
evidence/first_season_publication_baseline/ANALYSIS_OUTPUTS/cmb_geometry/HTV101_PROFILED_AMPLITUDE_MODELS.tsv	608	932af5461637086dfc00491a9ce54d3147fe0a5be2578b92b47563b9fcf860b9
evidence/first_season_publication_baseline/ANALYSIS_OUTPUTS/desi_response/HTV84_MODE_ADJUDICATION.tsv	1043	a255eb95d1fffde125e3655cfbb5b74c42abbc7cd42ab87dc164a82af6e9da08
evidence/first_season_publication_baseline/ANALYSIS_OUTPUTS/desi_response/HTV98_CLOSEOUT_METRICS.tsv	286	be76d50be5ba1831ec3a3a7e5108a1cd6eea873a3ce7848470ba9f73f29f58be
evidence/first_season_publication_baseline/ANALYSIS_OUTPUTS/desi_response/HTV98_STATE_SUMMARY.tsv	491	9a9dbae1302c9f093388ca9f11c0679280aae4feb425db6e1b342563a8667cab
evidence/first_season_publication_baseline/ANALYSIS_OUTPUTS/independent_routes/HTV108_ALL_JACKKNIFE_RESULTS.tsv	4004	16f62796ea4e51a31e9384042211c0c0b8ff20977d3ce44fba1f296a01ea3158
evidence/first_season_publication_baseline/ANALYSIS_OUTPUTS/independent_routes/HTV108_MACHINE_READABLE_RESULTS.json	914	94397e0f687c2458a4a220dcafc2060a03ce53f94541dd3e1f01e31e217a230f
evidence/first_season_publication_baseline/ANALYSIS_OUTPUTS/independent_routes/HTV108_NGC4258_ROLE_SEPARATION.tsv	1303	30fac3024a138c3df5aacc0fe6848f0965b2c9528aed02c4687044457a82cf48
evidence/first_season_publication_baseline/ANALYSIS_OUTPUTS/independent_routes/HTV108_SOURCE_REGISTER.json	1099	7d977fbe50782667d7eeea2c42406440406a32b3a27e21188a576ef239d77fb8
evidence/first_season_publication_baseline/ANALYSIS_OUTPUTS/independent_routes/HTV111_CROSS_ROUTE_INDEPENDENCE_MATRIX.tsv	1089	0aec6bfa28e3bbfa8b6857c882133c7588b0a30069c01b5b86f4b63e0f86f81c
evidence/first_season_publication_baseline/ANALYSIS_OUTPUTS/independent_routes/HTV111_DEPENDENCY_QUALIFICATION_MATRIX.tsv	1643	f183b96b10e9e0ef67233abb414b89a166523948b4d227b9862c3571fea48758
evidence/first_season_publication_baseline/ANALYSIS_OUTPUTS/independent_routes/HTV111_ROUTE_CONTRACT_MATRIX.tsv	959	a1ffcacbad597513120934b3e75ad7228be78c7b736bcc438c255c74244518fd
evidence/first_season_publication_baseline/ANALYSIS_OUTPUTS/independent_routes/HTV112_PUBLIC_CODE_REPRODUCTION.tsv	1100	dab0e8fe97751e7aee3b5a38cb85f9952fffd374f13fc920b6e4ceffc9e7f9fd
evidence/first_season_publication_baseline/ANALYSIS_OUTPUTS/independent_routes/HTV112_SOURCE_REGISTER.json	1149	31b2deecb9a6e86aa777214e8ce52b3044aed49846139957cc62110ac1e73241
evidence/first_season_publication_baseline/ANALYSIS_OUTPUTS/independent_routes/HTV113_MACHINE_READABLE_RESULTS.json	1253	5c48369ee10d8b01833fafc24817e8e1c540c9d5f661fb4f04f28a0e23f99482
evidence/first_season_publication_baseline/ANALYSIS_OUTPUTS/independent_routes/HTV113_ORTHOGONAL_PATH_AUDIT.tsv	1404	15dc42b28c5c3bd7ab36ed3e0a6cb9658d2ab3650476a2c3497762f6120a9475
evidence/first_season_publication_baseline/ANALYSIS_OUTPUTS/independent_routes/HTV113_SOURCE_REGISTER.json	741	3b4c2b20704855ce68bd84e7087571325f91eb624e624f4263c762896da8c872
evidence/first_season_publication_baseline/ANALYSIS_OUTPUTS/independent_routes/HTV135_CLAIM_MATRIX.tsv	3481	7a8a5f8165236816405ec246a29e3471081890f5a97514ac90f4b53d4e8ae7ea
evidence/first_season_publication_baseline/ANALYSIS_OUTPUTS/integrated/HTV_HTS_ISSUE_AND_DEPENDENCY_REGISTER.tsv	5884	2fccaff9d434e1b2cc5707b1c1aa2d2371ab677976cd98e08c4d652d5035b9eb
evidence/first_season_publication_baseline/ANALYSIS_OUTPUTS/integrated/HTV_HTS_MAJOR_BRANCH_LEDGER.tsv	9033	ac8269da3a34ace427faa0bc439955b52d539548d6fff3b2cd713936077cc58e
evidence/first_season_publication_baseline/ANALYSIS_OUTPUTS/integrated/HTV_HTS_REENTRY_AND_MINIMAL_TESTS.tsv	3905	fba41c2a3c74310f07ed8ab9a105eaf4ed82c577cfc8478f0946cb11796bc24d
evidence/first_season_publication_baseline/ANALYSIS_OUTPUTS/integrated/PRIOR_PACKAGE_INTEGRITY_SUMMARY.tsv	671	3ab17da1d5cabb0579f47a903f7d39d194f76fd990b00420e95b14ed825f1712
evidence/first_season_publication_baseline/ANALYSIS_OUTPUTS/local_ladder/HTV19_SHARED_HOST_DISTANCE_COMPARISON.tsv	1936	8e20502d0be5dac84984eec134ba4a095f11e4d7d6025a9fdd9f59902a9b93ff
evidence/first_season_publication_baseline/ANALYSIS_OUTPUTS/local_ladder/HTV19_SHARED_HOST_SUMMARY.json	2602	f1746fedd1e6879c6c19670a6954f5b044b7367f924b1bd4d58a184fef66d462
evidence/first_season_publication_baseline/ANALYSIS_OUTPUTS/local_ladder/HTV19_SOURCE_REGISTER.md	2021	eb0e6a944c8bee747ec8467357722e4e28c787f0fa77c60cf8db5e6eb4b592ab
evidence/first_season_publication_baseline/ANALYSIS_OUTPUTS/local_ladder/HTV31_LOCAL_SN_MECHANISM_EVIDENCE_MAP.tsv	3949	c368f669b88f1d7f946165b168d56aba7f3ba3a2db6110b6c5e9587f74f07f32
evidence/first_season_publication_baseline/ANALYSIS_OUTPUTS/posterior_attribution/HTS66_INVARIANT_HIERARCHY.tsv	2469	4f2f348bba2f17b4abdb77cfa4112f4c701bfca588042b192fa171b1727e10dd
evidence/first_season_publication_baseline/ANALYSIS_OUTPUTS/posterior_attribution/HTS66_PRIMARY_SYNTHESIS.tsv	569	411b14fc62e8648faccfdd8aff42def21a6d13af60aa5711e049035aacc9044b
evidence/first_season_publication_baseline/ANALYSIS_OUTPUTS/posterior_attribution/HTS67_CLASSIFICATION.tsv	1913	8d4c8ff4002d3dd9e40f61bf1c4e34020f4ceb5a43d12b556a656713e0456625
evidence/first_season_publication_baseline/ANALYSIS_OUTPUTS/posterior_attribution/HTS67_SYMMETRIC_POOLING_SENSITIVITY.tsv	2627	3c7e6bfc17dee1a33a6a3dee60cb287eabff7aa9a10f5fb8c7e5dc4fb135dfa0
evidence/first_season_publication_baseline/ANALYSIS_OUTPUTS/rules/WORK_SCIENTIFIC_AUDIT_RULES_V1.md	3767	c82affc3ef75f2444b66b46a5cb86760e076e1e9c4f57a8bcd42b97850c11071
evidence/first_season_publication_baseline/ANALYSIS_OUTPUTS/supernova_processing/HTV23_CONTROLLED_W_DECOMPOSITION.tsv	309	3ec390b8a6e92f084d1144b0224eadc9ba213d449012475532f3662662f4c82d
evidence/first_season_publication_baseline/ANALYSIS_OUTPUTS/supernova_processing/HTV23_SOURCE_REGISTER.md	2046	d4bf2698a098d6bd4bae81195c79960a04560a0ae26fae9bf18b6e01f599cae6
evidence/first_season_publication_baseline/ANALYSIS_OUTPUTS/supernova_processing/HTV23_SUPERCAL_TO_FRAGILISTIC_TRANSITION.tsv	205	76664943111dd966bb124781cb7b684d7915e34123904dc47c0a9af69a163664
evidence/first_season_publication_baseline/ANALYSIS_OUTPUTS/supernova_processing/HTV29_FIXED_EFFECT_SLOPE_DECOMPOSITION.tsv	9433	5d8246447e9f040533c44d73053ae721485edcf80a0144417eba7debfc0de954
evidence/first_season_publication_baseline/ANALYSIS_OUTPUTS/supernova_processing/HTV29_SOURCE_REGISTER.md	1140	a2578781db5940f0640241f2113487dc4579330ed53df6542656c184b6fb29e3
evidence/first_season_publication_baseline/ANALYSIS_OUTPUTS/supernova_processing/HTV30_BBC_CLOSURE_GATE.tsv	1006	88fab3c418df36606f3614051c628717c002cfd6f837e8809e57ba073bde48e5
evidence/first_season_publication_baseline/ANALYSIS_OUTPUTS/supernova_processing/HTV31_LOCAL_SN_BRANCH_STOP_GATE.tsv	859	923d482b371823412ab05da6ddd6f0c3a7295b67618914a3eea9b7f112a0cbd0
evidence/first_season_publication_baseline/ANALYSIS_OUTPUTS/tdcosmo/corr1/HTS68_CORR1_CANONICAL_CLASSIFICATION.md	2461	d78f931dde6a06c7fcbba97a61070da4664cd59693dd1f6688c7a34560908394
evidence/first_season_publication_baseline/ANALYSIS_OUTPUTS/tdcosmo/corr1/HTS68_CORR1_METHOD_AND_CONTRACT_REPORT.md	8662	0143f7839386fca8326b227d85d00c2b7378971cf60ff83fa9f117acb94c2aef
evidence/first_season_publication_baseline/ANALYSIS_OUTPUTS/tdcosmo/corr1/HTS68_CORRECTED_EXECUTION_CONTRACT_FOR_FUTURE_RERUN.md	9527	f5d863d55212a2f4473a556846ab9ff7a68522254f7a18dbd7e9eab4f7123b2f
evidence/first_season_publication_baseline/ANALYSIS_OUTPUTS/tdcosmo/corr1/HTS68_PAPER_TABLE6_REFERENCE.tsv	3605	1cd322aa9e1131bd6a81702e1b81d3afb49f0388b59825983573e05d260d00ed
evidence/first_season_publication_baseline/ANALYSIS_OUTPUTS/tdcosmo/corr1/HTS68_SOURCE_ENFORCEMENT_PATCH.diff	28957	e73e2def315cf8608994d2848fbae721a9c97546ece6bd34dfc0f159a5f2c142
evidence/first_season_publication_baseline/ANALYSIS_OUTPUTS/tdcosmo/corr1/SHA256SUMS.txt	636	973d47f514160b0a8cd7a20286eac6264b4c3423e31601275f3f03230370ce7e
evidence/first_season_publication_baseline/ANALYSIS_OUTPUTS/tdcosmo/corr1/WORK_SCIENTIFIC_AUDIT_RULES_V1.md	3767	c82affc3ef75f2444b66b46a5cb86760e076e1e9c4f57a8bcd42b97850c11071
evidence/first_season_publication_baseline/ANALYSIS_OUTPUTS/tdcosmo/corr2/HTS68_CORR1_CANONICAL_CLASSIFICATION.md	2461	d78f931dde6a06c7fcbba97a61070da4664cd59693dd1f6688c7a34560908394
evidence/first_season_publication_baseline/ANALYSIS_OUTPUTS/tdcosmo/corr2/HTS68_CORR2_PATCH_VALIDATION_REPORT.md	2809	00f395659a457afb43249f7c8ae62415b9200e441df223880e4f8e64b0aafaf8
evidence/first_season_publication_baseline/ANALYSIS_OUTPUTS/tdcosmo/corr2/HTS68_CORR2_SOURCE_G0_ENFORCEMENT_PATCH.diff	40886	5d8483ff4604c634c1d8d39be1cdc2d74927be6b308242a2f69737f762fe4fa0
evidence/first_season_publication_baseline/ANALYSIS_OUTPUTS/tdcosmo/corr2/HTS68_CORR2_TECHNICAL_STATUS.md	1285	dd16a89514cd7457d826f81de2d1d70574db0a6a25cb2e38852b911372f87def
evidence/first_season_publication_baseline/ANALYSIS_OUTPUTS/tdcosmo/corr2/HTS68_CORRECTED_EXECUTION_CONTRACT_FOR_FUTURE_RERUN.md	6321	2fb034fda7be0c4c8c897f24efee59233f70c9e2b30ffbc7ef1f997849027c73
evidence/first_season_publication_baseline/ANALYSIS_OUTPUTS/tdcosmo/corr2/HTS68_G0_APPROVAL_RECORD_TEMPLATE.json	346	bffd20328379ad49720bdcb5a4e958805fca9420eef7e4c766d9bcf75111730d
evidence/first_season_publication_baseline/ANALYSIS_OUTPUTS/tdcosmo/corr2/HTS68_G0_FREEZE_MANIFEST_TEMPLATE.json	518	b1a28ee84703eece7c9435c51eb6e90d73ef0d031d71f8e0b9b6960d05121f8c
evidence/first_season_publication_baseline/ANALYSIS_OUTPUTS/tdcosmo/corr2/HTS68_PAPER_TABLE6_REFERENCE.tsv	3605	1cd322aa9e1131bd6a81702e1b81d3afb49f0388b59825983573e05d260d00ed
evidence/first_season_publication_baseline/ANALYSIS_OUTPUTS/tdcosmo/original_results/HISTORY_ONLY_HTS68_CLASSIFICATION.json	1190	fb8972ce6f847ffc01c0a92b2712a8d8a67335f54f4e6cb45924c954f718a411
evidence/first_season_publication_baseline/ANALYSIS_OUTPUTS/tdcosmo/original_results/HISTORY_ONLY_HTS68_EXECUTION_REPORT.md	2328	60e27f9767d34e3d613e876b9520321138e361a2ad53890dcc64aa9082415618
evidence/first_season_publication_baseline/ANALYSIS_OUTPUTS/tdcosmo/original_results/HTS68_CHAIN_CONTRACT_AUDIT.tsv	6087	7341704eb77605b91d380b32e7bbba3941387639faa15b274a8d0d60310fdbb1
evidence/first_season_publication_baseline/ANALYSIS_OUTPUTS/tdcosmo/original_results/HTS68_CHAIN_IDENTIFIER_CROSSWALK.tsv	479	14e9b0dbb2a05d807f93d882161ad6022da076e63b7c5e5b1f2d2c0df215e3ac
evidence/first_season_publication_baseline/ANALYSIS_OUTPUTS/tdcosmo/original_results/HTS68_FLAT_LCDM_POSTERIOR_SUMMARY.tsv	4080	767fc8d1c88f53a1f43991f54142a1a3c9bb879b5874f89961003b215dd3496f
evidence/first_season_publication_baseline/ANALYSIS_OUTPUTS/tdcosmo/original_results/HTS68_LIMITATION_REGISTER.tsv	999	d98836bda8d1b6a13bbbe37f684a41b3d7779ae0312a02f79b24c96b8f28c800
evidence/first_season_publication_baseline/ANALYSIS_OUTPUTS/tdcosmo/original_results/HTS68_NESTED_DEPENDENCY_SHIFTS.tsv	2234	ccee88ae7f2e5fbf5e562c28325dfd61d71f4abb00ba4f13102e6c41cd0fc994
evidence/first_season_publication_baseline/ANALYSIS_OUTPUTS/tdcosmo/original_results/HTS68_SOURCE_FREEZE.tsv	317	21437f01759a1c386d23161b3409c1606e4811e86addba429dc036893cb3f703
evidence/first_season_publication_baseline/ANALYSIS_OUTPUTS/tdcosmo/original_run_history/HISTORY_ONLY_HTS68_EXECUTION_CONTRACT.md	1680	c2e5b4c93dfcc1197b9571dfa486c2bec2dd5fd6aec3d3906daaae7d4e812bad
evidence/first_season_publication_baseline/ANALYSIS_OUTPUTS/tdcosmo/original_run_history/HISTORY_ONLY_run_hts68_tdcosmo_audit.py	29622	cb13001656042b833f0c443145718939857a7731ee6ebd421afa69b3809d243e
evidence/first_season_publication_baseline/FIGURE_SOURCE_DATA/FIGURE1_DEPENDENCY_GRAPH_DATA.tsv	2012	b493225638ac9d1fa7b528380b951ee6cbe9bef1822edf463c34e457d34ed5f6
evidence/first_season_publication_baseline/FIGURE_SOURCE_DATA/FIGURE2_EVIDENCE_HIERARCHY_DATA.tsv	1200	d226a24b40bd5313dae19c9b380408434b4a6bf8029fc38c3cfa374ecba8099e
evidence/first_season_publication_baseline/FIGURE_SOURCE_DATA/FIGURE3_CMB_DESI_AXIS_DATA.tsv	3038	0302a0569f096f09eb2088c5bf97e65d1b29298b7fca8e242c488d9860f5b651
evidence/first_season_publication_baseline/FIGURE_SOURCE_DATA/FIGURE3_COMMON_AXIS_SUMMARY.tsv	1252	9816e864958afadf329fa3bc9123dcf3aac1fdfd7f8d8394115a184114fa89f4
evidence/first_season_publication_baseline/FIGURE_SOURCE_DATA/FIGURE4_CLASSIFICATION_DATA.tsv	347	d0d99421f99f5035465cb7c35c01354e95a535c8563517bec678d954e2a0d625
evidence/first_season_publication_baseline/POST_SYNTHESIS_VALIDATION/tdcosmo_second_implementation/BLIND_EXECUTION_CONTRACT.md	3914	beae2069934206dd15fb05f0eb5da1da58c338d7c6e0481685398ac8d1d1b45f
evidence/first_season_publication_baseline/POST_SYNTHESIS_VALIDATION/tdcosmo_second_implementation/CLAIM_AND_SCOPE_BOUNDARY.md	2447	3dda15ca7da75b09df4ee859119159c1ec4a36d6932a53e1e19ec45c03dea62d
evidence/first_season_publication_baseline/POST_SYNTHESIS_VALIDATION/tdcosmo_second_implementation/EXTENSION_ENVIRONMENT.txt	331	987060f017cd3315292ff574cad0987c06e50c30127d0bf806b7e71461f596bf
evidence/first_season_publication_baseline/POST_SYNTHESIS_VALIDATION/tdcosmo_second_implementation/EXTENSION_EXECUTION_CONTRACT.md	1963	f82e2d483969ce5b0e41f87010ed2837e3734175ba5623d4b3afa3dd7eafccc0
evidence/first_season_publication_baseline/POST_SYNTHESIS_VALIDATION/tdcosmo_second_implementation/EXTENSION_METHOD_NOTE.md	1267	633a3a3175af3658f60c579b6c27dd5b4fde083d802f224350412907b6fb1478
evidence/first_season_publication_baseline/POST_SYNTHESIS_VALIDATION/tdcosmo_second_implementation/EXTENSION_RUN_COMMAND.txt	372	36a06d7ef88f16d6e5fbdf27a8acd854d2f255d7fc9af9df5be551d6bd92806a
evidence/first_season_publication_baseline/POST_SYNTHESIS_VALIDATION/tdcosmo_second_implementation/EXTENSION_RUN_LOG_STDOUT.txt	1530	ed5aa5cb39381e15ffc8322f284b84777e8533051eee2786a0a2f4f79e923bc2
evidence/first_season_publication_baseline/POST_SYNTHESIS_VALIDATION/tdcosmo_second_implementation/FINAL_CLASSIFICATION.json	864	31c8711847bb39b208a5a2e80e1504b12886b9b63146e20897cfc43a74d4aa2a
evidence/first_season_publication_baseline/POST_SYNTHESIS_VALIDATION/tdcosmo_second_implementation/FINAL_RESULT_SUMMARY.tsv	474	476444aecc584b795d1ef4336b52db344b575e70eaff2b1da6ee109072c478a1
evidence/first_season_publication_baseline/POST_SYNTHESIS_VALIDATION/tdcosmo_second_implementation/HISTORICAL_SEQUENCE.md	3418	334da5d7bfc5c9bb692fe9f63a48e98bb1314f52ebfad633bc3a72010f0b6980
evidence/first_season_publication_baseline/POST_SYNTHESIS_VALIDATION/tdcosmo_second_implementation/HISTORICAL_SOURCE_RECORDS.tsv	874	b71b9f789d265c09bd63d83b6d6819f3f6d0cb1c89582d5805aa4a7c6789dda5
evidence/first_season_publication_baseline/POST_SYNTHESIS_VALIDATION/tdcosmo_second_implementation/IDENTIFIER_COLLISION_RECORD.md	610	34d3bb39831c9a60e5644dcfc40430898b01f03d121657c8de332fdbedfbd31c
evidence/first_season_publication_baseline/POST_SYNTHESIS_VALIDATION/tdcosmo_second_implementation/IDENTIFIER_CROSSWALK.tsv	476	be690a2395cb209abadcb695d5b286323b96f9026a182acd7cf741e86b3b5d24
evidence/first_season_publication_baseline/POST_SYNTHESIS_VALIDATION/tdcosmo_second_implementation/LICENSE_CODE_MIT	1072	84954891c039ce0b1a500ae5cf46dc8795ddf6ea78ac312b4aff0566910b87ca
evidence/first_season_publication_baseline/POST_SYNTHESIS_VALIDATION/tdcosmo_second_implementation/METHOD_FREEZE_RECORD.json	794	a8f56e7e0f290f639c1380135af2b7ad64d6f59bd0fe610cb91a7d8a1e230d12
evidence/first_season_publication_baseline/POST_SYNTHESIS_VALIDATION/tdcosmo_second_implementation/NUMERICAL_COMPARISON_13_CHAINS.tsv	3579	ee89d0b76adae683c1cd92ac5b77747d4c08de8937d69b3148184e6e65a1e887
evidence/first_season_publication_baseline/POST_SYNTHESIS_VALIDATION/tdcosmo_second_implementation/PILOT_COMPARISON_AUDIT_REPORT.md	3607	baa79b73f025b75d0c08b7bbc655687c23ee2b7b47e0671ca2926aa529c2c532
evidence/first_season_publication_baseline/POST_SYNTHESIS_VALIDATION/tdcosmo_second_implementation/PILOT_METHOD_NOTE.md	1267	633a3a3175af3658f60c579b6c27dd5b4fde083d802f224350412907b6fb1478
evidence/first_season_publication_baseline/POST_SYNTHESIS_VALIDATION/tdcosmo_second_implementation/PILOT_NUMERICAL_COMPARISON_3_CHAINS.tsv	823	2b34bb74220a6c3bc714c70b065c945c0c519eb236afbd58385e9a2c391daca7
evidence/first_season_publication_baseline/POST_SYNTHESIS_VALIDATION/tdcosmo_second_implementation/PILOT_RUN_LOG_STDOUT.txt	370	ae4ae33025595eb1af1282b9a338ef62af41e9eb8c54b127eef3fe787cbbf2c3
evidence/first_season_publication_baseline/POST_SYNTHESIS_VALIDATION/tdcosmo_second_implementation/PILOT_STRUCTURAL_COMPARISON_3_CHAINS.tsv	6744	b90b44d827acc4e07092f38b62223c1eba74dc2adf8f3b251ae4a4636ca8863c
evidence/first_season_publication_baseline/POST_SYNTHESIS_VALIDATION/tdcosmo_second_implementation/README.md	4250	0898435d00858d35f8431afd0b24e764362b512fc675b60865fcc4e944075d9d
evidence/first_season_publication_baseline/POST_SYNTHESIS_VALIDATION/tdcosmo_second_implementation/SELECTION_AND_EXCLUSION_RECORD.md	1879	471071760f5b7961d037f27ae1b9c36db4fc69de2d84d2057cc6a085f91ea0a1
evidence/first_season_publication_baseline/POST_SYNTHESIS_VALIDATION/tdcosmo_second_implementation/SHA256SUMS.txt	2626	405dcb20c07481fae75e5be71f36213af004356801a0ac684996df736ab6ad7e
evidence/first_season_publication_baseline/POST_SYNTHESIS_VALIDATION/tdcosmo_second_implementation/SOURCE_MANIFEST_13_CHAINS.tsv	1980	ee3c73fb0a9d051c18ff0f415fa785c72e1f3ff63adf6e5118393a1098f8f3ae
evidence/first_season_publication_baseline/POST_SYNTHESIS_VALIDATION/tdcosmo_second_implementation/STRUCTURAL_COMPARISON_13_CHAINS.tsv	25974	990c6cd5f1b18db9c1e8ea70ed49228fefa20c12ca9c34acf1444c61111a9f38
evidence/first_season_publication_baseline/POST_SYNTHESIS_VALIDATION/tdcosmo_second_implementation/TABLE6_PUBLISHED_PRECISION_COMPARISON.tsv	5015	20b05756d39d27c8eae7ae00ca3867b4345f90f943ec576d3a2dee395243f468
evidence/first_season_publication_baseline/POST_SYNTHESIS_VALIDATION/tdcosmo_second_implementation/VALIDATION_REPORT.md	730	79680daf34a5946a4ef50688204f5c259cc2de967857122c553ef06573ba62ba
evidence/first_season_publication_baseline/POST_SYNTHESIS_VALIDATION/tdcosmo_second_implementation/run_audit.py	17628	6360c803c584cc29e939445001fa6508cd875d16b4cdba5caba8be8b031368f7
evidence/first_season_publication_baseline/PROVENANCE/ARCHIVED_OUTPUT_INDEX.tsv	40601	e56222ffdc6272e136f020d0faddc6996b406dab5814d2405af2b9a382c9cb5a
evidence/first_season_publication_baseline/PROVENANCE/DIRECT_NUMERICAL_VALIDATION_REPORT.tsv	5503	e7ed83ab6005d803a64f7d6865fd892dc59be2462f9da9b294f1dde0452b3c65
evidence/first_season_publication_baseline/PROVENANCE/PATH_MAPPING.tsv	409	1d7f605874ee1781e6ad672b8b4cc4d9c008ef314d78b4bd6b8122ed86399431
evidence/first_season_publication_baseline/PROVENANCE/PHASE2C_EVIDENCE_ORIGIN_CORRECTION.tsv	677	bc43958c52b8a30fd5595aaa91d2f1903af98cbf92990f1aa132ce329cf8c781
evidence/first_season_publication_baseline/PROVENANCE/PHASE3B_RUN_LINEAGE_REGISTER.tsv	1223	c6243b104ea3bb76c2d7b4e9eadce7c8ce50956c31e7e207ebf3a5b1b87ab734
evidence/first_season_publication_baseline/PROVENANCE/POST_SYNTHESIS_VALIDATION_REGISTER.tsv	3950	75875741d34306385e0645f3aceee96812674e9b36e1c573ef7966488a3c39a6
evidence/first_season_publication_baseline/PROVENANCE/PRETAG_REPRODUCIBILITY_GATE.tsv	2333	9d1065ae4d023a18a167e7eeb58d09799f42d311cbbc80b42360e0ea8934f714
evidence/first_season_publication_baseline/PROVENANCE/PRINCIPAL_NUMERICAL_RESULTS_VALIDATION.tsv	27981	2d2d5eb27f935256fc9d1e4ca458861590960476e58ce4a2d849a52e757faa03
evidence/first_season_publication_baseline/PROVENANCE/REEXECUTION_EVIDENCE_REGISTER.tsv	1805	8626b1f6fa73a7e4d1041b4bfc4c8e06d2080ec4b9612c70c3093e6acce127f0
evidence/first_season_publication_baseline/PROVENANCE/REPRODUCTION_STATUS.tsv	2827	4f38192f7011faa1ee10543f7396a2098f9d5180f41c411a0d94a7ee06210da6
evidence/first_season_publication_baseline/PROVENANCE/SOURCE_AND_VERSION_RECORDS.tsv	7745	51b7863113f1e88dc1b382d828cbd31b36d8c96ac6d5b36f4388f6afd9775baa
evidence/first_season_publication_baseline/PROVENANCE/STATEMENT_TO_EVIDENCE_REGISTER.tsv	39831	e5c833cab0d0ba235bec93263371cdde11e25977966f2769c6ec0ef15aa7052e
evidence/first_season_publication_baseline/PROVENANCE/TABLE2_NUMBER_ID_VALIDATION.tsv	7444	69ce205b168e2a2d25d72385c994cb860c76974f0b24972b697fd5af5a3b8563
evidence/first_season_publication_baseline/PROVENANCE/V001_EVIDENCE_PATHS.tsv	2494	da806d667bbde34177a20d7d0ac7941af9384795265dd093244489c55f9ecae0
evidence/first_season_publication_baseline/PROVENANCE/V1_5_5_PRESERVATION_RECORD.tsv	1408	bfc289c004aebea51abc5226b9a239ed7f47247d3da525ed2923e3a393aee6af
evidence/first_season_publication_baseline/PROVENANCE/V1_6_0_TO_V1_6_1_CHANGE_BOUNDARY.tsv	1467	1f0d699a7f67cbee821bee7fa42eb68c383c7a9afa6ce15cb312e6fb82cc74a6
evidence/first_season_publication_baseline/PROVENANCE/V1_6_1_TO_V1_7_0_CHANGE_BOUNDARY.tsv	375	7e01c822b86a67009f2b10d9ddc0078f9ab9c82a1066f125fbf5ec8314d8236c
evidence/first_season_publication_baseline/TABLES/DERIVED_DIAGNOSTICS.tsv	321	180864837fdb4366f1df10c3888d7b53c754ed920eda68b10f3e579dbf06c386
evidence/first_season_publication_baseline/TABLES/TABLE1_EVIDENCE_DOMAINS.tsv	3658	a05d21041e74cf7f7bd7ae97ea4a03854a37d8a56a0afb08fac185518ca84b01
evidence/first_season_publication_baseline/TABLES/TABLE2_NUMERICAL_RESULTS.tsv	5011	d684ea9f02358533cd1c00b5c8dc6f81d80ecf1757b467e5c4b1eb28d041774b
evidence/first_season_publication_baseline/TABLES/TABLE3_CAUSAL_INTERPRETATION_LIMITS.tsv	1405	0ec79a683d2851f61bc3dc8eceaa470bcb306d1fb69316fb750b17c196fb421d
evidence/first_season_publication_baseline/TABLES/TABLE4_TDCOSMO_TRACEABILITY.tsv	1705	058f8dbebb90a7cae88d85cd6c95d1173527a302b31d91a48354e232baaa2c25
expected/manuscript_assets/MAIN_FIGURE1_AUDIT_PROGRESSION.tsv	337	754a5bb29bc68ba06da942b8c0f05d9d7124b694cd55ebfc81b624bfd4499e5a
expected/manuscript_assets/MAIN_FIGURE2_EVIDENCE_COORDINATE_MATRIX.tsv	4106	9d8debd5589f19332024f1dfa7ff2f0f6ffbaed3905ebcf79a9cb27589ae3993
expected/manuscript_assets/MAIN_TABLE1_FIRST_SEASON_CLUSTERS.tsv	2379	0739549a8e3480f5428a4888bc007304a9ff9e1cb4dddcbeba883258c3bca3b4
expected/manuscript_assets/MAIN_TABLE2_PRINCIPAL_DISTINCTIONS.tsv	1127	d5e012def6c5dac169833708579062d16095d9ee865200639752d07a9d8b8154
expected/manuscript_assets/SUPPA_FIGURE_A1_SOURCE.tsv	253	1411afde6a5fbdab66da05752ebc61c2a317d02b0fa189f1d394887b2ca6cd12
expected/manuscript_assets/SUPPA_TABLE_A1_SOLVER_CHECKS.tsv	349	3d62cf4a0137578db0f3a2259c2dda889edc5abf4658d8d0d2665d486ff9c155
expected/manuscript_assets/SUPPB_FIGURE_B1_SOURCE.tsv	373	23322f4315d8f7c690c5d4e28651f8a807cfeb07edaee34d5d6618c7c8005fc7
expected/manuscript_assets/SUPPB_FIGURE_B2_LINEAGE_FRONTIER.tsv	545	5aa2425887e6d0a6e3b9f276c862f7356d2bdab1416e7cf1d4e22697c181af41
expected/manuscript_assets/SUPPB_TABLE_B1_RESIDUAL_LOCALIZATION.tsv	174	d1b5fbfa43ae1eb911b51fe0a689f93986d1dcbdeee381025602d93acf9a53ad
expected/manuscript_assets/SUPPB_TABLE_B2_COVARIANCE_VARIANTS.tsv	324	bf182d76f8d2b967493e7c5fed5dc98485992fe862725b5c5e91d27afde6e35c
manuscript/MAIN_MANUSCRIPT_JXIV_REVISION_v1.0.1_FINAL_CORRECTED.pdf	533772	c7b54062f9f2d2a27e1555d289b5fc6a558cd56e740c4d7147324c94e1d3c392
manuscript/TECHNICAL_SUPPLEMENT_A_H0DN_SUPPORT_AND_PROJECTED_LOSS_v1.0.1_FINAL_CORRECTED.pdf	295548	c96336d7e599fc14e60c276850449bd7b9bae0e4dc2d762a73aefb91dc9795ec
manuscript/TECHNICAL_SUPPLEMENT_B_SNIA_COMPRESSION_AND_LINEAGE_v1.0.1_FINAL_CORRECTED.pdf	424999	9f14d43ac393ee80388022ae511aa2468fd1fd58d7d5b986dc739cd431705348
publication_evidence/AI_ASSISTANCE_DISCLOSURE.md	1167	e2fc815c3c7ea83b9c4047f567c4d4a8e4d4ba2b89b781a3340a7be4f18f34ec
publication_evidence/LICENSE	1218	4eac1cd8053340fad7091af167cd26c30916b4fd5c40e3108a0aa6f52eea2c53
publication_evidence/MANIFEST.tsv	17354	0744f37ba2a8ca82640335f2a5fca24e759cf899783f928757576e8d47304eec
publication_evidence/README.md	2664	a843898c2204d45193888dd346b20d645f0e817c12174c8f6e5c5ef91ab1c6a6
publication_evidence/REPRODUCTION.md	5766	599fdc5169897ebc465e25d328d3ff3a3b9adb1a84956dd374f353864d73590b
publication_evidence/SCOPE_AND_NONCLAIMS.md	2856	84eddb4c10de31fc1d9d7d2d3d6cb31fefb16ca7c77bf354e4e4b2e4df3e8275
publication_evidence/SHA256SUMS.txt	13089	a47bcd5538511305e0620c2ca5323d4efdb6cad9012cb3d3c38d41ecf9b43745
publication_evidence/THIRD_PARTY_NOTICES.md	1314	064246ea39803ff5e7b579abcee2c6bbb458de8fcc9eeadeef111919b8df8a01
publication_evidence/VERSION	6	1575e1af4a95f12f70b4ee6a6adce8160953d93ea17dc2611b90883ccc3ad3b8
publication_evidence/environment/requirements.txt	54	2c3a17e899b4210deb56f00767412c4e251464d2fe59a51fc7514fe3b5d738c8
publication_evidence/evidence/CLAIM_EVIDENCE_CROSSWALK.tsv	13044	3aeb7ae5474e2a3d3393799003325d49443e3b1e6b5c5abcbd521fe174921d92
publication_evidence/evidence/EXPECTED_PRINCIPAL_RESULTS.json	2414	93b197d01692e46745a03688e1528f74caf90efcdf29f54675b6ddf363eb59cd
publication_evidence/evidence/bbc/AUDIT_SUMMARY.json	594	6537348772ae149f828040bd3fb2438bbc4a0511823b5d78d3c4b3dbdb8325e9
publication_evidence/evidence/bbc/MISSING_INPUT_AND_AMBIGUITY_REGISTER.tsv	2039	85d670dca4fbe61bac129150292817ab5e15805b72c4edaf2dc5d2e1a97179fb
publication_evidence/evidence/bbc/OFFICIAL_SOURCE_REGISTER.tsv	6329	9d94919bd907cb1b8107eda2a68d1bc53113d5663929b193958011157d91066c
publication_evidence/evidence/bbc/REQUIRED_INPUT_MATRIX.tsv	788	6d2d28dec84e23db056e362122c07afb763041a43af9560a29404d4e965c9c2f
publication_evidence/evidence/bbc/SCOPE_AND_PROHIBITED_INFERENCE.md	803	8483b57bde7023e387a3bf548498a37c8fa27c67d5c2caa520a3f64482576501
publication_evidence/evidence/cross_season/CROSS_SEASON_CONTRADICTION_LEDGER.tsv	3867	bb45b7d5a10f12e8033923657a079405073bfb134e664b11a9a171a401dbce8a
publication_evidence/evidence/cross_season/CROSS_SEASON_SUMMARY.md	839	5cb936b0d7ec17282ca43c1bb83184499ad1d9424a9d3da6a00ac2b2d3d43196
publication_evidence/evidence/cross_season/EVIDENCE_COORDINATE_MATRIX.tsv	4106	9d8debd5589f19332024f1dfa7ff2f0f6ffbaed3905ebcf79a9cb27589ae3993
publication_evidence/evidence/cross_season/ORIGINAL_CONTRADICTION_AND_QUALIFICATION_LEDGER.tsv	2966	97bff1568e209a17331b72f4d868b743b74f6b0b705f03ae981ecfac51488fe8
publication_evidence/evidence/cross_season/PROPOSITION_ALIGNMENT_REGISTER.tsv	4564	3974df54de92d401314fab8807d2c9a0206a3b01ae874cf3d7e82e2aa8f2df99
publication_evidence/evidence/cross_season/SOURCE_REGISTER.tsv	1618	04a9f18e2e112c676005b364558f48bc27a8f87be32c2e6e1cb756e1c980cf0e
publication_evidence/evidence/cross_season/STATUS_SCHEMA.md	1125	4333bc603c4eb47ff62769ecb221b2b3f0c60de79f72068165d15ba7cbfa92af
publication_evidence/evidence/final_validation/FINAL_VALIDATION_SUMMARY.json	1459	245f44c87616840a0b0c64631f5b3f86e323d0eb765912a22b411182ac41449e
publication_evidence/evidence/final_validation/MECHANISM_CONTROL_SUMMARY.tsv	1510	b0529941e8d40cf91319c867760bc0525d3b2069d20e51b6ca54bb126ecda0e6
publication_evidence/evidence/final_validation/REENTRY_CONDITIONS.tsv	3546	1f4c253b4ebe9c13e6fe1b9094cf91d270285a111aaecef43a0319ac9e782260
publication_evidence/evidence/final_validation/SOURCE_REGISTER.tsv	1621	39972c087c88b968db8cb2dd78d9d75114fa6d3e6e9ac370718eb39cd824b62e
publication_evidence/evidence/final_validation/STOP_RECORD.md	799	29153ee82b1a464969bb0d6b85885a7524cb1b23f0af40df7e622925c15c8c40
publication_evidence/evidence/final_validation/VALIDATION_GATE_REGISTER.tsv	2171	84c2db675cedb14e61594e62e90dc657bc12067909a5942f464ade0dbfba8649
publication_evidence/evidence/final_validation/exact_fixtures/FIXTURE_SOURCE_REGISTER.tsv	709	092785c0db074104688ec323a4510f594244745a6a455f549ddd3e845b8a5e9d
publication_evidence/evidence/final_validation/exact_fixtures/H0DN_EXACT_RATIONAL_FIXTURE.json	709	fe9b8c1373065fb22a82ae6b94d9079338d4e561670fa33ff662ecf11df313a7
publication_evidence/evidence/final_validation/exact_fixtures/SN_EQUAL_COMPRESSION_UNEQUAL_RESIDUAL_FIXTURE.json	484	48e145043c74822d6d39f4fd5ede404599d5829bb99b55c9255b3ec3b2bdfa3d
publication_evidence/evidence/first_season/FIRST_SEASON_BRANCH_STATUS_LEDGER.tsv	3400	c1f450eaa6e5062690aecbc7595202ad9ad75aa20e1d622e534f0f9d4eaf7214
publication_evidence/evidence/first_season/FIRST_SEASON_CLAIM_AND_NONCLAIM_LEDGER.tsv	3150	0a5baa497d5316e1267ec61f475cd8e296c6b746ae5c533ada17ada663d41e29
publication_evidence/evidence/first_season/FIRST_SEASON_COVERAGE_INDEX.tsv	2015	d3f7e6306025bda1bc754134c1967b8456ca51ad9d415c20b373a12653e7281e
publication_evidence/evidence/first_season/FIRST_SEASON_CROSS_SEASON_INTERFACE.tsv	1272	2b0e6cd4235ae64b8e1bf5fe68b07870529d6f716ae32c66aec40c77049318a8
publication_evidence/evidence/first_season/FIRST_SEASON_KEY_NUMERICAL_RESULTS.tsv	1729	ebce46fd40486be435ad9f0bcc0deea5bcee8ef3a62e8b865561fa76b7e682ae
publication_evidence/evidence/first_season/act_robustness/CLAIM_BOUNDARY.md	624	465965fd4ee9f5c9bc0c3ca286431250f0d78cbb2ed5f46bade4204725fff156
publication_evidence/evidence/first_season/act_robustness/REPRODUCTION_STATUS.tsv	538	f1fb82920a6c6d90ac3fcf587e4d2192c6e81d83696ac69ed1e2a84c46cdd3c4
publication_evidence/evidence/first_season/act_robustness/RESULT_SUMMARY.tsv	793	5302e2217e09b16f00574fa605db7c191962f3d14e976d7907755073caa20801
publication_evidence/evidence/first_season/act_robustness/SOURCE_REGISTER.tsv	943	68d97e6b6f53b5c8f35215fe7a90ec09e211fd6fada7eb8eee5fab3fe01b4883
publication_evidence/evidence/first_season/bao_bbn/CLAIM_BOUNDARY.md	572	2867a1993e0686f582d5e8096f703ec8e6a58566211b1801a8e35804a00c1e09
publication_evidence/evidence/first_season/bao_bbn/REPRODUCTION_STATUS.tsv	520	7b70c66e5f74510362c512ad018e1a17919765f409c04faceb396f08948549be
publication_evidence/evidence/first_season/bao_bbn/RESULT_SUMMARY.tsv	1058	04da10816303310612e5cffeaa34af71f6a1c018d63f4dd8417acff3d317fdcb
publication_evidence/evidence/first_season/bao_bbn/SOURCE_REGISTER.tsv	1337	be47ea1d9a9e870a1a308304fc9aa9c80dedf559ff5c74b4192d67895a0923c2
publication_evidence/evidence/first_season/cmb_desi/CLAIM_BOUNDARY.md	609	2bc76767dee9c96b1c11c0a3ad3bd02a9c6c6cc6ecaef1be4f2dde14d6999825
publication_evidence/evidence/first_season/cmb_desi/REPRODUCTION_STATUS.tsv	496	59ca1df8f5abf963025b42d03654800ae09f5609ad81138ce4f40a08510db96e
publication_evidence/evidence/first_season/cmb_desi/RESULT_SUMMARY.tsv	752	f9841b6e18cb0eb2025156007a90650e04623a1c2bd2f35f55c727ef3327a32b
publication_evidence/evidence/first_season/cmb_desi/SOURCE_REGISTER.tsv	943	68d97e6b6f53b5c8f35215fe7a90ec09e211fd6fada7eb8eee5fab3fe01b4883
publication_evidence/evidence/first_season/cross_route/CLAIM_BOUNDARY.md	608	378a1a989377330ded46df39093b70ef5d74ac85e6e8dd97da444b3ce9f4b0bd
publication_evidence/evidence/first_season/cross_route/REPRODUCTION_STATUS.tsv	535	ea0ffd945939df4ef239dce0a316d391991ee3208b46aa957340b55d4854f7a1
publication_evidence/evidence/first_season/cross_route/RESULT_SUMMARY.tsv	1399	ee8d8525bfed949bfd95ad5812bed35d652caa5e6be242d2d8969549d7348df0
publication_evidence/evidence/first_season/cross_route/SOURCE_REGISTER.tsv	1355	7753224351025676282c2c7796bb27c94ba6bf1dc2a79eda439206dbde4b6706
publication_evidence/evidence/first_season/desi_influence/CLAIM_BOUNDARY.md	630	155e8df47ff364b85ddcb3151238044231b434236dee3f6ad4c2f22fa33f56c1
publication_evidence/evidence/first_season/desi_influence/REPRODUCTION_STATUS.tsv	615	826bfc548bf84f8a5b059178883c0e666e6427c368f22c2a326fddc966094862
publication_evidence/evidence/first_season/desi_influence/RESULT_SUMMARY.tsv	1016	d06e9744cb3eed45856dae91023c312bb209431212bca99904324cf6b60e3795
publication_evidence/evidence/first_season/desi_influence/SOURCE_REGISTER.tsv	943	68d97e6b6f53b5c8f35215fe7a90ec09e211fd6fada7eb8eee5fab3fe01b4883
publication_evidence/evidence/first_season/h0dn/CLAIM_BOUNDARY.md	651	da94fe5b4b76f1043866c5de861106c2cd73f8c6b7c972ebc5526565eeaed4c1
publication_evidence/evidence/first_season/h0dn/HTV114_MACHINE_READABLE_RESULTS.json	6632	adc9e2f2bbddfc3932e432419a5b71293a24e983b207550fbcd3a473efd45187
publication_evidence/evidence/first_season/h0dn/REPRODUCTION_STATUS.tsv	558	fe26b2e91a392a78d6d7f09aeb5135440a6e00a2e1fd3905b51dfb0f6e3980d0
publication_evidence/evidence/first_season/h0dn/RESULT_SUMMARY.tsv	4064	2b8aa49ff4d08fda4069ffdd1c6b307289d46053ab91b3c664046174fa9399e5
publication_evidence/evidence/first_season/h0dn/SOURCE_REGISTER.tsv	1885	43cf35405e23a01baa737f0dcc4ab316b04ee0defc52fc0ce80c74e0b24be1a4
publication_evidence/evidence/first_season/local_flow/CLAIM_BOUNDARY.md	628	974c274e93dc9c0b08009d54f03ddf2c3c6eeebb842e7c993dd398e326b9b278
publication_evidence/evidence/first_season/local_flow/REPRODUCTION_STATUS.tsv	545	2a3b3fdb2501277e9e1ecf24c4445379e41defec76710cad03e01b9470c5b7e1
publication_evidence/evidence/first_season/local_flow/RESULT_SUMMARY.tsv	475	61b4cac8d14ed1fd09b4f036cc5a618a4ca6baaa95179c6c2f72d5bab1663239
publication_evidence/evidence/first_season/local_flow/SOURCE_REGISTER.tsv	540	23b1cea10a8064bcb45af08d7bb230832779edf527ac3db5b86c7ca8b9016aa2
publication_evidence/evidence/first_season/local_ladder/CLAIM_BOUNDARY.md	617	7a51f08748e72e308d42e360e2041208194aaaf25e4d701fda76346f14b7f356
publication_evidence/evidence/first_season/local_ladder/HTV29_MACHINE_READABLE_RESULTS.json	2934	af981bffa5f51280da33298c1787536768b1c59d9286e2a3bf346a3a167821c3
publication_evidence/evidence/first_season/local_ladder/REPRODUCTION_STATUS.tsv	579	6a6392ac212c42a7e56e0c842df766fa532b83b607f993a0f7d66ac0b6630c5c
publication_evidence/evidence/first_season/local_ladder/RESULT_SUMMARY.tsv	3796	42da92b60a98bd3cb9bbecdda4fafa304e5672fc31fb809b1435c761522113a0
publication_evidence/evidence/first_season/local_ladder/SOURCE_REGISTER.tsv	1474	844ae0a188b8918563f1a22ab18c1dbcf5872b21cd05dd64c1a0a4721d9df35a
publication_evidence/evidence/first_season/release_geometry/CLAIM_BOUNDARY.md	673	4af5adf6bb6630daf23dbc80c07490f199899cfd55179e028eb3bc83ff927e46
publication_evidence/evidence/first_season/release_geometry/REPRODUCTION_STATUS.tsv	647	fd41338c6ae51800b05a3506c42c409725779be7fd5619363145fcfe9be94f0c
publication_evidence/evidence/first_season/release_geometry/RESULT_SUMMARY.tsv	1649	4f084646fd41b0032ca22a0fa762753618830dd14f47c97616485d1c446f3f01
publication_evidence/evidence/first_season/release_geometry/SOURCE_REGISTER.tsv	1337	be47ea1d9a9e870a1a308304fc9aa9c80dedf559ff5c74b4192d67895a0923c2
publication_evidence/evidence/first_season/tdcosmo/CLAIM_BOUNDARY.md	668	0ad06c58758528e40f5d018499a2aa30f4dc064023a4ea59110f8a742a89e82d
publication_evidence/evidence/first_season/tdcosmo/REPRODUCTION_STATUS.tsv	559	a7581743ce9a0528b4f3c205a471d07ae107f27836eb8586203fc3716603ca6c
publication_evidence/evidence/first_season/tdcosmo/RESULT_SUMMARY.tsv	2133	d6c31357594892506682cf1e83b82b4a17016d72559d117dc5ef167a97a0e96c
publication_evidence/evidence/first_season/tdcosmo/SOURCE_REGISTER.tsv	2456	f378e479243afe66a1609fb463cff41b9a46a2911a2b9ac3d40c953135121a60
publication_evidence/evidence/gwtc/HEADLINE_PAIR_DIAGNOSTIC_METRIC.tsv	417	0e83afaeeee2973d8ed79514ee16c18f4e94938bdb66584dd86e336d1a9a1cb8
publication_evidence/evidence/gwtc/IMPLEMENTATION_CROSSCHECK.tsv	479	0ce90cfe69316c2e8159096150047ffbc951a9075799ba9d38012ddfaa2d2680
publication_evidence/evidence/gwtc/INPUT_SOURCE_REGISTER.tsv	876	5822815ce33e6fa1beef51ae2c4f34d0a9957d28eb7ccc64f42cecec8a3a19b4
publication_evidence/evidence/gwtc/RAW_QUANTILES.tsv	556	76e6b3052a252b3c6168f80005fecfec7260972470e98d23869706af75a0e115
publication_evidence/evidence/gwtc/RESULTS_MACHINE_READABLE.json	3542	331994dbf963179b1cc4638c333a6dcc5d423b612efe60d008039834d8b9f937
publication_evidence/evidence/gwtc/ROUNDED_HEADLINE_COMPARISON.tsv	373	51c90e6ff4d9c30fd42e914a99d0087a9a59f559731e7eb9afa609c550a4e15f
publication_evidence/evidence/gwtc/SCOPE_AND_PROHIBITED_INFERENCE.md	833	935dc31a679cff038f39581696f7e70f1f8720adb2cb06176a3ec7f8ca0c23bf
publication_evidence/evidence/gwtc/SOURCE_FREEZE_CORRECTION_SUMMARY.md	2071	885139033bf570a8a9c70d6d53e1d3441f006db0326ce42606f0024df72c344d
publication_evidence/evidence/second_season/BRANCH_STATUS_REGISTRY.tsv	1737	41616f999a2f525ed7b8f4bb855232672114e8c0868e14098515bf77388514dd
publication_evidence/evidence/second_season/CANONICAL_CONTENT_AUDIT.tsv	9652	79d3f80a050ec050323e80882aec0921a07740456941816c296f7398ad6f9d31
publication_evidence/evidence/second_season/CLAIM_AND_NONCLAIM_LEDGER.tsv	2115	8be37bcea0b4dc9927108031f1b07d42b542ae8ae2486861b8c532e27542b15e
publication_evidence/evidence/second_season/KEY_NUMERICAL_RESULTS.tsv	1403	7b5728ec9f9b935271fe762cfa6be785646f6123b48a4d9d1da47c6f96deea7f
publication_evidence/evidence/second_season/SECOND_SEASON_SUMMARY.md	705	e591693222496d69521969e2636c32e6272f240e829ab91ac4e995809f82d169
publication_evidence/evidence/tdcosmo/CLAIM_AND_SCOPE_BOUNDARY.md	1387	dd7cc82d6a769591c123af50e6ea856c54e2ff1ba64d265fc65fe8cfcf79af9f
publication_evidence/evidence/tdcosmo/FINAL_RESULT_SUMMARY.tsv	474	476444aecc584b795d1ef4336b52db344b575e70eaff2b1da6ee109072c478a1
publication_evidence/evidence/tdcosmo/METHOD_FREEZE_RECORD.json	794	a8f56e7e0f290f639c1380135af2b7ad64d6f59bd0fe610cb91a7d8a1e230d12
publication_evidence/evidence/tdcosmo/NUMERICAL_COMPARISON_13_CHAINS.tsv	3579	ee89d0b76adae683c1cd92ac5b77747d4c08de8937d69b3148184e6e65a1e887
publication_evidence/evidence/tdcosmo/SOURCE_MANIFEST_13_CHAINS.tsv	1980	ee3c73fb0a9d051c18ff0f415fa785c72e1f3ff63adf6e5118393a1098f8f3ae
publication_evidence/evidence/tdcosmo/STRUCTURAL_COMPARISON_13_CHAINS.tsv	25974	990c6cd5f1b18db9c1e8ea70ed49228fefa20c12ca9c34acf1444c61111a9f38
publication_evidence/evidence/tdcosmo/TABLE6_PUBLISHED_PRECISION_COMPARISON.tsv	5015	20b05756d39d27c8eae7ae00ca3867b4345f90f943ec576d3a2dee395243f468
publication_evidence/provenance/MASTER_IDENTITIES.tsv	1580	4a2a67bab5e9738596771e140301ba37f9676761043c64902856160d258556d6
publication_evidence/provenance/PHASE1B_ROW_MAP.tsv	10690	a3cd37e836d39f623dfedcea6c3c8a0ac0c0f80ae5647bd163610fdbd1bd9d69
publication_evidence/provenance/SOURCE_REGISTRY.tsv	3108	76691114f7c6fef301ea4ba78fc837bf8e586463f942c1c317981a5f6a08e60f
publication_evidence/results/audit_summary.json	2848	6510e61ffeb3831040905c9c06053f7b0a2a76f34306b121a733585e38490dd2
publication_evidence/results/closure_summary_recorded.json	1459	245f44c87616840a0b0c64631f5b3f86e323d0eb765912a22b411182ac41449e
publication_evidence/results/covariance_baselines.json	6173	27420af246ca411a1ec8306a48b212ffc83671be91de3d5ad15cd67fea85aae0
publication_evidence/results/internal_validation_results_recorded.json	10906	05399e51c5f42f75c9c0b52273a11f93c5168bcf39f3ba0960927c17ab8c3821
publication_evidence/results/same_cid_independent_verification_recorded.json	1851	5773d00be372cccae23fe07ffbdac32ff7e365de9b248d3e6ac6290ed757f711
publication_evidence/results/validation_checks_recorded.tsv	2171	84c2db675cedb14e61594e62e90dc657bc12067909a5942f464ade0dbfba8649
publication_evidence/scripts/build_deterministic_zip.py	3437	2487f0ca84acb055cdffce42f6f628070c97bf9a84e9c972c8ac812b418d7186
publication_evidence/scripts/independent_verify_same_cid.py	10247	a2307b88455b5eccd528d881ef7efe103d51c7092d61f48a44ffa49bbd7a902d
publication_evidence/scripts/rebuild_test_vectors_from_h0dn.py	8573	6f4c99ed5d0e11be7b5dd93c141c37399f1a422dbd74a4a558235aca7b10354e
publication_evidence/scripts/reproduce_gwtc_quantiles.py	17558	1309476004f4c79d6ad4589a68c6da85efc3cc35dcc57de449938d1ab66b33bd
publication_evidence/scripts/reproduce_tdcosmo_outputs.py	17628	6360c803c584cc29e939445001fa6508cd875d16b4cdba5caba8be8b031368f7
publication_evidence/scripts/run_internal_validations.py	24718	bc4ef7a2ed8e9b513e5c745c09cc7ac0a0f2020f1bd85dc4c839bb9552e4f550
publication_evidence/scripts/verify_package.py	20275	a5589e0a8fd1facb983bbdce94add13103f6f6ee6de3c935cc15d4687267faae
publication_evidence/scripts/verify_synthetic_fixtures.py	7205	ef124ddb4333e9cad609290a28f0bb15552871da21343eac2cadbf648b2e7ae9
reproduction/final_validation/INTERNAL_VALIDATION_CONTRACT.md	7096	5a54607d6004c88215e2981dce5a0a4ff1012c4505885487ef27b57db7a0b7d5
reproduction/final_validation/INTERNAL_VALIDATION_CONTRACT.md.sha256	98	e0bacc0002110e51aae80f90759ad140d1bac4014e8139318d60feda9c6c473b
reproduction/final_validation/REPRODUCIBILITY.md	1598	0e4353283a60889be14097d24f6af443f518a91b3a2472173ad47f94ce616411
reproduction/final_validation/results/closure_summary.json	1459	245f44c87616840a0b0c64631f5b3f86e323d0eb765912a22b411182ac41449e
reproduction/final_validation/results/internal_validation_results.json	10906	05399e51c5f42f75c9c0b52273a11f93c5168bcf39f3ba0960927c17ab8c3821
reproduction/final_validation/results/master_and_canonical_verification.json	1005	cecf561c803aff95eb07801868d0a90897c3a7ef88c4f8b1e06f59a4ab5a24b7
reproduction/final_validation/results/validation_checks.tsv	2171	84c2db675cedb14e61594e62e90dc657bc12067909a5942f464ade0dbfba8649
reproduction/final_validation/scripts/build_deterministic_zip.py	1612	280b27ac877d7b94c9e2dfa2ab126afc42465c7589b25f53009156fd6e8ead29
reproduction/final_validation/scripts/finalize_package.py	1708	6075cf02174c494e440e51f99383bbe6e5faed246701ce8d1c3de019efb54a2a
reproduction/final_validation/scripts/rebuild_test_vectors_from_h0dn.py	8573	6f4c99ed5d0e11be7b5dd93c141c37399f1a422dbd74a4a558235aca7b10354e
reproduction/final_validation/scripts/run_internal_validations.py	24693	a184f9d192266b030e341fc25f5d14f05af031d30c68784bd8307aec8991b0aa
reproduction/final_validation/scripts/verify_package.py	7405	cfc83b0dc7355d542ca11c9b9872d912f61aa77ebcd6ad882d2bb6d67dafce36
reproduction/first_season/capsules/cmb_fixed_seed_bootstrap/ENVIRONMENT.md	133	617a3570a7921376e990c3e64277c7fdd4a402250b496e0c1bd3396fb71cecff
reproduction/first_season/capsules/cmb_fixed_seed_bootstrap/EXPECTED_OUTPUT.tsv	380	c643bfd01c96992a8907bc4af3567963c5406591e71e54522bd150bfa9b82b78
reproduction/first_season/capsules/cmb_fixed_seed_bootstrap/HISTORY_SOURCE_REGISTER.tsv	599	92e7bfd1b077e959de104ee301bfe8f8e4b394171ef18fdf514b3849f4f71fa1
reproduction/first_season/capsules/cmb_fixed_seed_bootstrap/INPUT_MANIFEST.tsv	252	83c252e962b5c272bea2eb46c3ca1e774c5774b644ab0877a01b35ce474036c9
reproduction/first_season/capsules/cmb_fixed_seed_bootstrap/README.md	1103	3760bdc8974871dc67b36b36f8ad130eec4a3e141102e614324652d6f0b4dfbd
reproduction/first_season/capsules/cmb_fixed_seed_bootstrap/REPLAY_ACCEPTANCE_RESULTS.tsv	314	21dfcaef7170db592b5d3545cb83f3cfedee1dd8d9a5f692b03e698b1743a2c6
reproduction/first_season/capsules/cmb_fixed_seed_bootstrap/RUN_COMMAND.txt	165	694920ed599e3631167f58d5474f7f95259436ee2bc10ea40c3a5c64d1775778
reproduction/first_season/capsules/cmb_fixed_seed_bootstrap/fresh_replay_records/E001_CLASSIFICATION.txt	71	41b5d7421cfcda1908e2c636ee2abb2a0b2910bb9980578066e3cbe57c0fe603
reproduction/first_season/capsules/cmb_fixed_seed_bootstrap/fresh_replay_records/E001_CLEAN_REPLAY_RUN_LOG.txt	123	fcb492ec152d2696667cd2e8b0d57177c5d0554f5c2b6adff194d62bc85b4582
reproduction/first_season/capsules/cmb_fixed_seed_bootstrap/fresh_replay_records/E001_ENVIRONMENT.json	196	e7f0f8029cdd5638de40e5d14b86c6e27fb1d851c936dad35090761b5a7c3089
reproduction/first_season/capsules/cmb_fixed_seed_bootstrap/fresh_replay_records/E001_FRESH_VERIFY.txt	17	23bb16baeef3c4d0852c2e228ad1efbd9aec9fdf18b276896418bd6ecbda64fb
reproduction/first_season/capsules/cmb_fixed_seed_bootstrap/fresh_replay_records/E001_SHA256SUMS.txt	660	c811b8a08c889cba4fd29f39982e46302564c5b3c0d7d1e93adc91f58242082e
reproduction/first_season/capsules/cmb_fixed_seed_bootstrap/inputs/FROZEN_GAUSSIAN_MOMENTS.tsv	540	4bb865ad28fb63a3d9c9ea1f80699c900a2fa51d7e92af0da0f08b54e16e3224
reproduction/first_season/capsules/cmb_fixed_seed_bootstrap/requirements.txt	41	65b97f7db87e4cdcb0f4157240cfece5b48363b3e6a18fdccf72d6528ebcbf85
reproduction/first_season/capsules/cmb_fixed_seed_bootstrap/run_analysis.py	5759	765fa2c96076614d23e42ac7ba241c2baf51958bbbb98dbc10c64fbd5e53feeb
reproduction/first_season/capsules/cmb_fixed_seed_bootstrap/verified_replay_outputs/02_PROFILED_AMPLITUDE_MODELS.tsv	610	5ecd3e70b420796d6028462583b57a66c10f26ea01187b8b46e66054c0d92432
reproduction/first_season/capsules/cmb_fixed_seed_bootstrap/verified_replay_outputs/03_MODEL_AMPLITUDES.tsv	707	9a951f6d56e8ef8cd26a034d07cdf8b8e819aab571871f98b76d0db7c6997d55
reproduction/first_season/capsules/cmb_fixed_seed_bootstrap/verified_replay_outputs/04_NESTED_MODEL_TESTS.tsv	659	b85cefe053c0437214a3ee1fa4080774a7f88d012ebd415b99ad954e7d4804f4
reproduction/first_season/capsules/cmb_fixed_seed_bootstrap/verified_replay_outputs/05_PROFILED_DIRECTION_STABILITY.tsv	252	be0601486fb423fe6d81597223c3b31632b0603ead97b0ddfbbcf9f382162661
reproduction/first_season/capsules/cmb_fixed_seed_bootstrap/verified_replay_outputs/06_MACHINE_READABLE_RESULTS.json	1577	5d90104d611df92f49c69c33179e7dc27b6659f8cbd9fae9c2975d9131154861
reproduction/first_season/capsules/cmb_fixed_seed_bootstrap/verify_output.py	965	cc655643d2692dca493c8573655b0cf0d677fabd26e2a67b6fc04316b7a3b3ee
reproduction/first_season/capsules/desi_bao_gaussian_fit/ENVIRONMENT.md	556	39341f21d98fb1a92b52e0f75f20ca9862b58b370fb8a33c70c6961d1190283a
reproduction/first_season/capsules/desi_bao_gaussian_fit/EXPECTED_OUTPUT.json	225	10c999999a81cc08e051f6548a28288b2cb08aa7d42cb4d0346a211006ad4f23
reproduction/first_season/capsules/desi_bao_gaussian_fit/INPUT_MANIFEST.tsv	701	98ecca2ada3c49d98a36592234a88d93e1dfb274d81057566466cc63060bd6e2
reproduction/first_season/capsules/desi_bao_gaussian_fit/README.md	1372	c9998a62b9660752786afe3cedbb05d6205a623f2dbae393057a24c9ad567ebd
reproduction/first_season/capsules/desi_bao_gaussian_fit/RUN_COMMAND.txt	213	b87bd1456e3fe154ba63abba1c93493b37c9a8f916254fe33fae32583b2eec9c
reproduction/first_season/capsules/desi_bao_gaussian_fit/requirements.txt	23	de1e6a74630e14d22a31b98c3ba7a8c5e20fc820e1db901d49882370a40fc132
reproduction/first_season/capsules/desi_bao_gaussian_fit/run_fit.py	1945	c2b84aeafad4a024d987169303c397e348e6926a8f1dd3a5db5533cf2c4151ba
reproduction/first_season/capsules/desi_bao_gaussian_fit/verify_expected_output.py	618	67ad244b7bf897615f0f6ab87e480857daccb695f04ec3fd1be2a575c6456c28
reproduction/first_season/capsules/desi_bao_gaussian_fit/verify_inputs.py	638	50c13407a1f8cc2c77d753f6979d3ddb4c0d719f4639764965c4b311305a5292
reproduction/first_season/capsules/posterior_attribution/ENVIRONMENT.md	133	617a3570a7921376e990c3e64277c7fdd4a402250b496e0c1bd3396fb71cecff
reproduction/first_season/capsules/posterior_attribution/EXPECTED_OUTPUT.tsv	1732	13011aa2d54d341a0c5e9f16b2671a0a0733be27625a604187977eece490e368
reproduction/first_season/capsules/posterior_attribution/HISTORICAL_EXACT_RESULT_ARCHIVES.tsv	2731	9424a47c2d6030fb230b0c183699043a265bf7628f813c808c3846aef06b3a35
reproduction/first_season/capsules/posterior_attribution/HISTORY_SOURCE_REGISTER.tsv	38336	d84daf619d7d53ef175d68d7ec4ff0ba2a0776dc22957e92cfd4d6b63393567b
reproduction/first_season/capsules/posterior_attribution/HTS67_HISTORICAL_VS_FRESH_COMPARISON.tsv	2404	992ac53bf9247159a003515305ccf3a3d0df3408a6ff362e42f6df8d94b64d4d
reproduction/first_season/capsules/posterior_attribution/HTS67_PATH_DEPENDENT_SEMANTIC_CHECK.tsv	852	17f4562800b93e1d69c0a28384459e910a83876404a4a7859dcd094b514e1085
reproduction/first_season/capsules/posterior_attribution/INPUT_MANIFEST.tsv	668	39b3ef42c96f49e4defa90fdfd90a469fe63a5ef84bd6319d67586af959cb836
reproduction/first_season/capsules/posterior_attribution/PHASE1_BASELINE_MANIFEST.tsv	3743	6fd4a1982dc59b3caceebe44ae29055031047eec1fda49452cd81a8a6a1bdf7d
reproduction/first_season/capsules/posterior_attribution/PHASE2C_HTS67_COMPARISON_RUN_COMMAND.txt	382	d7d23eec503d2342e244336f9939deec1c848f596c965f013fbe222070875745
reproduction/first_season/capsules/posterior_attribution/PORTABLE_EXACT_ARCHIVE_MAPPING.tsv	2770	66147a2c3eff50d707eccabd57b7527ba10c2b25084a8902b54cf086a59ad63d
reproduction/first_season/capsules/posterior_attribution/README.md	4640	c86514efc1cecab19ccdfa30a1212751ac6d56ae3a8597c03702426e5f1a62fe
reproduction/first_season/capsules/posterior_attribution/RUN_COMMAND.txt	103	b3642243424e5277c82efff4f70cdd2fe173262bb2cad02a9b0d537832c605af
reproduction/first_season/capsules/posterior_attribution/SELECTED_CHAIN_MANIFEST.tsv	17166	aac465ba8438c2a76e89100ec2deee97c0715ddbbade5df0ca8e3edd6449de45
reproduction/first_season/capsules/posterior_attribution/THIRD_PARTY_NOTICES.md	282	cf35980de12f9768ab3fa7fde3975f5525a4211045d2f3e7fa75b86f18d4efd3
reproduction/first_season/capsules/posterior_attribution/compare_substantive_outputs.py	6152	a64b6f8f1be69937edf2c642d98a0c24c7cc12ff245b26811346d01501ebdad1
reproduction/first_season/capsules/posterior_attribution/fetch_selected_chains.py	5236	27ceb5e6237afc63918832a7cb01fcfe095dec656888e04e2ef7cc225c6edcc3
reproduction/first_season/capsules/posterior_attribution/fresh_replay_records/E002_CLASSIFICATION.txt	482	8acaca5baedd4964037ca5727b815ddbc48efa7e7d5fed1c7cf9e21eef9fc61c
reproduction/first_season/capsules/posterior_attribution/fresh_replay_records/E002_CLEAN_REPLAY_RUN_LOG.txt	9624	25c00b53103660170846e55e9e1c295f8cdfe92c8948f9dbf12d4702052e16ef
reproduction/first_season/capsules/posterior_attribution/fresh_replay_records/E002_ENVIRONMENT.json	668	9f0ddf235733b7b951627de9f0587849b69af01c1b39bd7aa3f27a056f0f9d36
reproduction/first_season/capsules/posterior_attribution/fresh_replay_records/E002_FRESH_OUTPUT_COMPARISON.tsv	1963	ca8b717471683aa722e5f358f0b4d9b0f9a561c39052054e4aad63d0abba8d31
reproduction/first_season/capsules/posterior_attribution/fresh_replay_records/E002_FRESH_STAGE_COMPARISON.tsv	6803	6c9c4ed89054547f337abc0de1363d5b2dc7057042e282f97ee0548aa8c52a2d
reproduction/first_season/capsules/posterior_attribution/fresh_replay_records/E002_INPUT_VERIFICATION.tsv	13381	e6c3bfcfceb604455329a3bc6de098b6bc661130023ccf015eb929d64492b68e
reproduction/first_season/capsules/posterior_attribution/fresh_replay_records/E002_SHA256SUMS.txt	33227	eba4e0eb2f7b83f30136b46cbf815e122e1df18fba5eb7d695a35eebe260efb9
reproduction/first_season/capsules/posterior_attribution/fresh_replay_records/E002_STAGE_CLASSIFICATION_VERIFICATION.tsv	1395	abe1eb4cf457ce925e84624ab2c0edc2d8a4e64e7573472458f80b912e1d8131
reproduction/first_season/capsules/posterior_attribution/fresh_replay_records/E002_STAGE_STATUS.tsv	359	822e0528e5c2aad111f1ab3a78516a5d4b42ad1bef9f735b5cd4c0e3f8f79dd1
reproduction/first_season/capsules/posterior_attribution/generate_hts67_phase2c_comparison.py	5760	b22159c306b56c011c8b008f7c51e904e5c8d9528e6faad0f9e0a6799d974fab
reproduction/first_season/capsules/posterior_attribution/historical_earlier_replay/EARLIER_REPLAY_PROVENANCE.tsv	492	f7f7bd5529303c1c5eeeb9d5c85e5823f20e331f105d846efa6a25d101f22c3d
reproduction/first_season/capsules/posterior_attribution/historical_earlier_replay/HTS67_HISTORICAL_VS_EARLIER_FRESH_COMPARISON.tsv	2522	29f2c9f5443557692b1283e9bf04f9013c7fca293326451ce384060a1dd54738
reproduction/first_season/capsules/posterior_attribution/historical_earlier_replay/README.md	698	8c8cde2df299c9ac11958824ab73b5799a8a09797096ac28fd9bc578667752d5
reproduction/first_season/capsules/posterior_attribution/historical_exact_results/HTS59_RESULTS_FOR_REVIEW.zip	47982	1557c7f4ec5a08f1714d008f67c46a014d9c8773a444c76bdceaaee60bf129fd
reproduction/first_season/capsules/posterior_attribution/historical_exact_results/HTS60_RESULTS_FOR_REVIEW.zip	51464	5077137b284feffaf81fa2afc0f71bd4a84c1dfa705906d8f384e3f6cce9e847
reproduction/first_season/capsules/posterior_attribution/historical_exact_results/HTS61_RESULTS_FOR_REVIEW.zip	50051	a3cee388510a17bcd218b9485759760ed579f1c5d9c8c02f572b2fc44c38b0e3
reproduction/first_season/capsules/posterior_attribution/historical_exact_results/HTS62_RESULTS_FOR_REVIEW.zip	42729	f51b60503ae20361c9fbcdff4d50b2bac74266b0a270545cb71fe60b582c7a18
reproduction/first_season/capsules/posterior_attribution/historical_exact_results/HTS63_RESULTS_FOR_REVIEW.zip	65646	6edf04ec0af66629015f08964986b508864e3430cb27ff99e078db83086a4456
reproduction/first_season/capsules/posterior_attribution/historical_exact_results/HTS64_RESULTS_FOR_REVIEW.zip	221843	0f00f14c0a122fcb4f6dd3d522f4d01de199d279acbd0c3b8c99ebef27a35b3d
reproduction/first_season/capsules/posterior_attribution/historical_exact_results/HTS65_RESULTS_FOR_REVIEW.zip	123951	0cd4714c250806eb2153900a5e42510655c715eb150b713e76338bc08cb326ab
reproduction/first_season/capsules/posterior_attribution/historical_exact_results/HTS66_CORR_RESULTS_FOR_REVIEW.zip	20753	92556d7b755f4c7ff2bab1f4ab8cc568a384720cf860164c66810544cf89f54a
reproduction/first_season/capsules/posterior_attribution/historical_substantive_reference/hts67/HISTORICAL_REFERENCE_MANIFEST.tsv	2920	8216f3fed51112d0d55e6fd054fff375ff9206ab4f155565c1c9fb545ad6b86c
reproduction/first_season/capsules/posterior_attribution/historical_substantive_reference/hts67/HTS67_BURNIN_SENSITIVITY.tsv	3251	cb68bc1b210cf2febf0a501c2981bfbc27452617d938a4838ac929c868c45a1a
reproduction/first_season/capsules/posterior_attribution/historical_substantive_reference/hts67/HTS67_CLASSIFICATION.tsv	1913	8d4c8ff4002d3dd9e40f61bf1c4e34020f4ceb5a43d12b556a656713e0456625
reproduction/first_season/capsules/posterior_attribution/historical_substantive_reference/hts67/HTS67_DIRECTED_BASELINE_COMPARISON.tsv	7912	bbde8cb893f9ab0891a574e5ac6d10c18307e0e72ba32510bae8757bb9029ef9
reproduction/first_season/capsules/posterior_attribution/historical_substantive_reference/hts67/HTS67_ENDPOINT_6D_SUMMARY.tsv	3769	abf1612bd842037a9a9655ca1743b761d198619440e68246a3106b5615d0c207
reproduction/first_season/capsules/posterior_attribution/historical_substantive_reference/hts67/HTS67_INDEPENDENT_AUDIT_CHECKS.tsv	787	0141763190dbd058b32d4d0166b7acdcf1d4c5f9e004df5b68d4c1364242e3ff
reproduction/first_season/capsules/posterior_attribution/historical_substantive_reference/hts67/HTS67_LOO_STABILITY.tsv	96034	0242e200c8aefe146b21d663533a315585a7ea72d1a5ef2f018053f8decc79c2
reproduction/first_season/capsules/posterior_attribution/historical_substantive_reference/hts67/HTS67_SYMMETRIC_METRIC_RESULTS.tsv	25383	f7137158cbc97d8c01ec3462ef7fb3a57aca75cb19921b965fb72847b2b69b41
reproduction/first_season/capsules/posterior_attribution/historical_substantive_reference/hts67/HTS67_SYMMETRIC_POOLING_SENSITIVITY.tsv	2627	3c7e6bfc17dee1a33a6a3dee60cb287eabff7aa9a10f5fb8c7e5dc4fb135dfa0
reproduction/first_season/capsules/posterior_attribution/historical_substantive_reference/hts67/README.md	446	51f5f1af9f84440c309f8f07849b3d96bfdc8c1690b7506def2b216cfcfb74d5
reproduction/first_season/capsules/posterior_attribution/official_fetch_records/OFFICIAL_ARCHIVE_METADATA_INTERPRETATION.md	1429	0c4b8485dffafde2df17fc14f820a4c5953d7eb363ec3446a49ec9f804a70b0f
reproduction/first_season/capsules/posterior_attribution/official_fetch_records/OFFICIAL_ARCHIVE_VERIFICATION.tsv	1013	8df0b5f3212fd51ce8959b373e8b91e72e18e9743428ac6b1dd611cc73022035
reproduction/first_season/capsules/posterior_attribution/official_fetch_records/OFFICIAL_FETCH_EMPTY_CACHE_RUN_LOG.txt	838	73b6de5c383631ceed6867fbfc94878e58e6f1824869ade024730c9930a701e3
reproduction/first_season/capsules/posterior_attribution/official_fetch_records/OFFICIAL_FETCH_ENVIRONMENT.json	539	b0a18257a0e2385610d0ecaf30439bd3efa411e5ed68375f2d1cb9ffa1a328e6
reproduction/first_season/capsules/posterior_attribution/official_fetch_records/OFFICIAL_FETCH_RESULT.txt	579	e65c305c09a54ee161dfc33fcafe1de60851ebd4b2061f999c5d80bd24da53ca
reproduction/first_season/capsules/posterior_attribution/official_fetch_records/OFFICIAL_FETCH_SHA256SUMS.txt	503	019c20650275a144cf28183739bac7cd00317ae804114fd63f7ce18fc77021d9
reproduction/first_season/capsules/posterior_attribution/official_fetch_records/OFFICIAL_SELECTED_MEMBER_VERIFICATION.tsv	862	7199ae618e58bc7961389e763f2ce5e3ae4ab782ca1a4fd96d64a81199c5b33f
reproduction/first_season/capsules/posterior_attribution/official_fetch_records/OFFICIAL_SELECTED_MEMBER_VERIFICATION_SUMMARY.tsv	862	7199ae618e58bc7961389e763f2ce5e3ae4ab782ca1a4fd96d64a81199c5b33f
reproduction/first_season/capsules/posterior_attribution/official_fetch_records/PHASE2D_CHANGED_FILES_CORRECTED.tsv	7512	a0522da59b8d6669fda30cd82b0253d2007832c029c942a26ea4c9a81f242551
reproduction/first_season/capsules/posterior_attribution/official_fetch_records/historical_dns_blocked_attempt/OFFICIAL_ARCHIVE_VERIFICATION.tsv	551	9cda081e851bd045edf1513c5c486722b638bbbba241547f61881d2008f1aaf0
reproduction/first_season/capsules/posterior_attribution/official_fetch_records/historical_dns_blocked_attempt/OFFICIAL_FETCH_EMPTY_CACHE_RUN_LOG.txt	6661	c9c6ca471910348a27bad3bb503b78e41fda38fa0f31f7b23991215269a466f2
reproduction/first_season/capsules/posterior_attribution/official_fetch_records/historical_dns_blocked_attempt/OFFICIAL_FETCH_ENVIRONMENT.json	330	e4bb2e14ca016d69fa1ce23dfad950e0fc83b6cc8dce6a1ffe2f2b067cffe9fc
reproduction/first_season/capsules/posterior_attribution/official_fetch_records/historical_dns_blocked_attempt/OFFICIAL_FETCH_RESULT.txt	117	186e01f4777934131ff8fbe989219dfa2f32e1d73f4e084d0098ca158f033f83
reproduction/first_season/capsules/posterior_attribution/official_fetch_records/historical_dns_blocked_attempt/OFFICIAL_FETCH_SHA256SUMS.txt	503	019c20650275a144cf28183739bac7cd00317ae804114fd63f7ce18fc77021d9
reproduction/first_season/capsules/posterior_attribution/official_fetch_records/historical_dns_blocked_attempt/OFFICIAL_SELECTED_MEMBER_VERIFICATION.tsv	9489	fdb098bc7915c8992e795bafd8d15a172e53b8d5d01ac4f5f9a2be458ddfd55a
reproduction/first_season/capsules/posterior_attribution/official_fetch_records/historical_failed_attempt_phase2b/PHASE2B_INGESTION_REGISTER.tsv	6534	d9b4ede29a92d156a018c385d0bbff6d8fbdc2afda24767d4bea5d69628118a6
reproduction/first_season/capsules/posterior_attribution/official_fetch_records/historical_failed_attempt_phase2b/evidence/E002_INPUT_VERIFICATION.tsv	13381	e6c3bfcfceb604455329a3bc6de098b6bc661130023ccf015eb929d64492b68e
reproduction/first_season/capsules/posterior_attribution/official_fetch_records/historical_failed_attempt_phase2b/evidence/E002_STAGE_CLASSIFICATION_VERIFICATION.tsv	1395	abe1eb4cf457ce925e84624ab2c0edc2d8a4e64e7573472458f80b912e1d8131
reproduction/first_season/capsules/posterior_attribution/official_fetch_records/historical_failed_attempt_phase2b/evidence/E002_STAGE_STATUS.tsv	359	822e0528e5c2aad111f1ab3a78516a5d4b42ad1bef9f735b5cd4c0e3f8f79dd1
reproduction/first_season/capsules/posterior_attribution/official_fetch_records/historical_failed_attempt_phase2b/evidence/HTS67_HISTORICAL_VS_FRESH_COMPARISON.tsv	2522	29f2c9f5443557692b1283e9bf04f9013c7fca293326451ce384060a1dd54738
reproduction/first_season/capsules/posterior_attribution/official_fetch_records/historical_failed_attempt_phase2b/evidence/OFFICIAL_ARCHIVE_ACQUISITION.tsv	879	ec595c0cef21438c97be92e57b93e7b97a0919c0ea35a49a96198dd2a91a411b
reproduction/first_season/capsules/posterior_attribution/official_fetch_records/historical_failed_attempt_phase2b/evidence/OFFICIAL_HTTP_HEADERS/FIXED_RANGE_0_0_HEADERS.txt	446	a63f59bb4cff743c7b5ceb27f1301fd7da6df4986eded752c1a92327a3d1427a
reproduction/first_season/capsules/posterior_attribution/official_fetch_records/historical_failed_attempt_phase2b/evidence/OFFICIAL_HTTP_HEADERS/ORIGINAL_RANGE_0_0_HEADERS.txt	454	f62a7b582dacecb1c79fbb649775f93b6f2d15b81a6f2a730329a5fe894e1d5a
reproduction/first_season/capsules/posterior_attribution/official_fetch_records/historical_failed_attempt_phase2b/evidence/OFFICIAL_SELECTED_MEMBER_VERIFICATION.tsv	11667	eb7fadce8184cc52af05a82868360d6b23824979b72e1f2795bfd16a74069b09
reproduction/first_season/capsules/posterior_attribution/official_fetch_records/historical_failed_attempt_phase2b/evidence/PHASE2B_ENVIRONMENT.json	364	65b9e2a35c50ad13e90a9a941c71f393c37cf39aebe5dd5246189ec3b4193ca5
reproduction/first_season/capsules/posterior_attribution/official_fetch_records/historical_failed_attempt_phase2b/evidence/PHASE2B_EVIDENCE_SHA256SUMS.txt	2864	98ee0a9ba4e6775183c3604e89a73462596baa39b15f9f30e87023f9066f9b6a
reproduction/first_season/capsules/posterior_attribution/official_fetch_records/historical_failed_attempt_phase2b/evidence/PHASE2B_FAILURE_SUMMARY.txt	3721	58136887ec6f7eff2f0caa249fdd4b70b050aadce17dd0cad4c18986660139ab
reproduction/first_season/capsules/posterior_attribution/official_fetch_records/historical_failed_attempt_phase2b/evidence/PHASE2B_NETWORK_PREFLIGHT.tsv	966	e83e856ead3e9be8e847db884868d5388077d615bf9f028b2ce91ffa3fbc061b
reproduction/first_season/capsules/posterior_attribution/official_fetch_records/historical_failed_attempt_phase2b/evidence/PHASE2B_NETWORK_PROBE.json	1856	ed1635f82c86f50de4e89fffb6fcef5394ffb2cc2f94534bd9d165c9766c16c3
reproduction/first_season/capsules/posterior_attribution/official_fetch_records/historical_failed_attempt_phase2b/evidence/PHASE2B_RESULT.txt	132	6942ddee33e5b94c42f4df2962c4ddcf0c242ff18df89cd7bcd14fce1b282369
reproduction/first_season/capsules/posterior_attribution/official_fetch_records/historical_failed_attempt_phase2b/evidence/PHASE2B_STARTING_TREE.tsv	529	7daf908e12c1052c0640eb8bd80e5384a72243ad34bba45b0d103f297c3d93df
reproduction/first_season/capsules/posterior_attribution/official_fetch_records/historical_failed_attempt_phase2b/logs/PHASE2B_BUNDLE_AND_CHECKPOINT_VERIFY.txt	188	e214de62bbeae1f0b2b423a5588b09771be9e3ddc7b545a75a47ffc84825027f
reproduction/first_season/capsules/posterior_attribution/official_fetch_records/historical_failed_attempt_phase2b/logs/PHASE2B_EXIT_CODE.txt	2	4355a46b19d348dc2f57c046f8ef63d4538ebb936000f3c9ee954a27460dd865
reproduction/first_season/capsules/posterior_attribution/official_fetch_records/historical_failed_attempt_phase2b/logs/PHASE2B_RUN_STDERR.txt	1511	ace217eec8767de0c3c0d203ef991bbefa66d7852e05fd1e271ca5e9b2e1d178
reproduction/first_season/capsules/posterior_attribution/official_fetch_records/historical_failed_attempt_phase2b/logs/PHASE2B_RUN_STDOUT.txt	13121	8d7ea923d10860102e6fb4eb707ccb18573aa714a2d123a7288aa43435298865
reproduction/first_season/capsules/posterior_attribution/official_fetch_records/historical_failed_attempt_phase2b/submission/PHASE2B_EVIDENCE_MANIFEST.tsv	3082	9398647dc421fe65d3de4361f5c80f154f0a93a82cb83151ed09f5ce7a31fd80
reproduction/first_season/capsules/posterior_attribution/official_fetch_records/historical_failed_attempt_phase2b/submission/PHASE2B_EVIDENCE_MANIFEST.tsv.sha256	96	7d12cb3b0b461ad942524b54a6a4dd238dd68b105ea279344f4b5e27fdf3d87e
reproduction/first_season/capsules/posterior_attribution/official_fetch_records/historical_failed_attempt_phase2b/submission/PHASE2B_FAILURE_SUMMARY.txt	3721	58136887ec6f7eff2f0caa249fdd4b70b050aadce17dd0cad4c18986660139ab
reproduction/first_season/capsules/posterior_attribution/official_fetch_records/historical_failed_attempt_phase2b/submission/PHASE2B_NETWORK_PREFLIGHT.tsv	966	e83e856ead3e9be8e847db884868d5388077d615bf9f028b2ce91ffa3fbc061b
reproduction/first_season/capsules/posterior_attribution/official_fetch_records/historical_failed_attempt_phase2b/submission/PHASE2B_OFFICIAL_EMPTY_CACHE_FETCH_REPORT.md	4141	756fa4939c11cb6e6063767b3d698cf7e498fae6018278bc4e21409cb4ee686b
reproduction/first_season/capsules/posterior_attribution/official_fetch_records/phase2c_network_execution/OFFICIAL_ARCHIVE_ACQUISITION_RAW.tsv	879	ec595c0cef21438c97be92e57b93e7b97a0919c0ea35a49a96198dd2a91a411b
reproduction/first_season/capsules/posterior_attribution/official_fetch_records/phase2c_network_execution/PHASE2C_EVIDENCE_MANIFEST.tsv	3854	5bf0d7ee009d8eb128a569e82de19562def1e1f2606137e9a6e27b4624959609
reproduction/first_season/capsules/posterior_attribution/official_fetch_records/phase2c_network_execution/PHASE2C_EVIDENCE_MANIFEST.tsv.sha256	96	66bfeecc72a33f4f942777e778c4606821c49f5a427e54ab6439de901ba6f79a
reproduction/first_season/capsules/posterior_attribution/official_fetch_records/phase2c_network_execution/PHASE2C_INGESTION_REGISTER.tsv	7314	9031a9affc555c556bfc5a14dda5a3eeeb9f3f82de136a52fdb27255cf3c1b77
reproduction/first_season/capsules/posterior_attribution/official_fetch_records/phase2c_network_execution/PHASE2C_NETWORK_PREFLIGHT.tsv	966	a71fc5be70e066f3210082d7d8b5716e6c7d968f01373acc42d0bbefcd99e618
reproduction/first_season/capsules/posterior_attribution/official_fetch_records/phase2c_network_execution/PHASE2C_OFFICIAL_EMPTY_CACHE_FETCH_REPORT.md	4013	f9eb2add53e4005c5d5bb7846910cef2010f5dbb5da8a81be44e0331724fe4e7
reproduction/first_season/capsules/posterior_attribution/official_fetch_records/phase2c_network_execution/evidence/E002_CLASSIFICATION.txt	98	5a51eaccfe217001635e1359e1e23b26fb47b32c63ca1b06960b16db02cd6cc2
reproduction/first_season/capsules/posterior_attribution/official_fetch_records/phase2c_network_execution/evidence/E002_ENVIRONMENT.json	258	317a4a3cbf50d755c9605533da1e7eeb685c5658158504427d934f5ea9732b0e
reproduction/first_season/capsules/posterior_attribution/official_fetch_records/phase2c_network_execution/evidence/E002_FRESH_OUTPUT_COMPARISON.tsv	1963	ca8b717471683aa722e5f358f0b4d9b0f9a561c39052054e4aad63d0abba8d31
reproduction/first_season/capsules/posterior_attribution/official_fetch_records/phase2c_network_execution/evidence/E002_FRESH_STAGE_COMPARISON.tsv	6803	6c9c4ed89054547f337abc0de1363d5b2dc7057042e282f97ee0548aa8c52a2d
reproduction/first_season/capsules/posterior_attribution/official_fetch_records/phase2c_network_execution/evidence/E002_INPUT_VERIFICATION.tsv	13381	e6c3bfcfceb604455329a3bc6de098b6bc661130023ccf015eb929d64492b68e
reproduction/first_season/capsules/posterior_attribution/official_fetch_records/phase2c_network_execution/evidence/E002_SHA256SUMS.txt	33227	eba4e0eb2f7b83f30136b46cbf815e122e1df18fba5eb7d695a35eebe260efb9
reproduction/first_season/capsules/posterior_attribution/official_fetch_records/phase2c_network_execution/evidence/E002_STAGE_CLASSIFICATION_VERIFICATION.tsv	1395	abe1eb4cf457ce925e84624ab2c0edc2d8a4e64e7573472458f80b912e1d8131
reproduction/first_season/capsules/posterior_attribution/official_fetch_records/phase2c_network_execution/evidence/E002_STAGE_STATUS.tsv	359	822e0528e5c2aad111f1ab3a78516a5d4b42ad1bef9f735b5cd4c0e3f8f79dd1
reproduction/first_season/capsules/posterior_attribution/official_fetch_records/phase2c_network_execution/evidence/HTS67_HISTORICAL_VS_FRESH_COMPARISON.tsv	2522	29f2c9f5443557692b1283e9bf04f9013c7fca293326451ce384060a1dd54738
reproduction/first_season/capsules/posterior_attribution/official_fetch_records/phase2c_network_execution/evidence/OFFICIAL_ARCHIVE_ACQUISITION.tsv	879	ec595c0cef21438c97be92e57b93e7b97a0919c0ea35a49a96198dd2a91a411b
reproduction/first_season/capsules/posterior_attribution/official_fetch_records/phase2c_network_execution/evidence/OFFICIAL_HTTP_HEADERS/FIXED_RANGE_0_0_HEADERS.txt	446	10066f1e234d5dc12247b9f2e4921809a3784e5548ee2beb091f198ecd05e34c
reproduction/first_season/capsules/posterior_attribution/official_fetch_records/phase2c_network_execution/evidence/OFFICIAL_HTTP_HEADERS/ORIGINAL_RANGE_0_0_HEADERS.txt	454	05e0cd64d6d55108998d3e4d9949cf083f0f0ac992c3c162c098cd6070e3e297
reproduction/first_season/capsules/posterior_attribution/official_fetch_records/phase2c_network_execution/evidence/OFFICIAL_SELECTED_MEMBER_VERIFICATION.tsv	11667	eb7fadce8184cc52af05a82868360d6b23824979b72e1f2795bfd16a74069b09
reproduction/first_season/capsules/posterior_attribution/official_fetch_records/phase2c_network_execution/evidence/PHASE2C_ENVIRONMENT.json	364	bd933dfc32f72ae6c0d689659137ce506c5f66297798092cb10c2a01243f7fda
reproduction/first_season/capsules/posterior_attribution/official_fetch_records/phase2c_network_execution/evidence/PHASE2C_EVIDENCE_SHA256SUMS.txt	3637	841fe3ef174ccbc899d533fff5a12d5cf2aa7d0732d88ab188cd02f3671174cb
reproduction/first_season/capsules/posterior_attribution/official_fetch_records/phase2c_network_execution/evidence/PHASE2C_NETWORK_PREFLIGHT.tsv	966	a71fc5be70e066f3210082d7d8b5716e6c7d968f01373acc42d0bbefcd99e618
reproduction/first_season/capsules/posterior_attribution/official_fetch_records/phase2c_network_execution/evidence/PHASE2C_NETWORK_PROBE.json	1856	ea9c5c542c6de017630555bbbee42f77fde062960e302be7979e8c48e837aa4a
reproduction/first_season/capsules/posterior_attribution/official_fetch_records/phase2c_network_execution/evidence/PHASE2C_RESULT.txt	113	38b2647dc003c5d900c7f1375c598f410131a62ec19d2d8278e102a6e15390fd
reproduction/first_season/capsules/posterior_attribution/official_fetch_records/phase2c_network_execution/evidence/PHASE2C_STARTING_TREE.tsv	529	1956b44daa28511709ffbfc0ad938c9490403227fa0a732b312706c03973b37c
reproduction/first_season/capsules/posterior_attribution/official_fetch_records/phase2c_network_execution/logs/PHASE2C_BUNDLE_AND_CHECKPOINT_VERIFY.txt	369	e80d8b94daf7e58c714ab500c18d1ee68ed0c3cebe5b3613c8d9e69792546fc7
reproduction/first_season/capsules/posterior_attribution/official_fetch_records/phase2c_network_execution/logs/PHASE2C_EXIT_CODE.txt	2	9a271f2a916b0b6ee6cecb2426f0b3206ef074578be55d9bc94f6f3fe3ab86aa
reproduction/first_season/capsules/posterior_attribution/official_fetch_records/phase2c_network_execution/logs/PHASE2C_PHASE1_LOCAL_VERIFIER.txt	287	a99c537a8cd16018609652f8c0c6af505b7652d4ce41ec64472274c09baaa757
reproduction/first_season/capsules/posterior_attribution/official_fetch_records/phase2c_network_execution/logs/PHASE2C_RUN_STDERR.txt	0	e3b0c44298fc1c149afbf4c8996fb92427ae41e4649b934ca495991b7852b855
reproduction/first_season/capsules/posterior_attribution/official_fetch_records/phase2c_network_execution/logs/PHASE2C_RUN_STDOUT.txt	13629	62b1a0b62ecc02a0bf9225457f6b389a9b051fa6243b49651ec51685061c5bfa
reproduction/first_season/capsules/posterior_attribution/official_fetch_records/phase2c_network_execution/outputs/HTS67_RESULTS_FOR_REVIEW.zip	61872	8254503a8a18d6ca3cfcc6dfb0104458982e19bd13bf89b9c81d3e8f34a31353
reproduction/first_season/capsules/posterior_attribution/official_fetch_records/phase2c_network_execution/submission/PHASE2C_EVIDENCE_MANIFEST.tsv	3854	5bf0d7ee009d8eb128a569e82de19562def1e1f2606137e9a6e27b4624959609
reproduction/first_season/capsules/posterior_attribution/official_fetch_records/phase2c_network_execution/submission/PHASE2C_EVIDENCE_MANIFEST.tsv.sha256	96	66bfeecc72a33f4f942777e778c4606821c49f5a427e54ab6439de901ba6f79a
reproduction/first_season/capsules/posterior_attribution/official_fetch_records/phase2c_network_execution/submission/PHASE2C_NETWORK_PREFLIGHT.tsv	966	a71fc5be70e066f3210082d7d8b5716e6c7d968f01373acc42d0bbefcd99e618
reproduction/first_season/capsules/posterior_attribution/official_fetch_records/phase2c_network_execution/submission/PHASE2C_OFFICIAL_EMPTY_CACHE_FETCH_REPORT.md	4013	f9eb2add53e4005c5d5bb7846910cef2010f5dbb5da8a81be44e0331724fe4e7
reproduction/first_season/capsules/posterior_attribution/official_fetch_records/verify_official_fetch_provenance.py	1960	9b4b10dc8b4551d303bdc0b2c65ee9e7458a6b9eef20fb2843565a91f1fbbc72
reproduction/first_season/capsules/posterior_attribution/portable_reference/hts67/HTS67_PORTABLE_REFERENCE_RESULTS.zip	61889	51902ca22f7152473eace2ee16b7c029ad513e62848d0f30ec7711c4f9d83da8
reproduction/first_season/capsules/posterior_attribution/portable_reference/hts67/PORTABLE_REFERENCE_MANIFEST.tsv	339	3ddde21e05442e2d174f152e3be485899665b007ca6e63d5409e6c139223dff3
reproduction/first_season/capsules/posterior_attribution/requirements.txt	41	65b97f7db87e4cdcb0f4157240cfece5b48363b3e6a18fdccf72d6528ebcbf85
reproduction/first_season/capsules/posterior_attribution/run_all.py	6261	12d75b5e9026904a833dccbe810204f2d3c95117a6eeafa786c214fec51a9b70
reproduction/first_season/capsules/posterior_attribution/stages/hts59/CANONICAL_STATE_THROUGH_HTS58.md	628	d812a8e2e595aff43006045091d9f5fc3eb226faf26efe6a56ce6bb785579c37
reproduction/first_season/capsules/posterior_attribution/stages/hts59/CURRENT_SHA256SUMS.txt	1420	feeaea2909423d330a2bca329d4cbc4f3bee6ee746387be98785579ad4ddb7e9
reproduction/first_season/capsules/posterior_attribution/stages/hts59/HISTORICAL_SHA256SUMS.txt	1234	2b16662687529c2c9748374d58704386fb968d24bedcc10fd56f2838027b5514
reproduction/first_season/capsules/posterior_attribution/stages/hts59/HISTORY_SOURCE_REGISTER.tsv	3087	514c7433268bad16da3931a0aad75e213ab6c936b1f8b04f2abb78bed1ab1bd7
reproduction/first_season/capsules/posterior_attribution/stages/hts59/HTS58_CANONICALIZATION_AUDIT.md	642	c580b7bdfd2a9afa1a19db8a76592153404bcd7ac6d01156604d742ea1b0bb5a
reproduction/first_season/capsules/posterior_attribution/stages/hts59/HTS59_EXECUTION_CONTRACT.md	1517	c7da876dbdb09188785a14fc955e131dfeccc8d257a284e317db15af07ba9e3c
reproduction/first_season/capsules/posterior_attribution/stages/hts59/HTS59_PREFLIGHT_RESULT.md	220	638b17442577182b2f5bbb51fe7e44403b11c2baeaef15cad2da7b169e24e13c
reproduction/first_season/capsules/posterior_attribution/stages/hts59/HTS59_PREFLIGHT_TEST_AUDIT.md	538	15c55d31b8ad32f7b3080b5a54e6baf81e912f7a764bfb7d89048367985eeff0
reproduction/first_season/capsules/posterior_attribution/stages/hts59/HTS59_SELECTION_AUDIT.md	290	9408e9b31ab70b38cf9fd81210aecee02771de7fcd16c56f4d767488ecf96304
reproduction/first_season/capsules/posterior_attribution/stages/hts59/HTS59_SOURCE_ADEQUACY_AUDIT.md	421	8bc0bf4e22742347dd0eea86d8e70445fb618d74a7a62b0847d27a0ec2965e4e
reproduction/first_season/capsules/posterior_attribution/stages/hts59/README_RUN.md	421	efd2121adbf1f49470583375e90126e5e3727ab094506112441ae851c5fe1e6b
reproduction/first_season/capsules/posterior_attribution/stages/hts59/audit_hts59.py	3976	d1207075164995116c317e691a6d52047a7128386849bf06bac2d90ab99a21a8
reproduction/first_season/capsules/posterior_attribution/stages/hts59/hts59_common.py	52617	0177ecd3ae839516c075d4c0be0ae15bcbe75b0effcb1bd9b6d0505f629ba32b
reproduction/first_season/capsules/posterior_attribution/stages/hts59/hts59_metric.py	4864	12dfbef182552b8427d698fc7716b36506b0ab3995d4b5db0b56c03bdab566bd
reproduction/first_season/capsules/posterior_attribution/stages/hts59/run_hts59.py	10585	558bef2b7aa2cf1a820725dabcc087a2ac87ccbcbd20ad821e0eccdc855622ed
reproduction/first_season/capsules/posterior_attribution/stages/hts59/run_hts59.sh	1793	9f6f8d92ab42bc768cb53232e75ce807d061c1cfd870f94ba8f1908fdbe5cd6c
reproduction/first_season/capsules/posterior_attribution/stages/hts59/selftest_hts59.py	926	964777f4a23cdb558c09ffafbc4cdef9ee5e5d105fe2de2571bd3bd686a54916
reproduction/first_season/capsules/posterior_attribution/stages/hts60/CANONICAL_STATE_THROUGH_HTS59.md	743	1fbf1c852b4536787219c27e5eb19e7a9ab8782f065ff9b8e1035c8d048079b6
reproduction/first_season/capsules/posterior_attribution/stages/hts60/CURRENT_SHA256SUMS.txt	1420	2d5ebf177d500164642bcbaa1a2c7242cba8dda4a6e92726af2d7ffe8cdf88eb
reproduction/first_season/capsules/posterior_attribution/stages/hts60/HISTORICAL_SHA256SUMS.txt	1234	ee99d0103378d2b7a7826ac35f4fc5534dbb5860126af97512a00c588f9bcbeb
reproduction/first_season/capsules/posterior_attribution/stages/hts60/HISTORY_SOURCE_REGISTER.tsv	3083	89e201add3a34b7cb027a4f5ff465f584622752f1e57b36d275162f3b5b49d1b
reproduction/first_season/capsules/posterior_attribution/stages/hts60/HTS59_CANONICALIZATION_AUDIT.md	862	4c7c86e53fcafc6602b0a94854601da5124235121a310b18f4403921ff6c5c74
reproduction/first_season/capsules/posterior_attribution/stages/hts60/HTS60_EXECUTION_CONTRACT.md	1729	c303270fd9bbb96a544af0e2b4891df3f7f09933f864e3c36fdc1eed46c93658
reproduction/first_season/capsules/posterior_attribution/stages/hts60/HTS60_PREFLIGHT_RESULT.md	231	557a21830fdae47c0aaa34d71b51b93da7af1bd75e0be6ac4ac86f1e54f26825
reproduction/first_season/capsules/posterior_attribution/stages/hts60/HTS60_PREFLIGHT_TEST_AUDIT.md	749	1af88d56b478f5dd7acac6149d04f08bfc744378e2b3d891a15434e5c3c0b1d0
reproduction/first_season/capsules/posterior_attribution/stages/hts60/HTS60_SELECTION_AUDIT.md	292	c38e326f4fa1f4fe90a057572a57ce224422ecc82d589b96db66c4d1ef5a270d
reproduction/first_season/capsules/posterior_attribution/stages/hts60/HTS60_SOURCE_ADEQUACY_AUDIT.md	432	9e6eacbc097da5ce6a1a4b11f56172a4c82c9f93dbe883c1b9f2aabe5e9483fa
reproduction/first_season/capsules/posterior_attribution/stages/hts60/README_RUN.md	437	4f641dfe648705c99cd1eb5e2b59dfb4ad4e87e659b357c5eadf83a794349da8
reproduction/first_season/capsules/posterior_attribution/stages/hts60/audit_hts60.py	4766	2447b1734aba39c81a368662c22093e08bd46365406e6631d9411f9dfe5d2dc7
reproduction/first_season/capsules/posterior_attribution/stages/hts60/hts60_common.py	52617	5e616c963519cb69674c7d1206455165b62c1cf53666860413b599b34e76b340
reproduction/first_season/capsules/posterior_attribution/stages/hts60/hts60_metric.py	5545	b93141a3697fbcf85c6e044cfb588355f7f486d2e9d4715ac673e815990ea0a2
reproduction/first_season/capsules/posterior_attribution/stages/hts60/run_hts60.py	11015	ef61da4e8f01c463c0591fde410ad661115bdfcfa8f81885c423850b39435e86
reproduction/first_season/capsules/posterior_attribution/stages/hts60/run_hts60.sh	1796	e97d5eca5b3ea181b3ef8f23aaed15d8c56b010db812ef29dab87f46ea0a48f6
reproduction/first_season/capsules/posterior_attribution/stages/hts60/selftest_hts60.py	1070	910c5bfcbff93e340e9a12263dc8ae58242c6df404ed66d12e034de3be5a8254
reproduction/first_season/capsules/posterior_attribution/stages/hts61/CANONICAL_STATE_THROUGH_HTS60.md	788	7ceb44430bc1e3e509c672a528b033ae5da10b8f709531daf0546c90f06620b5
reproduction/first_season/capsules/posterior_attribution/stages/hts61/CURRENT_SHA256SUMS.txt	1420	e71335d5c8e4fbab5ee50dec49c720c9c2fe40dfa9dc56f6bcd23d8faa99f9fb
reproduction/first_season/capsules/posterior_attribution/stages/hts61/HISTORICAL_SHA256SUMS.txt	1234	4d6a86dac73abd21a4a11e51f463d38a6c59c0f3d4886224fe7ca352b4c52a24
reproduction/first_season/capsules/posterior_attribution/stages/hts61/HISTORY_SOURCE_REGISTER.tsv	3087	c16ca0285d66388161243633069ac6effd550ee5abb428b24afbc614428c0588
reproduction/first_season/capsules/posterior_attribution/stages/hts61/HTS60_CANONICALIZATION_AUDIT.md	913	c4c09eff2c2040a69e3608f181006e9cd85cbc316d7a4122b51de3c1dc783631
reproduction/first_season/capsules/posterior_attribution/stages/hts61/HTS61_EXECUTION_CONTRACT.md	1892	8b53abddae2fe37a0adfd913f960a570cc1cc5debcc66658d62417e50932c6e6
reproduction/first_season/capsules/posterior_attribution/stages/hts61/HTS61_PREFLIGHT_RESULT.md	243	59c60425600f186db911d822766d1a8df61550c94f5175261b557987b8df3b1b
reproduction/first_season/capsules/posterior_attribution/stages/hts61/HTS61_PREFLIGHT_TEST_AUDIT.md	800	1cbcb221403002e1edaf528d4f015232fff09530686fcc2d6713cd234d4653fc
reproduction/first_season/capsules/posterior_attribution/stages/hts61/HTS61_SELECTION_AUDIT.md	239	88e7fe224facaa150777a43d6f6e262a314ea4c1516872dde582133eccd38664
reproduction/first_season/capsules/posterior_attribution/stages/hts61/HTS61_SOURCE_ADEQUACY_AUDIT.md	349	4f5e9f81c6e9fbbe0883a3bc69470cb71770f69ba03c99dd965f1082c0887216
reproduction/first_season/capsules/posterior_attribution/stages/hts61/README_RUN.md	437	6b5e4db142bf48a226270bbf4b405378e47d310963358ddae4a77f6565c99279
reproduction/first_season/capsules/posterior_attribution/stages/hts61/audit_hts61.py	7311	91ef6ea5244dde2f69f0c7c06ea385e35f5f29c1a16651316a66b556aed2cbee
reproduction/first_season/capsules/posterior_attribution/stages/hts61/hts61_common.py	52617	b0459a7b42dab7d9bdcef240bd5c3b3f09e248e6d67f5df153da943037613fc1
reproduction/first_season/capsules/posterior_attribution/stages/hts61/hts61_metric.py	8274	efa12a7ae8426cb42aa8933084e2ed8c4ec6bdaf67843c0c9c71b017c50c1939
reproduction/first_season/capsules/posterior_attribution/stages/hts61/run_hts61.py	9207	360960c7f31a90c1e6c923a7f5b708161b4c74104e7a111ed541774276ba74a3
reproduction/first_season/capsules/posterior_attribution/stages/hts61/run_hts61.sh	1791	0c8f24526a8677d530bd4d30cc8bfd7f2d1ba61b3446d4c571d5e969c4af244a
reproduction/first_season/capsules/posterior_attribution/stages/hts61/selftest_hts61.py	1108	9990d1ff9690c2c0bac840a4db8d0ea4120645c80416b69dc8d177eec498beb4
reproduction/first_season/capsules/posterior_attribution/stages/hts62/CANONICAL_STATE_THROUGH_HTS61.md	693	deacab071a495f0ccadbbe7ef71420c745160f0b08493e7936deb341254c46d9
reproduction/first_season/capsules/posterior_attribution/stages/hts62/CURRENT_SHA256SUMS.txt	1420	6a2627de6587744701d831532b34252905f3925cf59bbfe651d9265c4545b6f5
reproduction/first_season/capsules/posterior_attribution/stages/hts62/HISTORICAL_SHA256SUMS.txt	1234	6ce1cf3739a8e59b2878d69a1b4334dc75669f704b590718cf1b828f8cf1e7f1
reproduction/first_season/capsules/posterior_attribution/stages/hts62/HISTORY_SOURCE_REGISTER.tsv	3087	9b814d6049ce504b9a3b9d8e9bd4c626ec5a0a1cbb3d316d1a8aa2aaae3e819c
reproduction/first_season/capsules/posterior_attribution/stages/hts62/HTS61_CANONICALIZATION_AUDIT.md	780	4b37f78804c735f26fb3fa9bbd4c7cc60609a927c48d49f4dcbb4e2b33f22f68
reproduction/first_season/capsules/posterior_attribution/stages/hts62/HTS62_EXECUTION_CONTRACT.md	1436	27cfeaa86be998a7f2fa656d3a3b7e813e24832e11d95b35b6ee7b7e2a2f1db9
reproduction/first_season/capsules/posterior_attribution/stages/hts62/HTS62_PREFLIGHT_RESULT.md	229	c9cb49d2440a8f12e67ad2b1a3df6d96636abd416a71dad5fea601273b2adeeb
reproduction/first_season/capsules/posterior_attribution/stages/hts62/HTS62_PREFLIGHT_TEST_AUDIT.md	594	76bfbd9b209ff8a995a59a813794a5d05b442dd555cd31ea7c6b46fb4d3059cc
reproduction/first_season/capsules/posterior_attribution/stages/hts62/HTS62_SELECTION_AUDIT.md	236	2b19c3f443541ce164fec76a3d9c60c35e1f3b565ba4f27abf45138f3b03ae70
reproduction/first_season/capsules/posterior_attribution/stages/hts62/HTS62_SOURCE_ADEQUACY_AUDIT.md	316	4a6e6d7c8a90d67ffb948d27cf5e62b668bb54c8bcd505f87e27143a33aa797c
reproduction/first_season/capsules/posterior_attribution/stages/hts62/README_RUN.md	437	92c320568341b6e7f514f8b577817f39ce16e6ba7ef346ca50eb59e70103ae3f
reproduction/first_season/capsules/posterior_attribution/stages/hts62/audit_hts62.py	3977	eb432d87c21ae940ecf871f3ccad68712a72e6128ef45a80624bb9126b2d1a13
reproduction/first_season/capsules/posterior_attribution/stages/hts62/hts62_common.py	52617	6456e2edb4273f18ca9d25736f24f31008cdce3f5ac5fc24c7617525f5216beb
reproduction/first_season/capsules/posterior_attribution/stages/hts62/hts62_metric.py	5400	8c3fe7c2725b439f213549eb6d96a1d828aefe73f18de6e23addb54084489db5
reproduction/first_season/capsules/posterior_attribution/stages/hts62/run_hts62.py	9722	ebe0f3f55572872825bfc259dae5a17f2e8fdaf4d2c563a550e6cc1aa89fbf35
reproduction/first_season/capsules/posterior_attribution/stages/hts62/run_hts62.sh	1807	90c46cfcb1e446dffc4937ef4a2b90daa850d20cc9191902d916c590505bd88b
reproduction/first_season/capsules/posterior_attribution/stages/hts62/selftest_hts62.py	1000	c84de0b60052ab6b134259b848b37625416879475c134edd0671f023c0efab71
reproduction/first_season/capsules/posterior_attribution/stages/hts63/CANONICAL_STATE_THROUGH_HTS62.md	797	42934c6397a32acf9c323afa546cfbebf65232a01ace2c237c155883086b8cc6
reproduction/first_season/capsules/posterior_attribution/stages/hts63/CURRENT_SHA256SUMS.txt	1420	c3f80831eb31a92935863d561103a6f511907b326aeb0cb1b8d11b5252d3f0aa
reproduction/first_season/capsules/posterior_attribution/stages/hts63/HISTORICAL_SHA256SUMS.txt	1234	d0d63cfa4e4d62f6ca31a06c5239a04208b38315b319e790ea8ca908f63be1ed
reproduction/first_season/capsules/posterior_attribution/stages/hts63/HISTORY_SOURCE_REGISTER.tsv	3087	ba1fd57f3f72049e4e4183c0ff152edbf2982e116eaa8ce5d8a9b5cf20232e0b
reproduction/first_season/capsules/posterior_attribution/stages/hts63/HTS62_CANONICALIZATION_AUDIT.md	831	3350cf4d1423725471485783fd3fbdaed97270febd34e5f1614c823766e78e05
reproduction/first_season/capsules/posterior_attribution/stages/hts63/HTS63_EXECUTION_CONTRACT.md	1689	82c06d26aed9872b8ee0ca4da4e9c3d9fdf36268836b81128a2b9e29dd05b9fe
reproduction/first_season/capsules/posterior_attribution/stages/hts63/HTS63_PREFLIGHT_RESULT.md	226	cebe05d74756c08ce68f2e692d900edd31cae9298acaaf1358df3101bfdad472
reproduction/first_season/capsules/posterior_attribution/stages/hts63/HTS63_PREFLIGHT_TEST_AUDIT.md	737	9b4250e240f39105d6153ca52f7db6044851b0674d1984979e11fa82739a8586
reproduction/first_season/capsules/posterior_attribution/stages/hts63/HTS63_SELECTION_AUDIT.md	352	ad8f6c0e409bdc1cf8501e8eeb871c0285c9fc6fba0e1c96b6e8d70660594129
reproduction/first_season/capsules/posterior_attribution/stages/hts63/HTS63_SOURCE_ADEQUACY_AUDIT.md	375	414bee3debcd640671cb6d223c6d983c56d129d920aee24f5971cfeb8d17e31e
reproduction/first_season/capsules/posterior_attribution/stages/hts63/README_RUN.md	437	96ed89ee53a5d3873d041cb6c6af7f7e327a8ebca101d5f556a5cf0b75363566
reproduction/first_season/capsules/posterior_attribution/stages/hts63/audit_hts63.py	6443	79bd58535ed70795a752d78a5d21a5e9d28eb82ce9f0bfc211134430005d4054
reproduction/first_season/capsules/posterior_attribution/stages/hts63/hts63_common.py	52617	33e6766209e80578fedd48f3e4d424ce30de701ca3f04ab7d4b2730be4204232
reproduction/first_season/capsules/posterior_attribution/stages/hts63/hts63_metric.py	8624	c65253aba3e3306209b87c0955cf0e5cd828c41646dc9a315f2a5be79c79f788
reproduction/first_season/capsules/posterior_attribution/stages/hts63/run_hts63.py	14150	45fc21a0827fcafa1ec080f0f924fa208c4c892f5af98c64de21b9c6c2224d20
reproduction/first_season/capsules/posterior_attribution/stages/hts63/run_hts63.sh	1805	02f852b7f6629eb9ae07a6d578afee7efe83d5f4fecb9f000b20142e552d4f88
reproduction/first_season/capsules/posterior_attribution/stages/hts63/selftest_hts63.py	1449	d7e94fe83eb6262e6be9d730a7fab7e1e3b2b961618561bac59a8562e9b531f9
reproduction/first_season/capsules/posterior_attribution/stages/hts64/CANONICAL_STATE_THROUGH_HTS63.md	542	e770910bdee18a6a21456005b7f8e4c628f9a3d1546b79d0cb7d7005e62436cf
reproduction/first_season/capsules/posterior_attribution/stages/hts64/CURRENT_SHA256SUMS.txt	1420	e50b8301477b7e63894bee8b132d5043e9ce981b0e38cc3f77999edef380a8ad
reproduction/first_season/capsules/posterior_attribution/stages/hts64/HISTORICAL_SHA256SUMS.txt	1234	ded103c0ee6c50784c060774e42d5596fe97991cae1f0a13121f75adb9c8af2d
reproduction/first_season/capsules/posterior_attribution/stages/hts64/HISTORY_SOURCE_REGISTER.tsv	3083	0e62182f6bdbbabfdd07a54065b282b26751dd8e52e3cca82918c122dac743f1
reproduction/first_season/capsules/posterior_attribution/stages/hts64/HTS63_CANONICALIZATION_AUDIT.md	736	d6b08b6abdfd96a15988f5b0cf9d5bcb2f6c7300c72906e028738a36fd23fbb8
reproduction/first_season/capsules/posterior_attribution/stages/hts64/HTS64_EXECUTION_CONTRACT.md	1781	6156af5dded8e07461d073b59eac36308256454f1cbffb57bc45d9c756975575
reproduction/first_season/capsules/posterior_attribution/stages/hts64/HTS64_PREFLIGHT_RESULT.md	226	6c78607d91e39d58330bebca9e92d7877055faa4735d8c98ca9d630a03e74859
reproduction/first_season/capsules/posterior_attribution/stages/hts64/HTS64_PREFLIGHT_TEST_AUDIT.md	711	bf6afa00ebb60ee5676a74974d45631703eb76a8a2639f5933d1e3ea7b8bcfba
reproduction/first_season/capsules/posterior_attribution/stages/hts64/HTS64_SELECTION_AUDIT.md	338	f87b79a769e64be07666d91c974e5404f8929bae712ffbf7b208a0bcffbe6ee7
reproduction/first_season/capsules/posterior_attribution/stages/hts64/HTS64_SOURCE_ADEQUACY_AUDIT.md	411	537db446a8441beee5c5a32a014a52247163de50f76c694ea40c75ccb2df94f1
reproduction/first_season/capsules/posterior_attribution/stages/hts64/README_RUN.md	437	761d8eef9bc72fd5b06d79e974d9bdbb2c9a2d6f2c675ea34ba595bd7fbe4a4a
reproduction/first_season/capsules/posterior_attribution/stages/hts64/audit_hts64.py	3062	71ed9828147e82507f61ef53e31647b15a78e63f68037c3c87c5e1c40b527ad3
reproduction/first_season/capsules/posterior_attribution/stages/hts64/hts64_common.py	52617	f0bc4a20627c4b805e7ee6ec7899a6428a83052f80e93e93989bc3fda6b48fa7
reproduction/first_season/capsules/posterior_attribution/stages/hts64/hts64_metric.py	11098	b0b17343bb0d56436defa4038f39ef27dd792f68dd28933a6fa1cc2696273c8a
reproduction/first_season/capsules/posterior_attribution/stages/hts64/run_hts64.py	12698	333330b6513745b03f243f92dd49a068e567862b104c0b94a073c9f11af2a045
reproduction/first_season/capsules/posterior_attribution/stages/hts64/run_hts64.sh	1808	4051dccfd79b97156fbaf451fcbf63652ee77bd43d36b2f77dea977fc9e26312
reproduction/first_season/capsules/posterior_attribution/stages/hts64/selftest_hts64.py	1092	5dbb600c27bbd12e14f338900d00d93db88619ec401c5f606653224ccfa19666
reproduction/first_season/capsules/posterior_attribution/stages/hts65/CANONICAL_STATE_THROUGH_HTS64.md	586	d2e1e32b588739165e5735c0eeca93b1d4e60b3a0e785ced6bc92389648d520f
reproduction/first_season/capsules/posterior_attribution/stages/hts65/CURRENT_SHA256SUMS.txt	1420	e93c3d791d8f73418b7c08d0666172425b638d3b5e85ff82c74b79a82c86e65a
reproduction/first_season/capsules/posterior_attribution/stages/hts65/HISTORICAL_SHA256SUMS.txt	1234	53cf1a8d695a5307dc74af4380dadb5a74e5e0b5e472ff1cfb5f204ddf2bb592
reproduction/first_season/capsules/posterior_attribution/stages/hts65/HISTORY_SOURCE_REGISTER.tsv	3087	93d3aef030a5ecc48d3313877907f4866f1543bd3a4b65b63c9d166d7a941dd6
reproduction/first_season/capsules/posterior_attribution/stages/hts65/HTS64_CANONICALIZATION_AUDIT.md	684	dafbc46ef6a5b380e359521c2bf438ce2e840c9e26ab45020d2e9d456fd86c63
reproduction/first_season/capsules/posterior_attribution/stages/hts65/HTS65_EXECUTION_CONTRACT.md	1956	b2bd182d03828ab4b9e96be96e66f8fd39213ef04147dbcd3db4ffd3159633ea
reproduction/first_season/capsules/posterior_attribution/stages/hts65/HTS65_PREFLIGHT_RESULT.md	218	7ccfcea9dcfddedd1d6f6430f0e786893528687859520b441265b08052601070
reproduction/first_season/capsules/posterior_attribution/stages/hts65/HTS65_PREFLIGHT_TEST_AUDIT.md	700	fef0a790f1baf5a255a9c5414179c307de6094369489f2b7cec5610f4a89bccc
reproduction/first_season/capsules/posterior_attribution/stages/hts65/HTS65_SELECTION_AUDIT.md	286	30233a5c4b087b77a345b208d16819b9cd75e46cf15689c9248dee75e431d8b1
reproduction/first_season/capsules/posterior_attribution/stages/hts65/HTS65_SOURCE_ADEQUACY_AUDIT.md	394	c6c0f888d45180d977649c40b83e0883a8157156dadaf0e493cfd2e26cac6d0a
reproduction/first_season/capsules/posterior_attribution/stages/hts65/README_RUN.md	437	e321b37ffa1af1e8d625c9e3cc88e62eff09379b79dc66d6e17c816aa51e02d3
reproduction/first_season/capsules/posterior_attribution/stages/hts65/audit_hts65.py	5762	568b1f9617504cb8cd37a24f495057dd83f2bfdc62a2a2bcb930e4b8afc38212
reproduction/first_season/capsules/posterior_attribution/stages/hts65/hts65_common.py	52617	6d8652a820ae76f5a935faa79eec86bfd953671c966051a4625099ac5367ee27
reproduction/first_season/capsules/posterior_attribution/stages/hts65/hts65_metric.py	11302	3154f1fb8d75a771c57c3a63088ee56e675148c76c286e4665e2fffceddd3160
reproduction/first_season/capsules/posterior_attribution/stages/hts65/run_hts65.py	13284	6d45670b1078396209045db89cb24cb89cd82036110de74687cbbc976630a6b3
reproduction/first_season/capsules/posterior_attribution/stages/hts65/run_hts65.sh	1808	e1adacc1fd92b2c616ac83915355b0658d2cc5def9523d118a73e6e4365a5a58
reproduction/first_season/capsules/posterior_attribution/stages/hts65/selftest_hts65.py	1241	a57168baedb2633383ddafa407d78ae892b8c2c8596fc23e6b1e44772a7abc97
reproduction/first_season/capsules/posterior_attribution/stages/hts66/CANONICAL_STATE_THROUGH_HTS65.md	895	4ab98095b0eb79b4cddc65f85d282b9892950c7a42a888902769ef80b6f3f709
reproduction/first_season/capsules/posterior_attribution/stages/hts66/CURRENT_SHA256SUMS.txt	1338	55b7c90962aa7d628e6888e779c6d876002a3c807524bb2506aff925bda59acd
reproduction/first_season/capsules/posterior_attribution/stages/hts66/HISTORICAL_SHA256SUMS.txt	1152	4b731b99ab9f0fa61c5c4001df8988e06fd03f55709c970b1c0c8f039e142f18
reproduction/first_season/capsules/posterior_attribution/stages/hts66/HISTORY_SOURCE_REGISTER.tsv	2876	10d2fff82686eab19891a18265a098c4e0c360ba919e98494b7488002ca6d492
reproduction/first_season/capsules/posterior_attribution/stages/hts66/HTS65_CANONICALIZATION_AUDIT.md	1161	91107cd2571e9126d571fefb3b7db217a9ef186d4f1eed1348b7846cd08387f2
reproduction/first_season/capsules/posterior_attribution/stages/hts66/HTS66_EXECUTION_CONTRACT.md	1642	20bfed47f62131479751d0f4e3af81ab089f2be4bb64869d9b94d7d227ebe599
reproduction/first_season/capsules/posterior_attribution/stages/hts66/HTS66_PREFLIGHT_RESULT.md	214	0acaec83d258d76554311226a315e00c3b32cc4a3a17f77d3a7374960b619db3
reproduction/first_season/capsules/posterior_attribution/stages/hts66/HTS66_PREFLIGHT_TEST_AUDIT.md	598	22f2f0453d05f11a40dd7b2726c51bd31c2179b02b3fff5e1de76951cc468eff
reproduction/first_season/capsules/posterior_attribution/stages/hts66/HTS66_SELECTION_AUDIT.md	411	b625b994579141b59fee72161b3a86a25c929f3b504968a2623de24608bae742
reproduction/first_season/capsules/posterior_attribution/stages/hts66/HTS66_SOURCE_ADEQUACY_AUDIT.md	372	5ca6d457ae406d6d9829587e4fe7a382df8c7479cbf11878beb0642a718560f0
reproduction/first_season/capsules/posterior_attribution/stages/hts66/README_RUN.md	456	3a96311223237db50eeb9fb31af53e8a736d8f08487179c368407cfa94b68768
reproduction/first_season/capsules/posterior_attribution/stages/hts66/audit_hts66.py	5484	1d4d15ceb7fa0ff937fcb0bb95d51dd85ace6755329ac396bee79f1960c99e38
reproduction/first_season/capsules/posterior_attribution/stages/hts66/hts66_common.py	20125	351865c38e28e629d4b71b2c56c95c77ae3c912b19e59265d70dd303f0f3ab99
reproduction/first_season/capsules/posterior_attribution/stages/hts66/run_hts66.py	7250	c4f145845276db83d4cf5baa7b814f649fcd3bc2c74dc662a347dc0b882d3524
reproduction/first_season/capsules/posterior_attribution/stages/hts66/run_hts66.sh	1615	ef4aa800600b79808f70328575851b54678777ac2239ac4e16c4d437eef36ca1
reproduction/first_season/capsules/posterior_attribution/stages/hts66/selftest_hts66.py	1132	395c995645514e67491699ccc178d9fffcc36eda5a04c1dc06ef8ed356b8aaa6
reproduction/first_season/capsules/posterior_attribution/stages/hts67/CANONICAL_STATE_THROUGH_HTS66.md	956	507e924a38bb18e7b71db708de74d5618d4134836b00f0b3da6896c573664e9e
reproduction/first_season/capsules/posterior_attribution/stages/hts67/CURRENT_SHA256SUMS.txt	1420	7fab9c887180e62522603f8861931e7dd42ad068094326c5e5d11003dc47b568
reproduction/first_season/capsules/posterior_attribution/stages/hts67/HISTORICAL_SHA256SUMS.txt	1234	dbffad4b2c9773ca6283d8e379b20d001f2b876a3e8c35bda4511e0e73621fdb
reproduction/first_season/capsules/posterior_attribution/stages/hts67/HISTORY_SOURCE_REGISTER.tsv	3077	54fe79e60d8167775301abeb7fb8595fba04af254bea5e8b29209ec66ac20ac6
reproduction/first_season/capsules/posterior_attribution/stages/hts67/HTS66_CANONICALIZATION_AUDIT.md	642	743c4f0c66a456f1719ab8a8adaed8db2aa1633e3e490f642d21cb860cfabbcd
reproduction/first_season/capsules/posterior_attribution/stages/hts67/HTS67_EXECUTION_CONTRACT.md	3775	d552e08dc9b9e46a3f7e319d28bd9d3c149c49d40572828b7554a1693b06aa8f
reproduction/first_season/capsules/posterior_attribution/stages/hts67/HTS67_PREFLIGHT_RESULT.md	390	97755b90609599ddc6ab438ac22be6f2c444cceae99ad93e873326272cf9bd87
reproduction/first_season/capsules/posterior_attribution/stages/hts67/HTS67_PREFLIGHT_TEST_AUDIT.md	505	46370e8c851e0218999f21f55df585278e1e20756c8ec734be27cd362749099b
reproduction/first_season/capsules/posterior_attribution/stages/hts67/HTS67_SELECTION_AUDIT.md	725	40639323f2b41439db0be29cba911dcb38fe04519fa685771ace8b1b3dfaceac
reproduction/first_season/capsules/posterior_attribution/stages/hts67/HTS67_SOURCE_ADEQUACY_AUDIT.md	682	ab65cc2f11b2a6bfd3721dcabe555837372858c53d4080e7cdeb78d4d4ef74f1
reproduction/first_season/capsules/posterior_attribution/stages/hts67/README_RUN.md	1083	fe3675ce28f399f9574c2c7966776b499825faa9346fccf02583b3d38c6a4414
reproduction/first_season/capsules/posterior_attribution/stages/hts67/audit_hts67.py	5412	f0402d1df1e68c68a157ff679f7a7e97a2f7b0085880b996e5a4c372ec2d8968
reproduction/first_season/capsules/posterior_attribution/stages/hts67/hts67_common.py	16952	4485400bf3abf014f42bbd47d3c19bb498e97771f82760ae3b1df4455466c401
reproduction/first_season/capsules/posterior_attribution/stages/hts67/hts67_metric.py	9922	236217b7d88f5a97ab46b5610a4e32d8597b0fb5386fce003ee5d7f4eb637a3c
reproduction/first_season/capsules/posterior_attribution/stages/hts67/run_hts67.py	23038	d5fea501c9942e76d6eb714e0b17daf38a71cf8a3be2eca02f862fb174fb1b46
reproduction/first_season/capsules/posterior_attribution/stages/hts67/run_hts67.sh	1860	bac3ec6ed969179f7648c8172a7b97da575d4533d1d8fb05ab1ee55229748a6f
reproduction/first_season/capsules/posterior_attribution/stages/hts67/selftest_hts67.py	2192	0ee187be64adbb2e0da13ae423692d2e1766c4e50d5974785f2e1e749768a318
reproduction/first_season/capsules/posterior_attribution/verified_replay_records/E002_EXPECTED_OUTPUT_COMPARISON.tsv	680	379227fef17ead3e19384375fc614ecdbdf83d8fe03f9e4a0d9e5c550ee507b9
reproduction/first_season/capsules/posterior_attribution/verified_replay_records/HTS59_65_SUBSTANTIVE_REPLAY_COMPARISON.tsv	1206	caea34676469d5f50f8d7b4c7652afb77d02c1a68fb6bc3900fc3b65b4d71e58
reproduction/first_season/capsules/posterior_attribution/verified_replay_records/HTS66_67_REPLAY_COMPARISON.tsv	666	9bea0497151f7b8d1276fdd8e2f1d86378611438445f7b518bfd2fbe8a0d5b21
reproduction/first_season/capsules/posterior_attribution/verify_hts67_history_self_containment.py	4993	62f09c01ca887e16d5d0c86b6c609c51fa86def7a06becbfc23a69e5ccf810df
reproduction/first_season/capsules/posterior_attribution/verify_output.py	6357	dd2d41b0bb112cabe3459bd2a41b9d9b1a7af1b780f4f19e02be39fd01970536
reproduction/first_season/capsules/run_all.py	1194	4ca31deeb24a57fb8923d317c6bb1105ae658a253b0f511fafceab9a70f5d7be
reproduction/first_season/tdcosmo_second_implementation/BLIND_EXECUTION_CONTRACT.md	3914	beae2069934206dd15fb05f0eb5da1da58c338d7c6e0481685398ac8d1d1b45f
reproduction/first_season/tdcosmo_second_implementation/CLAIM_AND_SCOPE_BOUNDARY.md	2447	3dda15ca7da75b09df4ee859119159c1ec4a36d6932a53e1e19ec45c03dea62d
reproduction/first_season/tdcosmo_second_implementation/EXTENSION_ENVIRONMENT.txt	331	987060f017cd3315292ff574cad0987c06e50c30127d0bf806b7e71461f596bf
reproduction/first_season/tdcosmo_second_implementation/EXTENSION_EXECUTION_CONTRACT.md	1963	f82e2d483969ce5b0e41f87010ed2837e3734175ba5623d4b3afa3dd7eafccc0
reproduction/first_season/tdcosmo_second_implementation/EXTENSION_METHOD_NOTE.md	1267	633a3a3175af3658f60c579b6c27dd5b4fde083d802f224350412907b6fb1478
reproduction/first_season/tdcosmo_second_implementation/EXTENSION_RUN_COMMAND.txt	372	36a06d7ef88f16d6e5fbdf27a8acd854d2f255d7fc9af9df5be551d6bd92806a
reproduction/first_season/tdcosmo_second_implementation/EXTENSION_RUN_LOG_STDOUT.txt	1530	ed5aa5cb39381e15ffc8322f284b84777e8533051eee2786a0a2f4f79e923bc2
reproduction/first_season/tdcosmo_second_implementation/FINAL_CLASSIFICATION.json	864	31c8711847bb39b208a5a2e80e1504b12886b9b63146e20897cfc43a74d4aa2a
reproduction/first_season/tdcosmo_second_implementation/FINAL_RESULT_SUMMARY.tsv	474	476444aecc584b795d1ef4336b52db344b575e70eaff2b1da6ee109072c478a1
reproduction/first_season/tdcosmo_second_implementation/HISTORICAL_SEQUENCE.md	3418	334da5d7bfc5c9bb692fe9f63a48e98bb1314f52ebfad633bc3a72010f0b6980
reproduction/first_season/tdcosmo_second_implementation/HISTORICAL_SOURCE_RECORDS.tsv	874	b71b9f789d265c09bd63d83b6d6819f3f6d0cb1c89582d5805aa4a7c6789dda5
reproduction/first_season/tdcosmo_second_implementation/IDENTIFIER_COLLISION_RECORD.md	610	34d3bb39831c9a60e5644dcfc40430898b01f03d121657c8de332fdbedfbd31c
reproduction/first_season/tdcosmo_second_implementation/IDENTIFIER_CROSSWALK.tsv	476	be690a2395cb209abadcb695d5b286323b96f9026a182acd7cf741e86b3b5d24
reproduction/first_season/tdcosmo_second_implementation/LICENSE_CODE_MIT	1072	84954891c039ce0b1a500ae5cf46dc8795ddf6ea78ac312b4aff0566910b87ca
reproduction/first_season/tdcosmo_second_implementation/METHOD_FREEZE_RECORD.json	794	a8f56e7e0f290f639c1380135af2b7ad64d6f59bd0fe610cb91a7d8a1e230d12
reproduction/first_season/tdcosmo_second_implementation/NUMERICAL_COMPARISON_13_CHAINS.tsv	3579	ee89d0b76adae683c1cd92ac5b77747d4c08de8937d69b3148184e6e65a1e887
reproduction/first_season/tdcosmo_second_implementation/PILOT_COMPARISON_AUDIT_REPORT.md	3607	baa79b73f025b75d0c08b7bbc655687c23ee2b7b47e0671ca2926aa529c2c532
reproduction/first_season/tdcosmo_second_implementation/PILOT_METHOD_NOTE.md	1267	633a3a3175af3658f60c579b6c27dd5b4fde083d802f224350412907b6fb1478
reproduction/first_season/tdcosmo_second_implementation/PILOT_NUMERICAL_COMPARISON_3_CHAINS.tsv	823	2b34bb74220a6c3bc714c70b065c945c0c519eb236afbd58385e9a2c391daca7
reproduction/first_season/tdcosmo_second_implementation/PILOT_RUN_LOG_STDOUT.txt	370	ae4ae33025595eb1af1282b9a338ef62af41e9eb8c54b127eef3fe787cbbf2c3
reproduction/first_season/tdcosmo_second_implementation/PILOT_STRUCTURAL_COMPARISON_3_CHAINS.tsv	6744	b90b44d827acc4e07092f38b62223c1eba74dc2adf8f3b251ae4a4636ca8863c
reproduction/first_season/tdcosmo_second_implementation/README.md	4250	0898435d00858d35f8431afd0b24e764362b512fc675b60865fcc4e944075d9d
reproduction/first_season/tdcosmo_second_implementation/SELECTION_AND_EXCLUSION_RECORD.md	1879	471071760f5b7961d037f27ae1b9c36db4fc69de2d84d2057cc6a085f91ea0a1
reproduction/first_season/tdcosmo_second_implementation/SHA256SUMS.txt	2626	405dcb20c07481fae75e5be71f36213af004356801a0ac684996df736ab6ad7e
reproduction/first_season/tdcosmo_second_implementation/SOURCE_MANIFEST_13_CHAINS.tsv	1980	ee3c73fb0a9d051c18ff0f415fa785c72e1f3ff63adf6e5118393a1098f8f3ae
reproduction/first_season/tdcosmo_second_implementation/STRUCTURAL_COMPARISON_13_CHAINS.tsv	25974	990c6cd5f1b18db9c1e8ea70ed49228fefa20c12ca9c34acf1444c61111a9f38
reproduction/first_season/tdcosmo_second_implementation/TABLE6_PUBLISHED_PRECISION_COMPARISON.tsv	5015	20b05756d39d27c8eae7ae00ca3867b4345f90f943ec576d3a2dee395243f468
reproduction/first_season/tdcosmo_second_implementation/VALIDATION_REPORT.md	730	79680daf34a5946a4ef50688204f5c259cc2de967857122c553ef06573ba62ba
reproduction/first_season/tdcosmo_second_implementation/run_audit.py	17628	6360c803c584cc29e939445001fa6508cd875d16b4cdba5caba8be8b031368f7
reproduction/second_season/gwtc/canonical_gate_a/00_README_FIRST.md	1749	15d2e6bb2e9e081cf924fa7a1e45634f71335d6ca1ab34c11cd4cd204bde00f2
reproduction/second_season/gwtc/canonical_gate_a/01_CURRENT_STATE/BRANCH_STATUS_AND_CLOSEOUT.md	1183	c8e9965384d40e12986cbd693bcef044be7e46415df32b3b0f3369104786ea12
reproduction/second_season/gwtc/canonical_gate_a/01_CURRENT_STATE/PRE_CORRECTION_LOG_AUDIT_NOTE.md	601	870a5e21077bfd96d2e89d63d6bd101d054b8f9bb36850c7d658c01fe8803ef6
reproduction/second_season/gwtc/canonical_gate_a/01_CURRENT_STATE/REOPEN_CONDITIONS.md	807	3b95c0c263c186359ae64f801858216eb4be68880e6943b30cfaf2d04a431726
reproduction/second_season/gwtc/canonical_gate_a/01_CURRENT_STATE/SCOPE_AND_PROHIBITED_INFERENCE.md	833	935dc31a679cff038f39581696f7e70f1f8720adb2cb06176a3ec7f8ca0c23bf
reproduction/second_season/gwtc/canonical_gate_a/02_KEY_RESULTS/CORR1_AUDIT/CORR1_DOCUMENTATION_CORRECTION.md	2211	3f908aac5d303bc276049a4f8f2ae68668ea5b4ceb48181230bc0e5c4c891799
reproduction/second_season/gwtc/canonical_gate_a/02_KEY_RESULTS/CORR1_AUDIT/SOURCE_FREEZE.tsv	4379	139648680a1028b8dbebec16d6933f527835daade43ee00c8a5b9926053cedd5
reproduction/second_season/gwtc/canonical_gate_a/02_KEY_RESULTS/CORR1_AUDIT/SUPPORT_FILE_REGISTER.tsv	1352	135b6515e64308edc1d65fea2b7f129a961f6a18434414985e52d021c3133902
reproduction/second_season/gwtc/canonical_gate_a/02_KEY_RESULTS/CORR1_README_CORR1_FIRST.md	818	82abdc5b08b45fbce9e18759a0f5bd506939e694b86c17fabe1996871245e7c5
reproduction/second_season/gwtc/canonical_gate_a/02_KEY_RESULTS/CORR1_README_FIRST.md	2619	baafe03b81814400479a79a064e71ba897f3c21c0f6e6cb1db5817fa95c8354d
reproduction/second_season/gwtc/canonical_gate_a/02_KEY_RESULTS/EXECUTION_ENVIRONMENT.txt	802	e3c53b485f0061a0e4bb9dbca207cc92300df8dd5f01c8b87703b316f214345f
reproduction/second_season/gwtc/canonical_gate_a/02_KEY_RESULTS/GATE_A_DECISION.md	2501	317311ceea29ac72a53a3ba4235d75d3d39534e61d1ebfdbe41c3761222951b3
reproduction/second_season/gwtc/canonical_gate_a/02_KEY_RESULTS/GATE_B_STATUS_CARRY_FORWARD.md	986	b05e992d69c337c88a283a2c4809f2c89f1da9aa49a0fffdb89bb9fd8853715c
reproduction/second_season/gwtc/canonical_gate_a/02_KEY_RESULTS/HEADLINE_PAIR_DIAGNOSTIC_METRIC.tsv	417	0e83afaeeee2973d8ed79514ee16c18f4e94938bdb66584dd86e336d1a9a1cb8
reproduction/second_season/gwtc/canonical_gate_a/02_KEY_RESULTS/IMPLEMENTATION_CROSSCHECK.tsv	479	0ce90cfe69316c2e8159096150047ffbc951a9075799ba9d38012ddfaa2d2680
reproduction/second_season/gwtc/canonical_gate_a/02_KEY_RESULTS/INPUT_SOURCE_REGISTER.tsv	876	5822815ce33e6fa1beef51ae2c4f34d0a9957d28eb7ccc64f42cecec8a3a19b4
reproduction/second_season/gwtc/canonical_gate_a/02_KEY_RESULTS/PRE_RESULT_CONTRACT.md	2869	f2d082cbbd6d185a9e2fa2a21d61def100dbffeda34c8261aa4b42a07d4faadb
reproduction/second_season/gwtc/canonical_gate_a/02_KEY_RESULTS/RAW_QUANTILES.tsv	556	76e6b3052a252b3c6168f80005fecfec7260972470e98d23869706af75a0e115
reproduction/second_season/gwtc/canonical_gate_a/02_KEY_RESULTS/README_FIRST.md	939	18dc35abf09ed73eda7b64ec6464aeed94557806a05d1d13ad52b6190977f637
reproduction/second_season/gwtc/canonical_gate_a/02_KEY_RESULTS/RESULTS_MACHINE_READABLE.json	3542	331994dbf963179b1cc4638c333a6dcc5d423b612efe60d008039834d8b9f937
reproduction/second_season/gwtc/canonical_gate_a/02_KEY_RESULTS/ROUNDED_HEADLINE_COMPARISON.tsv	373	51c90e6ff4d9c30fd42e914a99d0087a9a59f559731e7eb9afa609c550a4e15f
reproduction/second_season/gwtc/canonical_gate_a/02_KEY_RESULTS/RUN_LOG_PRE_CORRECTION_HOLD.txt	200	567bde4d58b883817ce74248816ecd990988a952e330f66e9822e57a700a5923
reproduction/second_season/gwtc/canonical_gate_a/02_KEY_RESULTS/RUN_LOG_STDOUT.txt	969	6b69b5fb35b0a64741ddd881bedbfc9fe700c591202b5ce96b6c479b8cdd0ce0
reproduction/second_season/gwtc/canonical_gate_a/02_KEY_RESULTS/SCRIPT/gate_a_quantile_reproduction.py	17505	2513eaf55f3f274b16b06dc76a0772cad241a0f4d584b0e7193d22181853f89f
reproduction/second_season/gwtc/canonical_gate_a/02_KEY_RESULTS/SOURCE_FREEZE_CORRECTION_SUMMARY.md	2071	885139033bf570a8a9c70d6d53e1d3441f006db0326ce42606f0024df72c344d
reproduction/second_season/gwtc/canonical_gate_a/03_ARCHIVE_PACKAGES/GWTC45_GATE_A_HEADLINE_QUANTILE_REPRODUCTION_RESULTS_FOR_REVIEW.zip.sha256	134	b41a7a5a1b1abd63d0df349d9dee6fde0ea89a2718a88d2078f11e85016d33d4
reproduction/second_season/gwtc/canonical_gate_a/03_ARCHIVE_PACKAGES/GWTC45_H0_METRIC_PROVENANCE_SOURCE_FREEZE_V1.zip.MASTER_GENERATED.sha256	115	5e85ff7c1a225c39356a851292f15a9a0440ad2648435823ef85c5327d062bb2
reproduction/second_season/gwtc/canonical_gate_a/03_ARCHIVE_PACKAGES/GWTC45_H0_METRIC_PROVENANCE_SOURCE_FREEZE_V1_CORR1.zip.sha256	121	c733c7f20e9f6dd7f3148a519c03cd1320824d13aaa8b978f26a9ab05f1b5351
reproduction/second_season/gwtc/canonical_gate_a/03_ARCHIVE_PACKAGES/GWTC45_WORK_INSTRUCTION_LIMITED_CORRECTION_AND_GATE_A.txt	5758	6956e36f1541c737733c974ce99fec9c88b5e5cc1b1388537d8c7b100619babd
reproduction/second_season/gwtc/canonical_gate_a/04_REGISTERS/ARCHIVE_PACKAGE_REGISTER.tsv	1210	4050befbb6a7b6d4a0773c3a341e27b18f05cc072ccb5e0a2923fb4dc0b8f2a4
reproduction/second_season/gwtc/canonical_gate_a/04_REGISTERS/BRANCH_DECISION_REGISTER.tsv	955	35864e9ba9d03d9d5dc0d973a545786e165520a646707458e546d667be2715cf
reproduction/second_season/gwtc/canonical_gate_a/04_REGISTERS/CURRENT_BRANCH_STATE.json	1514	0fdea34d31e46ef5a2f34d1a97ce65df2bbba20eef4eaa4d7aaa1b1264e730fd
reproduction/second_season/gwtc/canonical_gate_a/04_REGISTERS/GATE_INPUT_IDENTITY.tsv	533	5af691754eeab3ef8fe4ef92c751c585e8cd12544537110c96fdfcbaac829f97
reproduction/second_season/gwtc/canonical_gate_a/04_REGISTERS/INDEPENDENT_QUANTILE_VALIDATION.tsv	486	c644c06d2726cbb598dae62d0f5380cff1f0f74c8aa04d955b7558dbed69158a
reproduction/second_season/gwtc/canonical_gate_a/04_REGISTERS/INNER_PACKAGE_VALIDATION.tsv	623	aa6cff582e75cd5e263fed157afbb2416e896aebe1606b0337b00fb07863aab7
reproduction/second_season/gwtc/canonical_gate_a/04_REGISTERS/INPUT_WRAPPER_INGEST_RECORD.tsv	296	86e2da712b1ae1b18f9bd1f84d043a426ce40c904b57671000eab99a8aa0f6e8
reproduction/second_season/gwtc/canonical_gate_a/04_REGISTERS/REOPEN_TRIGGER_REGISTER.tsv	498	3b20845a3cabc1585e31ee1b8ab64e38e1963fb6d18bda67dc10b3569f7545f3
reproduction/second_season/gwtc/canonical_gate_a/05_INDEPENDENT_VALIDATION/MASTER_BUILD_VALIDATION.md	895	25359382c8effd8d9907d74a7187a46d4a78492a9b85599ae2affd450d839daf
reproduction/second_season/gwtc/canonical_gate_a/MANIFEST.tsv	5725	63e5960d627b7efb962d2b4efa1b02c351a21abbc8a429044110348cfa76c2ca
reproduction/second_season/gwtc/canonical_gate_a/PACKAGE_VALIDATION.md	462	ed2af9615491f039ca367ad622c248164bbc42914611605b8940576ef2df8c3a
reproduction/second_season/gwtc/canonical_gate_a/SHA256SUMS.txt	5031	b9edd7f9bb3f5f48e2a7f3d52373ea2b09966a302f3e62a34480a52fe94d3e0d
reproduction/second_season/h0dn_singular_covariance/.gitignore	56	1a5dcdc76dfb161cf505e0c1780bde97955916a4f5c704919e29252e15ad6973
reproduction/second_season/h0dn_singular_covariance/AI_ASSISTANCE_DISCLOSURE.md	664	141b3e4783e599c9bf2e86131441f7a52db720c6e00cd8909cacc27e777ab84f
reproduction/second_season/h0dn_singular_covariance/AUDIT_CONTRACT.md	8199	75fbe592ab65e345d5af819325a6b27ba301fc7e24dff72307800ac623227c4f
reproduction/second_season/h0dn_singular_covariance/CHANGELOG.md	3002	52dcdebbda55e7c1f32af6776203ae136d3f1e46a891fb322f9a878afcfe07d2
reproduction/second_season/h0dn_singular_covariance/CITATION.cff	500	aa45765d99c31f89b30cf951dc386d709fefc6987c1e1c06f053ce45876f517c
reproduction/second_season/h0dn_singular_covariance/CORRECTED_BUILD_MARKER.md	761	f7a35c320d592f23542d1fe0683c25f1042ade25c452b7f20b79a4cbb9048ca8
reproduction/second_season/h0dn_singular_covariance/EXPLORATORY_REPORT.md	2071	f2d016719cd0dbd66d2f6f06b00e588feb1b02df855d82f01993af6bf9702a7c
reproduction/second_season/h0dn_singular_covariance/EXPLORATORY_VARIANCE_COMPONENT_CONTRACT.md	4490	8556f8da187a8d615f647421d25fc1b76c318cd1b2758593997a177c06899007
reproduction/second_season/h0dn_singular_covariance/LICENSE	1072	84954891c039ce0b1a500ae5cf46dc8795ddf6ea78ac312b4aff0566910b87ca
reproduction/second_season/h0dn_singular_covariance/MANIFEST.tsv	6840	feaf41fcde8982cad922bccb7c7480df77a7f72a58cd798a5852d4b143cd459b
reproduction/second_season/h0dn_singular_covariance/POSTHOC_DIAGNOSTIC_CONTRACT.md	2911	15bcc4c865f8a93646063a7798825915f2c376b519dbcaca2b1bdb164b8726ec
reproduction/second_season/h0dn_singular_covariance/POSTHOC_INTERACTION_DECOMPOSITION_CONTRACT.md	1841	1ee596f413a023fd5f8551d76813e76a44d9f9e9c2cf253365cbfb9479ac931c
reproduction/second_season/h0dn_singular_covariance/POSTHOC_REPORT.md	3621	369bf61f9fa527f279ce918b7104916554a9efa61420cb5539cf40fa2feba128
reproduction/second_season/h0dn_singular_covariance/README.md	3664	4ac424d73a3252ddd2e49ddcb441020812b243a400d6e9325c00c0f4ffbbdb7e
reproduction/second_season/h0dn_singular_covariance/REPORT.md	8242	ffdc26bb45504c3bc9bc988116117cda61750c1d6f94989191be9a5b32a7cd63
reproduction/second_season/h0dn_singular_covariance/REPORT_JA.md	13525	6f907146d2ea69ad55bc131b5817c604b658435065de98d0d2220d98e656a728
reproduction/second_season/h0dn_singular_covariance/REPRODUCIBILITY.md	6270	d3348428e86274051f9fd98c834fe507023bf9fb9a167d60ba6a6fab74018792
reproduction/second_season/h0dn_singular_covariance/SHA256SUMS.txt	6561	9c4a4be6dbc071f4601618274988eaf0e433eae92f2737682168b074ca6894fe
reproduction/second_season/h0dn_singular_covariance/THIRD_PARTY_NOTICES.md	686	8aaddc167b5162b5f3a40fbf2e273a4597bdf099e3a7a306752d529edbfcc071
reproduction/second_season/h0dn_singular_covariance/VERSION	6	e9dd8507f4bf0c6f42458e41aea833ad0bd3f6127272335eee9bf4d58541ed67
reproduction/second_season/h0dn_singular_covariance/provenance/CONTRACT_AMENDMENTS.tsv	728	c3d9385a2e4abcdc84843c17cb8ec5b78b93cdb86a0059bc0e5cea91d7943e3d
reproduction/second_season/h0dn_singular_covariance/provenance/POSTHOC_CORRECTION_LOG.tsv	356	b3f87ef36d3ce2777770e65bd1fde1faa911ef01b8ad8df5c06d31907e627dc1
reproduction/second_season/h0dn_singular_covariance/provenance/SOURCE_LOCK.tsv	9471	136602b45fef7629e920628cbd53a6135532ef8f174421d2db49ac21a79eb502
reproduction/second_season/h0dn_singular_covariance/requirements-lock.txt	130	eb6c4285b5005fcb6e113cda815a8c7f924c1eba1ee3ae3982f2b3f922092766
reproduction/second_season/h0dn_singular_covariance/results/EXECUTION_STATUS.json	91	275fe5bd6b9893b13ed16d44c519cb0f758d1a28daaf78ea978f210e835698a5
reproduction/second_season/h0dn_singular_covariance/results/EXPLORATORY_EXECUTION_STATUS.json	225	e0f1562f5ccee6477a4dd4e074550d57651f8efb4e0ff074b45b3c65c8edd4c2
reproduction/second_season/h0dn_singular_covariance/results/POSTHOC_EXECUTION_STATUS.json	414	647fea3c709846fd2c5621c16ff4ee341d12e1b8ab386e530ed59b3827ea3bcf
reproduction/second_season/h0dn_singular_covariance/results/audit_summary.json	14253	e3a2b22ae463230b34dd0a790569eea1557e9fe795962e0044891deb657de42a
reproduction/second_season/h0dn_singular_covariance/results/baseline_fidelity_gate.tsv	506	947908e3070bb3831ec703dd6d46f9ee120507318837089729f8f5dd6ee38b49
reproduction/second_season/h0dn_singular_covariance/results/baseline_reproduction.json	3699	4555b08022cb213d3db8ef6ccdfb642e71788f0cdb3b96d3649569f885a2aaaf
reproduction/second_season/h0dn_singular_covariance/results/clean_reproduction_summary.json	1664	84151c4a27b9aec96339d64f51fcb2eb73d4c2ee13ef18edfebd36b7d77c070a
reproduction/second_season/h0dn_singular_covariance/results/component_decomposition_closure.json	153	00b4f2dd80378f3d7ce75a237deb389d6fe950f627471947aef46e0504c99f8d
reproduction/second_season/h0dn_singular_covariance/results/covariance_component_ablation.tsv	42508	c564808ca1c7940e7ae2382a65c16f326f68a5e8fb5a0f44db3f1f497b61021a
reproduction/second_season/h0dn_singular_covariance/results/covariance_component_inventory.tsv	16049	5e06983a5390162b4ac45f358b719e61b030aadff47c6458622bc97ca67ff760
reproduction/second_season/h0dn_singular_covariance/results/equation_block_inventory.tsv	6740	f0269163ee58d2258d946887fdd73323a22b926d01cbe9709e3d3e646d5bcb42
reproduction/second_season/h0dn_singular_covariance/results/equation_inventory.tsv	68265	6be897d67d81cddeb6b8d637fc1950bfedc7f98bf9268dc2066649e57be1325f
reproduction/second_season/h0dn_singular_covariance/results/exploratory_variance_component_profile.tsv	65602	0b2801ca6513c24806f917cd33b83a37ec8277a607d6ab87f2fed9c674e5bdda
reproduction/second_season/h0dn_singular_covariance/results/exploratory_variance_component_summary.json	12896	f8b2e8657247d0fd86f1f3227dfb3a11df22cda74c2a8c9d8964eb3c35cdbc10
reproduction/second_season/h0dn_singular_covariance/results/final_verification_summary.json	2497	a704b8543a93279d214564df9efaeb41fa3ae61e831464856b083aad449e3534
reproduction/second_season/h0dn_singular_covariance/results/full_clean_reproduction.log	25165	5a8e6afad58dbe41c3a6572f28f8a5410d820f4241d3b5e0e6f005251186ac5f
reproduction/second_season/h0dn_singular_covariance/results/hubble_flow_covariance_audit.json	8238	a8d6d668764e9c6f27d16a770fcb8c94070a85ce5037555aa70c51f973c64561
reproduction/second_season/h0dn_singular_covariance/results/hubble_flow_solver_sensitivity.tsv	12090	540f01cb25f6413962d7079c7cb9430a9eaef5e5b6b63b00b173f2d648dc9705
reproduction/second_season/h0dn_singular_covariance/results/leave_one_block_out.tsv	19485	19ac129703a609501b8e2a8091628c2edf5fe69f4f73f6ea626ce36adbc9b143
reproduction/second_season/h0dn_singular_covariance/results/matrix_diagnostics.json	4206	2fdf463004a8b1435a398a492029453fd51d2ebc732fc9cf50e03265c57f7a88
reproduction/second_season/h0dn_singular_covariance/results/parameter_inventory.tsv	2837	fd1eb59040a97e7f8a3871eb6c6a5c7a44c8dde50d80ef1eb5bff9d5e1d50c7f
reproduction/second_season/h0dn_singular_covariance/results/posthoc_cepheid_interaction_by_anchor.tsv	368	aeced6f8ee962e8e8678713237ff4f6d33c9d6b1e70ab4a39b315a5413ab3c59
reproduction/second_season/h0dn_singular_covariance/results/posthoc_cepheid_interaction_by_host.tsv	3752	262901338ed6feef0071ef385679b9ad1e9dd3a3980ce8b9357a9189a0d1a609
reproduction/second_season/h0dn_singular_covariance/results/posthoc_cepheid_interaction_cells.tsv	12695	2cca9711015cdd055d5a244d79f029fbc396cbce2ed1e3328068d19759e02a9b
reproduction/second_season/h0dn_singular_covariance/results/posthoc_fractional_regularization_path.tsv	2494	f2e6490be325db257f0fa1e0b5d173244b90c9c71c8bb06f5ff8e206a2d8698c
reproduction/second_season/h0dn_singular_covariance/results/posthoc_idl_python_solver_record.tsv	620	b97b72493313ba12fe9fd4bad84b0d07551447ee8f633b73102886f3c4ee09ee
reproduction/second_season/h0dn_singular_covariance/results/posthoc_nullspace_projection_by_equation.tsv	32350	2439fdd00baf1fa7f23d955eed43134c9a3dfae2d2510c2d7ee042f41e36c792
reproduction/second_season/h0dn_singular_covariance/results/posthoc_row_scaling_diagnostic.json	7175	5a4d7f841a43af62bf9064930013152403bce2c99f17ef5524c000bf06388653
reproduction/second_season/h0dn_singular_covariance/results/posthoc_scaling_power_map.tsv	3148	c2cd1b63ab6ff56d99032a364bc43db40ef5429be58715cd779110fb924a1a13
reproduction/second_season/h0dn_singular_covariance/results/report_generation.json	289	734efe4d1dfe2bcd5de81a1888d04779730877ef9327fd4c410031671f3061cf
reproduction/second_season/h0dn_singular_covariance/results/representation_invariance.tsv	17390	58bc2778a1362a69a1fd30680471d39fb21bc63e15a2a1417741014579d5f1c3
reproduction/second_season/h0dn_singular_covariance/results/run_environment.json	1338	2b20a4d169781be4e69dcf642c7b87868d4ec8ab9d8ae1ec4b37ce945967b5e4
reproduction/second_season/h0dn_singular_covariance/results/solver_cutoff_sensitivity.tsv	5522	647bdf2e036dd708d6318db341176bb4d24c640e0703f9bda8cf330c5736694a
reproduction/second_season/h0dn_singular_covariance/results/upstream_stderr.log	0	e3b0c44298fc1c149afbf4c8996fb92427ae41e4649b934ca495991b7852b855
reproduction/second_season/h0dn_singular_covariance/results/upstream_stdout.log	288	0057c71cef85add537726891c487ec3ba02fcc8ccd393c3a1875a8b522ab2512
reproduction/second_season/h0dn_singular_covariance/scripts/acquire_upstream.py	996	d234b2770526f9b5e36985198fda9ee2eaeaa879efdf4fcad04f4546ad68b3f8
reproduction/second_season/h0dn_singular_covariance/scripts/auditlib.py	61615	1e1d385e1959f020a925dc3ec1ae71a466270c721ba3600fd83c0a49fc6586c8
reproduction/second_season/h0dn_singular_covariance/scripts/finalize_package.py	8444	fdce17711ff8f13bee38ce56822f84f7a8ead1ed892d38aa6cd78e518ba58f53
reproduction/second_season/h0dn_singular_covariance/scripts/run_audit.py	23465	e6db9fd691d37bad6cdca7c3b140f4bda3a6a61703b96b00cc7caaffbb6a35d8
reproduction/second_season/h0dn_singular_covariance/scripts/run_clean_reproduction.py	17509	e319ff68244d56ac9dd3460f286faf4dd2829b7620cd2bef268a62ac67a93f21
reproduction/second_season/h0dn_singular_covariance/scripts/run_exploratory_variance_component.py	29743	cc3111a74d98eeefa5ab085fad848ec87111b79e85bdb010cbcdd35823d18a56
reproduction/second_season/h0dn_singular_covariance/scripts/run_posthoc_diagnostics.py	33875	8ecfed2fe09d1b93e17bb2dc9b85a27108f21b9afae63f8acad00d0b9b65e159
reproduction/second_season/h0dn_singular_covariance/scripts/source_tools.py	6023	f096da0f1f8e32599ab5f686bf61412968b0b52a73c88550b0783a1817b053ea
reproduction/second_season/h0dn_singular_covariance/scripts/verify_results.py	33001	7aa201ecb10936397319f85c91519d63984fb70a97235d0257e17db0b4b1d8ee
reproduction/second_season/h0dn_singular_covariance/tests/test_auditlib.py	7515	8813949dbdd7328e77a32564ff1c91b9a8215c42cd336820ac98d4e486594aaa
reproduction/second_season/snia_same_cid/phase0/.gitignore	90	99dfe4cd5c796d00eea97868022ae71d2fb2a0a587285edb722f603ee24dece8
reproduction/second_season/snia_same_cid/phase0/AI_ASSISTANCE_DISCLOSURE.md	523	bcf8659b959c41590b0ca0d4c98f591253218fa868577d1a7e55f72e1ba20f3a
reproduction/second_season/snia_same_cid/phase0/CHANGELOG.md	815	97495df1a96f50b66eb2416caa357fab20e673f062fe9802c93b61d9f735999b
reproduction/second_season/snia_same_cid/phase0/CITATION.cff	534	760b88be5ed9b203cb674cdfcc08cf30bae1587106c1a5ee2a000406d8052a91
reproduction/second_season/snia_same_cid/phase0/DELIVERY_ID.md	825	f7fa80c4cf64b2cc15f06431e5c44a7a75ff97502705d29bbfdf8cda22fe11c2
reproduction/second_season/snia_same_cid/phase0/LICENSE	1073	f85b2c642450c5bf88b8860d0ba3efb39068a9413d8a3fc81b73010049af880a
reproduction/second_season/snia_same_cid/phase0/MANIFEST.tsv	4041	69227681953828f14abe3456069d7d520a09ae778c1b19a3a9c8c343b1f0d294
reproduction/second_season/snia_same_cid/phase0/PHASE0_CONTRACT.md	7317	bf49b620dd08a2c4a3f3dfdc33965914df83fdb460290e7a7bcf6b64e6597820
reproduction/second_season/snia_same_cid/phase0/PHASE0_REPORT.md	2197	1f4134bb86d29c961a407c153aecfbf7babb3eb002c5c2d8199108cdd27f63b4
reproduction/second_season/snia_same_cid/phase0/PHASE0_REPORT_JA.md	2507	130fcc5f590c2a0348af244ccc58c3aa6fff557d6fd1a0b5c476359768d12be0
reproduction/second_season/snia_same_cid/phase0/README.md	2529	984ee0ddab275c0f5e42a4f576ab9b4fccadfacc6b440d720a9e20f2420dc23c
reproduction/second_season/snia_same_cid/phase0/REPRODUCIBILITY.md	2692	725084742430f25558d34eb333f8b6b5205a96c0c2473788fb40b8ec4a2a2e2b
reproduction/second_season/snia_same_cid/phase0/SHA256SUMS.txt	3874	1b3618cd0900c7dd61ac8ca2cc97f5d574caaa314c0ab3124c340927ae923d44
reproduction/second_season/snia_same_cid/phase0/THIRD_PARTY_NOTICES.md	664	9dbb013f699166c0907d98c189cae2361a420c5d5d92c6c7f3e0f78941329eb2
reproduction/second_season/snia_same_cid/phase0/VERSION	7	9ca90d4ac8fbe86d8aca4aa37a80e0f984c01df281f25f62c779e784fd155a21
reproduction/second_season/snia_same_cid/phase0/provenance/CONTRACT_AMENDMENTS.tsv	357	91a030b347b8e5d35b0040c4c7fdd58b59f035b16db1be963e2c7cc3d3233a4d
reproduction/second_season/snia_same_cid/phase0/provenance/CONTRACT_FREEZE.json	570	5853968d4b0a2d1cfef9bb3872fa47750e0383159fa80fd9b0ade29460c622ec
reproduction/second_season/snia_same_cid/phase0/provenance/SOURCE_LOCK.tsv	9471	136602b45fef7629e920628cbd53a6135532ef8f174421d2db49ac21a79eb502
reproduction/second_season/snia_same_cid/phase0/requirements-lock.txt	82	917e8191dc1105648e51918abb3264514e3c32947870d654daef809ae1832750
reproduction/second_season/snia_same_cid/phase0/results/EXECUTION_STATUS.json	2327	0897b31f6bc581c62bfcac0ebb1a1a9751b00aa22ac3deb858944f23d6d08733
reproduction/second_season/snia_same_cid/phase0/results/clean_reproduction_summary.json	3900	734cfd358e5a94086c86f1b8300e831846fef53f2f3cca36a47e7991137d191c
reproduction/second_season/snia_same_cid/phase0/results/compression_identity_grid.tsv	1565	d74a0b8efdb486137eeae675ff7ab9d8ea5b98f961d7f8e44de1d09458c79e53
reproduction/second_season/snia_same_cid/phase0/results/final_verification_summary.json	2379	feae3f10f629096273aa697f89b71c578e3ff94e768bd8448800c5ed30ad00cc
reproduction/second_season/snia_same_cid/phase0/results/full_clean_reproduction.log	6657	ee3011638d09a1ef8d38ce17fd77462fe518d8a871d9e62fdc196131fa1bbd4b
reproduction/second_season/snia_same_cid/phase0/results/input_inventory.json	1024	ced8c15f6dbe61da4c8054f9e80d309e76600055ec761f49cad1199a54e58688
reproduction/second_season/snia_same_cid/phase0/results/intercept_reconstruction.json	1795	de1a21a14c184c39e18cb5e236b7b5e940cab21490222fbc588a247650a94317
reproduction/second_season/snia_same_cid/phase0/results/network_embedding_equivalence.json	3514	05a8f35bc5c7e10bafc37a8d09c53921466d770fc7fd08844b618ab94d7ca020
reproduction/second_season/snia_same_cid/phase0/results/permutation_invariance.tsv	4085	ea5c6871cce81eb7d0fb2ec6806119a5d137d57cb47d407c4d18ad7cc0427015
reproduction/second_season/snia_same_cid/phase0/results/phase0_summary.json	1406	f0b612fe039b322259f0aadee972345eb67c36ce08ad7a9135cb73835769b4ca
reproduction/second_season/snia_same_cid/phase0/results/report_generation.json	400	33805803df337c1eec8caaa53a805a8e54d5ba54984de3eea793788d360fc828
reproduction/second_season/snia_same_cid/phase0/results/run_environment.json	495	3d338d45352df36038d41efda17125ac63e2903a7564cc17558ade23a3f30a41
reproduction/second_season/snia_same_cid/phase0/results/source_verification.json	164	48f9315ac14866ffc6edea40a4071e2bef627c49eb3ab658892c38bc84d44b25
reproduction/second_season/snia_same_cid/phase0/results/upstream_baseline_reproduction.json	2966	04a26c1b554dfa790438d540d23f3f101931b7c7274732346db0f9e04815cb3a
reproduction/second_season/snia_same_cid/phase0/results/upstream_stderr.log	0	e3b0c44298fc1c149afbf4c8996fb92427ae41e4649b934ca495991b7852b855
reproduction/second_season/snia_same_cid/phase0/results/upstream_stdout.log	288	0057c71cef85add537726891c487ec3ba02fcc8ccd393c3a1875a8b522ab2512
reproduction/second_season/snia_same_cid/phase0/scripts/acquire_upstream.py	996	d234b2770526f9b5e36985198fda9ee2eaeaa879efdf4fcad04f4546ad68b3f8
reproduction/second_season/snia_same_cid/phase0/scripts/finalize_package.py	1316	6b68ea0f9a2bc625b2dd1907ae4f5a4960e6ed63964b1ad9e370d7f3611fed23
reproduction/second_season/snia_same_cid/phase0/scripts/package_tools.py	5033	88232c0109f623581397938d61e1ac92495c4489eab36f759dae86114e3d724a
reproduction/second_season/snia_same_cid/phase0/scripts/phase0lib.py	42434	56a0e7fa79a4b3f489eaf73d8b34941c8542fb4c7b5e6bedec97c3911a3fe25b
reproduction/second_season/snia_same_cid/phase0/scripts/run_clean_reproduction.py	8960	9b019c1abb7b40db615b1504cf6c1be25366c8dd941c2b4e279308767fd4f811
reproduction/second_season/snia_same_cid/phase0/scripts/run_phase0.py	18499	f0a61353bf7918be7ddb7eabedd174ed3dc35b86248322daf71121c1f2558f68
reproduction/second_season/snia_same_cid/phase0/scripts/source_tools.py	6023	f096da0f1f8e32599ab5f686bf61412968b0b52a73c88550b0783a1817b053ea
reproduction/second_season/snia_same_cid/phase0/scripts/verify_results.py	23991	780033a6a3ec1559f949cae459434f972866dff58ef20d4a5b5e91e364e48eba
reproduction/second_season/snia_same_cid/phase0/tests/test_phase0lib.py	6783	faca8ce6f76719edb377d1dc70fbe180ef63735a376a7865f4b6573b9565f0ec
reproduction/second_season/snia_same_cid/phase1a/.gitignore	77	c03fece7e1c4a9b4108bdba3af4cf52bca83cc5d86caed6b6f03449e9a6f9325
reproduction/second_season/snia_same_cid/phase1a/AI_ASSISTANCE_DISCLOSURE.md	815	06c6d2df7e857abc1ce77fa80afadc048a8e9794b7fc9ea8098e49c46da47994
reproduction/second_season/snia_same_cid/phase1a/AUDIT_CONTRACT.md	9061	890272af80f3a1a92543bb7a793438ae383bb84b2e329f8c51a997f45aa98e54
reproduction/second_season/snia_same_cid/phase1a/CHANGELOG.md	1235	ba53233f8217ddd4ee1302d0e9e29ed7c2519b5193cc33fa86fcada034b3280f
reproduction/second_season/snia_same_cid/phase1a/CITATION.cff	548	f9e62b57a3cdf76b204e88bb9223701115f8de15151e1a1646ef04243ede2e12
reproduction/second_season/snia_same_cid/phase1a/DELIVERY_ID.md	526	6b79af4a1ce033ff89cf0ab75ad1690e23d2da17c42b08a8556769b038564e4d
reproduction/second_season/snia_same_cid/phase1a/LICENSE	1072	84954891c039ce0b1a500ae5cf46dc8795ddf6ea78ac312b4aff0566910b87ca
reproduction/second_season/snia_same_cid/phase1a/MANIFEST.tsv	4995	f3f8d1fdbf7e412b07c200b28fb8d6876ebc06d8fe2d4c28f65de3ca63bd32d0
reproduction/second_season/snia_same_cid/phase1a/PACKAGE_VALIDATION.md	1950	f63a57cc716b1cd540c2bdd571164002de380581c86a017bf39920ba9019d841
reproduction/second_season/snia_same_cid/phase1a/README.md	4270	c8104cc194561c4c0ddb5c8294c4afb3fa8c589564e580551d964bb4fb60721f
reproduction/second_season/snia_same_cid/phase1a/REPORT.md	4850	1f7b127af92b683c323a9628f622ff4b54ce4ca64ab1e829ac3adea89acc999d
reproduction/second_season/snia_same_cid/phase1a/REPORT_JA.md	6693	ff0b5458a5c9917ea16ab7819e006e29b8bc4a69a653c8490decab565ec7e87a
reproduction/second_season/snia_same_cid/phase1a/REPRODUCIBILITY.md	4275	cc72450d25df9cfa0c2bd5ccc96c3c5006b190d173b08d5d64a2cece9f238ebf
reproduction/second_season/snia_same_cid/phase1a/SHA256SUMS.txt	4795	c763190be3fb3438dbc609bb464889fb0f15b8264f83aa92bd66197f020c8b5e
reproduction/second_season/snia_same_cid/phase1a/THIRD_PARTY_NOTICES.md	448	98ba3e0f01a551cb9645397e9e497c5877f212a268a6cb512b4bee83799d6bc1
reproduction/second_season/snia_same_cid/phase1a/VERSION	6	e9dd8507f4bf0c6f42458e41aea833ad0bd3f6127272335eee9bf4d58541ed67
reproduction/second_season/snia_same_cid/phase1a/provenance/CONTRACT_AMENDMENTS.tsv	304	1e4b7e82a264b373d2d83aeafb063b1b40c7d0e8a728792e3f9ce1c6114c23aa
reproduction/second_season/snia_same_cid/phase1a/provenance/CONTRACT_FREEZE.json	983	a66fb62ef0be291be754f6c8cbc73a98f20c6002304fba1938e0b75f6efec7df
reproduction/second_season/snia_same_cid/phase1a/provenance/DECISION_CONFIG.json	1812	301c275adfafe935a7e953ade77c180c077eb9ce9087866ada66c3dc0442986a
reproduction/second_season/snia_same_cid/phase1a/provenance/SOURCE_LOCK.tsv	9471	136602b45fef7629e920628cbd53a6135532ef8f174421d2db49ac21a79eb502
reproduction/second_season/snia_same_cid/phase1a/requirements-lock.txt	27	1668a3152e33680d94637b13421c15e68bd97cd8701f7f555c691f5bc5c0b9f3
reproduction/second_season/snia_same_cid/phase1a/results/EXECUTION_STATUS.json	215	98aa7691b101737d6443e481c73156c24088aca8291be0fc5a1f34540dd8dbd1
reproduction/second_season/snia_same_cid/phase1a/results/README.md	1288	34f1875e83f9e3cd2a58704b3e109b3aa3a0ae1a1c5f47e248803a512bd0a5c9
reproduction/second_season/snia_same_cid/phase1a/results/audit_summary.json	1365	503f35177edbbb5666f5b1c748305928c4b5f194c0676d58ed73e93ac5943330
reproduction/second_season/snia_same_cid/phase1a/results/baseline_reproduction.json	852	0004983c7785782455a0e1f2e24e1341ccbba1f63ebc8980b6dcf6db354dbf2a
reproduction/second_season/snia_same_cid/phase1a/results/baseline_reproduction.tsv	316	2bdd7197be897f7b83a6d1bbb22f6d10e54ea98d224f48760d66b0d49c78ba43
reproduction/second_season/snia_same_cid/phase1a/results/clean_reproduction.log	14531	9a7174251a7a0f59e9c9f5eb2c91269f06a8c1d175f007569f9da438a61a9482
reproduction/second_season/snia_same_cid/phase1a/results/clean_reproduction_summary.json	929	b275f366bc3cc5fa2b12ab0bfc3c8909aa4de8b535dc3a1c26150c0bbe53422f
reproduction/second_season/snia_same_cid/phase1a/results/contract_verification.json	1638	ea26630ce3dcfac7672a052fd1f4128d679d0b761f714dffab0e88da3edd0a23
reproduction/second_season/snia_same_cid/phase1a/results/final_verification_summary.json	6020	f6948d44b7877394337eff678e47fa4e7f7c52b92b5ff99695550539b99ce039
reproduction/second_season/snia_same_cid/phase1a/results/input_inventory.json	2041	ee80e8089ebc370ecb0452ac816bab5e7fb0ddb7692780ffcc021c66ba85457f
reproduction/second_season/snia_same_cid/phase1a/results/monte_carlo_null_check.json	1351	dff2596cf71601283b9a910db5663e5f3655a135e4d1b7e2cdc1a5754486ec7f
reproduction/second_season/snia_same_cid/phase1a/results/monte_carlo_null_check.tsv	576	21baf397570366cd1e2bb6434cf3782d94c603d7a72dce478fc8efd68a325f28
reproduction/second_season/snia_same_cid/phase1a/results/numerical_crosschecks.json	851	f90baff257b92f2fc35f6f0cb4677605e97fbc7a78f9bea2d37fd825b6e72564
reproduction/second_season/snia_same_cid/phase1a/results/numerical_crosschecks.tsv	358	85241aae5c382ad9238edc481c40fcae286f1489b9929555a50dd799518ca180
reproduction/second_season/snia_same_cid/phase1a/results/partition_summary.tsv	321	a5b32b6f55770a867759ccf8ff8b31ae5eae910a9edcebae3350782ba8037b21
reproduction/second_season/snia_same_cid/phase1a/results/permutation_invariance.tsv	4713	899c68b52dc2bf556a2eaf97cc09582a58c4781fc44103f51cc249ed8809eea3
reproduction/second_season/snia_same_cid/phase1a/results/permutation_invariance_summary.json	276	79a0250e440c355532fb04d8ab46666ced2fa71c3b5d286fa835ecc0140cae6b
reproduction/second_season/snia_same_cid/phase1a/results/primary_partition.json	1245	39ab5fce609fc8a0a5ec0d7f168ad4c9e43587de54be1d8fb83d3615e8d66ce4
reproduction/second_season/snia_same_cid/phase1a/results/reference_partition.json	406	8b6e151719e146a4d678d7ca005d89ef4e8bc6e816fb3345abb9b96702cbd801
reproduction/second_season/snia_same_cid/phase1a/results/run_environment.json	227	e3279c315caf3bd65c728bb0b8ca370e5a6d17ebba7ca4d7b78c13b7ea670e9e
reproduction/second_season/snia_same_cid/phase1a/results/run_stderr.log	0	e3b0c44298fc1c149afbf4c8996fb92427ae41e4649b934ca495991b7852b855
reproduction/second_season/snia_same_cid/phase1a/results/run_stdout.log	80	51020af5804e0f6a76c731939113a883acfc5b454257838d15de4a13d0081a1d
reproduction/second_season/snia_same_cid/phase1a/results/source_verification.json	193	ea2f00a697c7fe0d38c1c99cdee4096b02db74880f46588bec54f000c4dd1657
reproduction/second_season/snia_same_cid/phase1a/results/statistical_interpretation.json	1085	f9db440cff47d22f5c7d9db2b5e4f047785debe4546793a4f4dcdb3979472c6f
reproduction/second_season/snia_same_cid/phase1a/results/unit_tests.log	1674	cd7685159af3a3dcb48cb84bfef948a8fd91abb4f7fefcca38cd61eb51da9388
reproduction/second_season/snia_same_cid/phase1a/scripts/auditlib.py	35630	6e788e3edb225ffdda32936e36ed4b34542701b4b0a52647759c1c5ca5ec1ab1
reproduction/second_season/snia_same_cid/phase1a/scripts/finalize_package.py	1326	b2808c28f055107a22a8e4701c68942c854dc3a48a75b68f95b13a389ed07635
reproduction/second_season/snia_same_cid/phase1a/scripts/package_tools.py	4904	fcf727c46cffc367966f01eb9a86345858bb063bf58f61cc88245951471caa93
reproduction/second_season/snia_same_cid/phase1a/scripts/run_audit.py	11211	52b7a6b625061be9f4c7e8f4aecf88a882dcfcc0dc652a18180425d434ebbcf3
reproduction/second_season/snia_same_cid/phase1a/scripts/run_clean_reproduction.py	6474	bfc546114fc5d396273d1351080aac98b5587fc9f7eb9456fa8867e869ca9b1a
reproduction/second_season/snia_same_cid/phase1a/scripts/source_tools.py	4977	768c86f6c9a5b89789026c429b2629b274b76f56812f5ccea0b6a76326dd8105
reproduction/second_season/snia_same_cid/phase1a/scripts/verify_results.py	22229	7568127ecfb4bafaf83f46b6a879510ee64430597b65a01543420020d82f0bb4
reproduction/second_season/snia_same_cid/phase1a/tests/test_auditlib.py	9753	c2c34ce7cef94682b1a97b32988d9104cbfcbb767cd16f200e31b21a0dcd7bcc
reproduction/second_season/snia_same_cid/phase1b/.gitignore	58	ab7bc3cef87e768654f7d749fcec3d7da184593a78539da458c286d4c63e2a4e
reproduction/second_season/snia_same_cid/phase1b/AI_ASSISTANCE_DISCLOSURE.md	1426	149d6d062d9a4eea9cfabe877005851dda17776c338b5b19c084485e27a8ad1f
reproduction/second_season/snia_same_cid/phase1b/AUDIT_CONTRACT.md	8487	236b796b37ba1d95e7327d9042e945391053acaf6486b68aa6b579cb680851fa
reproduction/second_season/snia_same_cid/phase1b/CHANGELOG.md	1424	487beb03c496708c5f6cdb99a312f013643e20d564b0e12b0602c67618b71916
reproduction/second_season/snia_same_cid/phase1b/CITATION.cff	575	222d2e06d37279fe00e34c597c8913fcbda8441b11dd5ce6904c82459359e5f7
reproduction/second_season/snia_same_cid/phase1b/DELIVERY_ID.md	965	49e6d23f68b76490adfa461f10de63cbf845e1982029cbd89b35a0831c82d501
reproduction/second_season/snia_same_cid/phase1b/LICENSE	1072	84954891c039ce0b1a500ae5cf46dc8795ddf6ea78ac312b4aff0566910b87ca
reproduction/second_season/snia_same_cid/phase1b/MANIFEST.tsv	5072	c10bbffac4ee8220c9ec931704153e2f554ef031d49529c8135662d7b8d2697c
reproduction/second_season/snia_same_cid/phase1b/PACKAGE_VALIDATION.md	3059	d3540a71a4b4e973c77c987a945e102a76f61de5fbd2bf93511a370db524b3e9
reproduction/second_season/snia_same_cid/phase1b/README.md	6348	079a4c8bac80a78c10a607ec2968d32d3b6bdf610ed7e3a1211af3ff839e92f3
reproduction/second_season/snia_same_cid/phase1b/REPORT.md	7531	5d16e746862d0d5943b3f8c3c85f93a44f2c11f8715a8aadc60e606b46937d9b
reproduction/second_season/snia_same_cid/phase1b/REPORT_JA.md	7489	b3b4a18de0dd40cc8b4b9dbdae30f4b47b3d2bdbbc3868f857599b193705108b
reproduction/second_season/snia_same_cid/phase1b/REPRODUCIBILITY.md	5463	00b9cce618155712c99e6a73ac17f78521a974889bb345c34d792aff591d3921
reproduction/second_season/snia_same_cid/phase1b/SHA256SUMS.txt	4855	6699a7a62c8151925b42faf25c56550e271033bd7dcc068e968846085fbf3409
reproduction/second_season/snia_same_cid/phase1b/THIRD_PARTY_NOTICES.md	706	d14f4d11c9d43340cde9accc2f721e784671c261e173b6f88585edbe2165ea26
reproduction/second_season/snia_same_cid/phase1b/VERSION	6	e9dd8507f4bf0c6f42458e41aea833ad0bd3f6127272335eee9bf4d58541ed67
reproduction/second_season/snia_same_cid/phase1b/provenance/ACTIVE_MATCHING_CONFIG.json	1482	9e6ac1cf5bc4a6ec7871c2027db5deffcc0973fdf7529f4a6e01bee7750379f6
reproduction/second_season/snia_same_cid/phase1b/provenance/CONTRACT_AMENDMENTS.tsv	2359	2d378e9311075ba581a7203918786b12b9d7eff3793dd099cc32c032e8b71fe9
reproduction/second_season/snia_same_cid/phase1b/provenance/CONTRACT_FREEZE.json	1171	14608b5c9068940f16f5d43b4f7a3fcfa718b3d4c54a0c3c712487572dcc6792
reproduction/second_season/snia_same_cid/phase1b/provenance/DECISION_CONFIG.json	2330	19d3adff731d19c2e8aad83b1cc837fd1b870d0d3e2587935ea32d36e7e1e5cd
reproduction/second_season/snia_same_cid/phase1b/provenance/DECISION_CONFIG_AMENDMENTS.json	651	a5d384ff9c3d1f146ea80ca928d9464cd46918ede546d715b94dd2132af8f7a5
reproduction/second_season/snia_same_cid/phase1b/provenance/MATCHING_RULE_AMENDMENT.json	1514	4110584ab468f630126d137c8ee6e5814daf79de75d97e319d1b22d709620451
reproduction/second_season/snia_same_cid/phase1b/provenance/SOURCE_LOCK.tsv	2210	6916a3b188b3017a04ca63226327156916e1272849b4c25e80c669031b8f79ac
reproduction/second_season/snia_same_cid/phase1b/provenance/SOURCE_LOCK_CORRECTIONS.tsv	333	15ab87f11ea82a30749e3d9d4365bab24e53cd57cb2eb3544bec12c161dc0026
reproduction/second_season/snia_same_cid/phase1b/requirements-lock.txt	13	7bd6b8946940b79948c548c8048e545684b91c8edc9444d8dfc0c8f76a97c0a7
reproduction/second_season/snia_same_cid/phase1b/results/EXECUTION_STATUS.json	355	eb98792b889e85ce3106237634afd8974698e2956bce49e38c757295f778ad77
reproduction/second_season/snia_same_cid/phase1b/results/README.md	2140	bff3f1df6d542334c88b738681b091a1a52106e0342db313462b054caea213be
reproduction/second_season/snia_same_cid/phase1b/results/audit_summary.json	5655	13dea7265612610c32498b52f8ff916acd5f21a648feb9c6acb3830208ce9de6
reproduction/second_season/snia_same_cid/phase1b/results/candidate_evidence.tsv	34150	421356108ba2ca8b1bd550358693d20bd7ddd9222e5d1994a2e01e8b30a22622
reproduction/second_season/snia_same_cid/phase1b/results/clean_reproduction.log	8087	015cca818f21afb89b86ffae509149a9a2e4c3f8c9f5464055d97182a0f8aa6c
reproduction/second_season/snia_same_cid/phase1b/results/clean_reproduction_summary.json	4275	460d64c2d3523a8fcba71916dee9ea5d23a698e29a002177e2b9b4dfab562d17
reproduction/second_season/snia_same_cid/phase1b/results/contract_verification.json	1762	f0c1b13124cf17550bcd2b90978bc01540ce9a66e2d882506f51e36f5309ad95
reproduction/second_season/snia_same_cid/phase1b/results/covariance_diagonal_required_rows.tsv	1381	bf5ce9bb20d3c23c3130b7b52e58b64cee82e62608ee3e549538021afe07a3a8
reproduction/second_season/snia_same_cid/phase1b/results/covariance_lineage.json	772	f632f8f6927684af5698bba2cabe245e6fc18df9d9fe12955b65b9a4d6bad600
reproduction/second_season/snia_same_cid/phase1b/results/error_field_discrepancy_rows.tsv	40429	9bc036bce09a8a8bc7b36e8ea32688180902b1f3459323f21557372f85cd880f
reproduction/second_season/snia_same_cid/phase1b/results/error_field_discrepancy_summary.json	958	56e61123c840e55d0cc4e38abf7fa4fb54e3cd39f8b13a025ebe1d94f479543e
reproduction/second_season/snia_same_cid/phase1b/results/final_verification_summary.json	2463	f8d34ec5fe5b9dd6fbd669445f8fd1fe2d63394d03ba0fb576c44e1700a19f34
reproduction/second_season/snia_same_cid/phase1b/results/input_inventory.json	852	6493a2fffc4104d5bc5b0568bea4d7cd25913cf9c02b2b5708e81c097aacf75e
reproduction/second_season/snia_same_cid/phase1b/results/multirow_group_summary.tsv	2085	dddbb0baf2197e266a824a62635953c4a3628b080b9701ee5d26dca83e2c7664
reproduction/second_season/snia_same_cid/phase1b/results/multirow_row_evidence.tsv	22967	0c4c88c7322461b90f7f7907650b4a478dcc780f4007cfe332a97b9a79c1f4ec
reproduction/second_season/snia_same_cid/phase1b/results/row_mapping.tsv	90835	024ffcc86b7b002d7d1a2213ac4d54d1c754d60a486d837cb554a77e7702a82e
reproduction/second_season/snia_same_cid/phase1b/results/row_mapping_dependency.tsv	79895	8d3cd7554ead02ac82c8ab15a1d45132b576d744e481846686b68c42926b1d29
reproduction/second_season/snia_same_cid/phase1b/results/row_mapping_dependency_summary.json	579	42af2de74ba6a40d681810e367539994f96c6d795f7c9fd496f16eb880041b6e
reproduction/second_season/snia_same_cid/phase1b/results/run_environment.json	165	6379b28748672ca0b626302810976a8f4e6c1ffaa4de3554495567a6be6ed1bf
reproduction/second_season/snia_same_cid/phase1b/results/source_verification.json	5420	3d3d141f74d01b34ab9ab3a291dfa9bab051234ad5813fa2865535faf1d90d11
reproduction/second_season/snia_same_cid/phase1b/results/unit_tests.log	2367	b8c8247cd1fc1a5ca31ccb0ac40cd79d69e445f28309285c706a7e6c16b2d431
reproduction/second_season/snia_same_cid/phase1b/scripts/auditlib.py	45578	5e59233f68432c88659efce8434eb158ebf0601bd137da4b8980548d9aa5a7f6
reproduction/second_season/snia_same_cid/phase1b/scripts/finalize_package.py	1336	0d7611e05f27969e324b244c41f04362f06ab1c1671f0e0f1002063cf2246092
reproduction/second_season/snia_same_cid/phase1b/scripts/package_tools.py	4543	5ce526d7cb33d1b1787498534d58a1be89c630f37a54d89054564d37a3d27dca
reproduction/second_season/snia_same_cid/phase1b/scripts/run_audit.py	17836	f9d9dbf4daa9de58ef441e4bc21747826aca0fb1fa5180ea7997d8fdab19741a
reproduction/second_season/snia_same_cid/phase1b/scripts/run_clean_reproduction.py	5162	65e5eb5c1e29cc0c457324f0e7362361a99575a178548d804b1fe0601acb61cf
reproduction/second_season/snia_same_cid/phase1b/scripts/source_tools.py	3587	74eb944d458806bd869b7f57421bc67b664d360e1fe2feb7031055181b6fe856
reproduction/second_season/snia_same_cid/phase1b/scripts/verify_results.py	31281	b9be6bdea968841726d60412bb2bf1b697ae3bd154152fd466f0861d634a16d6
reproduction/second_season/snia_same_cid/phase1b/tests/test_auditlib.py	13132	a9f8abfde1fbe8a26bed635a32b7b38c0a6e9651e797f47397ed94d7efddbea0
reproduction/second_season/snia_same_cid/phase1c/.gitignore	58	ab7bc3cef87e768654f7d749fcec3d7da184593a78539da458c286d4c63e2a4e
reproduction/second_season/snia_same_cid/phase1c/AI_ASSISTANCE_DISCLOSURE.md	1232	129311f2296866a048e2538228bd521f3dec230c8367850e9a82c855d6b53eb1
reproduction/second_season/snia_same_cid/phase1c/AUDIT_CONTRACT.md	11849	fc4813f378180d6db179145092f6e6cefcbe11a328685c40e72c9bb94660e20e
reproduction/second_season/snia_same_cid/phase1c/CHANGELOG.md	1392	9a7fc7ab663a1836bfc74e90f72f25d9bc5cb8c291a26a9bd46d31f996502d15
reproduction/second_season/snia_same_cid/phase1c/CITATION.cff	574	57dc087e25075fdc084a8d90f56c793608c61b95b5729dfdecb0809849fd59b7
reproduction/second_season/snia_same_cid/phase1c/DELIVERY_ID.md	514	2738fc9bc6eaade88cc24b341e5d9a832e3eef6f970e32616b4ea557c34fad54
reproduction/second_season/snia_same_cid/phase1c/LICENSE	1072	84954891c039ce0b1a500ae5cf46dc8795ddf6ea78ac312b4aff0566910b87ca
reproduction/second_season/snia_same_cid/phase1c/MANIFEST.tsv	7205	1031849088f77a696c714ec7c5179c581fac2542ddbec731b3f6a53938c9cd1f
reproduction/second_season/snia_same_cid/phase1c/PACKAGE_VALIDATION.md	3315	19f6039e76538e73c6c36c4465986d5be6b6ef57502b8f1a863e8806be51ea46
reproduction/second_season/snia_same_cid/phase1c/POSTHOC_PRECISION_AND_ASYMMETRY_DIAGNOSTIC_CONTRACT.md	7268	050272af008385d0f4d5e247d1a81a432411115f972bc6a52562a580d8f3d5b4
reproduction/second_season/snia_same_cid/phase1c/POSTHOC_PRECISION_AND_ASYMMETRY_DIAGNOSTIC_CONTRACT.sha256	121	2fe5a8f935e3b79876ce1e64490a7a90faca588b450c8115274c829cd61859d7
reproduction/second_season/snia_same_cid/phase1c/README.md	6977	55c3ceff8fa0fd256fe9af706fb7c93bca92609df4e777127f60ab42abb4ac1b
reproduction/second_season/snia_same_cid/phase1c/REPORT.md	7340	8705212b4e2f7f269e406ca19ec95cf23dcbbf569ea852d6026d836bb0f1f8cf
reproduction/second_season/snia_same_cid/phase1c/REPORT_JA.md	7528	8a7656d8cee7e05f78bbbb26b86bf02eb4249c7c9a3ef4aa3826e1f0290b5f54
reproduction/second_season/snia_same_cid/phase1c/REPRODUCIBILITY.md	6827	2d5fb6abdf6a5c8d5da2f279110aad0c0b531e39cfaf8bcaae2925a450979de3
reproduction/second_season/snia_same_cid/phase1c/SHA256SUMS.txt	6914	9c26e4d6b56f5dde0e1d36270186589668988a66f5f2080a8207ceac12bbff3d
reproduction/second_season/snia_same_cid/phase1c/THIRD_PARTY_NOTICES.md	729	ee213dcff85c556be2755fc9624e23427ae65cc87a4763a57735de366f0c085e
reproduction/second_season/snia_same_cid/phase1c/VERSION	6	e9dd8507f4bf0c6f42458e41aea833ad0bd3f6127272335eee9bf4d58541ed67
reproduction/second_season/snia_same_cid/phase1c/provenance/CONTRACT_AMENDMENTS.tsv	844	1993b1c1095a22ba7056ac22763e16574ccd9afa68cc548c77f5725a794cb0ae
reproduction/second_season/snia_same_cid/phase1c/provenance/CONTRACT_FREEZE.json	2248	d42ef07bac015432784cd89c81b2a271ea56408b7d6678b8df8df02a84b769ec
reproduction/second_season/snia_same_cid/phase1c/provenance/DECISION_CONFIG.json	1336	3a2a522dee100e81e46756efb8642c365806148c2528b30b77ca31a141a5146f
reproduction/second_season/snia_same_cid/phase1c/provenance/PHASE1B_ROW_MAP.tsv	10690	a3cd37e836d39f623dfedcea6c3c8a0ac0c0f80ae5647bd163610fdbd1bd9d69
reproduction/second_season/snia_same_cid/phase1c/provenance/PREEXECUTION_SCHEMA_HOLD.json	1072	a9f15f63b7c30b588cc42236000868c73d34ce1729d2f3c5d2f409d12dd4491f
reproduction/second_season/snia_same_cid/phase1c/provenance/RETIRED_CONTRACT_01.md	10756	ed1b5404f87805463aa6adbe98823154fd7893a7859c12239238820b8d31f754
reproduction/second_season/snia_same_cid/phase1c/provenance/RETIRED_CONTRACT_FREEZE_01.json	1535	0d6a767c116d8c7ae17fc4c89234ff4d76a1aa894cf1b0bd78300c9b64490964
reproduction/second_season/snia_same_cid/phase1c/provenance/RETIRED_DECISION_CONFIG_01.json	1337	e3614c9eaffb7730df9cbef17b67e86977393af0cf9c62be484b5473efd85e93
reproduction/second_season/snia_same_cid/phase1c/provenance/SOURCE_LOCK.tsv	3202	48c3897a0dc63635ab61afca59e08f4cc4c5c51793b8ced9f737219d2381e6c4
reproduction/second_season/snia_same_cid/phase1c/provenance/UPSTREAM_AUDIT_DEPENDENCIES.json	1151	57f3301bd8331b78fb6ea100f60fb871f317b4b05cc66da4557b394af7b2ead2
reproduction/second_season/snia_same_cid/phase1c/provenance/UPSTREAM_AUDIT_DEPENDENCIES_CONTRACT02_FROZEN.json	849	7e26de6f858b205443cf9d4fc81dd0465627fae1c3c55d0c59aa18838844a7b6
reproduction/second_season/snia_same_cid/phase1c/requirements-lock.txt	27	1668a3152e33680d94637b13421c15e68bd97cd8701f7f555c691f5bc5c0b9f3
reproduction/second_season/snia_same_cid/phase1c/results/EXECUTION_STATUS.json	209	bb768b4cc4aac572490c6219aebf722e7c67f3e742c1c62f8c3af0ea36b44f74
reproduction/second_season/snia_same_cid/phase1c/results/README.md	2507	1909f6c61b6e267612ecab4f92f635f51c68938691454a4f398fcd66a41310ed
reproduction/second_season/snia_same_cid/phase1c/results/alternative_basis_checks.json	1202	b27281336c531cbac1552900b749b208aeb7302eba2e4d3af5dc6aa4ddf5d24e
reproduction/second_season/snia_same_cid/phase1c/results/audit_summary.json	2848	6510e61ffeb3831040905c9c06053f7b0a2a76f34306b121a733585e38490dd2
reproduction/second_season/snia_same_cid/phase1c/results/clean_reproduction.log	221	3e26b122c26821841bd6e31329c3f9e0c588c822a70aff89c6122cd86d55d8f0
reproduction/second_season/snia_same_cid/phase1c/results/clean_reproduction_summary.json	2331	0f4fde0f14551d6a7be990e9ff11ce6adf114596fab3322a24bb3851145b5fc2
reproduction/second_season/snia_same_cid/phase1c/results/component_diagnostics.json	1568	b28813dd3c2ffef8ef9a81b136a103adebd9911fbc434daad991392349c78f80
reproduction/second_season/snia_same_cid/phase1c/results/contract_verification.json	4469	f73f09a9e25267a576e438699f3e1402e069fe95d99a09c7b198ebb87165fa7f
reproduction/second_season/snia_same_cid/phase1c/results/contrast_definition.tsv	4080	d44de757885d9f8ff5b77b5b6be9a64db7bc9ff450fd24eda3e50273df4a4fda
reproduction/second_season/snia_same_cid/phase1c/results/covariance_baselines.json	6173	27420af246ca411a1ec8306a48b212ffc83671be91de3d5ad15cd67fea85aae0
reproduction/second_season/snia_same_cid/phase1c/results/covariance_lineage.json	243	5347f03fee1f47eaf9342f46d059a7016037c20fff904023b489c1250ffc62a8
reproduction/second_season/snia_same_cid/phase1c/results/dependency_mapping_verification.json	532	e8d139c90fd93542322d6c2dd34d26524acc34e88dfa69c88205241caa220afb
reproduction/second_season/snia_same_cid/phase1c/results/final_verification_summary.json	3693	0ec26e0b3c02e11b2f3739b0fc0d087712bb1288ce22925a7995ec67535009c3
reproduction/second_season/snia_same_cid/phase1c/results/independent_verification.json	1851	5773d00be372cccae23fe07ffbdac32ff7e365de9b248d3e6ac6290ed757f711
reproduction/second_season/snia_same_cid/phase1c/results/input_inventory.json	1674	90828f3ac48426ef5db0358823c5095c3b68b8905f09df5da0d04bd22c8efd31
reproduction/second_season/snia_same_cid/phase1c/results/known_phase1a_reproduction.json	159	4c3e5f1f77794f69d7c86d2dbb84edea8e07f9bc32044f1611ea8e99f4d2efe9
reproduction/second_season/snia_same_cid/phase1c/results/mapped_submatrix_asymmetry_diagnostic.json	2431	db089fd8eb277ef3b06f7b264c662de835c24d7f367e2a17077d1b18e641cace
reproduction/second_season/snia_same_cid/phase1c/results/mapped_submatrix_asymmetry_sensitivity.tsv	174	202f8efbf0e18adf13a4cdb3340b44f9e3c62a7e913abc59018aa7e600f1b117
reproduction/second_season/snia_same_cid/phase1c/results/numerical_crosschecks.json	4307	01194ac5693f2cb50a66fc58c75a2b702146e48f1ed7ffd488310178a1112adf
reproduction/second_season/snia_same_cid/phase1c/results/orthogonal_invariance.tsv	12537	f08b5f5858bbe3168121ac856e6e6ada8c417a897de4b61496c3156db0110464
reproduction/second_season/snia_same_cid/phase1c/results/orthogonal_invariance_summary.json	128	384b9ec321d0690fe99255a81dd695724ff1ab694b8be7966f7e73428fcc40b8
reproduction/second_season/snia_same_cid/phase1c/results/printed_vs_high_precision_contrast_diagnostic.json	14017	4826b2bd4aca70757f1d853917817136c6bbfa9ac71b9dbab99d7977bfdae7d4
reproduction/second_season/snia_same_cid/phase1c/results/printed_vs_high_precision_contrast_diagnostic.tsv	838	d3c277dddfdd0756e8f0c0df8793da5f5924306d97f5e9fad31e5a2bb28c4b8c
reproduction/second_season/snia_same_cid/phase1c/results/quadratic_forms.tsv	1365	c89fc78efdb9023f8c532911f849c10a95125fcb1938f10f0eb5ec719951d0a0
reproduction/second_season/snia_same_cid/phase1c/results/run_environment.json	223	59548ccb21c1ec7ba0a75df130d150db500a3840b3750ee11563859243d4c8ae
reproduction/second_season/snia_same_cid/phase1c/results/source_verification.json	7630	cd258c163afb142ba5b2723d6602e9dc4f14dcb7765890e8bbcc95ad47db97d4
reproduction/second_season/snia_same_cid/phase1c/results/unit_tests.log	4081	66ceb3059698b7cd843d741e8d00acced599b01b0f5818f71185bd8ef76b6708
reproduction/second_season/snia_same_cid/phase1c/results/upstream_audit_dependency_verification.json	1049	4f1fe32bab51234a7f8ab55874d9c5a86dab67e5494e221e04d37221be7b9256
reproduction/second_season/snia_same_cid/phase1c/scripts/auditlib.py	52646	25aefbf501d9ab0654c00b048950d861bfb17e509fe9a7c28c96077390790cdb
reproduction/second_season/snia_same_cid/phase1c/scripts/build_dependency_lock.py	2130	86231bfd47dfa8ee977db12e9f3df393dcf761441b5d4907b6e656197848816d
reproduction/second_season/snia_same_cid/phase1c/scripts/finalize_package.py	4310	6287ed96beaadf7993884091bc695e8ecb373c236fecd48bcef6dcfe27eefd51
reproduction/second_season/snia_same_cid/phase1c/scripts/freeze_contract.py	1970	567f65a117d59ddf7d08fa3ebd07ab0fe59719932ed18073a35a0201efc4db00
reproduction/second_season/snia_same_cid/phase1c/scripts/independent_verify.py	10157	0172869eea07f741d7fd3f62403835cef6e36cc336c5ceae7418df566e2b8c8b
reproduction/second_season/snia_same_cid/phase1c/scripts/package_tools.py	4543	5ce526d7cb33d1b1787498534d58a1be89c630f37a54d89054564d37a3d27dca
reproduction/second_season/snia_same_cid/phase1c/scripts/record_verification.py	1445	713d5618d74b6f9c31af6964436e01a47de07e12612aac62b5457a9ad49d91ae
reproduction/second_season/snia_same_cid/phase1c/scripts/run_audit.py	15688	a836c5c9b07a6df37017323e3c72f9e64205058799e38cd63cc82265443d886e
reproduction/second_season/snia_same_cid/phase1c/scripts/run_clean_reproduction.py	5089	a4c78127fe7acdb562a30aa49992f8c1444b506d9b69f79d9ef6c73d7d9d92ea
reproduction/second_season/snia_same_cid/phase1c/scripts/run_posthoc_precision_asymmetry.py	19590	95bb4c21f45991d460b1f999ddbf5659f51edef3325e7562d495a5a90252cfb1
reproduction/second_season/snia_same_cid/phase1c/scripts/source_tools.py	3114	d3a18529e91a1408f6648deeee37ef2b0490852c0a4dcad1c392ac97d6014f8b
reproduction/second_season/snia_same_cid/phase1c/scripts/verify_delivery.py	3358	74573fad8eb37d579da218dace45e2cbf3ab0e6d4c8d7f876d4a5481afb36ffa
reproduction/second_season/snia_same_cid/phase1c/scripts/verify_results.py	20312	fb905fb922e55d0429220ec63d72d274b73b7f73571384080f861becef1a7c90
reproduction/second_season/snia_same_cid/phase1c/tests/test_auditlib.py	8916	c9c887156f1398677e95d307ee5cf787ce2c5096d162444f0021839f6e155483
reproduction/second_season/snia_same_cid/phase1c/tests/test_correction.py	11957	f597824d7dfe84170baf06ca068a48f21ee9eb81df6fa8f9c3b3a3f99c168b96
reproduction/second_season/snia_same_cid/phase1d/.gitignore	58	297a623981ca42bfeed85c7e1263c52682269c46b23e133398f0486a4c866135
reproduction/second_season/snia_same_cid/phase1d/AI_ASSISTANCE_DISCLOSURE.md	736	4cfc305d16e46fbe67b31c56a85d6fc295cfd95469db7c1e6d7edfa4414cb23f
reproduction/second_season/snia_same_cid/phase1d/AUDIT_CONTRACT.md	11721	87efd27ffcd0c45d3d48e37958523f3a4fc0d35e52c3e6678840bb3c7bd28189
reproduction/second_season/snia_same_cid/phase1d/CHANGELOG.md	1271	073c2fb6a2d0b9b15ede9b7a2142c7c4ab151ccf9ab4f085cb47213a084c79d5
reproduction/second_season/snia_same_cid/phase1d/CITATION.cff	574	977b5b37822407fe848c2b177bbd222267c15d21337e34e2cbf59b149e28e923
reproduction/second_season/snia_same_cid/phase1d/DELIVERY_ID.md	488	d8c731cfd5377abfb160657d6224d03d9f9d6085ac6a163c0834c02ce6de2314
reproduction/second_season/snia_same_cid/phase1d/LICENSE	1072	84954891c039ce0b1a500ae5cf46dc8795ddf6ea78ac312b4aff0566910b87ca
reproduction/second_season/snia_same_cid/phase1d/MANIFEST.tsv	6802	27c5089ecfcc7ade5b364c20f757cd16c7b7c505b84974b477bf338002b724ae
reproduction/second_season/snia_same_cid/phase1d/PACKAGE_VALIDATION.md	3509	a9f4356646eab76ddb70babbb13f1eaf39ce48cd13ed9b0600adf3787369ff9f
reproduction/second_season/snia_same_cid/phase1d/POSTHOC_CID_ONLY_CROSSWALK_DIAGNOSTIC_CONTRACT.md	3595	6b015a230dbf5cb8dcaf9bec516e81fdd5b4b79f1527588375f1d172b5fab603
reproduction/second_season/snia_same_cid/phase1d/POSTHOC_CID_ONLY_CROSSWALK_DIAGNOSTIC_CONTRACT.sha256	116	0efa8f58f34a9328d62ed919921324112ba77e7ea6f65ef5d6fd37eec8533f5e
reproduction/second_season/snia_same_cid/phase1d/README.md	5526	a93fba2c8faac22c2d047f997583352105ea387f2abc566339405741d7adee19
reproduction/second_season/snia_same_cid/phase1d/REPORT.md	9295	27214a80107a11161f459f086e613451d9286394f515a9795631bc5313963b1b
reproduction/second_season/snia_same_cid/phase1d/REPORT_JA.md	10386	790dabc4d5c58f13563a92fdde93f0fb4e959e6bf50f5d4a10a2cbac37b9bd56
reproduction/second_season/snia_same_cid/phase1d/REPRODUCIBILITY.md	4962	4bb1510b1552c39d46324dd7390570525a86645acac0a545ab93a18e5a215fee
reproduction/second_season/snia_same_cid/phase1d/SHA256SUMS.txt	6523	f10a619f052bfdc747bcc4813e714b08627ea833d47ec4ee1ad36e6313808ace
reproduction/second_season/snia_same_cid/phase1d/THIRD_PARTY_NOTICES.md	1055	5b966a838272291bddb65a4ad83451de842eb1f72ffe30e6d3c9ad060e930e5d
reproduction/second_season/snia_same_cid/phase1d/VERSION	6	e9dd8507f4bf0c6f42458e41aea833ad0bd3f6127272335eee9bf4d58541ed67
reproduction/second_season/snia_same_cid/phase1d/provenance/CONTRACT_AMENDMENTS.tsv	305	7f918684dd9a5b55351600129020ffacc74dc09e3fd7f6f6902a0a8aa1443c8c
reproduction/second_season/snia_same_cid/phase1d/provenance/CONTRACT_FREEZE.json	1817	9220e68d70c72324289a090634a541368aa7f28a84aaa70aae6a8e25c250f893
reproduction/second_season/snia_same_cid/phase1d/provenance/CONTRACT_FREEZE.sha256	87	afdc9727a76c2deb2b1731f482ae806e0aea16c57ddb8e041232bc22e3c1a202
reproduction/second_season/snia_same_cid/phase1d/provenance/CORRECTION_CONFIG.json	788	8749219f0954773343026f6cb310ab91bae0c5dc4abb37b0bce4e4b05058a145
reproduction/second_season/snia_same_cid/phase1d/provenance/DECISION_CONFIG.json	7115	7d75fb8ed22f8c76be1f1fb51f0f09b1ec2f91278649ca97ea7e144d9391d565
reproduction/second_season/snia_same_cid/phase1d/provenance/PHASE1B_ROW_MAP.tsv	10690	a3cd37e836d39f623dfedcea6c3c8a0ac0c0f80ae5647bd163610fdbd1bd9d69
reproduction/second_season/snia_same_cid/phase1d/provenance/PREEXECUTION_EXPOSURE.json	1425	8b7f9148cd569953af8363b968a4a1329a766c57a8564da842eb98869a5fdf44
reproduction/second_season/snia_same_cid/phase1d/provenance/REPOSITORY_LOCK.json	756	75b057c8c5ac38a27d1e9f24ee568735f20e69ff911fbf6ca3e887c3bf487337
reproduction/second_season/snia_same_cid/phase1d/provenance/SOURCE_LOCK.tsv	8360	8c061f736a487c63ff972ba52fb1b9579737744ac51c942424266aa4b79ab571
reproduction/second_season/snia_same_cid/phase1d/provenance/SURVEY_CROSSWALK_EVIDENCE.tsv	5683	71a6ad0bb232ef3fee10b5b1947850f15497489534e9811976e2df335674e456
reproduction/second_season/snia_same_cid/phase1d/provenance/UPSTREAM_AUDIT_DEPENDENCIES.json	548	acaf7e46888839d6db77b18fde3ebc9077a8663ddfa100370f0bb0baa66cc876
reproduction/second_season/snia_same_cid/phase1d/requirements-lock.txt	69	1fdfbca54846518d819ff4220885e015ab0e9a53d960015a461bbc6ec0430255
reproduction/second_season/snia_same_cid/phase1d/results/EXECUTION_STATUS.json	527	5bd3723cb092cdda2e73cb035ba6117765ea0abc3e7de5a2bec4134d08a66766
reproduction/second_season/snia_same_cid/phase1d/results/README.md	2650	4faf4c45304f164a0708ac664bf71b9a7a52c97e74beb9214b36a5fa2a8ca796
reproduction/second_season/snia_same_cid/phase1d/results/audit_summary.json	4309	e36562a7f298fac9bbf7d6f96b6396625781fe426b78f8819c3e9c420992eabb
reproduction/second_season/snia_same_cid/phase1d/results/candidate_file_evidence.tsv	14325	b12ba5edd2a350518206d246d800f9dc9fbff2b6a9afff87b401a8e580b69f8d
reproduction/second_season/snia_same_cid/phase1d/results/clean_reproduction.log	1485	3775c6434b1336abdde464d8661af351ed1a100a14f9e6f15e741b81520636bd
reproduction/second_season/snia_same_cid/phase1d/results/clean_reproduction_summary.json	2919	ed55268574327f9e065313b19415c53295ead93e7d7b1b561e2b46e656d7b7aa
reproduction/second_season/snia_same_cid/phase1d/results/contract_verification.json	3660	7a4221fe63c8a7a9759ac6043a22afaaa87c30eed3182730399bbe250ef0682a
reproduction/second_season/snia_same_cid/phase1d/results/final_verification_summary.json	2279	4e029b058551a8b70f049ccd20159224caf8ba0b8a53b41f9616eb9c8e3266e8
reproduction/second_season/snia_same_cid/phase1d/results/group_lineage.tsv	14313	9e8d74162dd026a6f4941fbcaf0083f5a3c951f608c66b90f013a37069686b68
reproduction/second_season/snia_same_cid/phase1d/results/independent_verification.json	907	22cac17aaf92a7d58c97b69db33b0e046d96e208ec6753e749cda238f69ab7c0
reproduction/second_season/snia_same_cid/phase1d/results/input_inventory.json	254	e5926d4fabf981a8e7e1ca4c5d9e1e6e69bda09ce1c1fe398358a19cd4531a2b
reproduction/second_season/snia_same_cid/phase1d/results/pair_observation_overlap.tsv	8828	738426d3c1423dd0a67ba8ef576b8dce454c131e62ab137c52cebb5e7f657d13
reproduction/second_season/snia_same_cid/phase1d/results/photometry_scan_summary.json	1510	d998d388bd63b23c29200af9206e6265be808d48507deb943fc3fa59b5ea88c8
reproduction/second_season/snia_same_cid/phase1d/results/pipeline_anchor_evidence.tsv	1701	38e31850fbcde692a636e3a1f9c90af5fd5e87c6017da40b331147722174ec8f
reproduction/second_season/snia_same_cid/phase1d/results/posthoc_cid_only_candidate_files.tsv	16820	a53dd52a9f95843ffc99c28faaeeedc92b43dd6cb67219f112e0494071704340
reproduction/second_season/snia_same_cid/phase1d/results/posthoc_cid_only_crosswalk_diagnostic.tsv	12711	15357144e40215bfce5d4f40a9d68a584a2a0df641e9295797ac58edbdfabeb0
reproduction/second_season/snia_same_cid/phase1d/results/posthoc_cid_only_crosswalk_independent_verification.json	499	790321fdfffd9afb9517ba7495b418b43438093cbd213cd3ca2e42ce2b86e8e7
reproduction/second_season/snia_same_cid/phase1d/results/posthoc_cid_only_crosswalk_summary.json	2767	2145e65d0bf7e99c11e2989c5458341a9b17150c7e380d0671773cd0aa4b72f4
reproduction/second_season/snia_same_cid/phase1d/results/referenced_asset_availability.tsv	544	c5de6fb1adcab830b474005199a3e1789e6199686c477675d2c3a4c24d96c90c
reproduction/second_season/snia_same_cid/phase1d/results/row_lineage.tsv	22601	3298919e63cc62410bc9a37b0b86d798e2324d7b6ad1e3958a69a06691287809
reproduction/second_season/snia_same_cid/phase1d/results/run_environment.json	166	70a99de4318cc3c62bccecf0d0e4507df875ba5fe6fe3245f0c6a97eb8e944da
reproduction/second_season/snia_same_cid/phase1d/results/shared_dependency_ledger.tsv	1565	063ac307b5469363ff94ade4e683395c2cca248a1faeceaf65766f81d188430a
reproduction/second_season/snia_same_cid/phase1d/results/source_verification.json	17670	b264555a551d21c588c05d38428c5cf15d6fe092ab6311ceba6ded90b7608e7a
reproduction/second_season/snia_same_cid/phase1d/results/unit_tests.log	4858	2de9ce6dbfd9e704244206e75f47764cb47e6777235fdf6323a26df4c23606b4
reproduction/second_season/snia_same_cid/phase1d/scripts/auditlib.py	57318	4b8baebb2fb3c847f9acbce7394aeb4deb1872f41771a26f21ae8eb0b5bbf007
reproduction/second_season/snia_same_cid/phase1d/scripts/build_crosswalk_evidence.py	1547	cb08f58d5d51228b0dcd78940c36edb96e6200d6d7cce1c5b68b9a44ba8b2d1c
reproduction/second_season/snia_same_cid/phase1d/scripts/build_source_lock.py	5335	dee26c9d013527b98846986039e6b840d2d4822b13549df0ac8e93bba5b4865b
reproduction/second_season/snia_same_cid/phase1d/scripts/clean_reproduce.py	5741	f1333314b829965a5af94d2c4af1344aca258a1726d0def7308105d7e47ef641
reproduction/second_season/snia_same_cid/phase1d/scripts/finalize_package.py	2145	ee8f666272270fb6fa6df3c1d737613742de73b097edbc2efa76b1754d42f45e
reproduction/second_season/snia_same_cid/phase1d/scripts/freeze_contract.py	2086	a8cea5af678ca8fca83c9eaa36ae43963ed6c435d2af4f6a12c40406d0813fc4
reproduction/second_season/snia_same_cid/phase1d/scripts/independent_verify.py	28081	883f07b099e4f8b23c2280777bb87aa527832ef241d09860c2154c079b00acde
reproduction/second_season/snia_same_cid/phase1d/scripts/package_tools.py	4543	5ce526d7cb33d1b1787498534d58a1be89c630f37a54d89054564d37a3d27dca
reproduction/second_season/snia_same_cid/phase1d/scripts/record_verification.py	676	3d3d839901951664924d644eb8afa71a7401a3dcbae4eb5f162cf74db9d3248c
reproduction/second_season/snia_same_cid/phase1d/scripts/run_audit.py	1222	875d2bb3f29a8847cfe0d9ca85805991c6d06578c15014ef234b690fb72bc105
reproduction/second_season/snia_same_cid/phase1d/scripts/run_posthoc_cid_only_crosswalk.py	9592	b1d1eeb47aee99602dbc9f99a85cd6e400c1b79ff4d1be3e0126de72f5caf8d0
reproduction/second_season/snia_same_cid/phase1d/scripts/source_tools.py	2843	6359b1c4e41f8ae73a19bad9bc20ae4ce4e47b295853d9980e2f233db23339cd
reproduction/second_season/snia_same_cid/phase1d/scripts/verify_delivery.py	3514	e17427bd12f7cf6e91aaddaaaa2d05fe45408fa37a59f94224c911b52e870650
reproduction/second_season/snia_same_cid/phase1d/scripts/verify_posthoc_cid_only_crosswalk.py	8423	a2bdfeb74a316fc11202269713890fd30e1fb6be2ae2d6e67f2b677103bb217d
reproduction/second_season/snia_same_cid/phase1d/scripts/verify_results.py	19909	3d6ecab1d7c0a1600175fadf8f18c49c1d44a9152cbc7374dd8a4efc38006d6d
reproduction/second_season/snia_same_cid/phase1d/tests/test_auditlib.py	23896	1b321d75c5b0193385a5a44111a23190f6d44c753445038c1f277851cc1765bb
reproduction/second_season/snia_same_cid/phase1e/AI_ASSISTANCE_DISCLOSURE.md	835	7d6aacec4b01a7db95ad268692fbf9c745deb568fb9f87d41622412860e233f9
reproduction/second_season/snia_same_cid/phase1e/AUDIT_CONTRACT.md	6150	18f1a9cd5032daaa12fcc235f622c6ba55bd278ba3ff5168e46be7ce8b5da017
reproduction/second_season/snia_same_cid/phase1e/CHANGELOG.md	1094	9ea5025a99c39d7a503f7ea7a2f44e56a0a19a7e7ac7e40f5fbf3c2e98b1caa9
reproduction/second_season/snia_same_cid/phase1e/CITATION.cff	435	782100b4df712a8340432e669f3f4cf6dbdcb44482d7ac668844cc9431979db4
reproduction/second_season/snia_same_cid/phase1e/DELIVERY_ID.md	371	02214a20eaa9f05dcb23e5ac77baad553bf416b852c2df4a8f1dfb56235d3c90
reproduction/second_season/snia_same_cid/phase1e/LICENSE	1072	84954891c039ce0b1a500ae5cf46dc8795ddf6ea78ac312b4aff0566910b87ca
reproduction/second_season/snia_same_cid/phase1e/MANIFEST.tsv	5967	596af69d3ca7680c1a0e898e42c3236f9177a61efaabdc88bb22a6389b22ce25
reproduction/second_season/snia_same_cid/phase1e/PACKAGE_VALIDATION.md	1386	bf3989d1ae143a2ff6c5f2df547856f63d4b4b69175e51e2c489b1ff1c98f3cc
reproduction/second_season/snia_same_cid/phase1e/README.md	3964	b2c69f409c315567678daaf92a0629f74911d1714d5ce18ff6a28d0332e4c1c5
reproduction/second_season/snia_same_cid/phase1e/REPORT.md	4213	5a3af2b843e1214a692b078b9ca53818d5e268f050ce1873f62a681c3b6709c3
reproduction/second_season/snia_same_cid/phase1e/REPORT_JA.md	8544	96a7740919ba0f50be1f99b0702133edb4f0174b404b8ef89a391971f6f372a9
reproduction/second_season/snia_same_cid/phase1e/REPRODUCIBILITY.md	2401	862b4f19f19c299fd5105c55444cbf2b108cffb1f113a94601c197f59543bf04
reproduction/second_season/snia_same_cid/phase1e/SHA256SUMS.txt	5719	38460371faeca89ec2e5b6ca42c5030ca84a2991e65e61da1d116916cdfb8f16
reproduction/second_season/snia_same_cid/phase1e/THIRD_PARTY_NOTICES.md	496	92c9a25bcf1f758bc1ba21bb067ec0d5f94f8c546f76f2fef06cdd68e34f9956
reproduction/second_season/snia_same_cid/phase1e/VERSION	6	e9dd8507f4bf0c6f42458e41aea833ad0bd3f6127272335eee9bf4d58541ed67
reproduction/second_season/snia_same_cid/phase1e/provenance/CONTRACT_FREEZE.json	1843	b514495dd64beec5a3963bebb9bff8b8321957d55dba7812027c251c23d7753d
reproduction/second_season/snia_same_cid/phase1e/provenance/CONTRACT_FREEZE.sha256	87	82f6c0a38db61cd7d82a42a9311af28f2c33f21394f08a4bff701fea13401019
reproduction/second_season/snia_same_cid/phase1e/provenance/DECISION_CONFIG.json	4118	b7d5779c2a6fb26f9553fca9d4c2ca09d0619998a2e7938d4ddd8b3457706fd9
reproduction/second_season/snia_same_cid/phase1e/provenance/IMPLEMENTATION_CORRECTIONS.tsv	1019	8e9460fe8025ae4f67503e7cedee1c9b38ef2f624317b8c73cf1ee7eb0e93d86
reproduction/second_season/snia_same_cid/phase1e/provenance/PHASE1B_ROW_MAP.tsv	10690	a3cd37e836d39f623dfedcea6c3c8a0ac0c0f80ae5647bd163610fdbd1bd9d69
reproduction/second_season/snia_same_cid/phase1e/provenance/PHASE1D_ACCEPTED_CORRECTED_AUDIT_SUMMARY.json	4309	e36562a7f298fac9bbf7d6f96b6396625781fe426b78f8819c3e9c420992eabb
reproduction/second_season/snia_same_cid/phase1e/provenance/PHASE1D_ACCEPTED_CORRECTED_ROW_LINEAGE.tsv	22601	3298919e63cc62410bc9a37b0b86d798e2324d7b6ad1e3958a69a06691287809
reproduction/second_season/snia_same_cid/phase1e/provenance/PHASE1D_AUDIT_SUMMARY.json	2360	cda451771dc08e8bb16313890729f81fb7622e0646d753322737565c72a7b167
reproduction/second_season/snia_same_cid/phase1e/provenance/PHASE1D_ROW_LINEAGE.tsv	12536	c39890d89772f0df94a9789728a24195a7b3bfd45786d3bedb12db5d89d1b24a
reproduction/second_season/snia_same_cid/phase1e/provenance/PREEXECUTION_EXPOSURE.json	1069	4e2507b63a2ce652f9f7c1ee9ac2410796d17df267f7c0f9405443ba373d7415
reproduction/second_season/snia_same_cid/phase1e/provenance/PUBLIC_EVIDENCE_REGISTRY.tsv	1339	7f90a5066e7467096611760b32a6940319470e5f19d0cf88e31939d4360ca2d4
reproduction/second_season/snia_same_cid/phase1e/provenance/REPOSITORY_LOCK.json	366	81e21bcb0c26689482c86dec2642ab0116c4db5b60a5d13fe7554e0d6bdcc06c
reproduction/second_season/snia_same_cid/phase1e/provenance/SOURCE_LOCK.tsv	6728	74aee2a592f7200bf46148797e323ac70d341a320e25a01e20b52f692fd2734f
reproduction/second_season/snia_same_cid/phase1e/provenance/UPSTREAM_AUDIT_DEPENDENCIES.json	863	b54c5b401004e4a095ed18e9ab62a8358bd9370658e6ddb53cfd51e33f4fdf87
reproduction/second_season/snia_same_cid/phase1e/provenance/UPSTREAM_DEPENDENCY_SUPERSESSION.json	3937	187a4233487b93c9109594f4af5af4decbec62891a2059a27137a8deac4ed86a
reproduction/second_season/snia_same_cid/phase1e/requirements-lock.txt	95	88283a4575a8cdf43ae3635d84ac380adf6c19ae6a455ac3de1c3e42f5f9c597
reproduction/second_season/snia_same_cid/phase1e/results/EXECUTION_STATUS.json	260	af6969b71d872308ef5895e7120cacabd9069728cf196c190e62b83343c9037d
reproduction/second_season/snia_same_cid/phase1e/results/README.md	2679	82fe8093b970d9d712cf79b47322f97b2322401f12f2732b493d1211214725b1
reproduction/second_season/snia_same_cid/phase1e/results/audit_summary.json	3826	d1c3223c2fa18ba131a838dd97d2000aabbb94108257ea8e9cc00c009b52ad40
reproduction/second_season/snia_same_cid/phase1e/results/catalog_and_target_inventory.json	435	fec3c6eff7f84e4af3c0c15bb84f6fc9ed0ddf779accf12a005c995322f54241
reproduction/second_season/snia_same_cid/phase1e/results/clean_reproduction.log	5348	3c5eb186b0167ae7fe79af0c9021f7be0dd8188a1de6a4c7375af3557849c2ea
reproduction/second_season/snia_same_cid/phase1e/results/clean_reproduction_summary.json	2281	c9244997e30717539b99b3545b65afc5134b969caf91af66b5945f07466aefb2
reproduction/second_season/snia_same_cid/phase1e/results/contract_verification.json	3260	f6849e9085f7350b6b0f05321d8984f77dfd1fdf4d55d5e830043b857578c7ec
reproduction/second_season/snia_same_cid/phase1e/results/final_verification_summary.json	2841	320117bc445f07fad5a4924006d00ee5772303490859c5ab0c608571ae9c5af1
reproduction/second_season/snia_same_cid/phase1e/results/holdout_anchor_evidence.tsv	13033	c557d7375e24fb99afee4886d5754b24438558863669cbdd8500575b0a07de0b
reproduction/second_season/snia_same_cid/phase1e/results/holdout_candidate_rows.tsv	11477	b98bafa56b1be230453001b60fbc977811c5c0a400923ae290c186b90ebd3d07
reproduction/second_season/snia_same_cid/phase1e/results/independent_verification.json	1374	3125d2a4423aeabdab1c882591ff0ebbf6ceff4fc5c94cbeffeaf7c4badf24fc
reproduction/second_season/snia_same_cid/phase1e/results/inferred_crosswalk.tsv	514	69b0fb90531157fd33de84779090c8abbc29e4f44573a724907a28f6633a7497
reproduction/second_season/snia_same_cid/phase1e/results/label_header_diagnostic.tsv	283	81e03556ba0309be43e2ab03e0b6a28bed1db690c445e58b034bf21a54e26ad1
reproduction/second_season/snia_same_cid/phase1e/results/photometry_scan_summary.json	1629	5ca48421d7026155215cef6eb8abc09639b6f7e02c9b8378337ef9ada0e1ac5d
reproduction/second_season/snia_same_cid/phase1e/results/run_environment.json	166	70a99de4318cc3c62bccecf0d0e4507df875ba5fe6fe3245f0c6a97eb8e944da
reproduction/second_season/snia_same_cid/phase1e/results/source_verification.json	13512	e0923a254373214f34be6d5d7dd789a435a8fba06b97b09ad7b67439bd6c1873
reproduction/second_season/snia_same_cid/phase1e/results/status_semantics.json	872	3fce9ab350610de57061d370591295545c0c074d76a22b4c1b5197c59b023f3d
reproduction/second_season/snia_same_cid/phase1e/results/target_candidate_file_evidence.tsv	6948	ac106e0a07f1641400f1d8e2f7e18db8f5cba5c2561ee0be34b7c8d7cf781877
reproduction/second_season/snia_same_cid/phase1e/results/target_row_application.tsv	5807	ec532a233c67ed97e4f396ea2207913afafc8e6e69491fcdd1e66bf227b33bf4
reproduction/second_season/snia_same_cid/phase1e/results/unit_tests.log	4195	a642a4c53df4428c0d2555853773add1cdc4582b0bf0f84bea768e8e0a68d73d
reproduction/second_season/snia_same_cid/phase1e/scripts/auditlib.py	36391	49fc2a94ce5bcc1d4a5b8712e9fa1f123f69f4aa374c8cd7d5ffafa6cbc9ae68
reproduction/second_season/snia_same_cid/phase1e/scripts/build_source_lock.py	4755	3958fd048717148db244cc1bcbd6fbf5c8b1f80f300ae457bf6ee0ce49657e9b
reproduction/second_season/snia_same_cid/phase1e/scripts/clean_reproduce.py	4739	2a0b1030d24750e5a19a5f82d1127958465366d4b4b7beffd4ee15224615909b
reproduction/second_season/snia_same_cid/phase1e/scripts/finalize_package.py	4520	582933a7406b19c57369a3b740beb194e584e5b622f4353fba57616aafadde39
reproduction/second_season/snia_same_cid/phase1e/scripts/freeze_contract.py	1969	4a16ad81a9a667725f85eefe31530fdad654e88438222eb5c66eb209e6dd640d
reproduction/second_season/snia_same_cid/phase1e/scripts/independent_verify.py	18320	e2e1b34c029300dcba9efaf7631856d66342a062e6cfef557673ce946bff28bc
reproduction/second_season/snia_same_cid/phase1e/scripts/package_tools.py	4090	ec225e659569b1b2e0a9866c10ee9aba8510ad8a8c17e327df7f4e8b22f45483
reproduction/second_season/snia_same_cid/phase1e/scripts/run_audit.py	969	5dddf99a1a33304c61c9db9e03610c1572653927fb8af5bd1135b2e4833c0031
reproduction/second_season/snia_same_cid/phase1e/scripts/verify_delivery.py	3038	6b60ef15cb307eab3514e19f9a88f9dd6e98d95bc11c1984eb911dce0f059b11
reproduction/second_season/snia_same_cid/phase1e/scripts/verify_results.py	21773	bca4df296b335e09931a85a663ca967824758c6b6f5e818d9ddeeae08d09d64d
reproduction/second_season/snia_same_cid/phase1e/tests/test_auditlib.py	15716	beff00d4ddd4975cf29828db0815f7c13c96623902d4d396a625e9ce94d2831e
reproduction/second_season/snia_same_cid/phase1f/.gitignore	48	405f48553ac7e8564cfdd261c3357062c52acfd1c4488eca7d2a1aac340c8690
reproduction/second_season/snia_same_cid/phase1f/AI_ASSISTANCE_DISCLOSURE.md	913	902ed0d7eafd320fefaf396e6ad26ad9defa1c607b2c1c8dcb333821c6293dbe
reproduction/second_season/snia_same_cid/phase1f/AUDIT_CONTRACT.md	8266	1ac6562a63e35bb975564dbf0ce647ca0af4547518dec0cf12680e4e5c4a4c95
reproduction/second_season/snia_same_cid/phase1f/CHANGELOG.md	1141	feae652b5a819d042243bbc38bdbba6380d489638006844ec1000677044a2547
reproduction/second_season/snia_same_cid/phase1f/CITATION.cff	492	eceade2429f2fb7bc1991a7ea9aad13265c5aea0435538d22831966f7099df43
reproduction/second_season/snia_same_cid/phase1f/DELIVERY_ID.md	369	361574256b3ab2f0fb856962b602eacbe3f4a218b9dc07faf63f0f5745a98e68
reproduction/second_season/snia_same_cid/phase1f/LICENSE	1072	84954891c039ce0b1a500ae5cf46dc8795ddf6ea78ac312b4aff0566910b87ca
reproduction/second_season/snia_same_cid/phase1f/MANIFEST.tsv	7475	81b58beaaa6276be64607ea3f97e95d5d5636ccc7ff1b6042e1b114c1d8f19ee
reproduction/second_season/snia_same_cid/phase1f/PACKAGE_VALIDATION.md	968	90a7262194f15093ff093b3135b41702cae8b0b01b75b817d3afe787db7bb6a9
reproduction/second_season/snia_same_cid/phase1f/POSTHOC_PAYLOAD_COLLISION_NEGATIVE_CONTROL_CONTRACT.md	2064	e8876cd8577d8ceac896c963a0130fb5a2390e636ef1f73969011b74d1afc2b3
reproduction/second_season/snia_same_cid/phase1f/README.md	3802	cee83a7e1e2c6581a2676a47719083db07dc43fc33b55a5e50cc837fed62a2fb
reproduction/second_season/snia_same_cid/phase1f/REPORT.md	8293	05829e4ac4f3ec95f762252f5a18625aba60101080fa266d7f90a7e273870c2b
reproduction/second_season/snia_same_cid/phase1f/REPORT_JA.md	8075	21ae1886b74d92b63d9fdb22ece96e394dedd911a8314efd51142f5386689155
reproduction/second_season/snia_same_cid/phase1f/REPRODUCIBILITY.md	3153	f904c83a500a2e80724878fc8caeeb82d84ced04bda17a2e380cec837a877b3d
reproduction/second_season/snia_same_cid/phase1f/SHA256SUMS.txt	7173	18204708e3a7b386a64206c8cd5907e20957cf32c398d8fd2ac936f41fd24e7b
reproduction/second_season/snia_same_cid/phase1f/THIRD_PARTY_NOTICES.md	555	ddd7ce8e4138bb49c455937fc18f18cf0b5f8da7e8575eb307bc3a21c315307d
reproduction/second_season/snia_same_cid/phase1f/VERSION	7	9ca90d4ac8fbe86d8aca4aa37a80e0f984c01df281f25f62c779e784fd155a21
reproduction/second_season/snia_same_cid/phase1f/provenance/CONTRACT_FREEZE.json	2612	3b1e1508d366151a0204f52d1d94e1e81e90454b1fb75fa085df3a17b44acd91
reproduction/second_season/snia_same_cid/phase1f/provenance/CONTRACT_FREEZE.sha256	87	b1a3617e0627adac11c5285be33759d52bb51a5dcda843a9336de91b1f15303b
reproduction/second_season/snia_same_cid/phase1f/provenance/DECISION_CONFIG.json	6422	a1c3c10f3266a734108f1d432014bff38acac21829f1c8b8ce9cb5f107c2a264
reproduction/second_season/snia_same_cid/phase1f/provenance/IMPLEMENTATION_CORRECTIONS.tsv	695	f423f2990dde27756c799cc77fcae8fa4403a8ca17acb384d01c7b7bfb7dc91e
reproduction/second_season/snia_same_cid/phase1f/provenance/PHASE1B_ROW_MAP.tsv	10690	a3cd37e836d39f623dfedcea6c3c8a0ac0c0f80ae5647bd163610fdbd1bd9d69
reproduction/second_season/snia_same_cid/phase1f/provenance/PHASE1D_ACCEPTED_CORRECTED_AUDIT_SUMMARY.json	4309	e36562a7f298fac9bbf7d6f96b6396625781fe426b78f8819c3e9c420992eabb
reproduction/second_season/snia_same_cid/phase1f/provenance/PHASE1D_ACCEPTED_CORRECTED_ROW_LINEAGE.tsv	22601	3298919e63cc62410bc9a37b0b86d798e2324d7b6ad1e3958a69a06691287809
reproduction/second_season/snia_same_cid/phase1f/provenance/PHASE1E_ACCEPTED_CORRECTED_AUDIT_SUMMARY.json	3826	d1c3223c2fa18ba131a838dd97d2000aabbb94108257ea8e9cc00c009b52ad40
reproduction/second_season/snia_same_cid/phase1f/provenance/PHASE1E_TARGET_CANDIDATE_FILE_EVIDENCE.tsv	6948	ac106e0a07f1641400f1d8e2f7e18db8f5cba5c2561ee0be34b7c8d7cf781877
reproduction/second_season/snia_same_cid/phase1f/provenance/PHASE1E_TARGET_ROW_APPLICATION.tsv	5807	ec532a233c67ed97e4f396ea2207913afafc8e6e69491fcdd1e66bf227b33bf4
reproduction/second_season/snia_same_cid/phase1f/provenance/POSTHOC_PAYLOAD_COLLISION_NEGATIVE_CONTROL_FREEZE.json	2413	27f49229cafb42d3252bc57dd932e5c865fa37c65b65e779827e5e61962d6bc6
reproduction/second_season/snia_same_cid/phase1f/provenance/POSTHOC_PAYLOAD_COLLISION_NEGATIVE_CONTROL_FREEZE.sha256	121	f09bb33f2ce991bac5eb36b4cf1939fa2d7ebb740bbcba36bfb9e48629cdca48
reproduction/second_season/snia_same_cid/phase1f/provenance/PREEXECUTION_EXPOSURE.json	1520	6ca1021f549dc1301a3c29e30b7c6742f53a8c1c1d43f6482786e6f69166c36b
reproduction/second_season/snia_same_cid/phase1f/provenance/REPOSITORY_LOCK.json	454	a329619faa57706c4abc41c8ff83c5d59154dc59c4dea93d484f4e2e32bce390
reproduction/second_season/snia_same_cid/phase1f/provenance/SOURCE_LOCK.tsv	12495	759c7ecd6b78f4d5d7bca54575c52f9f4f4e517876722633728ef263c53935ab
reproduction/second_season/snia_same_cid/phase1f/provenance/TREE_LOCK.tsv	1693	9a2a066c1b6216b9085d4e2b079a19b4d5f9a00d4845bd183d273283cd319df3
reproduction/second_season/snia_same_cid/phase1f/provenance/UPSTREAM_AUDIT_DEPENDENCIES.json	2270	a71e60869e30f8dfbf5ac673ebb749b83017e39953068c1f0d0ed459610066aa
reproduction/second_season/snia_same_cid/phase1f/requirements-lock.txt	57	413d986f79da7482a4c73daa7861740d43da64b1634c318b72ea986f80b9c2f0
reproduction/second_season/snia_same_cid/phase1f/results/EXECUTION_STATUS.json	491	110657e577f5f0486385d7a7b23bd4e646130c131325c95eb65d87475dd1d911
reproduction/second_season/snia_same_cid/phase1f/results/README.md	2726	01b1e9abc97981625d5428d11501bb3b8ba26110ddb234ab7b6d3f001bf840e7
reproduction/second_season/snia_same_cid/phase1f/results/audit_summary.json	3368	d0d71080a9d82239c199bfaa9a8125128d4da7efbc24b525661effa311689bd5
reproduction/second_season/snia_same_cid/phase1f/results/clean_reproduction.log	6654	c980f103fec61adb5b8aaa1471f98ad72e0eeb746aee66ef5a8d6c7a0d856460
reproduction/second_season/snia_same_cid/phase1f/results/clean_reproduction_summary.json	6205	a8256bdde264b4611b8bb1f70cf9bd2bc538c84c0bd74225c31264a133a71bcb
reproduction/second_season/snia_same_cid/phase1f/results/contract_verification.json	4698	27b1ed39460baab1a2a5e3c9b81387970813bfb5bcfa34906fd46adf9ec19919
reproduction/second_season/snia_same_cid/phase1f/results/evidence_semantics.json	634	e6b26a604765b909c2ca1f0fab519dd2afac11e19a888819565d56dbf260023b
reproduction/second_season/snia_same_cid/phase1f/results/filter_calibration_mapping.tsv	251687	6825e8c52553bda99c4ded5059ca6640f60e336de124a47ec76972b682e3db7e
reproduction/second_season/snia_same_cid/phase1f/results/final_verification_summary.json	19904	2600199919f1af790a714997dee88de6e05978846fe58b3f89424116af2b9e49
reproduction/second_season/snia_same_cid/phase1f/results/independent_verification.json	316765	9b676dc52fe46a764aba55a8a34d690f97a9938a5fc3b9349f187117f80be345
reproduction/second_season/snia_same_cid/phase1f/results/input_candidate_map.tsv	14213	7fd5d5901ca14f3b18cee5e93652d30d66121541d7774d64ec0834897a89eafa
reproduction/second_season/snia_same_cid/phase1f/results/input_inventory.json	220	7aca492c38c811755514f3c4edb63435929f858695ae4082b268914a879a7cfc
reproduction/second_season/snia_same_cid/phase1f/results/observation_match_evidence.tsv	1569	733fb0b7d0f982aa8b26d05c1962bdb1e5eb8512624f05eabae61fb5f3191d20
reproduction/second_season/snia_same_cid/phase1f/results/pair_dependency_classification.tsv	16266	aca6e7172a54e7fd2e0bba5f49d797d0c799cefc086a93278cd0478367a0832d
reproduction/second_season/snia_same_cid/phase1f/results/posthoc_cross_cid_negative_control_by_directory_pair.tsv	603	1b6d32bb5de0e6254fc7c7b3ef995a1bd26437872863ba482edab29f6157c432
reproduction/second_season/snia_same_cid/phase1f/results/posthoc_cross_cid_negative_control_pairs.tsv	117396	db369a538b63b906401544926493dddcef259b97f6d65f7b8e203bed7d70ea18
reproduction/second_season/snia_same_cid/phase1f/results/posthoc_cross_cid_negative_control_summary.json	719	687db8a43b414cc6324e118acb643f553f9933fa3e35a08be04271b94da13ab8
reproduction/second_season/snia_same_cid/phase1f/results/public_asset_availability.tsv	3868	61e901c063836b69af7b4cc6590f207c0b8125cb96afdbeff30d9431428daac3
reproduction/second_season/snia_same_cid/phase1f/results/row_input_profile.tsv	27040	afe66ea01b2de2127675ef0d6afe7e33e2980a8c53cdd73718beec5653252f7e
reproduction/second_season/snia_same_cid/phase1f/results/run_environment.json	166	7f4ae98fa16259499f78cbd205a74b36c88bdf0ad187d74a2c7ffecf110cdb8d
reproduction/second_season/snia_same_cid/phase1f/results/series_configuration_lineage.tsv	2614	3f37337de2f708d4f027480119a09f3bddba6f5bea38d96aa4850c22a9c151ef
reproduction/second_season/snia_same_cid/phase1f/results/shared_dependency_ledger.tsv	2249	d889624ea6649e729c002570ddc838a34f76063c660192f39dac17d41a4686e2
reproduction/second_season/snia_same_cid/phase1f/results/source_verification.json	29640	003b27a73b2fc5217ed41e516435e2787649f3f950d204bdc1622fb0e78e4fbf
reproduction/second_season/snia_same_cid/phase1f/results/unit_tests.log	5317	4bd88e2b67296dd25f6f26bb9ddd52a3bc38fcc3fd8ad6f1bdd92c8ec993dd9c
reproduction/second_season/snia_same_cid/phase1f/results/unit_tests_summary.json	225	f3324e15fbe5d5e3ffed53cc043c9b3253abd70675901e82280305c9bdef99a8
reproduction/second_season/snia_same_cid/phase1f/scripts/auditlib.py	56280	3bbfca4e79e6156433717c2602c978a5288afe58464bd75b7fc72d7b12fb43f3
reproduction/second_season/snia_same_cid/phase1f/scripts/build_source_lock.py	7626	a45e4a55c85d872880cbbb7cf9c6288aadca48795397d116d83c346a225db1b9
reproduction/second_season/snia_same_cid/phase1f/scripts/clean_reproduce.py	5151	74507cb49199b573f11cea5157e7ed9678670f9920d6d8637a1690bf6d309b20
reproduction/second_season/snia_same_cid/phase1f/scripts/finalize_package.py	3817	96f2b1f8abc22e605bb8882e6ffc7e7012d9c47ca4b85c67de26d64a8223e91a
reproduction/second_season/snia_same_cid/phase1f/scripts/freeze_contract.py	2343	bb8277bb8c2fc5c128d5ec04e8ef3fcb99bab2dac2895e373b78b8fed8ce59d6
reproduction/second_season/snia_same_cid/phase1f/scripts/freeze_posthoc_negative_control.py	2167	0d43f66fdbcc753f04408a05acea4e9b12a7d9e657b3e87fc296de38838b4232
reproduction/second_season/snia_same_cid/phase1f/scripts/independent_verify.py	18420	e011f4bc11014beb0c6ef3cadf37fa55b2f022e26d27776eeb721b56d2ea9c11
reproduction/second_season/snia_same_cid/phase1f/scripts/package_tools.py	4268	99efda7185f07c2d36d50ebf0e097e0f129bea18b01c2a9234e84526813af705
reproduction/second_season/snia_same_cid/phase1f/scripts/record_verification.py	1394	269ba504f2e1fbc996f7985c09db374e534db1d1d681036b6f6bebdfc2944f1f
reproduction/second_season/snia_same_cid/phase1f/scripts/run_audit.py	995	fb58da2b7e556c65b3e44832855898955fdd2d90939acafcffbe93921c5326dd
reproduction/second_season/snia_same_cid/phase1f/scripts/run_posthoc_negative_control.py	6787	e8bd5cd79795cd65dc71085e0cdd39e09a6e66b5f3347cfcb425839723224ce9
reproduction/second_season/snia_same_cid/phase1f/scripts/run_tests.py	1604	435ec5ff953796f2081a925fce85d94f0e336dc688516df24511db7f55c96e7c
reproduction/second_season/snia_same_cid/phase1f/scripts/verify_delivery.py	6384	afd077c34f832cd269667a54fdebbff6308ab6fd228abbaaebb5ca7b4c37bf80
reproduction/second_season/snia_same_cid/phase1f/scripts/verify_results.py	19920	b6111af41130e0ae817a8696ab1aafb5a199e6ea94b358cd0835172c44eb0412
reproduction/second_season/snia_same_cid/phase1f/tests/test_auditlib.py	9119	54038f80e455d022a6301bc3b6fca71909b8c2612acc7e6a98a57421366b5fd2
tools/fetch_public_inputs.py	3622	c9611669eff0f2580ba668e9cd4df289badc9e55b95df2a0fc927d636d9f8dba
tools/replay_evidence_claims.py	942	8de5db0dabb24a07a183664bd5a794e129da7bbc73b1c848154b403be560c3ca
tools/reproduce_manuscript_assets.py	10550	df9747b55b9e82f1e35a0768a9d1957bacc700eae07cb2ae8011d1039a9316a3
tools/run_external_reproduction.py	3605	1d409f170421bc903d1dd2d9c5ed0487222ed4dc3d84db6cda4cf215b5779033
tools/run_offline_reproduction.py	2078	af0fee4fe410b85338b99b8c835ecd9daa0bd0c41508e020ce8a56e3d3f9f373
tools/verify_manuscript_assets.py	1149	7c0859625871a3d7474c98c41b69c6caed6d6b4c70a35885d127db9d9d69370b
tools/verify_repository.py	4364	1bff05efb6dd4b8382b1ceb490eee2716da6c22a9b0f764e74edd1d3afd81fc3
