path	category	bytes	sha256	extension
01_HTV_HTS_CORE_DEPENDENCY_AUDIT/01_HTV_フェーズ別/HTV_00_全体状態・再構成/HTV00_01_RESULTS_FOR_REVIEW.zip	HTV	13399	dc3e27a5625032087bf0e6c9b536ef5b5b503d0c842b04bac3e8803af1f7679f	.zip
01_HTV_HTS_CORE_DEPENDENCY_AUDIT/01_HTV_フェーズ別/HTV_00_全体状態・再構成/HTV00_01_RESULTS_FOR_REVIEW.zip.sha256	HTV	98	d3465b3ff0a33c8795995961753a67f03b49e6b3fc76c2cb06da0a209deb4164	.sha256
01_HTV_HTS_CORE_DEPENDENCY_AUDIT/01_HTV_フェーズ別/HTV_00_全体状態・再構成/HTV00_101_INDEPENDENT_CURRENT_STATE_RECONSTRUCTION.md	HTV	24624	11efd2c6acac1f1f42b6e36dfee9ad571ffe6c98a0d863ee92d914abefe0ac22	.md
01_HTV_HTS_CORE_DEPENDENCY_AUDIT/01_HTV_フェーズ別/HTV_00_全体状態・再構成/HTV00_101_INDEPENDENT_CURRENT_STATE_RECONSTRUCTION.md.sha256	HTV	130	79630e40cc52175d65ea6983235d78e5bc991878617fea47713fe32e8be90ff1	.sha256
01_HTV_HTS_CORE_DEPENDENCY_AUDIT/01_HTV_フェーズ別/HTV_00_全体状態・再構成/HTV00_120_CANONICALIZATION_CORR1_COMPLETION.json	HTV	454	bdee67fd2e0a8b8c534b5fb71d7bc06a84be00ad0bca230f05e3a724c000f070	.json
01_HTV_HTS_CORE_DEPENDENCY_AUDIT/01_HTV_フェーズ別/HTV_00_全体状態・再構成/HTV00_120_CANONICALIZATION_CORR1_COMPLETION.md	HTV	531	78a4d496528a94097f4467b5f4c4d7ed386a39f2072176717ec666b653384a85	.md
01_HTV_HTS_CORE_DEPENDENCY_AUDIT/01_HTV_フェーズ別/HTV_00_全体状態・再構成/HTV00_120_CANONICALIZATION_CORR1_RESULTS_FOR_REVIEW.zip	HTV	241717	a2b54d8c46fda32187c8a5beeeab5a92605b0b352cedf199c57e154e17e9095e	.zip
01_HTV_HTS_CORE_DEPENDENCY_AUDIT/01_HTV_フェーズ別/HTV_00_全体状態・再構成/HTV00_120_CANONICALIZATION_CORR1_RESULTS_FOR_REVIEW.zip.sha256	HTV	122	db33f5c732e32c81bfddde489d38ce743f7b07ad064aa5d62f51974f6c82114f	.sha256
01_HTV_HTS_CORE_DEPENDENCY_AUDIT/01_HTV_フェーズ別/HTV_00_全体状態・再構成/HTV00_32_COMPARISON_AND_MINIMAL_CURRENT_STATE.md	HTV	19924	d51bded2b4ddaf67c3cfe2e1da6ff13d1200b770044a2265895398eca59dbd93	.md
01_HTV_HTS_CORE_DEPENDENCY_AUDIT/01_HTV_フェーズ別/HTV_00_全体状態・再構成/HTV00_32_COMPARISON_AND_MINIMAL_CURRENT_STATE.md.sha256	HTV	125	6d4815de278fdb29adc0405e24a43693dc77256d605b4a1a1b0eff13161579cd	.sha256
01_HTV_HTS_CORE_DEPENDENCY_AUDIT/01_HTV_フェーズ別/HTV_00_全体状態・再構成/HTV00_32_INDEPENDENT_CURRENT_STATE_RECONSTRUCTION.md	HTV	18822	c951d7d547834ea365354dbfef94a7aaf84d6368643cdad657153b0c329ec225	.md
01_HTV_HTS_CORE_DEPENDENCY_AUDIT/01_HTV_フェーズ別/HTV_00_全体状態・再構成/HTV00_32_INDEPENDENT_CURRENT_STATE_RECONSTRUCTION.md.sha256	HTV	119	e2f3ffbe4448b0d64da4905429ff5c2551a3aaf559146a9cdee6fb039a98c220	.sha256
01_HTV_HTS_CORE_DEPENDENCY_AUDIT/01_HTV_フェーズ別/HTV_01_初期監査・候補選定_HTV02-10/HTV02_RESULTS_FOR_REVIEW.zip	HTV	12778	69e62736e43a8977e1f4d22a75facdde4ac3f4362541aef06be79ff023b88bce	.zip
01_HTV_HTS_CORE_DEPENDENCY_AUDIT/01_HTV_フェーズ別/HTV_01_初期監査・候補選定_HTV02-10/HTV02_RESULTS_FOR_REVIEW.zip.sha256	HTV	95	c678f75983d08b9f7222323f895d6cd0490bbc9840b5e720aa6eb76f179afdd5	.sha256
01_HTV_HTS_CORE_DEPENDENCY_AUDIT/01_HTV_フェーズ別/HTV_01_初期監査・候補選定_HTV02-10/HTV03_RESULTS_FOR_REVIEW.zip	HTV	12905	5e9f49149b4174fb80fbfaa79cc854a2f9f70f262daf7fffb3878f46e8a67a8d	.zip
01_HTV_HTS_CORE_DEPENDENCY_AUDIT/01_HTV_フェーズ別/HTV_01_初期監査・候補選定_HTV02-10/HTV03_RESULTS_FOR_REVIEW.zip.sha256	HTV	95	14d39814d3b38d2eb9b1cd7352350a25df5d4f56302b0211a6e305e56bb27a32	.sha256
01_HTV_HTS_CORE_DEPENDENCY_AUDIT/01_HTV_フェーズ別/HTV_01_初期監査・候補選定_HTV02-10/HTV04_RESULTS_FOR_REVIEW.zip	HTV	16918	8e37f88112847a1cc3532ac1fd938a70dac032454775cca4f8ed0d295350ab7a	.zip
01_HTV_HTS_CORE_DEPENDENCY_AUDIT/01_HTV_フェーズ別/HTV_01_初期監査・候補選定_HTV02-10/HTV04_RESULTS_FOR_REVIEW.zip.sha256	HTV	95	cfaaa09e4e670983e638c0c65aa2dc6c0dd2cc881c31f7f03d71c450641641e6	.sha256
01_HTV_HTS_CORE_DEPENDENCY_AUDIT/01_HTV_フェーズ別/HTV_01_初期監査・候補選定_HTV02-10/HTV05_RESULTS_FOR_REVIEW.zip	HTV	16722	fc75b5c5dee8001d64ca8c3f6635ccf9607b7b69a8b54ed4b2d1811beb0d2bd6	.zip
01_HTV_HTS_CORE_DEPENDENCY_AUDIT/01_HTV_フェーズ別/HTV_01_初期監査・候補選定_HTV02-10/HTV05_RESULTS_FOR_REVIEW.zip.sha256	HTV	95	4e5a34b5fd035361d0fdd07a9175f1a00fc7f4bf988832b93bcc893b8c86bcde	.sha256
01_HTV_HTS_CORE_DEPENDENCY_AUDIT/01_HTV_フェーズ別/HTV_01_初期監査・候補選定_HTV02-10/HTV06_RESULTS_FOR_REVIEW.zip	HTV	16390	0d9a7f7a7c73610eff286eb211cd7b0d76d882102f9009e55c3b3f19b0a155eb	.zip
01_HTV_HTS_CORE_DEPENDENCY_AUDIT/01_HTV_フェーズ別/HTV_01_初期監査・候補選定_HTV02-10/HTV06_RESULTS_FOR_REVIEW.zip.sha256	HTV	95	87bb3a4e0a1f8f9dabba7a6bbc089c7811483eaed3873b0851f90afcfbb253d5	.sha256
01_HTV_HTS_CORE_DEPENDENCY_AUDIT/01_HTV_フェーズ別/HTV_01_初期監査・候補選定_HTV02-10/HTV07_RESULTS_FOR_REVIEW.zip	HTV	15679	60cbd1b63ca427f47cc9a6bfe1f4312b745d431c846916884ef8b14b252d1f0f	.zip
01_HTV_HTS_CORE_DEPENDENCY_AUDIT/01_HTV_フェーズ別/HTV_01_初期監査・候補選定_HTV02-10/HTV07_RESULTS_FOR_REVIEW.zip.sha256	HTV	95	dc3dbafc5d5dee9ce5e657583a821a853c47fe1a2ac34cce6891449159035e57	.sha256
01_HTV_HTS_CORE_DEPENDENCY_AUDIT/01_HTV_フェーズ別/HTV_01_初期監査・候補選定_HTV02-10/HTV08_RESULTS_FOR_REVIEW.zip	HTV	11620	6b6850a2da1aba010049874a30b247f4c77a1de0b349df0cf6571ad69a346725	.zip
01_HTV_HTS_CORE_DEPENDENCY_AUDIT/01_HTV_フェーズ別/HTV_01_初期監査・候補選定_HTV02-10/HTV08_RESULTS_FOR_REVIEW.zip.sha256	HTV	95	c84476d550bd3d22c33b3b7b171d3b6c8c7627a86dba6207b44b271aa6538e88	.sha256
01_HTV_HTS_CORE_DEPENDENCY_AUDIT/01_HTV_フェーズ別/HTV_01_初期監査・候補選定_HTV02-10/HTV09_RESULTS_FOR_REVIEW.zip	HTV	35911	3b18a3520948b8e2180a92c59e05601e03e86fa8707ff8bef1d96c051ec0a082	.zip
01_HTV_HTS_CORE_DEPENDENCY_AUDIT/01_HTV_フェーズ別/HTV_01_初期監査・候補選定_HTV02-10/HTV09_RESULTS_FOR_REVIEW.zip.sha256	HTV	95	95bac8c5a50e72c355579470cc3e6dd2a505387ee139cf8274eca0e7e738d918	.sha256
01_HTV_HTS_CORE_DEPENDENCY_AUDIT/01_HTV_フェーズ別/HTV_01_初期監査・候補選定_HTV02-10/HTV10_RESULTS_FOR_REVIEW.zip	HTV	12660	3cae9f408a44ed1b7ad118cea11dad17f66b491602b3c9a7f593066f250f3f09	.zip
01_HTV_HTS_CORE_DEPENDENCY_AUDIT/01_HTV_フェーズ別/HTV_01_初期監査・候補選定_HTV02-10/HTV10_RESULTS_FOR_REVIEW.zip.sha256	HTV	95	4f1938ded9855c0533202376d90c1ffe80d5e5475a14579c69f54afdf684465c	.sha256
01_HTV_HTS_CORE_DEPENDENCY_AUDIT/01_HTV_フェーズ別/HTV_02_横断比較・依存関係_HTV11-18/HTV11_RESULTS_FOR_REVIEW.zip	HTV	18646	f9e3e2ed26beff53a3a6b52c95beb227604506a30ca9e4f82dd9574dc1f39970	.zip
01_HTV_HTS_CORE_DEPENDENCY_AUDIT/01_HTV_フェーズ別/HTV_02_横断比較・依存関係_HTV11-18/HTV11_RESULTS_FOR_REVIEW.zip.sha256	HTV	95	9d988dd43651bc65db6efef952e15c66f82989009bc1f5d1da0f0c2343e84cde	.sha256
01_HTV_HTS_CORE_DEPENDENCY_AUDIT/01_HTV_フェーズ別/HTV_02_横断比較・依存関係_HTV11-18/HTV12_RESULTS_FOR_REVIEW.zip	HTV	15671	9bbf55dd7cc175e988b56e5ebcfa05d9a2a6f0fb482d2f3d13f5fb219ac64c6f	.zip
01_HTV_HTS_CORE_DEPENDENCY_AUDIT/01_HTV_フェーズ別/HTV_02_横断比較・依存関係_HTV11-18/HTV12_RESULTS_FOR_REVIEW.zip.sha256	HTV	95	5289060544dcf469d4ecf6d3a74f5e04e89f8bec6d5586d401fd99d26704fc20	.sha256
01_HTV_HTS_CORE_DEPENDENCY_AUDIT/01_HTV_フェーズ別/HTV_02_横断比較・依存関係_HTV11-18/HTV13_RESULTS_FOR_REVIEW.zip	HTV	15828	11ce842295d657ceab91f6c7dfa3e5a530f705c2a14aa878749e23f77e17e09f	.zip
01_HTV_HTS_CORE_DEPENDENCY_AUDIT/01_HTV_フェーズ別/HTV_02_横断比較・依存関係_HTV11-18/HTV13_RESULTS_FOR_REVIEW.zip.sha256	HTV	95	91de0c442e51358a59bfb7ed320ce69ec91198ce6b9b21f9d0a0f56107206d9d	.sha256
01_HTV_HTS_CORE_DEPENDENCY_AUDIT/01_HTV_フェーズ別/HTV_02_横断比較・依存関係_HTV11-18/HTV14_RESULTS_FOR_REVIEW.zip	HTV	13112	6b0a2d19afcbd54302eb3194ec912dba4c1f0b692258e30abb85151e2ed4c663	.zip
01_HTV_HTS_CORE_DEPENDENCY_AUDIT/01_HTV_フェーズ別/HTV_02_横断比較・依存関係_HTV11-18/HTV14_RESULTS_FOR_REVIEW.zip.sha256	HTV	95	0d0ece66544c854943c3dd5c022859e63c1a032ff2dcb5fec5716e2f9062f23d	.sha256
01_HTV_HTS_CORE_DEPENDENCY_AUDIT/01_HTV_フェーズ別/HTV_02_横断比較・依存関係_HTV11-18/HTV15_RESULTS_FOR_REVIEW.zip	HTV	14075	c787581f056c66ec36f40bea036cea82d47aae18b38f1b00337d69fb40cebc88	.zip
01_HTV_HTS_CORE_DEPENDENCY_AUDIT/01_HTV_フェーズ別/HTV_02_横断比較・依存関係_HTV11-18/HTV15_RESULTS_FOR_REVIEW.zip.sha256	HTV	95	131a48e7d4deb41b14a28ad5965f3fe76322652bcbb0a9eeea716820549c1aa1	.sha256
01_HTV_HTS_CORE_DEPENDENCY_AUDIT/01_HTV_フェーズ別/HTV_02_横断比較・依存関係_HTV11-18/HTV16_RESULTS_FOR_REVIEW.zip	HTV	17667	e3360d31bb65119249575e6c724e5efe4bd3149cffd453b4949f20ab5c9e59c0	.zip
01_HTV_HTS_CORE_DEPENDENCY_AUDIT/01_HTV_フェーズ別/HTV_02_横断比較・依存関係_HTV11-18/HTV16_RESULTS_FOR_REVIEW.zip.sha256	HTV	95	3270dc95eee9b4043f30b70e0492384d49338f9ff94b41b50ba4c3fdc13ab098	.sha256
01_HTV_HTS_CORE_DEPENDENCY_AUDIT/01_HTV_フェーズ別/HTV_02_横断比較・依存関係_HTV11-18/HTV17_RESULTS_FOR_REVIEW.zip	HTV	22620	3aa851d9e47125ab4e250996f79f6dbbc4e78a978ced657257a93f75d98e8384	.zip
01_HTV_HTS_CORE_DEPENDENCY_AUDIT/01_HTV_フェーズ別/HTV_02_横断比較・依存関係_HTV11-18/HTV17_RESULTS_FOR_REVIEW.zip.sha256	HTV	95	1c753a2c5cf03579f35bd1cee9f918a25a3ca7587eb24ef12a0f5bdf3c361cef	.sha256
01_HTV_HTS_CORE_DEPENDENCY_AUDIT/01_HTV_フェーズ別/HTV_02_横断比較・依存関係_HTV11-18/HTV18_RESULTS_FOR_REVIEW.zip	HTV	14933	fa70ac780549d955550f418a38cefbbf6587c92d7b1ca42b4ba559127f60a18e	.zip
01_HTV_HTS_CORE_DEPENDENCY_AUDIT/01_HTV_フェーズ別/HTV_02_横断比較・依存関係_HTV11-18/HTV18_RESULTS_FOR_REVIEW.zip.sha256	HTV	95	f36a182a637fd32bacacb3619ba1e6bdc355eda800f86e90bc82d92832c7f057	.sha256
01_HTV_HTS_CORE_DEPENDENCY_AUDIT/01_HTV_フェーズ別/HTV_03_局所距離梯子・SN較正・BBC_HTV19-31/HTV19_RESULTS_FOR_REVIEW.zip	HTV	14864	6c0e263a9a2b77e8002272957bc1c4d0e929a04c86f67a32484d72713b872de2	.zip
01_HTV_HTS_CORE_DEPENDENCY_AUDIT/01_HTV_フェーズ別/HTV_03_局所距離梯子・SN較正・BBC_HTV19-31/HTV19_RESULTS_FOR_REVIEW.zip.sha256	HTV	95	275f1885ab05150c507db8c18216dccdea4acfd18228129732fc7b2069144212	.sha256
01_HTV_HTS_CORE_DEPENDENCY_AUDIT/01_HTV_フェーズ別/HTV_03_局所距離梯子・SN較正・BBC_HTV19-31/HTV20_RESULTS_FOR_REVIEW.zip	HTV	14976	0d85bc8c772d07e51273f100753c2d4d37489433a8244ab50384442a85f6a910	.zip
01_HTV_HTS_CORE_DEPENDENCY_AUDIT/01_HTV_フェーズ別/HTV_03_局所距離梯子・SN較正・BBC_HTV19-31/HTV20_RESULTS_FOR_REVIEW.zip.sha256	HTV	95	403ae53ffcefa9493d3cab008740388ce7a6f64a917141535dfddc164bb3140f	.sha256
01_HTV_HTS_CORE_DEPENDENCY_AUDIT/01_HTV_フェーズ別/HTV_03_局所距離梯子・SN較正・BBC_HTV19-31/HTV21_RESULTS_FOR_REVIEW.zip	HTV	18972	9bac87adae8ff684d2ec38924caba158fd67cc847ed8db06427507dc9c1f2672	.zip
01_HTV_HTS_CORE_DEPENDENCY_AUDIT/01_HTV_フェーズ別/HTV_03_局所距離梯子・SN較正・BBC_HTV19-31/HTV21_RESULTS_FOR_REVIEW.zip.sha256	HTV	95	a571b88ce03db7ff25ff149f7f8292f7e8bed32115c5f5c0bb2516b5649591aa	.sha256
01_HTV_HTS_CORE_DEPENDENCY_AUDIT/01_HTV_フェーズ別/HTV_03_局所距離梯子・SN較正・BBC_HTV19-31/HTV22_RESULTS_FOR_REVIEW.zip	HTV	13758	8407081440ff6b013b5b9cfa35e27a03f8e9769c47060042c0155d8ba93fca59	.zip
01_HTV_HTS_CORE_DEPENDENCY_AUDIT/01_HTV_フェーズ別/HTV_03_局所距離梯子・SN較正・BBC_HTV19-31/HTV22_RESULTS_FOR_REVIEW.zip.sha256	HTV	95	84394094a1fbe6d19cbd2935a89430c895d64d32559750e42b0c33ddc9f37431	.sha256
01_HTV_HTS_CORE_DEPENDENCY_AUDIT/01_HTV_フェーズ別/HTV_03_局所距離梯子・SN較正・BBC_HTV19-31/HTV23_RESULTS_FOR_REVIEW.zip	HTV	14521	e863fc735d6e1245c3109b9e28053de6604b99205b03e8501f6831df62ef7192	.zip
01_HTV_HTS_CORE_DEPENDENCY_AUDIT/01_HTV_フェーズ別/HTV_03_局所距離梯子・SN較正・BBC_HTV19-31/HTV23_RESULTS_FOR_REVIEW.zip.sha256	HTV	95	98309177ee919c35643ef36c404a67d4088819d95fbd3f47af274e56d742a947	.sha256
01_HTV_HTS_CORE_DEPENDENCY_AUDIT/01_HTV_フェーズ別/HTV_03_局所距離梯子・SN較正・BBC_HTV19-31/HTV24_RESULTS_FOR_REVIEW.zip	HTV	15109	d9dde2ce6ae2d23d2644e588989696fc8a5c673e1009cc1456ec8db0b7e2981c	.zip
01_HTV_HTS_CORE_DEPENDENCY_AUDIT/01_HTV_フェーズ別/HTV_03_局所距離梯子・SN較正・BBC_HTV19-31/HTV24_RESULTS_FOR_REVIEW.zip.sha256	HTV	95	2f8873fb3840500824ceed89121de1945e5f7a70e511e729fec39fa5c3a4ce58	.sha256
01_HTV_HTS_CORE_DEPENDENCY_AUDIT/01_HTV_フェーズ別/HTV_03_局所距離梯子・SN較正・BBC_HTV19-31/HTV25_RESULTS_FOR_REVIEW.zip	HTV	15541	9d6d8521649e4fe778bfde08a56d8dc2d0af812b831bb59b1f3151de7edd6f63	.zip
01_HTV_HTS_CORE_DEPENDENCY_AUDIT/01_HTV_フェーズ別/HTV_03_局所距離梯子・SN較正・BBC_HTV19-31/HTV25_RESULTS_FOR_REVIEW.zip.sha256	HTV	95	aeee484aa36852129c0fbf2674ef59cdd1c76af3918f3fe4d93d5608af793ffb	.sha256
01_HTV_HTS_CORE_DEPENDENCY_AUDIT/01_HTV_フェーズ別/HTV_03_局所距離梯子・SN較正・BBC_HTV19-31/HTV26_RESULTS_FOR_REVIEW.zip	HTV	39905	12e030a26116c0a20e4298621e2e313eb66c750dfa3562968effaa600bbee45c	.zip
01_HTV_HTS_CORE_DEPENDENCY_AUDIT/01_HTV_フェーズ別/HTV_03_局所距離梯子・SN較正・BBC_HTV19-31/HTV26_RESULTS_FOR_REVIEW.zip.sha256	HTV	95	1a621e9594c36ef927a2b7d07c97aa28cb14adf85afcc7424265de855f849696	.sha256
01_HTV_HTS_CORE_DEPENDENCY_AUDIT/01_HTV_フェーズ別/HTV_03_局所距離梯子・SN較正・BBC_HTV19-31/HTV27_RESULTS_FOR_REVIEW.zip	HTV	16911	05b9e2642848c3b171d6cd2a9a8f552c40833d8fc7cfb864c48ccf8b1df030c0	.zip
01_HTV_HTS_CORE_DEPENDENCY_AUDIT/01_HTV_フェーズ別/HTV_03_局所距離梯子・SN較正・BBC_HTV19-31/HTV27_RESULTS_FOR_REVIEW.zip.sha256	HTV	95	bf4bf2001d2b41299cea1d425be84067f4aec6fd0db2d0c41e608c443649d694	.sha256
01_HTV_HTS_CORE_DEPENDENCY_AUDIT/01_HTV_フェーズ別/HTV_03_局所距離梯子・SN較正・BBC_HTV19-31/HTV28_RESULTS_FOR_REVIEW.zip	HTV	15576	17e573c6af49a449d107c471541bb042d97303032d7fda215dc365c845aea172	.zip
01_HTV_HTS_CORE_DEPENDENCY_AUDIT/01_HTV_フェーズ別/HTV_03_局所距離梯子・SN較正・BBC_HTV19-31/HTV28_RESULTS_FOR_REVIEW.zip.sha256	HTV	95	f85686d0eb79252d884da56d11fc3c7c6b730eb715e14ae08980847794685386	.sha256
01_HTV_HTS_CORE_DEPENDENCY_AUDIT/01_HTV_フェーズ別/HTV_03_局所距離梯子・SN較正・BBC_HTV19-31/HTV29_RESULTS_FOR_REVIEW.zip	HTV	32147	60b11e50a36792e83661fea9c84f7af7ec72467a8507f36a1a5934c9c437d857	.zip
01_HTV_HTS_CORE_DEPENDENCY_AUDIT/01_HTV_フェーズ別/HTV_03_局所距離梯子・SN較正・BBC_HTV19-31/HTV29_RESULTS_FOR_REVIEW.zip.sha256	HTV	95	c40cdffaf34a78d605e6295451ab906721e301953eb19bf9d2b22b2ff2977b2c	.sha256
01_HTV_HTS_CORE_DEPENDENCY_AUDIT/01_HTV_フェーズ別/HTV_03_局所距離梯子・SN較正・BBC_HTV19-31/HTV30_RESULTS_FOR_REVIEW.zip	HTV	13515	73e79210e6166130b853fe13693afefcc8e81995b4efcd21366b3e747d43fe78	.zip
01_HTV_HTS_CORE_DEPENDENCY_AUDIT/01_HTV_フェーズ別/HTV_03_局所距離梯子・SN較正・BBC_HTV19-31/HTV30_RESULTS_FOR_REVIEW.zip.sha256	HTV	95	cb0699f200f8d5a6cb32c5c8786ea43f8f0627370368c02967b7e02c7e94fa48	.sha256
01_HTV_HTS_CORE_DEPENDENCY_AUDIT/01_HTV_フェーズ別/HTV_03_局所距離梯子・SN較正・BBC_HTV19-31/HTV31_RESULTS_FOR_REVIEW.zip	HTV	15030	554c9f8d4680298ab7e95e5178c96908e5d9c438f87320c07836dbde4c9406ac	.zip
01_HTV_HTS_CORE_DEPENDENCY_AUDIT/01_HTV_フェーズ別/HTV_03_局所距離梯子・SN較正・BBC_HTV19-31/HTV31_RESULTS_FOR_REVIEW.zip.sha256	HTV	95	038ac79e2deb0159930acb2603c636fba8cb4be13b84f2122a605057b442cf50	.sha256
01_HTV_HTS_CORE_DEPENDENCY_AUDIT/01_HTV_フェーズ別/HTV_04_CMB-DESI基礎・CMB-SPA_HTV32-36/HTV32_RESULTS_FOR_REVIEW.zip	HTV	17115	4a2eabb905b0793973db27f90545312e764cc2ef43900244499b5e174cb2de46	.zip
01_HTV_HTS_CORE_DEPENDENCY_AUDIT/01_HTV_フェーズ別/HTV_04_CMB-DESI基礎・CMB-SPA_HTV32-36/HTV32_RESULTS_FOR_REVIEW.zip.sha256	HTV	95	8293f0528bf96444ba9f8661213ed796aa7f49addcf2afcd2865881a96a009a3	.sha256
01_HTV_HTS_CORE_DEPENDENCY_AUDIT/01_HTV_フェーズ別/HTV_04_CMB-DESI基礎・CMB-SPA_HTV32-36/HTV33_INDEPENDENT_ACCEPTANCE_AUDIT.md	HTV	2569	26ac1dd6d3a90f2924992ca2829a63e56a35c151ec42663316cc213c17910cc8	.md
01_HTV_HTS_CORE_DEPENDENCY_AUDIT/01_HTV_フェーズ別/HTV_04_CMB-DESI基礎・CMB-SPA_HTV32-36/HTV33_INDEPENDENT_ACCEPTANCE_AUDIT.md.sha256	HTV	104	8dcf923f8d939096455d05eab77252bf2c60682e7968e8b3bac038297ce868f0	.sha256
01_HTV_HTS_CORE_DEPENDENCY_AUDIT/01_HTV_フェーズ別/HTV_04_CMB-DESI基礎・CMB-SPA_HTV32-36/HTV33_RESULTS_FOR_REVIEW.zip	HTV	20314	319d89ae300ddb9edc8518d7dbf0e841836944a573198e4d682007101c088acf	.zip
01_HTV_HTS_CORE_DEPENDENCY_AUDIT/01_HTV_フェーズ別/HTV_04_CMB-DESI基礎・CMB-SPA_HTV32-36/HTV33_RESULTS_FOR_REVIEW.zip.sha256	HTV	95	9f70f1669dfcf14eeff8ecf936bab0fe53f1c34e527c66d51defd4d0ca2db56c	.sha256
01_HTV_HTS_CORE_DEPENDENCY_AUDIT/01_HTV_フェーズ別/HTV_04_CMB-DESI基礎・CMB-SPA_HTV32-36/HTV34_CHAIN_ACQUISITION_ADDENDUM.md	HTV	2825	57dc3011efb15bbb086a79d5cb2f400bc702c01bf351ff499927acc1ed0939dd	.md
01_HTV_HTS_CORE_DEPENDENCY_AUDIT/01_HTV_フェーズ別/HTV_04_CMB-DESI基礎・CMB-SPA_HTV32-36/HTV34_CHAIN_ACQUISITION_ADDENDUM.md.sha256	HTV	102	1ba3e10637d1065e74cd26473fcf7fbcae14324c44001f86ad54a24f685d1cba	.sha256
01_HTV_HTS_CORE_DEPENDENCY_AUDIT/01_HTV_フェーズ別/HTV_04_CMB-DESI基礎・CMB-SPA_HTV32-36/HTV34_EXECUTION_REPORT.md	HTV	4056	223f46e6c8f7a11806cec7989d621cf01a77d153ac3d82ef7d1ffbd116e4cdf6	.md
01_HTV_HTS_CORE_DEPENDENCY_AUDIT/01_HTV_フェーズ別/HTV_04_CMB-DESI基礎・CMB-SPA_HTV32-36/HTV34_RESULTS_FOR_REVIEW.zip	HTV	22887	1c377837271c74ee559699980f3461174fc8c9ce771a15aa8ff8ca17a44bc386	.zip
01_HTV_HTS_CORE_DEPENDENCY_AUDIT/01_HTV_フェーズ別/HTV_04_CMB-DESI基礎・CMB-SPA_HTV32-36/HTV34_RESULTS_FOR_REVIEW.zip.sha256	HTV	95	438286609cf2012cbea44ea672513fcb84e60a01f5ab8fd64f94f988ec542e79	.sha256
01_HTV_HTS_CORE_DEPENDENCY_AUDIT/01_HTV_フェーズ別/HTV_04_CMB-DESI基礎・CMB-SPA_HTV32-36/HTV35_EXECUTION_REPORT.md	HTV	4692	24419b9aa8c53344a183adf5359ebbb88946d9a6f1735e52d7156d23dcaf4445	.md
01_HTV_HTS_CORE_DEPENDENCY_AUDIT/01_HTV_フェーズ別/HTV_04_CMB-DESI基礎・CMB-SPA_HTV32-36/HTV35_RESULTS_FOR_REVIEW.zip	HTV	17618	f31acca31bf92bfe8eff3ab3c64611f99efd7d9168de678bf6e8ccc29a25f662	.zip
01_HTV_HTS_CORE_DEPENDENCY_AUDIT/01_HTV_フェーズ別/HTV_04_CMB-DESI基礎・CMB-SPA_HTV32-36/HTV35_RESULTS_FOR_REVIEW.zip.sha256	HTV	95	4ff49d56adf34c547488de7fcd9364b4e3fe0cf3db8b23570de8006945a4b43f	.sha256
01_HTV_HTS_CORE_DEPENDENCY_AUDIT/01_HTV_フェーズ別/HTV_04_CMB-DESI基礎・CMB-SPA_HTV32-36/HTV36_ACQUISITION_OUTPUTS_FOR_REVIEW.zip	HTV	757105	20d683e80ed25f15fee02d35585219c18f6239dfe18a7148a7dfb0dec1835b4f	.zip
01_HTV_HTS_CORE_DEPENDENCY_AUDIT/01_HTV_フェーズ別/HTV_04_CMB-DESI基礎・CMB-SPA_HTV32-36/HTV36_ACQUISITION_OUTPUTS_FOR_REVIEW.zip.sha256	HTV	107	26cf54aa401ac459b6cebed413e9f7ef80849ee3e840e72c20c44cb73b6d8869	.sha256
01_HTV_HTS_CORE_DEPENDENCY_AUDIT/01_HTV_フェーズ別/HTV_04_CMB-DESI基礎・CMB-SPA_HTV32-36/HTV36_EXECUTION_REPORT.md	HTV	2615	f9bf01d4e4073f1975be973a37784a52c61c18cb76c1fcd901ed947aed5fe691	.md
01_HTV_HTS_CORE_DEPENDENCY_AUDIT/01_HTV_フェーズ別/HTV_04_CMB-DESI基礎・CMB-SPA_HTV32-36/HTV36_RESULTS_FOR_REVIEW.zip	HTV	34936	991389cf819c2e489683a1dc9f8fa83f7e6f5ff8774736e420d618b18d0bb8b1	.zip
01_HTV_HTS_CORE_DEPENDENCY_AUDIT/01_HTV_フェーズ別/HTV_04_CMB-DESI基礎・CMB-SPA_HTV32-36/HTV36_RESULTS_FOR_REVIEW.zip.sha256	HTV	95	421dbed1f19767cc6063f1ddb7787e9171293493496589287e8ac45f1f61f8a7	.sha256
01_HTV_HTS_CORE_DEPENDENCY_AUDIT/01_HTV_フェーズ別/HTV_04_CMB-DESI基礎・CMB-SPA_HTV32-36/HTV36_RUN_PACKAGE.zip	HTV	6208	1f61fbd1b2c8cf7804dc34c2c7edf3efb04917b07b805f530ea9a9428695f68a	.zip
01_HTV_HTS_CORE_DEPENDENCY_AUDIT/01_HTV_フェーズ別/HTV_04_CMB-DESI基礎・CMB-SPA_HTV32-36/HTV36_RUN_PACKAGE.zip.sha256	HTV	88	1ffe65738efed946f97e5334ad07acc2da0c4fdb9be06f40c272a48074472c76	.sha256
01_HTV_HTS_CORE_DEPENDENCY_AUDIT/01_HTV_フェーズ別/HTV_05_tau_prior・CMB-SPA応答_HTV37-45/HTV37_INDEPENDENT_ACCEPTANCE_AUDIT.md	HTV	1344	dbdde2b1d03d2e5ade3c5eea0b972f0e91b0e49ffc6a36095a857e4b87d9c146	.md
01_HTV_HTS_CORE_DEPENDENCY_AUDIT/01_HTV_フェーズ別/HTV_05_tau_prior・CMB-SPA応答_HTV37-45/HTV37_INDEPENDENT_ACCEPTANCE_AUDIT.md.sha256	HTV	104	9b8c2c8e85528d0d3b461fa3c28221702dbf6b8a0e12597788c555b3ee32d7cd	.sha256
01_HTV_HTS_CORE_DEPENDENCY_AUDIT/01_HTV_フェーズ別/HTV_05_tau_prior・CMB-SPA応答_HTV37-45/HTV37_RESULTS_FOR_REVIEW.zip	HTV	19593	dfc7a4f78297de81129fb3daf0a371ee046b78876e7ec174f7dac5def3dba748	.zip
01_HTV_HTS_CORE_DEPENDENCY_AUDIT/01_HTV_フェーズ別/HTV_05_tau_prior・CMB-SPA応答_HTV37-45/HTV37_RESULTS_FOR_REVIEW.zip.sha256	HTV	118	b60840d2f7b4cd474d02f70bd4c15975e480f5f4dd77792668693826dcecfe01	.sha256
01_HTV_HTS_CORE_DEPENDENCY_AUDIT/01_HTV_フェーズ別/HTV_05_tau_prior・CMB-SPA応答_HTV37-45/HTV37_RUN_PACKAGE.zip	HTV	8651	42bec8f9d3c6d493a598337280303b31eed9d5f0148d321e77b29ed4c1efe38e	.zip
01_HTV_HTS_CORE_DEPENDENCY_AUDIT/01_HTV_フェーズ別/HTV_05_tau_prior・CMB-SPA応答_HTV37-45/HTV37_RUN_PACKAGE.zip.sha256	HTV	88	d080bc8427003c153fa1a01cfca828e8e70f633014c878026cacfb95b82aca0e	.sha256
01_HTV_HTS_CORE_DEPENDENCY_AUDIT/01_HTV_フェーズ別/HTV_05_tau_prior・CMB-SPA応答_HTV37-45/HTV38_EXECUTION_REPORT.md	HTV	2394	cc9838a580e2e05e2026067c27090aa49919ccb80f4b8af61bf53c5c382e80b1	.md
01_HTV_HTS_CORE_DEPENDENCY_AUDIT/01_HTV_フェーズ別/HTV_05_tau_prior・CMB-SPA応答_HTV37-45/HTV38_RESULTS_FOR_REVIEW.zip	HTV	16712	bf884a31850dba235dbad25a5834fb96f40e5f6ef7318a2bc7fc40027736a5f8	.zip
01_HTV_HTS_CORE_DEPENDENCY_AUDIT/01_HTV_フェーズ別/HTV_05_tau_prior・CMB-SPA応答_HTV37-45/HTV38_RESULTS_FOR_REVIEW.zip.sha256	HTV	95	8917d7dc1e2f90a926e508552893450d895fb35eb061558b3a4f94a15da1a3cc	.sha256
01_HTV_HTS_CORE_DEPENDENCY_AUDIT/01_HTV_フェーズ別/HTV_05_tau_prior・CMB-SPA応答_HTV37-45/HTV39_INDEPENDENT_ACCEPTANCE_AUDIT.md	HTV	1844	1eee8a1397cfb4da385c7872e36924fd41e263b4547b1cb2a0288b93f5992994	.md
01_HTV_HTS_CORE_DEPENDENCY_AUDIT/01_HTV_フェーズ別/HTV_05_tau_prior・CMB-SPA応答_HTV37-45/HTV39_INDEPENDENT_ACCEPTANCE_AUDIT.md.sha256	HTV	104	60f9d2d5f5ef890677615e7c71993a1b1752bab16ab3b1972509569755bccc3c	.sha256
01_HTV_HTS_CORE_DEPENDENCY_AUDIT/01_HTV_フェーズ別/HTV_05_tau_prior・CMB-SPA応答_HTV37-45/HTV39_RESULTS_FOR_REVIEW.zip	HTV	26473	f2c480251bf4243d1984fd28e737e6175399712c8c7739709d62ec3d747690a9	.zip
01_HTV_HTS_CORE_DEPENDENCY_AUDIT/01_HTV_フェーズ別/HTV_05_tau_prior・CMB-SPA応答_HTV37-45/HTV39_RESULTS_FOR_REVIEW.zip.sha256	HTV	118	198308d7dc4635f6f66d2298e1c2789a92478ee101111b5d81b4a9b989351dc3	.sha256
01_HTV_HTS_CORE_DEPENDENCY_AUDIT/01_HTV_フェーズ別/HTV_05_tau_prior・CMB-SPA応答_HTV37-45/HTV39_RUN_PACKAGE.zip	HTV	11625	575cf310e0a13495f1c33c6a6ebc6dc4de11292cb6417fcc66bd72c22a7ce404	.zip
01_HTV_HTS_CORE_DEPENDENCY_AUDIT/01_HTV_フェーズ別/HTV_05_tau_prior・CMB-SPA応答_HTV37-45/HTV39_RUN_PACKAGE.zip.sha256	HTV	88	011fad075221090161145c13c17ea042e6e18588ad4390acdb1eaf312f4acad2	.sha256
01_HTV_HTS_CORE_DEPENDENCY_AUDIT/01_HTV_フェーズ別/HTV_05_tau_prior・CMB-SPA応答_HTV37-45/HTV40_EXECUTION_REPORT.md	HTV	2966	697f30e115b8ac2b8b64940f2bc9ce7a9f694ef1d393595c8abed5b0a16bbe3a	.md
01_HTV_HTS_CORE_DEPENDENCY_AUDIT/01_HTV_フェーズ別/HTV_05_tau_prior・CMB-SPA応答_HTV37-45/HTV40_RESULTS_FOR_REVIEW.zip	HTV	22438	cbc1ba911c40d4b52fe1c2177b98d6f068e81213f0a798e171678bf76f49579b	.zip
01_HTV_HTS_CORE_DEPENDENCY_AUDIT/01_HTV_フェーズ別/HTV_05_tau_prior・CMB-SPA応答_HTV37-45/HTV40_RESULTS_FOR_REVIEW.zip.sha256	HTV	95	b579b6cadc9249d208ef092f40083d55cfdbc16ba98da467ec57071393895bac	.sha256
01_HTV_HTS_CORE_DEPENDENCY_AUDIT/01_HTV_フェーズ別/HTV_05_tau_prior・CMB-SPA応答_HTV37-45/HTV41_INDEPENDENT_ACCEPTANCE_AUDIT.md	HTV	1907	f20658f51e138ff575ee040226a26ff4cc96369cb3d769e5f0a6c34f2439de78	.md
01_HTV_HTS_CORE_DEPENDENCY_AUDIT/01_HTV_フェーズ別/HTV_05_tau_prior・CMB-SPA応答_HTV37-45/HTV41_INDEPENDENT_ACCEPTANCE_AUDIT.md.sha256	HTV	104	23a2f18898d2ff3a4705423e85b4f2130a2998401cdeb97afac2c709cad4c901	.sha256
01_HTV_HTS_CORE_DEPENDENCY_AUDIT/01_HTV_フェーズ別/HTV_05_tau_prior・CMB-SPA応答_HTV37-45/HTV41_RESULTS_FOR_REVIEW.zip	HTV	12552886	30079972e40a71f208aa0ef1bcf1e135b2b31d85db69ddbbd0a8644358377b20	.zip
01_HTV_HTS_CORE_DEPENDENCY_AUDIT/01_HTV_フェーズ別/HTV_05_tau_prior・CMB-SPA応答_HTV37-45/HTV41_RESULTS_FOR_REVIEW.zip.sha256	HTV	118	47c07c61d7999d69340ddfe8ae6d0abb251014abe7c997eaf4c489afaeb905ec	.sha256
01_HTV_HTS_CORE_DEPENDENCY_AUDIT/01_HTV_フェーズ別/HTV_05_tau_prior・CMB-SPA応答_HTV37-45/HTV41_RUN_PACKAGE.zip	HTV	12213	ec715cd499a0297927db539d45fa916d4cb09a5acdd66799b0c50e8dc60819b9	.zip
01_HTV_HTS_CORE_DEPENDENCY_AUDIT/01_HTV_フェーズ別/HTV_05_tau_prior・CMB-SPA応答_HTV37-45/HTV41_RUN_PACKAGE.zip.sha256	HTV	88	234fc707b6eb786eaed73d45c022387ef2c22815389704492abc2024525bd4ff	.sha256
01_HTV_HTS_CORE_DEPENDENCY_AUDIT/01_HTV_フェーズ別/HTV_05_tau_prior・CMB-SPA応答_HTV37-45/HTV42_EXECUTION_REPORT.md	HTV	3030	eacdc5182267dcb72fa93fa03d44afb3848bfa2e7c364847b2cf8b24708015aa	.md
01_HTV_HTS_CORE_DEPENDENCY_AUDIT/01_HTV_フェーズ別/HTV_05_tau_prior・CMB-SPA応答_HTV37-45/HTV42_RESULTS_FOR_REVIEW.zip	HTV	7876920	7d845f19b9b1298c106d7fc6afdb0104df754d0c1cf4f66d8f4d933d8e6260a6	.zip
01_HTV_HTS_CORE_DEPENDENCY_AUDIT/01_HTV_フェーズ別/HTV_05_tau_prior・CMB-SPA応答_HTV37-45/HTV42_RESULTS_FOR_REVIEW.zip.sha256	HTV	95	b9b2c10b4ee5f4140b2ae70699f3cb666fb8b8a3df89e30e668a377aaec2a06c	.sha256
01_HTV_HTS_CORE_DEPENDENCY_AUDIT/01_HTV_フェーズ別/HTV_05_tau_prior・CMB-SPA応答_HTV37-45/HTV43_INDEPENDENT_ACCEPTANCE_AUDIT.md	HTV	1491	b36378841527b09343e01173081f60f5d2bfa22dbb64e1b07c1c81275c45c1a2	.md
01_HTV_HTS_CORE_DEPENDENCY_AUDIT/01_HTV_フェーズ別/HTV_05_tau_prior・CMB-SPA応答_HTV37-45/HTV43_INDEPENDENT_ACCEPTANCE_AUDIT.md.sha256	HTV	104	0a490dd577248dd2d4cda389f571ecb5fd644440b3ca3ec9a0b0c410765b0f04	.sha256
01_HTV_HTS_CORE_DEPENDENCY_AUDIT/01_HTV_フェーズ別/HTV_05_tau_prior・CMB-SPA応答_HTV37-45/HTV43_RESULTS_FOR_REVIEW.zip	HTV	11585	4fc08c8c0179b96b769c6b16b4ce40babad7d0ef5f0d9870ba9592cc146963c3	.zip
01_HTV_HTS_CORE_DEPENDENCY_AUDIT/01_HTV_フェーズ別/HTV_05_tau_prior・CMB-SPA応答_HTV37-45/HTV43_RESULTS_FOR_REVIEW.zip.sha256	HTV	118	7c4d3e1dc79a2e5028aa393c13b5fc1410fc6aee5f1c4ee27aac43a8d859fc55	.sha256
01_HTV_HTS_CORE_DEPENDENCY_AUDIT/01_HTV_フェーズ別/HTV_05_tau_prior・CMB-SPA応答_HTV37-45/HTV43_RUN_PACKAGE.zip	HTV	13120	93a2a5f5150fe3444d5eaf706f2f8338ac919810767d9951d110bfcdce387a09	.zip
01_HTV_HTS_CORE_DEPENDENCY_AUDIT/01_HTV_フェーズ別/HTV_05_tau_prior・CMB-SPA応答_HTV37-45/HTV43_RUN_PACKAGE.zip.sha256	HTV	88	56222336da4a3e81563133d325241b4e4ebc68d1e8f77205edd80dea04eaf924	.sha256
01_HTV_HTS_CORE_DEPENDENCY_AUDIT/01_HTV_フェーズ別/HTV_05_tau_prior・CMB-SPA応答_HTV37-45/HTV44_EXECUTION_REPORT.md	HTV	2950	c16088ad129fcedb3df1a82b5e4c87800a181d2da5344b9e891ab7fa3bd8bc3f	.md
01_HTV_HTS_CORE_DEPENDENCY_AUDIT/01_HTV_フェーズ別/HTV_05_tau_prior・CMB-SPA応答_HTV37-45/HTV44_RESULTS_FOR_REVIEW.zip	HTV	7829979	e489d72f285b1dc1e361bd9cceac34dd0279bd20de51e8e6ddc4dfad69e6c612	.zip
01_HTV_HTS_CORE_DEPENDENCY_AUDIT/01_HTV_フェーズ別/HTV_05_tau_prior・CMB-SPA応答_HTV37-45/HTV44_RESULTS_FOR_REVIEW.zip.sha256	HTV	95	1cae2eee6969d855aeb1f90db6407cca88c26975edefe2f7716aec3d1332b827	.sha256
01_HTV_HTS_CORE_DEPENDENCY_AUDIT/01_HTV_フェーズ別/HTV_05_tau_prior・CMB-SPA応答_HTV37-45/HTV45_INDEPENDENT_ACCEPTANCE_AUDIT.md	HTV	2564	98810e612a6a7b83bab61f7a56134a3dbcc15c3832c8c306083d6f309919a2e2	.md
01_HTV_HTS_CORE_DEPENDENCY_AUDIT/01_HTV_フェーズ別/HTV_05_tau_prior・CMB-SPA応答_HTV37-45/HTV45_INDEPENDENT_ACCEPTANCE_AUDIT.md.sha256	HTV	104	ddcb338ca92ab760e552bf3120e99231baf0b925576416730ab95ea010e65066	.sha256
01_HTV_HTS_CORE_DEPENDENCY_AUDIT/01_HTV_フェーズ別/HTV_05_tau_prior・CMB-SPA応答_HTV37-45/HTV45_RESULTS_FOR_REVIEW.zip	HTV	10713	ede26ef54392ecfc9681fc945e7f90d290b0632ed635b93a07495255b3a041a9	.zip
01_HTV_HTS_CORE_DEPENDENCY_AUDIT/01_HTV_フェーズ別/HTV_05_tau_prior・CMB-SPA応答_HTV37-45/HTV45_RESULTS_FOR_REVIEW.zip.sha256	HTV	118	843c2af49c67a5b987b9838aad515a25f75f6826ef0c0e2e01de476b1f2a861b	.sha256
01_HTV_HTS_CORE_DEPENDENCY_AUDIT/01_HTV_フェーズ別/HTV_05_tau_prior・CMB-SPA応答_HTV37-45/HTV45_RUN_PACKAGE.zip	HTV	12981	f56a21a0237df820019814844e522e3d6951d13feabdacd3ad30ae98c95f6437	.zip
01_HTV_HTS_CORE_DEPENDENCY_AUDIT/01_HTV_フェーズ別/HTV_05_tau_prior・CMB-SPA応答_HTV37-45/HTV45_RUN_PACKAGE.zip.sha256	HTV	88	7c18d570ed88c3eed6ab28385cb1313ba046032c4af36962d9b59441f8d68512	.sha256
01_HTV_HTS_CORE_DEPENDENCY_AUDIT/01_HTV_フェーズ別/HTV_06_ACT公開chain・内部robustness_HTV46-70/HTV46_ACQUISITION_OUTPUTS_FOR_REVIEW.zip	HTV	10140	cbb6c3b9b4b391fb117728e3b5c70dcdcc368c39aeb18da08830329b31e857e6	.zip
01_HTV_HTS_CORE_DEPENDENCY_AUDIT/01_HTV_フェーズ別/HTV_06_ACT公開chain・内部robustness_HTV46-70/HTV46_ACQUISITION_OUTPUTS_FOR_REVIEW.zip.sha256	HTV	130	60c0c2d2eb2aeaba5cf2819998aa97edb39b910e8f835f8d0d304ce0ba02d52d	.sha256
01_HTV_HTS_CORE_DEPENDENCY_AUDIT/01_HTV_フェーズ別/HTV_06_ACT公開chain・内部robustness_HTV46-70/HTV46_INDEPENDENT_ACCEPTANCE_AUDIT.md	HTV	1676	2a759af881a3653bcdde9a9a8346692c357f8d3752b8828cb3eacdc68788236d	.md
01_HTV_HTS_CORE_DEPENDENCY_AUDIT/01_HTV_フェーズ別/HTV_06_ACT公開chain・内部robustness_HTV46-70/HTV46_INDEPENDENT_ACCEPTANCE_AUDIT.md.sha256	HTV	104	58cc8ee11abe620c8b4c3c93148bb39183cedcee12428b8ce325ca4a9320dfb1	.sha256
01_HTV_HTS_CORE_DEPENDENCY_AUDIT/01_HTV_フェーズ別/HTV_06_ACT公開chain・内部robustness_HTV46-70/HTV46_RUN_PACKAGE.zip	HTV	7992	db1690ff366177984247204f43f901b93144e7d36c70151f3e0c440ae4a41108	.zip
01_HTV_HTS_CORE_DEPENDENCY_AUDIT/01_HTV_フェーズ別/HTV_06_ACT公開chain・内部robustness_HTV46-70/HTV46_RUN_PACKAGE.zip.sha256	HTV	88	d5fa77f097c9cca39d5fa7ccd2bec2c07fc4bfecc98f4357ece357d80aa4979f	.sha256
01_HTV_HTS_CORE_DEPENDENCY_AUDIT/01_HTV_フェーズ別/HTV_06_ACT公開chain・内部robustness_HTV46-70/HTV47_CORR_RUN_PACKAGE.zip	HTV	21828	3422846d7cf590b71b3723a8b2be2ffb8c8c59a4507ff563a0f49a66a0409492	.zip
01_HTV_HTS_CORE_DEPENDENCY_AUDIT/01_HTV_フェーズ別/HTV_06_ACT公開chain・内部robustness_HTV46-70/HTV47_CORR_RUN_PACKAGE.zip.sha256	HTV	103	40153fd134de4d11a06da8c674b96fff75124b00f1aff738b113713467cbf1a9	.sha256
01_HTV_HTS_CORE_DEPENDENCY_AUDIT/01_HTV_フェーズ別/HTV_06_ACT公開chain・内部robustness_HTV46-70/HTV47_INDEPENDENT_ACCEPTANCE_AUDIT.md	HTV	1752	9661f6228faf64e5df1f1ab98bb05975b92860c2b685569ed23eb559336991e1	.md
01_HTV_HTS_CORE_DEPENDENCY_AUDIT/01_HTV_フェーズ別/HTV_06_ACT公開chain・内部robustness_HTV46-70/HTV47_INDEPENDENT_ACCEPTANCE_AUDIT.md.sha256	HTV	104	6790d2b6281173ea2139a73dae25ffbabff7834080efb7218687f254ace96f5a	.sha256
01_HTV_HTS_CORE_DEPENDENCY_AUDIT/01_HTV_フェーズ別/HTV_06_ACT公開chain・内部robustness_HTV46-70/HTV47_RESULTS_FOR_REVIEW.zip	HTV	475777	b20fa3e93bd52775173558a6671983fa3c73f56a6231504821afce83df495aad	.zip
01_HTV_HTS_CORE_DEPENDENCY_AUDIT/01_HTV_フェーズ別/HTV_06_ACT公開chain・内部robustness_HTV46-70/HTV47_RESULTS_FOR_REVIEW.zip.sha256	HTV	118	08ffb04216beb745e34ce1caa6723367a5e5cd63290c9023332ad1256203d20e	.sha256
01_HTV_HTS_CORE_DEPENDENCY_AUDIT/01_HTV_フェーズ別/HTV_06_ACT公開chain・内部robustness_HTV46-70/HTV48_EXECUTION_REPORT.md	HTV	3160	cc83ec611b5d9e69155285a47c3ae310a15e0a52fe9fb28777583d29c0e15772	.md
01_HTV_HTS_CORE_DEPENDENCY_AUDIT/01_HTV_フェーズ別/HTV_06_ACT公開chain・内部robustness_HTV46-70/HTV48_RESULTS_FOR_REVIEW.zip	HTV	48092	5f28b62d0438674eb8a1b79c3720df9741bbc7358b7ab1d464f471f1d2bd5dc0	.zip
01_HTV_HTS_CORE_DEPENDENCY_AUDIT/01_HTV_フェーズ別/HTV_06_ACT公開chain・内部robustness_HTV46-70/HTV48_RESULTS_FOR_REVIEW.zip.sha256	HTV	95	1fe348deed9424f772123e57caa8db166392fb6157e1c291a95222dd7a784250	.sha256
01_HTV_HTS_CORE_DEPENDENCY_AUDIT/01_HTV_フェーズ別/HTV_06_ACT公開chain・内部robustness_HTV46-70/HTV49_INDEPENDENT_ACCEPTANCE_AUDIT.md	HTV	1714	0557ff5a9646198412cfb4a59f913297a4091f4d7297a43b13f07a75e3460c4d	.md
01_HTV_HTS_CORE_DEPENDENCY_AUDIT/01_HTV_フェーズ別/HTV_06_ACT公開chain・内部robustness_HTV46-70/HTV49_INDEPENDENT_ACCEPTANCE_AUDIT.md.sha256	HTV	104	4f3655ac294742a3cd02668905c4767659ac86336baf40ce64d3696d9de1beac	.sha256
01_HTV_HTS_CORE_DEPENDENCY_AUDIT/01_HTV_フェーズ別/HTV_06_ACT公開chain・内部robustness_HTV46-70/HTV49_RESULTS_FOR_REVIEW.zip	HTV	7211	7bca07681aca9da3c71c85bf2dadcbc4f00428f1070d1cade32e3e7b2f2e55c8	.zip
01_HTV_HTS_CORE_DEPENDENCY_AUDIT/01_HTV_フェーズ別/HTV_06_ACT公開chain・内部robustness_HTV46-70/HTV49_RESULTS_FOR_REVIEW.zip.sha256	HTV	118	7c2ebe68e595449b1b84d4c5cf1176fd4e201d53139a378f2c20ea3d3ad7b683	.sha256
01_HTV_HTS_CORE_DEPENDENCY_AUDIT/01_HTV_フェーズ別/HTV_06_ACT公開chain・内部robustness_HTV46-70/HTV49_RUN_PACKAGE.zip	HTV	14189	43be9964eaee257ec459fd5b3128241d57458456ceb9537001584b7365684d9c	.zip
01_HTV_HTS_CORE_DEPENDENCY_AUDIT/01_HTV_フェーズ別/HTV_06_ACT公開chain・内部robustness_HTV46-70/HTV49_RUN_PACKAGE.zip.sha256	HTV	88	35785fcc119e56b2679c963bbfbe03a2b25618ef21aa71aceeb12c91001f61ed	.sha256
01_HTV_HTS_CORE_DEPENDENCY_AUDIT/01_HTV_フェーズ別/HTV_06_ACT公開chain・内部robustness_HTV46-70/HTV50_EXECUTION_REPORT.md	HTV	1888	c78aeb0d87e8a3060188173c8681622ef5e41cbd02f1c0494714f56e3d36cb52	.md
01_HTV_HTS_CORE_DEPENDENCY_AUDIT/01_HTV_フェーズ別/HTV_06_ACT公開chain・内部robustness_HTV46-70/HTV50_RESULTS_FOR_REVIEW.zip	HTV	11910	d8a5987c8336dede2f6545b34e8438c96eb54c3a09b103cb689d470c80f0f601	.zip
01_HTV_HTS_CORE_DEPENDENCY_AUDIT/01_HTV_フェーズ別/HTV_06_ACT公開chain・内部robustness_HTV46-70/HTV50_RESULTS_FOR_REVIEW.zip.sha256	HTV	95	4adc4d5251d5ce4d18bb3d493800a00defff4c697c7610bc09ebbd01663368bf	.sha256
01_HTV_HTS_CORE_DEPENDENCY_AUDIT/01_HTV_フェーズ別/HTV_06_ACT公開chain・内部robustness_HTV46-70/HTV51_INDEPENDENT_ACCEPTANCE_AUDIT.md	HTV	2177	0b606910974f2ab8c2f262a67ea015f7445247f9500f19acd2896f8a0fd8b655	.md
01_HTV_HTS_CORE_DEPENDENCY_AUDIT/01_HTV_フェーズ別/HTV_06_ACT公開chain・内部robustness_HTV46-70/HTV51_INDEPENDENT_ACCEPTANCE_AUDIT.md.sha256	HTV	104	2b38823ac58faa3e1e915f82b16b2cd21657693bede98698782fb29ef8df1a87	.sha256
01_HTV_HTS_CORE_DEPENDENCY_AUDIT/01_HTV_フェーズ別/HTV_06_ACT公開chain・内部robustness_HTV46-70/HTV51_RESULTS_FOR_REVIEW.zip	HTV	10206	5d8ff3c5e0c293e6e9b57490ac827ba6f79fb90bdfc32ce0c1fbb0127c9fbbd9	.zip
01_HTV_HTS_CORE_DEPENDENCY_AUDIT/01_HTV_フェーズ別/HTV_06_ACT公開chain・内部robustness_HTV46-70/HTV51_RESULTS_FOR_REVIEW.zip.sha256	HTV	118	772dc8ec6f929c64a296f994ee8c883dd1abc6f33ab18da2d31fecc18ea8a06d	.sha256
01_HTV_HTS_CORE_DEPENDENCY_AUDIT/01_HTV_フェーズ別/HTV_06_ACT公開chain・内部robustness_HTV46-70/HTV51_RUN_PACKAGE.zip	HTV	15843	f92456056209b3af16a9d43238fa05cbb08d1d2558509214596c5cfa07c3026c	.zip
01_HTV_HTS_CORE_DEPENDENCY_AUDIT/01_HTV_フェーズ別/HTV_06_ACT公開chain・内部robustness_HTV46-70/HTV51_RUN_PACKAGE.zip.sha256	HTV	88	cfa9e8631e8b8ce04a70c1a4000440ab51916fc4eca551a45ecfb37fa0c31468	.sha256
01_HTV_HTS_CORE_DEPENDENCY_AUDIT/01_HTV_フェーズ別/HTV_06_ACT公開chain・内部robustness_HTV46-70/HTV52_EXECUTION_REPORT.md	HTV	3072	7ace1b28bb6a22a4fad6b9fb17f9b9472f6923be61e1c6f89a82220ca215ff93	.md
01_HTV_HTS_CORE_DEPENDENCY_AUDIT/01_HTV_フェーズ別/HTV_06_ACT公開chain・内部robustness_HTV46-70/HTV52_RESULTS_FOR_REVIEW.zip	HTV	14411	03732dd20c5e76484737602fc27ba0dad1e108dcf826509c4e81c3da7f1508d3	.zip
01_HTV_HTS_CORE_DEPENDENCY_AUDIT/01_HTV_フェーズ別/HTV_06_ACT公開chain・内部robustness_HTV46-70/HTV52_RESULTS_FOR_REVIEW.zip.sha256	HTV	95	5ed262d6bae9e6f6223b0c9fa57babf65e7463d86cc6b57fbe5799c34b2a3dda	.sha256
01_HTV_HTS_CORE_DEPENDENCY_AUDIT/01_HTV_フェーズ別/HTV_06_ACT公開chain・内部robustness_HTV46-70/HTV53_INDEPENDENT_ACCEPTANCE_AUDIT.md	HTV	2522	874a3ac5d30faefaeb2f1267c39f1eb9a53f2bcc934da0ca19d64e2bd004b930	.md
01_HTV_HTS_CORE_DEPENDENCY_AUDIT/01_HTV_フェーズ別/HTV_06_ACT公開chain・内部robustness_HTV46-70/HTV53_INDEPENDENT_ACCEPTANCE_AUDIT.md.sha256	HTV	104	6feae3b8eff62c670a748aca25c080851e71f1eee6a34c9df779a23e1a27015a	.sha256
01_HTV_HTS_CORE_DEPENDENCY_AUDIT/01_HTV_フェーズ別/HTV_06_ACT公開chain・内部robustness_HTV46-70/HTV53_RESULTS_FOR_REVIEW.zip	HTV	13132	399d03de3a5767fd75939d5ee85b2a3a2b5b3c7ed21aef800b477ff255eea00a	.zip
01_HTV_HTS_CORE_DEPENDENCY_AUDIT/01_HTV_フェーズ別/HTV_06_ACT公開chain・内部robustness_HTV46-70/HTV53_RESULTS_FOR_REVIEW.zip.sha256	HTV	118	c71960d02acb189f7b6f058b10141e3e0b5d4033b0b71b581c740fde7f93d8ff	.sha256
01_HTV_HTS_CORE_DEPENDENCY_AUDIT/01_HTV_フェーズ別/HTV_06_ACT公開chain・内部robustness_HTV46-70/HTV53_RUN_PACKAGE.zip	HTV	10900	277b6eac1b5af695875d6c0362740faec20e1801d8deb3a23f9b4052c51c32b1	.zip
01_HTV_HTS_CORE_DEPENDENCY_AUDIT/01_HTV_フェーズ別/HTV_06_ACT公開chain・内部robustness_HTV46-70/HTV53_RUN_PACKAGE.zip.sha256	HTV	88	21555814d52cd0bb0a25ce32bee30aa787e83ee52983d1e043b68ae660f0696a	.sha256
01_HTV_HTS_CORE_DEPENDENCY_AUDIT/01_HTV_フェーズ別/HTV_06_ACT公開chain・内部robustness_HTV46-70/HTV54_EXECUTION_REPORT.md	HTV	2771	b5184f1265701da562bf969e12088ba7e6a6ac5f4513084e956930a2c16a4abb	.md
01_HTV_HTS_CORE_DEPENDENCY_AUDIT/01_HTV_フェーズ別/HTV_06_ACT公開chain・内部robustness_HTV46-70/HTV54_RESULTS_FOR_REVIEW.zip	HTV	17135	9ed059e12223d22a244bf4ce7c358f8f7cc31216b86a09558b162648c7967304	.zip
01_HTV_HTS_CORE_DEPENDENCY_AUDIT/01_HTV_フェーズ別/HTV_06_ACT公開chain・内部robustness_HTV46-70/HTV54_RESULTS_FOR_REVIEW.zip.sha256	HTV	95	4a6a0799868dbccf16df25cce91b2fcce6f6d704228bf70955b8cc7f9ba18810	.sha256
01_HTV_HTS_CORE_DEPENDENCY_AUDIT/01_HTV_フェーズ別/HTV_06_ACT公開chain・内部robustness_HTV46-70/HTV55_INDEPENDENT_ACCEPTANCE_AUDIT.md	HTV	2370	2baab31f0e6c7be8ec04958eb5008499f7cdfdc98ba74e1704b98bef0cc269ed	.md
01_HTV_HTS_CORE_DEPENDENCY_AUDIT/01_HTV_フェーズ別/HTV_06_ACT公開chain・内部robustness_HTV46-70/HTV55_RESULTS_FOR_REVIEW.zip	HTV	34831	d8548728093c63716fee92a2792e303ad4d349ec862eb696ab677445d652a018	.zip
01_HTV_HTS_CORE_DEPENDENCY_AUDIT/01_HTV_フェーズ別/HTV_06_ACT公開chain・内部robustness_HTV46-70/HTV55_RESULTS_FOR_REVIEW.zip.sha256	HTV	118	8b4477fc2f586a5c51d45b27ccc837cbe5c0c81e8ec88306a26481808f666105	.sha256
01_HTV_HTS_CORE_DEPENDENCY_AUDIT/01_HTV_フェーズ別/HTV_06_ACT公開chain・内部robustness_HTV46-70/HTV55_RUN_PACKAGE.zip	HTV	10433	ff3689ad5cc45754a5ef9a5cd9a3117f3b331e07f761f65e44aeedcf202f3e37	.zip
01_HTV_HTS_CORE_DEPENDENCY_AUDIT/01_HTV_フェーズ別/HTV_06_ACT公開chain・内部robustness_HTV46-70/HTV55_RUN_PACKAGE.zip.sha256	HTV	88	f488271e80ee4a28b6efeef94919a55dfc5a5541efe95527b3f2106f876f20bd	.sha256
01_HTV_HTS_CORE_DEPENDENCY_AUDIT/01_HTV_フェーズ別/HTV_06_ACT公開chain・内部robustness_HTV46-70/HTV56_EXECUTION_REPORT.md	HTV	2684	d9e562168df1c1f7cb1eb10727ab79da99cac3653013c696b9709c8169f05a9c	.md
01_HTV_HTS_CORE_DEPENDENCY_AUDIT/01_HTV_フェーズ別/HTV_06_ACT公開chain・内部robustness_HTV46-70/HTV56_RESULTS_FOR_REVIEW.zip	HTV	15216	eae005213560630a6263cdc68b13a2b526a5462fba0fb07c1d27686ce31bf4f3	.zip
01_HTV_HTS_CORE_DEPENDENCY_AUDIT/01_HTV_フェーズ別/HTV_06_ACT公開chain・内部robustness_HTV46-70/HTV56_RESULTS_FOR_REVIEW.zip.sha256	HTV	95	e90250dac47b9c0487316ab430f6094de93c01c62dbf62d05fd9467931ffd15f	.sha256
01_HTV_HTS_CORE_DEPENDENCY_AUDIT/01_HTV_フェーズ別/HTV_06_ACT公開chain・内部robustness_HTV46-70/HTV57_INDEPENDENT_ACCEPTANCE_AUDIT.md	HTV	2509	8fdd35889d5913352d4f01a94d2d18a062f7137f355462de9f949731e39a8b11	.md
01_HTV_HTS_CORE_DEPENDENCY_AUDIT/01_HTV_フェーズ別/HTV_06_ACT公開chain・内部robustness_HTV46-70/HTV57_INDEPENDENT_ACCEPTANCE_AUDIT.md.sha256	HTV	104	9c86c29f47ea89c170263a222369403570f70dacca617ac280933423684ba496	.sha256
01_HTV_HTS_CORE_DEPENDENCY_AUDIT/01_HTV_フェーズ別/HTV_06_ACT公開chain・内部robustness_HTV46-70/HTV57_RESULTS_FOR_REVIEW.zip	HTV	19062	115247829c509bf579022d002c83ad373bacf61b542cbd1520cd5cd332d2904c	.zip
01_HTV_HTS_CORE_DEPENDENCY_AUDIT/01_HTV_フェーズ別/HTV_06_ACT公開chain・内部robustness_HTV46-70/HTV57_RESULTS_FOR_REVIEW.zip.sha256	HTV	118	1ec3cf4ba08050ee0519db99631c721bdaa43b17f21a9448ac43a3179952f0c6	.sha256
01_HTV_HTS_CORE_DEPENDENCY_AUDIT/01_HTV_フェーズ別/HTV_06_ACT公開chain・内部robustness_HTV46-70/HTV57_RUN_PACKAGE.zip	HTV	11198	e2f7e653be395049c5faf59121b7902e356ccaa4bf58f61bbbb1e837d69bd652	.zip
01_HTV_HTS_CORE_DEPENDENCY_AUDIT/01_HTV_フェーズ別/HTV_06_ACT公開chain・内部robustness_HTV46-70/HTV57_RUN_PACKAGE.zip.sha256	HTV	88	1d7cd6014394fa233974d3ec47658abc0ec2d6b15f1c7b54bffa99fc25305b2b	.sha256
01_HTV_HTS_CORE_DEPENDENCY_AUDIT/01_HTV_フェーズ別/HTV_06_ACT公開chain・内部robustness_HTV46-70/HTV58_EXECUTION_REPORT.md	HTV	2314	6bc50cb9df8a313a02772cca870fec87641b28c4e8123d91488f8d2cac7a3cf3	.md
01_HTV_HTS_CORE_DEPENDENCY_AUDIT/01_HTV_フェーズ別/HTV_06_ACT公開chain・内部robustness_HTV46-70/HTV58_RESULTS_FOR_REVIEW.zip	HTV	22467	58bb512760bbdb750efe6465b2fccd11019393549e9157e0afe46d62f24daab4	.zip
01_HTV_HTS_CORE_DEPENDENCY_AUDIT/01_HTV_フェーズ別/HTV_06_ACT公開chain・内部robustness_HTV46-70/HTV58_RESULTS_FOR_REVIEW.zip.sha256	HTV	95	7f9c9a569bf754d949e681f79b2e0a4e0d74b699937879e14f695506b9f63f2b	.sha256
01_HTV_HTS_CORE_DEPENDENCY_AUDIT/01_HTV_フェーズ別/HTV_06_ACT公開chain・内部robustness_HTV46-70/HTV59_INDEPENDENT_ACCEPTANCE_AUDIT.md	HTV	3359	92ccca02bba44477985eaaa761b379e4aa546e45dc6af708bd9f7e7cde14a1b5	.md
01_HTV_HTS_CORE_DEPENDENCY_AUDIT/01_HTV_フェーズ別/HTV_06_ACT公開chain・内部robustness_HTV46-70/HTV59_INDEPENDENT_ACCEPTANCE_AUDIT.md.sha256	HTV	104	888db45b3f4a97a430fbc2db82fbbf76b1946baa61ac9fc697753e32c2590bf3	.sha256
01_HTV_HTS_CORE_DEPENDENCY_AUDIT/01_HTV_フェーズ別/HTV_06_ACT公開chain・内部robustness_HTV46-70/HTV59_RESULTS_FOR_REVIEW.zip	HTV	22690	9c8096158ac6c26f93cf57c7321f431dd0891be067392f86b8863065d80c2a59	.zip
01_HTV_HTS_CORE_DEPENDENCY_AUDIT/01_HTV_フェーズ別/HTV_06_ACT公開chain・内部robustness_HTV46-70/HTV59_RESULTS_FOR_REVIEW.zip.sha256	HTV	118	3f21d85637af6ba54f5e493fd95021b5ad7081c3bb016264636d95667d89b036	.sha256
01_HTV_HTS_CORE_DEPENDENCY_AUDIT/01_HTV_フェーズ別/HTV_06_ACT公開chain・内部robustness_HTV46-70/HTV59_RUN_PACKAGE.zip	HTV	9740	312b59870e8c9c35c7ab2b982941465095dbe2dcd5e878bc2f75f3f8a59b4f6a	.zip
01_HTV_HTS_CORE_DEPENDENCY_AUDIT/01_HTV_フェーズ別/HTV_06_ACT公開chain・内部robustness_HTV46-70/HTV59_RUN_PACKAGE.zip.sha256	HTV	88	d1a216e3ed7d148afe26ae75d839f1da5ecb4308762469aa30c1063add7fa6dd	.sha256
01_HTV_HTS_CORE_DEPENDENCY_AUDIT/01_HTV_フェーズ別/HTV_06_ACT公開chain・内部robustness_HTV46-70/HTV60_EXECUTION_REPORT.md	HTV	2953	a6d79706aa51a8af0c43448da45bd1942df8241178a9e3effeacb48e67c5eeeb	.md
01_HTV_HTS_CORE_DEPENDENCY_AUDIT/01_HTV_フェーズ別/HTV_06_ACT公開chain・内部robustness_HTV46-70/HTV60_RESULTS_FOR_REVIEW.zip	HTV	28879	5185a77d89fe06dfbc257ea69b0b613449e3fbbb6c5eda0169261a48eaeb9014	.zip
01_HTV_HTS_CORE_DEPENDENCY_AUDIT/01_HTV_フェーズ別/HTV_06_ACT公開chain・内部robustness_HTV46-70/HTV60_RESULTS_FOR_REVIEW.zip.sha256	HTV	95	9134d059e050a838936c2e78ff4a6d49e56a23634b53deaeceab1edab358c0f5	.sha256
01_HTV_HTS_CORE_DEPENDENCY_AUDIT/01_HTV_フェーズ別/HTV_06_ACT公開chain・内部robustness_HTV46-70/HTV61_INDEPENDENT_ACCEPTANCE_AUDIT.md	HTV	3902	7efff5bdfe85ac915bb5841e1be1bfb35590cf0e281ce2ee86f91a98c2b0c7d7	.md
01_HTV_HTS_CORE_DEPENDENCY_AUDIT/01_HTV_フェーズ別/HTV_06_ACT公開chain・内部robustness_HTV46-70/HTV61_INDEPENDENT_ACCEPTANCE_AUDIT.md.sha256	HTV	104	e6f7e083918c084f4cedd471d07e3c6a17a17bb1ab921ddc08bf1f9ab7870798	.sha256
01_HTV_HTS_CORE_DEPENDENCY_AUDIT/01_HTV_フェーズ別/HTV_06_ACT公開chain・内部robustness_HTV46-70/HTV61_RESULTS_FOR_REVIEW.zip	HTV	30257	026b154af73b2706b0e976c41306608af38c6d99352eaf983c4a6fa4eb3dc5cb	.zip
01_HTV_HTS_CORE_DEPENDENCY_AUDIT/01_HTV_フェーズ別/HTV_06_ACT公開chain・内部robustness_HTV46-70/HTV61_RESULTS_FOR_REVIEW.zip.sha256	HTV	118	1eed784692a5e4ede68cbbcc77bc7def2a4fdf96581fe57558bbdfa92f21b14b	.sha256
01_HTV_HTS_CORE_DEPENDENCY_AUDIT/01_HTV_フェーズ別/HTV_06_ACT公開chain・内部robustness_HTV46-70/HTV61_RUN_PACKAGE.zip	HTV	12452	307200c6928a9f32c3701ead0189ce1da7435a0e11773d0e2652e8385440698c	.zip
01_HTV_HTS_CORE_DEPENDENCY_AUDIT/01_HTV_フェーズ別/HTV_06_ACT公開chain・内部robustness_HTV46-70/HTV61_RUN_PACKAGE.zip.sha256	HTV	88	9a4c61f85d75a9d87a6ff2c4c030f8fd480bd28ee92f1b7038569897ac274866	.sha256
01_HTV_HTS_CORE_DEPENDENCY_AUDIT/01_HTV_フェーズ別/HTV_06_ACT公開chain・内部robustness_HTV46-70/HTV62_EXECUTION_REPORT.md	HTV	2865	4222e105f3c1bcd23df63e3a951dad061bb341deeaa463cea1a9286d3e4030c2	.md
01_HTV_HTS_CORE_DEPENDENCY_AUDIT/01_HTV_フェーズ別/HTV_06_ACT公開chain・内部robustness_HTV46-70/HTV62_RESULTS_FOR_REVIEW.zip	HTV	33956	a17118901ca315e853b1a1f39d1321d51e5ec17a6976c8dd5dc9522f2f6d3806	.zip
01_HTV_HTS_CORE_DEPENDENCY_AUDIT/01_HTV_フェーズ別/HTV_06_ACT公開chain・内部robustness_HTV46-70/HTV62_RESULTS_FOR_REVIEW.zip.sha256	HTV	95	eda7e5acda7ac5f725faef3acf089c90fcb280825ebba82662306d38c0502ddf	.sha256
01_HTV_HTS_CORE_DEPENDENCY_AUDIT/01_HTV_フェーズ別/HTV_06_ACT公開chain・内部robustness_HTV46-70/HTV63_INDEPENDENT_ACCEPTANCE_AUDIT.md	HTV	2834	d4269c9a8becfeefdb7d78becba825f909dd20f1acb542a96dabc765c21053bf	.md
01_HTV_HTS_CORE_DEPENDENCY_AUDIT/01_HTV_フェーズ別/HTV_06_ACT公開chain・内部robustness_HTV46-70/HTV63_INDEPENDENT_ACCEPTANCE_AUDIT.md.sha256	HTV	104	bdbc8f5de93852f25b41a000d382aafaf2b14371e4b42ece8640729eca51011f	.sha256
01_HTV_HTS_CORE_DEPENDENCY_AUDIT/01_HTV_フェーズ別/HTV_06_ACT公開chain・内部robustness_HTV46-70/HTV63_RESULTS_FOR_REVIEW.zip	HTV	57743	60c23395f521ad1fda2df2089acaf8dc37c2d3e74844ef238fab8a103c2e42b5	.zip
01_HTV_HTS_CORE_DEPENDENCY_AUDIT/01_HTV_フェーズ別/HTV_06_ACT公開chain・内部robustness_HTV46-70/HTV63_RESULTS_FOR_REVIEW.zip.sha256	HTV	118	3bda4db0c016295127b565156eedfafb79eb42c9b2f840833d804aee370f8382	.sha256
01_HTV_HTS_CORE_DEPENDENCY_AUDIT/01_HTV_フェーズ別/HTV_06_ACT公開chain・内部robustness_HTV46-70/HTV63_RUN_PACKAGE.zip	HTV	9689	514188c08d4b4702958c8e4c015fceaae509b9124568f6ddcb20802dae2b17b9	.zip
01_HTV_HTS_CORE_DEPENDENCY_AUDIT/01_HTV_フェーズ別/HTV_06_ACT公開chain・内部robustness_HTV46-70/HTV63_RUN_PACKAGE.zip.sha256	HTV	88	8e30ca90b4b25a9f87b68ecdb006054b794eebe6c6294878f221f991198973d5	.sha256
01_HTV_HTS_CORE_DEPENDENCY_AUDIT/01_HTV_フェーズ別/HTV_06_ACT公開chain・内部robustness_HTV46-70/HTV64_EXECUTION_REPORT.md	HTV	2192	218e69fd570abc00b3c129825c10d084ce341cb01c0058527ceb7c7431ebe8c7	.md
01_HTV_HTS_CORE_DEPENDENCY_AUDIT/01_HTV_フェーズ別/HTV_06_ACT公開chain・内部robustness_HTV46-70/HTV64_RESULTS_FOR_REVIEW.zip	HTV	60126	5d087e99c881d44ef74037e1a887c54bb0d51d5741f9265f4e41dd226c6fbf16	.zip
01_HTV_HTS_CORE_DEPENDENCY_AUDIT/01_HTV_フェーズ別/HTV_06_ACT公開chain・内部robustness_HTV46-70/HTV64_RESULTS_FOR_REVIEW.zip.sha256	HTV	95	e3abf24e8530242667c175188bff02a99c510056876e667c3a23e3021ad589d4	.sha256
01_HTV_HTS_CORE_DEPENDENCY_AUDIT/01_HTV_フェーズ別/HTV_06_ACT公開chain・内部robustness_HTV46-70/HTV65_INDEPENDENT_ACCEPTANCE_AUDIT.md	HTV	3165	9fe9e3d34c4f3eab5311afa38ba69cf1b567109e987d85f4b213fe0f55a567bc	.md
01_HTV_HTS_CORE_DEPENDENCY_AUDIT/01_HTV_フェーズ別/HTV_06_ACT公開chain・内部robustness_HTV46-70/HTV65_INDEPENDENT_ACCEPTANCE_AUDIT.md.sha256	HTV	104	600e3db4387dc87ff657197bacd748cc52dcb6a3ca5b8bd222055c45d5fe89bd	.sha256
01_HTV_HTS_CORE_DEPENDENCY_AUDIT/01_HTV_フェーズ別/HTV_06_ACT公開chain・内部robustness_HTV46-70/HTV65_RESULTS_FOR_REVIEW.zip	HTV	71942	d867f1aa651e07291c002a01129b62feba32f36158245514e4d68264f301785c	.zip
01_HTV_HTS_CORE_DEPENDENCY_AUDIT/01_HTV_フェーズ別/HTV_06_ACT公開chain・内部robustness_HTV46-70/HTV65_RESULTS_FOR_REVIEW.zip.sha256	HTV	118	0d3462cfb1279b63191698548157e04de699bf16c4becb106b576dbdcfb0561b	.sha256
01_HTV_HTS_CORE_DEPENDENCY_AUDIT/01_HTV_フェーズ別/HTV_06_ACT公開chain・内部robustness_HTV46-70/HTV65_RUN_PACKAGE.zip	HTV	11363	18bd1a86d513d760405a4ba7fb5c6c17ae5a107fd8e69c57ba22a2ebcabc1f73	.zip
01_HTV_HTS_CORE_DEPENDENCY_AUDIT/01_HTV_フェーズ別/HTV_06_ACT公開chain・内部robustness_HTV46-70/HTV65_RUN_PACKAGE.zip.sha256	HTV	88	a0322d6acfad80cb1079d774270ebc14761648500b2fcd53b9b46a7f1005059e	.sha256
01_HTV_HTS_CORE_DEPENDENCY_AUDIT/01_HTV_フェーズ別/HTV_06_ACT公開chain・内部robustness_HTV46-70/HTV66_EXECUTION_REPORT.md	HTV	2324	b2394dd7b044752d7c4ed476578b1cb1388801b1d15e379781d9b7375ccdbe46	.md
01_HTV_HTS_CORE_DEPENDENCY_AUDIT/01_HTV_フェーズ別/HTV_06_ACT公開chain・内部robustness_HTV46-70/HTV66_RESULTS_FOR_REVIEW.zip	HTV	22114	b5a109d8ed61f93a027c91c11138a3993bf9f0dd79e6d0048d05e2d29f70449a	.zip
01_HTV_HTS_CORE_DEPENDENCY_AUDIT/01_HTV_フェーズ別/HTV_06_ACT公開chain・内部robustness_HTV46-70/HTV66_RESULTS_FOR_REVIEW.zip.sha256	HTV	95	75e9e85f868c7277071b66b3e5432af14f33d46fc9db48f66b545068e1b2d888	.sha256
01_HTV_HTS_CORE_DEPENDENCY_AUDIT/01_HTV_フェーズ別/HTV_06_ACT公開chain・内部robustness_HTV46-70/HTV67_INDEPENDENT_ACCEPTANCE_AUDIT.md	HTV	1499	b13a6ffcfb226d0cfdc25d5ad6e4c0d9a3cbefb2c2bcb2fa6b85c17c165a7e7a	.md
01_HTV_HTS_CORE_DEPENDENCY_AUDIT/01_HTV_フェーズ別/HTV_06_ACT公開chain・内部robustness_HTV46-70/HTV67_INDEPENDENT_ACCEPTANCE_AUDIT.md.sha256	HTV	104	bf9cdc316da6e77dbb6ea9298d808e8665530245a694f1dd655d699218a62328	.sha256
01_HTV_HTS_CORE_DEPENDENCY_AUDIT/01_HTV_フェーズ別/HTV_06_ACT公開chain・内部robustness_HTV46-70/HTV67_RESULTS_FOR_REVIEW.zip	HTV	87453	09a791c480a0b89b505aba51ed7295101fc81f2ef47021a8a1728aba2a43df30	.zip
01_HTV_HTS_CORE_DEPENDENCY_AUDIT/01_HTV_フェーズ別/HTV_06_ACT公開chain・内部robustness_HTV46-70/HTV67_RESULTS_FOR_REVIEW.zip.sha256	HTV	118	b703433ee00d31cd2673d2e4a64b67a01f1a10ec2e1a113803eb19968a5cd4f2	.sha256
01_HTV_HTS_CORE_DEPENDENCY_AUDIT/01_HTV_フェーズ別/HTV_06_ACT公開chain・内部robustness_HTV46-70/HTV67_RUN_PACKAGE.zip	HTV	12294	91a53d6daca82a38d35deb91b9f9134d3dbb70402a91aff2fcecc3355b6fda03	.zip
01_HTV_HTS_CORE_DEPENDENCY_AUDIT/01_HTV_フェーズ別/HTV_06_ACT公開chain・内部robustness_HTV46-70/HTV67_RUN_PACKAGE.zip.sha256	HTV	88	d4555baf9eb790a8ca2164739b2ca7fb219b0a5321256c520a4f60b88b3742a8	.sha256
01_HTV_HTS_CORE_DEPENDENCY_AUDIT/01_HTV_フェーズ別/HTV_06_ACT公開chain・内部robustness_HTV46-70/HTV68_EXECUTION_REPORT.md	HTV	1400	e2e265701521e776265349bf79eea3562899aec3c471dd666c01c198ad4b6a07	.md
01_HTV_HTS_CORE_DEPENDENCY_AUDIT/01_HTV_フェーズ別/HTV_06_ACT公開chain・内部robustness_HTV46-70/HTV68_RESULTS_FOR_REVIEW.zip	HTV	19157	c19fb5238eb6427f1b965013609254b7a74a3e18e9c29100b5dab15234ee3b17	.zip
01_HTV_HTS_CORE_DEPENDENCY_AUDIT/01_HTV_フェーズ別/HTV_06_ACT公開chain・内部robustness_HTV46-70/HTV68_RESULTS_FOR_REVIEW.zip.sha256	HTV	95	c58e2237a9685a162e180411099942bc77430650195cf2e27f84d78c889f2d8f	.sha256
01_HTV_HTS_CORE_DEPENDENCY_AUDIT/01_HTV_フェーズ別/HTV_06_ACT公開chain・内部robustness_HTV46-70/HTV69_INDEPENDENT_ACCEPTANCE_AUDIT.md	HTV	2360	a972498a20810e635d46e9aacf7db0a58684ec9712497cf0d2eaaba023253e08	.md
01_HTV_HTS_CORE_DEPENDENCY_AUDIT/01_HTV_フェーズ別/HTV_06_ACT公開chain・内部robustness_HTV46-70/HTV69_INDEPENDENT_ACCEPTANCE_AUDIT.md.sha256	HTV	104	be6cb464731705766de87035bb01e94f0c9e117cf54d08caeb9793353884cdc7	.sha256
01_HTV_HTS_CORE_DEPENDENCY_AUDIT/01_HTV_フェーズ別/HTV_06_ACT公開chain・内部robustness_HTV46-70/HTV69_RESULTS_FOR_REVIEW.zip	HTV	21930	083eb7910cdb5a0d62716c5ca03c27845b1f375a83898df8005bd97502c201d1	.zip
01_HTV_HTS_CORE_DEPENDENCY_AUDIT/01_HTV_フェーズ別/HTV_06_ACT公開chain・内部robustness_HTV46-70/HTV69_RESULTS_FOR_REVIEW.zip.sha256	HTV	118	4274ab2d0410f78f6c2e1958b551338adb0e9daa86d08fe639b66409bdcc566d	.sha256
01_HTV_HTS_CORE_DEPENDENCY_AUDIT/01_HTV_フェーズ別/HTV_06_ACT公開chain・内部robustness_HTV46-70/HTV69_RUN_PACKAGE.zip	HTV	11036	5c74ff92253a23e534ed5de9ecfe1cd931eabf02b33b6822552a8d20972e46b3	.zip
01_HTV_HTS_CORE_DEPENDENCY_AUDIT/01_HTV_フェーズ別/HTV_06_ACT公開chain・内部robustness_HTV46-70/HTV69_RUN_PACKAGE.zip.sha256	HTV	88	cf0d410f1693c5ba148fc1f6dddf4a76901e30c0c1031f29b48c0b18b7624d1a	.sha256
01_HTV_HTS_CORE_DEPENDENCY_AUDIT/01_HTV_フェーズ別/HTV_06_ACT公開chain・内部robustness_HTV46-70/HTV70_EXECUTION_REPORT.md	HTV	1975	521f66504282fceb134a041967160a3a6cfccc6ac232d9a1f8358b497dffc7b2	.md
01_HTV_HTS_CORE_DEPENDENCY_AUDIT/01_HTV_フェーズ別/HTV_06_ACT公開chain・内部robustness_HTV46-70/HTV70_RESULTS_FOR_REVIEW.zip	HTV	13467	ce368a9d321eb04d969990778c521b6096d97599022bb3db6f0559aaf7c823d4	.zip
01_HTV_HTS_CORE_DEPENDENCY_AUDIT/01_HTV_フェーズ別/HTV_06_ACT公開chain・内部robustness_HTV46-70/HTV70_RESULTS_FOR_REVIEW.zip.sha256	HTV	95	4a622e3da51867706e0fa354c6b1f7c8b44ed53a7335470d415f1fc4b6710f23	.sha256
01_HTV_HTS_CORE_DEPENDENCY_AUDIT/01_HTV_フェーズ別/HTV_07_DESI内部幾何・response_atlas_HTV71-98/07_RESPONSE_ATLAS.html	HTV	7195	89a0329dbbbe10c1dfd54c8f9828ee006ad513971d662aefc4bae5efcadcedaf	.html
01_HTV_HTS_CORE_DEPENDENCY_AUDIT/01_HTV_フェーズ別/HTV_07_DESI内部幾何・response_atlas_HTV71-98/DESI_MODE_RESPONSE_ATLAS_HTV97_CLOSEOUT.html	HTV	7195	89a0329dbbbe10c1dfd54c8f9828ee006ad513971d662aefc4bae5efcadcedaf	.html
01_HTV_HTS_CORE_DEPENDENCY_AUDIT/01_HTV_フェーズ別/HTV_07_DESI内部幾何・response_atlas_HTV71-98/HTV71_INDEPENDENT_ACCEPTANCE_AUDIT.md	HTV	2238	f909a53386fa593d4a75d6afd3ca431b68aa919a9634c54ae0b0cc51afd3c2db	.md
01_HTV_HTS_CORE_DEPENDENCY_AUDIT/01_HTV_フェーズ別/HTV_07_DESI内部幾何・response_atlas_HTV71-98/HTV71_INDEPENDENT_ACCEPTANCE_AUDIT.md.sha256	HTV	104	5921ee009ec6de7fbf3a8fbabb8cc757b917ee8ad05ed065546ff0bd4679272c	.sha256
01_HTV_HTS_CORE_DEPENDENCY_AUDIT/01_HTV_フェーズ別/HTV_07_DESI内部幾何・response_atlas_HTV71-98/HTV71_RESULTS_FOR_REVIEW.zip	HTV	10108	a2be6b3f0351de0849b52a6824aacce50900ae24b9569863a0b6370a58aa68e3	.zip
01_HTV_HTS_CORE_DEPENDENCY_AUDIT/01_HTV_フェーズ別/HTV_07_DESI内部幾何・response_atlas_HTV71-98/HTV71_RESULTS_FOR_REVIEW.zip.sha256	HTV	118	a51fb93548d7856d32fba835d863050066e6c87a56b74e5ae013e83ae6b02134	.sha256
01_HTV_HTS_CORE_DEPENDENCY_AUDIT/01_HTV_フェーズ別/HTV_07_DESI内部幾何・response_atlas_HTV71-98/HTV71_RUN_PACKAGE.zip	HTV	9137	f63073b60ff511f668c7a6b0234a96dac8b7c21b1af46c8d54d702b68f6029b8	.zip
01_HTV_HTS_CORE_DEPENDENCY_AUDIT/01_HTV_フェーズ別/HTV_07_DESI内部幾何・response_atlas_HTV71-98/HTV71_RUN_PACKAGE.zip.sha256	HTV	88	2cf0185b67586ebcaeeafb5cddcf8a183269b97c998b4e20c3ec67dcc46b2f18	.sha256
01_HTV_HTS_CORE_DEPENDENCY_AUDIT/01_HTV_フェーズ別/HTV_07_DESI内部幾何・response_atlas_HTV71-98/HTV72_EXECUTION_REPORT.md	HTV	2362	091de1467866748e80fcfa79ac26c6e7c9afd628cdc8063141971cbb52fda84f	.md
01_HTV_HTS_CORE_DEPENDENCY_AUDIT/01_HTV_フェーズ別/HTV_07_DESI内部幾何・response_atlas_HTV71-98/HTV72_RESULTS_FOR_REVIEW.zip	HTV	13797	9013d73576627b5b702807c58078bb3892b7bfbff506dfd9408369656b0701ad	.zip
01_HTV_HTS_CORE_DEPENDENCY_AUDIT/01_HTV_フェーズ別/HTV_07_DESI内部幾何・response_atlas_HTV71-98/HTV72_RESULTS_FOR_REVIEW.zip.sha256	HTV	95	cb98bb3b8a2dd27ae355c44cce3c64eab0e91065dfcd9b54b46f22bfc3a74124	.sha256
01_HTV_HTS_CORE_DEPENDENCY_AUDIT/01_HTV_フェーズ別/HTV_07_DESI内部幾何・response_atlas_HTV71-98/HTV73_INDEPENDENT_ACCEPTANCE_AUDIT.md	HTV	2040	dfbfb9e29c6325c4cc5ad99e838715001a853054da662068e130d863d090b9d6	.md
01_HTV_HTS_CORE_DEPENDENCY_AUDIT/01_HTV_フェーズ別/HTV_07_DESI内部幾何・response_atlas_HTV71-98/HTV73_INDEPENDENT_ACCEPTANCE_AUDIT.md.sha256	HTV	104	590d00dbc57f89d65d00ec7509aa964c10cfecb8dfeda6891ce79ba1a9c3d2b8	.sha256
01_HTV_HTS_CORE_DEPENDENCY_AUDIT/01_HTV_フェーズ別/HTV_07_DESI内部幾何・response_atlas_HTV71-98/HTV73_RESULTS_FOR_REVIEW.zip	HTV	11513	c8d9d1d915b736761f8cea6976eb63796040531e2f2cbaffc5254ef1ff0aba13	.zip
01_HTV_HTS_CORE_DEPENDENCY_AUDIT/01_HTV_フェーズ別/HTV_07_DESI内部幾何・response_atlas_HTV71-98/HTV73_RESULTS_FOR_REVIEW.zip.sha256	HTV	118	ad93b6d2195f3302515aff8fafcbba097d6987cf8c3911e13921510944c12a05	.sha256
01_HTV_HTS_CORE_DEPENDENCY_AUDIT/01_HTV_フェーズ別/HTV_07_DESI内部幾何・response_atlas_HTV71-98/HTV73_RUN_PACKAGE.zip	HTV	9369	371811d6ae6524ef49a44f498794fff00025ba399e9a524a9ebe8f58141a0d95	.zip
01_HTV_HTS_CORE_DEPENDENCY_AUDIT/01_HTV_フェーズ別/HTV_07_DESI内部幾何・response_atlas_HTV71-98/HTV73_RUN_PACKAGE.zip.sha256	HTV	88	bf5c3fde03a140f02641a4a0d2692c349169b86e3aef94b3359fff8706a09344	.sha256
01_HTV_HTS_CORE_DEPENDENCY_AUDIT/01_HTV_フェーズ別/HTV_07_DESI内部幾何・response_atlas_HTV71-98/HTV74_EXECUTION_REPORT.md	HTV	1528	d9a448551eb4b0caef1a3f838c153b51b3c24f934c6b8a26171f0ab4c8d77f45	.md
01_HTV_HTS_CORE_DEPENDENCY_AUDIT/01_HTV_フェーズ別/HTV_07_DESI内部幾何・response_atlas_HTV71-98/HTV74_RESULTS_FOR_REVIEW.zip	HTV	15145	116422171a204b897487973abb7e988f44d37e8e14faba32d79e3d95a6edf722	.zip
01_HTV_HTS_CORE_DEPENDENCY_AUDIT/01_HTV_フェーズ別/HTV_07_DESI内部幾何・response_atlas_HTV71-98/HTV74_RESULTS_FOR_REVIEW.zip.sha256	HTV	95	b7a127db9c7511b88959031ddb2690a1d8b9c32adc298c087b986fbf9dc0cc32	.sha256
01_HTV_HTS_CORE_DEPENDENCY_AUDIT/01_HTV_フェーズ別/HTV_07_DESI内部幾何・response_atlas_HTV71-98/HTV75_INDEPENDENT_ACCEPTANCE_AUDIT.md	HTV	2539	be532beda47e1f7bbdf8fafccd6db61cd6ec9b392382dee1bbcbf296bfe4f358	.md
01_HTV_HTS_CORE_DEPENDENCY_AUDIT/01_HTV_フェーズ別/HTV_07_DESI内部幾何・response_atlas_HTV71-98/HTV75_INDEPENDENT_ACCEPTANCE_AUDIT.md.sha256	HTV	104	9a6ebe5aca9cffa252de298ae0f7c70ba222d81e4448683f942e5fc342d558a8	.sha256
01_HTV_HTS_CORE_DEPENDENCY_AUDIT/01_HTV_フェーズ別/HTV_07_DESI内部幾何・response_atlas_HTV71-98/HTV75_RESULTS_FOR_REVIEW.zip	HTV	8960	b625b18efe7200496103ecd79d79ef86f49c918b857743b9fd9d35bf9093a663	.zip
01_HTV_HTS_CORE_DEPENDENCY_AUDIT/01_HTV_フェーズ別/HTV_07_DESI内部幾何・response_atlas_HTV71-98/HTV75_RESULTS_FOR_REVIEW.zip.sha256	HTV	118	c50b32f643cb941494516bd27c64b43511b682d0573f1882dc40408066232da1	.sha256
01_HTV_HTS_CORE_DEPENDENCY_AUDIT/01_HTV_フェーズ別/HTV_07_DESI内部幾何・response_atlas_HTV71-98/HTV75_RUN_PACKAGE.zip	HTV	9335	02b67af855a645052815722cef16089c278142be2459aa6d39c273f92688b548	.zip
01_HTV_HTS_CORE_DEPENDENCY_AUDIT/01_HTV_フェーズ別/HTV_07_DESI内部幾何・response_atlas_HTV71-98/HTV75_RUN_PACKAGE.zip.sha256	HTV	88	3c8da839be907a532c35159223cc9f3ac076bc6e06db64318c7bacbd6612a579	.sha256
01_HTV_HTS_CORE_DEPENDENCY_AUDIT/01_HTV_フェーズ別/HTV_07_DESI内部幾何・response_atlas_HTV71-98/HTV76_EXECUTION_REPORT.md	HTV	1763	0b523e3906ed6b5692e4b78e39e5402599f4b5fe460af56f1d2339e0bc143278	.md
01_HTV_HTS_CORE_DEPENDENCY_AUDIT/01_HTV_フェーズ別/HTV_07_DESI内部幾何・response_atlas_HTV71-98/HTV76_RESULTS_FOR_REVIEW.zip	HTV	11291	24bc0dd2757fcac8a2eb5cd63b19bde26ee7ced218892326009771a48825ec46	.zip
01_HTV_HTS_CORE_DEPENDENCY_AUDIT/01_HTV_フェーズ別/HTV_07_DESI内部幾何・response_atlas_HTV71-98/HTV76_RESULTS_FOR_REVIEW.zip.sha256	HTV	95	c7f1dcbba9f0a838294b79918a66077e5c418c84f2a1dee6aa306284d62fd1b0	.sha256
01_HTV_HTS_CORE_DEPENDENCY_AUDIT/01_HTV_フェーズ別/HTV_07_DESI内部幾何・response_atlas_HTV71-98/HTV77_INDEPENDENT_ACCEPTANCE_AUDIT.md	HTV	1886	ce7600fab0546d7e83884c2892dea497cdbd57f2e90db56851aa3a35cc2d6d3f	.md
01_HTV_HTS_CORE_DEPENDENCY_AUDIT/01_HTV_フェーズ別/HTV_07_DESI内部幾何・response_atlas_HTV71-98/HTV77_INDEPENDENT_ACCEPTANCE_AUDIT.md.sha256	HTV	104	84430ab960712cc1d70c0942080091b9600358be400d73f5df25fbf514c13b2b	.sha256
01_HTV_HTS_CORE_DEPENDENCY_AUDIT/01_HTV_フェーズ別/HTV_07_DESI内部幾何・response_atlas_HTV71-98/HTV77_RESULTS_FOR_REVIEW.zip	HTV	10151	4605ef6d95d3778f2a6dc7b23bfb594214800def58c8df573a5894656bc29ec1	.zip
01_HTV_HTS_CORE_DEPENDENCY_AUDIT/01_HTV_フェーズ別/HTV_07_DESI内部幾何・response_atlas_HTV71-98/HTV77_RESULTS_FOR_REVIEW.zip.sha256	HTV	118	3363f07814a62a981ce4af0eb729d8391770f5b5b417daf974c499ed18e4ccbe	.sha256
01_HTV_HTS_CORE_DEPENDENCY_AUDIT/01_HTV_フェーズ別/HTV_07_DESI内部幾何・response_atlas_HTV71-98/HTV77_RUN_PACKAGE.zip	HTV	9318	fd2a3f50ab6d0c6d78f04c9c35c3adb08c7e9ba264006e574334479c299ba595	.zip
01_HTV_HTS_CORE_DEPENDENCY_AUDIT/01_HTV_フェーズ別/HTV_07_DESI内部幾何・response_atlas_HTV71-98/HTV77_RUN_PACKAGE.zip.sha256	HTV	88	f6408007f8f12b1120013180593de54ae86519398a57f10bac78a641c1df8c89	.sha256
01_HTV_HTS_CORE_DEPENDENCY_AUDIT/01_HTV_フェーズ別/HTV_07_DESI内部幾何・response_atlas_HTV71-98/HTV78_EXECUTION_REPORT.md	HTV	1835	8ed5fb621054a3e7a525ede24973d8f0a49ed018d69b905aa6121ea09d93281b	.md
01_HTV_HTS_CORE_DEPENDENCY_AUDIT/01_HTV_フェーズ別/HTV_07_DESI内部幾何・response_atlas_HTV71-98/HTV78_RESULTS_FOR_REVIEW.zip	HTV	12296	0b7e284f5dfbdc8fc9e95bac01ba5fe71689ad94e256d1e13f3a9b69ff970720	.zip
01_HTV_HTS_CORE_DEPENDENCY_AUDIT/01_HTV_フェーズ別/HTV_07_DESI内部幾何・response_atlas_HTV71-98/HTV78_RESULTS_FOR_REVIEW.zip.sha256	HTV	95	049573d0617ded251671a691ea5943c22adb32d2979c819ebcb1fc7bb305308f	.sha256
01_HTV_HTS_CORE_DEPENDENCY_AUDIT/01_HTV_フェーズ別/HTV_07_DESI内部幾何・response_atlas_HTV71-98/HTV79_INDEPENDENT_ACCEPTANCE_AUDIT.md	HTV	2216	38cd58ebe7adbd09dc2539c14554b9b2ffe4f120790d2d596150b91ca3437a77	.md
01_HTV_HTS_CORE_DEPENDENCY_AUDIT/01_HTV_フェーズ別/HTV_07_DESI内部幾何・response_atlas_HTV71-98/HTV79_INDEPENDENT_ACCEPTANCE_AUDIT.md.sha256	HTV	104	a4b9e9e04701c8ed4ee862dc572fd5572d84d24349237c18a0c078f819d996d6	.sha256
01_HTV_HTS_CORE_DEPENDENCY_AUDIT/01_HTV_フェーズ別/HTV_07_DESI内部幾何・response_atlas_HTV71-98/HTV79_RESULTS_FOR_REVIEW.zip	HTV	12585	6a6f59268004b82335c9efa88d80e39d4df1a3bed2b6a4de6ee8c78e70441c22	.zip
01_HTV_HTS_CORE_DEPENDENCY_AUDIT/01_HTV_フェーズ別/HTV_07_DESI内部幾何・response_atlas_HTV71-98/HTV79_RESULTS_FOR_REVIEW.zip.sha256	HTV	118	b34a6e8b1130ea54452d33bf72aeb4b4d43c9b1270e8413b08b1c9e79bb1b50b	.sha256
01_HTV_HTS_CORE_DEPENDENCY_AUDIT/01_HTV_フェーズ別/HTV_07_DESI内部幾何・response_atlas_HTV71-98/HTV79_RUN_PACKAGE.zip	HTV	9743	952c1fcccb19d1f34ec822f7b66ebb11b2dcfeaa6b52c69842de3ba0eb68f8ff	.zip
01_HTV_HTS_CORE_DEPENDENCY_AUDIT/01_HTV_フェーズ別/HTV_07_DESI内部幾何・response_atlas_HTV71-98/HTV79_RUN_PACKAGE.zip.sha256	HTV	88	dc3a45c1a7d75d690d46570781723e7044ed02516a743adfdbbf4e53a13c9903	.sha256
01_HTV_HTS_CORE_DEPENDENCY_AUDIT/01_HTV_フェーズ別/HTV_07_DESI内部幾何・response_atlas_HTV71-98/HTV80_EXECUTION_REPORT.md	HTV	1662	8a76d5428e9ef909162a86812fcc85f11c4c73a1adeafeac39ed1ab8af2b2420	.md
01_HTV_HTS_CORE_DEPENDENCY_AUDIT/01_HTV_フェーズ別/HTV_07_DESI内部幾何・response_atlas_HTV71-98/HTV80_RESULTS_FOR_REVIEW.zip	HTV	14963	aeab9530872ff80def0817ef531ebab60e039c786e0f71ddcf4e7d5db5581738	.zip
01_HTV_HTS_CORE_DEPENDENCY_AUDIT/01_HTV_フェーズ別/HTV_07_DESI内部幾何・response_atlas_HTV71-98/HTV80_RESULTS_FOR_REVIEW.zip.sha256	HTV	95	9ac5ce994f6118d8fd763322b866492646054e07bbc547165db86069b20fb3e9	.sha256
01_HTV_HTS_CORE_DEPENDENCY_AUDIT/01_HTV_フェーズ別/HTV_07_DESI内部幾何・response_atlas_HTV71-98/HTV81_INDEPENDENT_ACCEPTANCE_AUDIT.md	HTV	2119	f674af264f889c66bd3feff9ed9c8056318f56bba4ffa4629d61d8442bdf86cf	.md
01_HTV_HTS_CORE_DEPENDENCY_AUDIT/01_HTV_フェーズ別/HTV_07_DESI内部幾何・response_atlas_HTV71-98/HTV81_INDEPENDENT_ACCEPTANCE_AUDIT.md.sha256	HTV	104	2c5ca369a4595892d52e8517266107a2f3e4403ba361c07b09f0955b834437e5	.sha256
01_HTV_HTS_CORE_DEPENDENCY_AUDIT/01_HTV_フェーズ別/HTV_07_DESI内部幾何・response_atlas_HTV71-98/HTV81_RESULTS_FOR_REVIEW.zip	HTV	13429	d401a8433b244ac14f9c99d8b5dec704797ba121365d01af2c797543b1e107b8	.zip
01_HTV_HTS_CORE_DEPENDENCY_AUDIT/01_HTV_フェーズ別/HTV_07_DESI内部幾何・response_atlas_HTV71-98/HTV81_RESULTS_FOR_REVIEW.zip.sha256	HTV	118	48800c1f3fd8a3c59d382b8705c65c5184065898340b54b46d2fd2c1978f1890	.sha256
01_HTV_HTS_CORE_DEPENDENCY_AUDIT/01_HTV_フェーズ別/HTV_07_DESI内部幾何・response_atlas_HTV71-98/HTV81_RUN_PACKAGE.zip	HTV	9799	a88ddf46b07ca49dca11db9fee98149fc4653963c8808fee295088ad6c413ddb	.zip
01_HTV_HTS_CORE_DEPENDENCY_AUDIT/01_HTV_フェーズ別/HTV_07_DESI内部幾何・response_atlas_HTV71-98/HTV81_RUN_PACKAGE.zip.sha256	HTV	88	1fd0351b4ac9489cba8dd87fa706b0198a0692fed6633dcddc257e7f0b5dfd27	.sha256
01_HTV_HTS_CORE_DEPENDENCY_AUDIT/01_HTV_フェーズ別/HTV_07_DESI内部幾何・response_atlas_HTV71-98/HTV82_EXECUTION_REPORT.md	HTV	1637	1d811ec4af69687c8756a23c488bb230328fc183f905b9f646329280d3a0ee3f	.md
01_HTV_HTS_CORE_DEPENDENCY_AUDIT/01_HTV_フェーズ別/HTV_07_DESI内部幾何・response_atlas_HTV71-98/HTV82_RESULTS_FOR_REVIEW.zip	HTV	13727	3a84586ea3df115d8df54c0346db9c679a0c2e439cea44bfc092ca92d852d3f1	.zip
01_HTV_HTS_CORE_DEPENDENCY_AUDIT/01_HTV_フェーズ別/HTV_07_DESI内部幾何・response_atlas_HTV71-98/HTV82_RESULTS_FOR_REVIEW.zip.sha256	HTV	95	618d92b922ceaee21ca03148dc833fb8162c43f6e95f15d8c69fd8ec585b5761	.sha256
01_HTV_HTS_CORE_DEPENDENCY_AUDIT/01_HTV_フェーズ別/HTV_07_DESI内部幾何・response_atlas_HTV71-98/HTV83_INDEPENDENT_ACCEPTANCE_AUDIT.md	HTV	2053	2b9eefe31fb2f7a318fd31e09e03d5912258713b42db552d2dadc12f932fb327	.md
01_HTV_HTS_CORE_DEPENDENCY_AUDIT/01_HTV_フェーズ別/HTV_07_DESI内部幾何・response_atlas_HTV71-98/HTV83_INDEPENDENT_ACCEPTANCE_AUDIT.md.sha256	HTV	104	ebb659d568fdf35cbf2200338aab0b080314fbf0711c0b3b4f68e764c08abeed	.sha256
01_HTV_HTS_CORE_DEPENDENCY_AUDIT/01_HTV_フェーズ別/HTV_07_DESI内部幾何・response_atlas_HTV71-98/HTV83_RESULTS_FOR_REVIEW.zip	HTV	14464	dcb723623b6625e13eb83a033bdc9588e05be2ca6452d01f4ac45ba34f3283a6	.zip
01_HTV_HTS_CORE_DEPENDENCY_AUDIT/01_HTV_フェーズ別/HTV_07_DESI内部幾何・response_atlas_HTV71-98/HTV83_RESULTS_FOR_REVIEW.zip.sha256	HTV	118	2b8a207b71ef0ca42de0ce7bff12a22c7c022f8a96791e5b494e6bd6e194eef6	.sha256
01_HTV_HTS_CORE_DEPENDENCY_AUDIT/01_HTV_フェーズ別/HTV_07_DESI内部幾何・response_atlas_HTV71-98/HTV83_RUN_PACKAGE.zip	HTV	9950	e8be0c4fa4ff25e96f16feab1867d4ff8393ce4476c9f6d5d554537a6a2de834	.zip
01_HTV_HTS_CORE_DEPENDENCY_AUDIT/01_HTV_フェーズ別/HTV_07_DESI内部幾何・response_atlas_HTV71-98/HTV83_RUN_PACKAGE.zip.sha256	HTV	88	bfd80f43299104eadd7f50ca1152f2ef418dc9892a66c470951545cf5963f081	.sha256
01_HTV_HTS_CORE_DEPENDENCY_AUDIT/01_HTV_フェーズ別/HTV_07_DESI内部幾何・response_atlas_HTV71-98/HTV84_EXECUTION_REPORT.md	HTV	1404	a509773a85f6f24eb8d0132abcc8bf7eb1727eff71c5be3211c5ebb0b3d357e1	.md
01_HTV_HTS_CORE_DEPENDENCY_AUDIT/01_HTV_フェーズ別/HTV_07_DESI内部幾何・response_atlas_HTV71-98/HTV84_RESULTS_FOR_REVIEW.zip	HTV	14571	af3d8707a6dfb4cc070d8aed1ba059be6fb5027523a41598d57da00f544e5973	.zip
01_HTV_HTS_CORE_DEPENDENCY_AUDIT/01_HTV_フェーズ別/HTV_07_DESI内部幾何・response_atlas_HTV71-98/HTV84_RESULTS_FOR_REVIEW.zip.sha256	HTV	95	592542d1c049009f3a612bae04e42b444f2b05d66306a4466b791e577d17fb82	.sha256
01_HTV_HTS_CORE_DEPENDENCY_AUDIT/01_HTV_フェーズ別/HTV_07_DESI内部幾何・response_atlas_HTV71-98/HTV85_INDEPENDENT_ACCEPTANCE_AUDIT.md	HTV	2599	8a46677b9256e2ea607c7271216510327a832e03963fbd961f5e55054b74401f	.md
01_HTV_HTS_CORE_DEPENDENCY_AUDIT/01_HTV_フェーズ別/HTV_07_DESI内部幾何・response_atlas_HTV71-98/HTV85_INDEPENDENT_ACCEPTANCE_AUDIT.md.sha256	HTV	104	27abab34d7b641ee3f517ab35f2a79116d1f0fda54525b298b615cc5e934264d	.sha256
01_HTV_HTS_CORE_DEPENDENCY_AUDIT/01_HTV_フェーズ別/HTV_07_DESI内部幾何・response_atlas_HTV71-98/HTV85_RESULTS_FOR_REVIEW.zip	HTV	18402	21941362f0bce3dd3233d965dead09a78284c500150d8f1a9e3db755e2d3d9fe	.zip
01_HTV_HTS_CORE_DEPENDENCY_AUDIT/01_HTV_フェーズ別/HTV_07_DESI内部幾何・response_atlas_HTV71-98/HTV85_RESULTS_FOR_REVIEW.zip.sha256	HTV	118	65ee51c4f650747728355ca69965838973399e4e7e887ceef3e5293f2fd6f18b	.sha256
01_HTV_HTS_CORE_DEPENDENCY_AUDIT/01_HTV_フェーズ別/HTV_07_DESI内部幾何・response_atlas_HTV71-98/HTV85_RUN_PACKAGE.zip	HTV	10363	c1c2b90298562627b917adf6d531541462423de6224ba3aecda0ba991c6e30aa	.zip
01_HTV_HTS_CORE_DEPENDENCY_AUDIT/01_HTV_フェーズ別/HTV_07_DESI内部幾何・response_atlas_HTV71-98/HTV85_RUN_PACKAGE.zip.sha256	HTV	88	30d1bf497a437a3ac30636f72b4b3a69accb6f83abdb33a31ed4ba716e5c6698	.sha256
01_HTV_HTS_CORE_DEPENDENCY_AUDIT/01_HTV_フェーズ別/HTV_07_DESI内部幾何・response_atlas_HTV71-98/HTV86_EXECUTION_REPORT.md	HTV	1667	13443578131d6f96adc72a7537b0230a97cfa0059a192a768f3fd06f51e6ece2	.md
01_HTV_HTS_CORE_DEPENDENCY_AUDIT/01_HTV_フェーズ別/HTV_07_DESI内部幾何・response_atlas_HTV71-98/HTV86_RESULTS_FOR_REVIEW.zip	HTV	17703	052b18e9b0f1881296a1c5f0725c62fcb83cdacc8294a5801983b400aa0459e6	.zip
01_HTV_HTS_CORE_DEPENDENCY_AUDIT/01_HTV_フェーズ別/HTV_07_DESI内部幾何・response_atlas_HTV71-98/HTV86_RESULTS_FOR_REVIEW.zip.sha256	HTV	95	998555e64495ab5201941154365f257b3c5d51485a33a692188db85a97adcad1	.sha256
01_HTV_HTS_CORE_DEPENDENCY_AUDIT/01_HTV_フェーズ別/HTV_07_DESI内部幾何・response_atlas_HTV71-98/HTV87_INDEPENDENT_ACCEPTANCE_AUDIT.md	HTV	2277	0ebb9d7a5ee0b3cca90059b1559fefde57a12c7527f5dd35f55b9f6ab7c7aa5c	.md
01_HTV_HTS_CORE_DEPENDENCY_AUDIT/01_HTV_フェーズ別/HTV_07_DESI内部幾何・response_atlas_HTV71-98/HTV87_INDEPENDENT_ACCEPTANCE_AUDIT.md.sha256	HTV	104	2afce6d0cdbf1f226ce02120d1a478cbd662be6f7239a8a226ebc8b6c8bfd4a2	.sha256
01_HTV_HTS_CORE_DEPENDENCY_AUDIT/01_HTV_フェーズ別/HTV_07_DESI内部幾何・response_atlas_HTV71-98/HTV87_RESULTS_FOR_REVIEW.zip	HTV	15052	4fc62490a156cd482ad3c0d7b9080711d79acac7999a439ca0d0a1b6f89ce0fa	.zip
01_HTV_HTS_CORE_DEPENDENCY_AUDIT/01_HTV_フェーズ別/HTV_07_DESI内部幾何・response_atlas_HTV71-98/HTV87_RESULTS_FOR_REVIEW.zip.sha256	HTV	118	e2c3f7aa81be96b062c175f0a865ae766e27fbc1112f3c79160b3137e3315cea	.sha256
01_HTV_HTS_CORE_DEPENDENCY_AUDIT/01_HTV_フェーズ別/HTV_07_DESI内部幾何・response_atlas_HTV71-98/HTV87_RUN_PACKAGE.zip	HTV	10816	378c351897e2c2c180d2cf3a099263ebf5a020400b472f6236964d4141deed93	.zip
01_HTV_HTS_CORE_DEPENDENCY_AUDIT/01_HTV_フェーズ別/HTV_07_DESI内部幾何・response_atlas_HTV71-98/HTV87_RUN_PACKAGE.zip.sha256	HTV	88	2df282a0b75df533d05a522d980cab618cdba7373643fcdfd1f472fa824cf3bf	.sha256
01_HTV_HTS_CORE_DEPENDENCY_AUDIT/01_HTV_フェーズ別/HTV_07_DESI内部幾何・response_atlas_HTV71-98/HTV88_EXECUTION_REPORT.md	HTV	1916	ce0897453bb09e5881e575d8850029fba5b887a50de2e72ed3a11d26b4e90cd4	.md
01_HTV_HTS_CORE_DEPENDENCY_AUDIT/01_HTV_フェーズ別/HTV_07_DESI内部幾何・response_atlas_HTV71-98/HTV88_RESULTS_FOR_REVIEW.zip	HTV	17362	8abf22d29a9c71f7b9c7cfa554ee1e86f7ccf0df8c28e993228fa61644866b77	.zip
01_HTV_HTS_CORE_DEPENDENCY_AUDIT/01_HTV_フェーズ別/HTV_07_DESI内部幾何・response_atlas_HTV71-98/HTV88_RESULTS_FOR_REVIEW.zip.sha256	HTV	95	a817ae925ccac99012de6972f156504d90544b03e78e494a175b891435a8d0f4	.sha256
01_HTV_HTS_CORE_DEPENDENCY_AUDIT/01_HTV_フェーズ別/HTV_07_DESI内部幾何・response_atlas_HTV71-98/HTV89_INDEPENDENT_ACCEPTANCE_AUDIT.md	HTV	2224	b5dbe93e3975b9626040cbf6ce73f69bb06653643ef35b8f21f91440847eff16	.md
01_HTV_HTS_CORE_DEPENDENCY_AUDIT/01_HTV_フェーズ別/HTV_07_DESI内部幾何・response_atlas_HTV71-98/HTV89_INDEPENDENT_ACCEPTANCE_AUDIT.md.sha256	HTV	104	c20628be479c9196e66b5009ba03061c80441ee3c98e7735f90580b52d8c4c16	.sha256
01_HTV_HTS_CORE_DEPENDENCY_AUDIT/01_HTV_フェーズ別/HTV_07_DESI内部幾何・response_atlas_HTV71-98/HTV89_RESULTS_FOR_REVIEW.zip	HTV	15820	88d4de9a539abc52b61af10cfecd7f9cb0cb263d35e020dde75988175fa49aaf	.zip
01_HTV_HTS_CORE_DEPENDENCY_AUDIT/01_HTV_フェーズ別/HTV_07_DESI内部幾何・response_atlas_HTV71-98/HTV89_RESULTS_FOR_REVIEW.zip.sha256	HTV	118	7a89e3d1b44c959c89690583ed8c4a005437ea53361d52bc7fd1e2e0709615c2	.sha256
01_HTV_HTS_CORE_DEPENDENCY_AUDIT/01_HTV_フェーズ別/HTV_07_DESI内部幾何・response_atlas_HTV71-98/HTV89_RUN_PACKAGE.zip	HTV	12122	6c3f54c6f61404cda3f9b0a2feb241e5c523b91cf20757790244aef61474cb97	.zip
01_HTV_HTS_CORE_DEPENDENCY_AUDIT/01_HTV_フェーズ別/HTV_07_DESI内部幾何・response_atlas_HTV71-98/HTV89_RUN_PACKAGE.zip.sha256	HTV	88	d55cbc5cca5fa3ac9d86726d3eff5ecfffe23b7e064724c626738bf317d5b658	.sha256
01_HTV_HTS_CORE_DEPENDENCY_AUDIT/01_HTV_フェーズ別/HTV_07_DESI内部幾何・response_atlas_HTV71-98/HTV90_EXECUTION_REPORT.md	HTV	1822	2fc7582e1d56ee213f8e130d945b881efa772db151f4af3dfb8ed5b23b87a2d7	.md
01_HTV_HTS_CORE_DEPENDENCY_AUDIT/01_HTV_フェーズ別/HTV_07_DESI内部幾何・response_atlas_HTV71-98/HTV90_RESULTS_FOR_REVIEW.zip	HTV	18392	0c339ceb07a8f688879a1bb7d00df481da3d90dcb87012420fceb6cc16bd4222	.zip
01_HTV_HTS_CORE_DEPENDENCY_AUDIT/01_HTV_フェーズ別/HTV_07_DESI内部幾何・response_atlas_HTV71-98/HTV90_RESULTS_FOR_REVIEW.zip.sha256	HTV	95	9bdea44e7e178e33838700c7fe69d0ae2004aa5e798678690879001d04dbc5a0	.sha256
01_HTV_HTS_CORE_DEPENDENCY_AUDIT/01_HTV_フェーズ別/HTV_07_DESI内部幾何・response_atlas_HTV71-98/HTV91_INDEPENDENT_ACCEPTANCE_AUDIT.md	HTV	1871	29f1656f14a9f7d9603bda083ef247cc018a97e9b7a8f8462f3b4343abcf49ce	.md
01_HTV_HTS_CORE_DEPENDENCY_AUDIT/01_HTV_フェーズ別/HTV_07_DESI内部幾何・response_atlas_HTV71-98/HTV91_INDEPENDENT_ACCEPTANCE_AUDIT.md.sha256	HTV	104	776310e0ea4e6a8e65483f417db1d2c75a9e5b7af8702837ae02eb133dc0f029	.sha256
01_HTV_HTS_CORE_DEPENDENCY_AUDIT/01_HTV_フェーズ別/HTV_07_DESI内部幾何・response_atlas_HTV71-98/HTV91_RESULTS_FOR_REVIEW.zip	HTV	31160	824bef5f64e847238e593dd8ee6bfb77c3b5ea2466a5f07fccd8dc602467a8df	.zip
01_HTV_HTS_CORE_DEPENDENCY_AUDIT/01_HTV_フェーズ別/HTV_07_DESI内部幾何・response_atlas_HTV71-98/HTV91_RESULTS_FOR_REVIEW.zip.sha256	HTV	118	43a125d9c9e87228dbf1b63e08afc9f7974ccbde1bd5543311993805f4e52a38	.sha256
01_HTV_HTS_CORE_DEPENDENCY_AUDIT/01_HTV_フェーズ別/HTV_07_DESI内部幾何・response_atlas_HTV71-98/HTV91_RUN_PACKAGE.zip	HTV	15428	80a0593cceda5cbd6e82586a675c6d4c0589fe4c68eff32e7dc99d4c52a04cdb	.zip
01_HTV_HTS_CORE_DEPENDENCY_AUDIT/01_HTV_フェーズ別/HTV_07_DESI内部幾何・response_atlas_HTV71-98/HTV91_RUN_PACKAGE.zip.sha256	HTV	88	146bbc866de5b42470fa040ef637bff142e5a72ea1b10969409270bb74050925	.sha256
01_HTV_HTS_CORE_DEPENDENCY_AUDIT/01_HTV_フェーズ別/HTV_07_DESI内部幾何・response_atlas_HTV71-98/HTV92_EXECUTION_REPORT.md	HTV	1662	59bddb692a02a68a536768f61551dcd317fcee867cae3313eadf103e1a3c7199	.md
01_HTV_HTS_CORE_DEPENDENCY_AUDIT/01_HTV_フェーズ別/HTV_07_DESI内部幾何・response_atlas_HTV71-98/HTV92_RESULTS_FOR_REVIEW.zip	HTV	29356	2ca7a5d44e33fdf61ac5c718bf55bc0ae4b533e52658fd18f138dba3a24e96d3	.zip
01_HTV_HTS_CORE_DEPENDENCY_AUDIT/01_HTV_フェーズ別/HTV_07_DESI内部幾何・response_atlas_HTV71-98/HTV92_RESULTS_FOR_REVIEW.zip.sha256	HTV	95	8a17654afe74f5cb2c7fe8f9342e3c731b1e21084c312bc5a93b030a7e58dfcf	.sha256
01_HTV_HTS_CORE_DEPENDENCY_AUDIT/01_HTV_フェーズ別/HTV_07_DESI内部幾何・response_atlas_HTV71-98/HTV93_INDEPENDENT_ACCEPTANCE_AUDIT.md	HTV	2364	07b4672a0050f943df565239bcd3338c9558f62670b04407b895f609c07caa5c	.md
01_HTV_HTS_CORE_DEPENDENCY_AUDIT/01_HTV_フェーズ別/HTV_07_DESI内部幾何・response_atlas_HTV71-98/HTV93_INDEPENDENT_ACCEPTANCE_AUDIT.md.sha256	HTV	104	a74bc9669dc761191d72f1e0ef73020e79b2d761f06ece049359b910dcf8b7ee	.sha256
01_HTV_HTS_CORE_DEPENDENCY_AUDIT/01_HTV_フェーズ別/HTV_07_DESI内部幾何・response_atlas_HTV71-98/HTV93_RESULTS_FOR_REVIEW.zip	HTV	8982	fd17758b5533d2a20156817b77fbff79afb26d30bc22032d994dbb03790b443d	.zip
01_HTV_HTS_CORE_DEPENDENCY_AUDIT/01_HTV_フェーズ別/HTV_07_DESI内部幾何・response_atlas_HTV71-98/HTV93_RESULTS_FOR_REVIEW.zip.sha256	HTV	118	d582c12ce176e8168abd2adabfd1f1af87a7d3c9054232d1d5e414f68811e6f5	.sha256
01_HTV_HTS_CORE_DEPENDENCY_AUDIT/01_HTV_フェーズ別/HTV_07_DESI内部幾何・response_atlas_HTV71-98/HTV93_RUN_PACKAGE.zip	HTV	10111	1cce214ec14e48f6e815d1bd8c97ee3c844f189cbe5f90584846dbc53dc0d8dd	.zip
01_HTV_HTS_CORE_DEPENDENCY_AUDIT/01_HTV_フェーズ別/HTV_07_DESI内部幾何・response_atlas_HTV71-98/HTV93_RUN_PACKAGE.zip.sha256	HTV	88	0ba99a589c716d9ec402b2c0eb82da3aca737a3112d41098292c5e50ff8ef58c	.sha256
01_HTV_HTS_CORE_DEPENDENCY_AUDIT/01_HTV_フェーズ別/HTV_07_DESI内部幾何・response_atlas_HTV71-98/HTV94_EXECUTION_REPORT.md	HTV	1634	bcad77acc480928cd388862e35ba7b1aa058eeb8357fce989a02640c7aa9abbb	.md
01_HTV_HTS_CORE_DEPENDENCY_AUDIT/01_HTV_フェーズ別/HTV_07_DESI内部幾何・response_atlas_HTV71-98/HTV94_RESULTS_FOR_REVIEW.zip	HTV	11755	2a0aec9f0e5a99cc565d100a59c3ea7d7bbacbd6e9fe38453deb46ae45977ce7	.zip
01_HTV_HTS_CORE_DEPENDENCY_AUDIT/01_HTV_フェーズ別/HTV_07_DESI内部幾何・response_atlas_HTV71-98/HTV94_RESULTS_FOR_REVIEW.zip.sha256	HTV	95	90d1a31f530bc6073f18aacb328c5844caa8d202cb0016cd2bb79518bb55da88	.sha256
01_HTV_HTS_CORE_DEPENDENCY_AUDIT/01_HTV_フェーズ別/HTV_07_DESI内部幾何・response_atlas_HTV71-98/HTV95_INDEPENDENT_ACCEPTANCE_AUDIT.md	HTV	1932	041eab9d77e43ca31b3c2085d41c98515e450daf0b93be853fd78190a0bb1e63	.md
01_HTV_HTS_CORE_DEPENDENCY_AUDIT/01_HTV_フェーズ別/HTV_07_DESI内部幾何・response_atlas_HTV71-98/HTV95_INDEPENDENT_ACCEPTANCE_AUDIT.md.sha256	HTV	104	be50630161fbb6c3389ee17e5483db3e5ecf2ff4aefecf2e447fc576893b2cb5	.sha256
01_HTV_HTS_CORE_DEPENDENCY_AUDIT/01_HTV_フェーズ別/HTV_07_DESI内部幾何・response_atlas_HTV71-98/HTV95_RESULTS_FOR_REVIEW.zip	HTV	14765	448b03a3626a4c3afe33556a4e83a486d5988db80ce1fcc9e1dd48153004dcc2	.zip
01_HTV_HTS_CORE_DEPENDENCY_AUDIT/01_HTV_フェーズ別/HTV_07_DESI内部幾何・response_atlas_HTV71-98/HTV95_RESULTS_FOR_REVIEW.zip.sha256	HTV	118	10f46ad8efef98ebc6468c3f43ef05abbeeee1e85526f8c76f910776470047d4	.sha256
01_HTV_HTS_CORE_DEPENDENCY_AUDIT/01_HTV_フェーズ別/HTV_07_DESI内部幾何・response_atlas_HTV71-98/HTV95_RUN_PACKAGE.zip	HTV	11530	e94b8574bbd6c3eb6c0a7b3997a45fa83623192df93fdadb4179b8c7e8610d83	.zip
01_HTV_HTS_CORE_DEPENDENCY_AUDIT/01_HTV_フェーズ別/HTV_07_DESI内部幾何・response_atlas_HTV71-98/HTV95_RUN_PACKAGE.zip.sha256	HTV	88	4d33b9ad7116d1df2e340c00e64a54ee592a9cec3451f7c11778ff09054174ac	.sha256
01_HTV_HTS_CORE_DEPENDENCY_AUDIT/01_HTV_フェーズ別/HTV_07_DESI内部幾何・response_atlas_HTV71-98/HTV96_EXECUTION_REPORT.md	HTV	1396	fd3b799968d2272a4f3e847ca056f43269228e7bc1cc97bc972b61cd6f9e3592	.md
01_HTV_HTS_CORE_DEPENDENCY_AUDIT/01_HTV_フェーズ別/HTV_07_DESI内部幾何・response_atlas_HTV71-98/HTV96_RESULTS_FOR_REVIEW.zip	HTV	13676	742620306229ef3ae24ec2803cb9c8ce3587eff3c0f47b62c844c33916afbf4e	.zip
01_HTV_HTS_CORE_DEPENDENCY_AUDIT/01_HTV_フェーズ別/HTV_07_DESI内部幾何・response_atlas_HTV71-98/HTV96_RESULTS_FOR_REVIEW.zip.sha256	HTV	95	9fa1b852e8f94f09f47430d22aa124db674ebdb5b80804e7d2e3b00dc7b9a48c	.sha256
01_HTV_HTS_CORE_DEPENDENCY_AUDIT/01_HTV_フェーズ別/HTV_07_DESI内部幾何・response_atlas_HTV71-98/HTV97_INDEPENDENT_ACCEPTANCE_AUDIT.md	HTV	1722	79c1051e7ff9cc149521007a0a4a7d17fc520eb5700c4deadbee2f14f9086d8d	.md
01_HTV_HTS_CORE_DEPENDENCY_AUDIT/01_HTV_フェーズ別/HTV_07_DESI内部幾何・response_atlas_HTV71-98/HTV97_INDEPENDENT_ACCEPTANCE_AUDIT.md.sha256	HTV	104	0cc57b9b9a63360c432744880622e25cccc96172513421bf2f536ea48192a812	.sha256
01_HTV_HTS_CORE_DEPENDENCY_AUDIT/01_HTV_フェーズ別/HTV_07_DESI内部幾何・response_atlas_HTV71-98/HTV97_RESULTS_FOR_REVIEW.zip	HTV	23116	8264278eded3125c5e0c0e32581699d1fca124be988b71efa7b38f2fed07be8e	.zip
01_HTV_HTS_CORE_DEPENDENCY_AUDIT/01_HTV_フェーズ別/HTV_07_DESI内部幾何・response_atlas_HTV71-98/HTV97_RESULTS_FOR_REVIEW.zip.sha256	HTV	118	9e2d896337f33c1179f95cd352833139ffeda11524887df6f53330767bb6bed6	.sha256
01_HTV_HTS_CORE_DEPENDENCY_AUDIT/01_HTV_フェーズ別/HTV_07_DESI内部幾何・response_atlas_HTV71-98/HTV97_RUN_PACKAGE.zip	HTV	13934	e35407b428657476cdd33f5e42fa484e0547112e35a24ab3d56d672391787855	.zip
01_HTV_HTS_CORE_DEPENDENCY_AUDIT/01_HTV_フェーズ別/HTV_07_DESI内部幾何・response_atlas_HTV71-98/HTV97_RUN_PACKAGE.zip.sha256	HTV	88	725ecdecb5286edc6c407873eed9d513dc01744038261ee705a3996e5e5ca834	.sha256
01_HTV_HTS_CORE_DEPENDENCY_AUDIT/01_HTV_フェーズ別/HTV_07_DESI内部幾何・response_atlas_HTV71-98/HTV98_EXECUTION_REPORT.md	HTV	1407	55bfbd556359b9e8dc5577a84c59e3f1ee5ec232cfb2dca18ea12869b09e65a9	.md
01_HTV_HTS_CORE_DEPENDENCY_AUDIT/01_HTV_フェーズ別/HTV_07_DESI内部幾何・response_atlas_HTV71-98/HTV98_RESULTS_FOR_REVIEW.zip	HTV	19889	736b5133db2a7c92842afca2ac2405ad73fb835b4525856573c5246edb7bdae9	.zip
01_HTV_HTS_CORE_DEPENDENCY_AUDIT/01_HTV_フェーズ別/HTV_07_DESI内部幾何・response_atlas_HTV71-98/HTV98_RESULTS_FOR_REVIEW.zip.sha256	HTV	95	af4163ad2a9ebdc08f764aa78e9f333d857ed03f13ac57bf6434bca121dcd651	.sha256
01_HTV_HTS_CORE_DEPENDENCY_AUDIT/01_HTV_フェーズ別/HTV_08_CMB共通軸・公開契約監査_HTV99-105/HTV100_EXECUTION_REPORT.md	HTV	774	99f9fd72d5609297d213d3d4c91e166fe8ce44e0b86fed379576883dab9714d5	.md
01_HTV_HTS_CORE_DEPENDENCY_AUDIT/01_HTV_フェーズ別/HTV_08_CMB共通軸・公開契約監査_HTV99-105/HTV100_RESULTS_FOR_REVIEW.zip	HTV	8603	2c740068851b2f394129a1943b291313cf13c8bfcf96e32421d9aadd619562be	.zip
01_HTV_HTS_CORE_DEPENDENCY_AUDIT/01_HTV_フェーズ別/HTV_08_CMB共通軸・公開契約監査_HTV99-105/HTV100_RESULTS_FOR_REVIEW.zip.sha256	HTV	96	ff3bc232b0db0c6044b07d3f59bd6ca9bde313bba3f5f81b3bbefa9085b568fd	.sha256
01_HTV_HTS_CORE_DEPENDENCY_AUDIT/01_HTV_フェーズ別/HTV_08_CMB共通軸・公開契約監査_HTV99-105/HTV101_INDEPENDENT_ACCEPTANCE_AUDIT.md	HTV	2147	f81efde2d9e464dd5f1b23ca4c5eed74085560afaedbaac582226f02d570e629	.md
01_HTV_HTS_CORE_DEPENDENCY_AUDIT/01_HTV_フェーズ別/HTV_08_CMB共通軸・公開契約監査_HTV99-105/HTV101_INDEPENDENT_ACCEPTANCE_AUDIT.md.sha256	HTV	105	627062eae68a2110c1f75e6d33867e9d5ae0e01ac5631b0786a6a6e8d74905d3	.sha256
01_HTV_HTS_CORE_DEPENDENCY_AUDIT/01_HTV_フェーズ別/HTV_08_CMB共通軸・公開契約監査_HTV99-105/HTV101_RESULTS_FOR_REVIEW.zip	HTV	8282	3df79f0ace01b320cc2f4c886e5cc1b11f3e74e998f26d8cdfcc446bfea5bacf	.zip
01_HTV_HTS_CORE_DEPENDENCY_AUDIT/01_HTV_フェーズ別/HTV_08_CMB共通軸・公開契約監査_HTV99-105/HTV101_RESULTS_FOR_REVIEW.zip.sha256	HTV	119	fdd653b6f1e2fa1199947445f1db1118cce27e8d9d90bcdba2f2581d790e33f8	.sha256
01_HTV_HTS_CORE_DEPENDENCY_AUDIT/01_HTV_フェーズ別/HTV_08_CMB共通軸・公開契約監査_HTV99-105/HTV101_RUN_PACKAGE.zip	HTV	6831	e7a33529cd32e47d626fe522c0be3b790c1a2376e265d3f3d91310bafbab7848	.zip
01_HTV_HTS_CORE_DEPENDENCY_AUDIT/01_HTV_フェーズ別/HTV_08_CMB共通軸・公開契約監査_HTV99-105/HTV101_RUN_PACKAGE.zip.sha256	HTV	89	88b2d1cbff677f99316fb8c84693a7a5d24af5e47dc8d0ee92882025585ad4a3	.sha256
01_HTV_HTS_CORE_DEPENDENCY_AUDIT/01_HTV_フェーズ別/HTV_08_CMB共通軸・公開契約監査_HTV99-105/HTV102_A_EXECUTION_REPORT.md	HTV	1917	b1bde0f93b4cde6120e9ce47897fefb170770b1f8ee6914ad35d7f97eb1a8c14	.md
01_HTV_HTS_CORE_DEPENDENCY_AUDIT/01_HTV_フェーズ別/HTV_08_CMB共通軸・公開契約監査_HTV99-105/HTV102_A_RESULTS_FOR_REVIEW.zip	HTV	10009	763d3971d9a6804f466e1b623016b53bae4d26f0689c7ae4190f197d6751344a	.zip
01_HTV_HTS_CORE_DEPENDENCY_AUDIT/01_HTV_フェーズ別/HTV_08_CMB共通軸・公開契約監査_HTV99-105/HTV102_A_RESULTS_FOR_REVIEW.zip.sha256	HTV	96	ecac78268d3f360914fe994b9ef1cd79a1bfc4bd110e6f5d84aa12fa12285adb	.sha256
01_HTV_HTS_CORE_DEPENDENCY_AUDIT/01_HTV_フェーズ別/HTV_08_CMB共通軸・公開契約監査_HTV99-105/HTV102_EXECUTION_REPORT.md	HTV	3955	0c7950bc96a92f3ffce4ee6a3e46178f7b406de59294520146d11c5317bf0877	.md
01_HTV_HTS_CORE_DEPENDENCY_AUDIT/01_HTV_フェーズ別/HTV_08_CMB共通軸・公開契約監査_HTV99-105/HTV102_RESULTS_FOR_REVIEW.zip	HTV	40400	0d22858ef663e2af84df3f7483a3566b6536bdea54d80ce33f4ab7eb58b8515a	.zip
01_HTV_HTS_CORE_DEPENDENCY_AUDIT/01_HTV_フェーズ別/HTV_08_CMB共通軸・公開契約監査_HTV99-105/HTV102_RESULTS_FOR_REVIEW.zip.sha256	HTV	96	a7b30e23a448a3eaddd053598323d470bbb23458cdb76facaf569a1eb649a9f0	.sha256
01_HTV_HTS_CORE_DEPENDENCY_AUDIT/01_HTV_フェーズ別/HTV_08_CMB共通軸・公開契約監査_HTV99-105/HTV103_A_INDEPENDENT_ACCEPTANCE_AUDIT.md	HTV	1969	45ac39b0c30a2aa474948837f632d6e0d814d48be11821996b941f6817eca4ea	.md
01_HTV_HTS_CORE_DEPENDENCY_AUDIT/01_HTV_フェーズ別/HTV_08_CMB共通軸・公開契約監査_HTV99-105/HTV103_A_INDEPENDENT_ACCEPTANCE_AUDIT.md.sha256	HTV	105	2dc8577b9bb544dba33d23c7a6e3db852a674459527091363b95964dd16f38ae	.sha256
01_HTV_HTS_CORE_DEPENDENCY_AUDIT/01_HTV_フェーズ別/HTV_08_CMB共通軸・公開契約監査_HTV99-105/HTV103_A_RESULTS_FOR_REVIEW.zip	HTV	9300	fa4eed4417f553237a2694cd39417756f3f1bf78e490b6b18d35f971e0e29061	.zip
01_HTV_HTS_CORE_DEPENDENCY_AUDIT/01_HTV_フェーズ別/HTV_08_CMB共通軸・公開契約監査_HTV99-105/HTV103_A_RESULTS_FOR_REVIEW.zip.sha256	HTV	119	9fcffd670f8b7ef1b9f2193d9d8d9a85c2a420ef3bb180928c6945656014ca59	.sha256
01_HTV_HTS_CORE_DEPENDENCY_AUDIT/01_HTV_フェーズ別/HTV_08_CMB共通軸・公開契約監査_HTV99-105/HTV103_EXECUTION_REPORT.md	HTV	3736	f44ddf816e3fcd8fccbb43c99e43a91f84fba4a79dfe8599c58a96f7282c5943	.md
01_HTV_HTS_CORE_DEPENDENCY_AUDIT/01_HTV_フェーズ別/HTV_08_CMB共通軸・公開契約監査_HTV99-105/HTV103_EXECUTION_REPORT.md.sha256	HTV	93	8344c784bbbb869e834fda28f7d86bc9b7f6d0e09d9dfb539bcf859f0c69f63d	.sha256
01_HTV_HTS_CORE_DEPENDENCY_AUDIT/01_HTV_フェーズ別/HTV_08_CMB共通軸・公開契約監査_HTV99-105/HTV103_RESULTS_FOR_REVIEW.zip	HTV	57387	eab64aa762c0bfec88596b05a155f4e670cf57679e6d9036ea921be8a2428224	.zip
01_HTV_HTS_CORE_DEPENDENCY_AUDIT/01_HTV_フェーズ別/HTV_08_CMB共通軸・公開契約監査_HTV99-105/HTV103_RESULTS_FOR_REVIEW.zip.sha256	HTV	96	7e3ef182109512725c02128b7244f34c4aecf9ac37678ba42b3dc31a9b359d55	.sha256
01_HTV_HTS_CORE_DEPENDENCY_AUDIT/01_HTV_フェーズ別/HTV_08_CMB共通軸・公開契約監査_HTV99-105/HTV103_RUN_PACKAGE.zip	HTV	17033	8bdd35491cf3bd1d947e3bbd3ba3bd5bee846e25ef6704c505ad1f461b4f1433	.zip
01_HTV_HTS_CORE_DEPENDENCY_AUDIT/01_HTV_フェーズ別/HTV_08_CMB共通軸・公開契約監査_HTV99-105/HTV103_RUN_PACKAGE.zip.sha256	HTV	89	3f285c29dd0853d322c2c7c5d1a6ea91ab6eae580eebb073129dfffafb8796ca	.sha256
01_HTV_HTS_CORE_DEPENDENCY_AUDIT/01_HTV_フェーズ別/HTV_08_CMB共通軸・公開契約監査_HTV99-105/HTV104_A_EXECUTION_REPORT.md	HTV	1284	8411056a8c3b3f2228049e4df5bcdfe6d84d542e9d5ba6fe376ca89c90f19597	.md
01_HTV_HTS_CORE_DEPENDENCY_AUDIT/01_HTV_フェーズ別/HTV_08_CMB共通軸・公開契約監査_HTV99-105/HTV104_A_RESULTS_FOR_REVIEW.zip	HTV	9228	f83adb6c0cf3b0296300617fa28ad77b61381a91d4fc9739a4817acb8bd089ea	.zip
01_HTV_HTS_CORE_DEPENDENCY_AUDIT/01_HTV_フェーズ別/HTV_08_CMB共通軸・公開契約監査_HTV99-105/HTV104_A_RESULTS_FOR_REVIEW.zip.sha256	HTV	101	375360de8033c72b58ac46abafb1db15cacfe87bd2a3252a68004b6f56aafc03	.sha256
01_HTV_HTS_CORE_DEPENDENCY_AUDIT/01_HTV_フェーズ別/HTV_08_CMB共通軸・公開契約監査_HTV99-105/HTV104_EXECUTION_REPORT.md	HTV	3629	260c8cdd77587f06c4368a780948cc6c5d41721c12c822fcb633f523c5869285	.md
01_HTV_HTS_CORE_DEPENDENCY_AUDIT/01_HTV_フェーズ別/HTV_08_CMB共通軸・公開契約監査_HTV99-105/HTV104_EXECUTION_REPORT.md.sha256	HTV	93	9fbf4cbd5ef7c37899270ac2d7ee1f6a3ac1ddbd8739b6fcb0d0a3bf45404220	.sha256
01_HTV_HTS_CORE_DEPENDENCY_AUDIT/01_HTV_フェーズ別/HTV_08_CMB共通軸・公開契約監査_HTV99-105/HTV104_RESULTS_FOR_REVIEW.zip	HTV	25603	4334445405fed79eee18af4a19f7d74867ee6f39a2a08c1a4d978f822823972b	.zip
01_HTV_HTS_CORE_DEPENDENCY_AUDIT/01_HTV_フェーズ別/HTV_08_CMB共通軸・公開契約監査_HTV99-105/HTV104_RESULTS_FOR_REVIEW.zip.sha256	HTV	96	7a8fd390c393a0c06ac53d5f864e913f7071a2e8fa8fb13d48b961e26614e737	.sha256
01_HTV_HTS_CORE_DEPENDENCY_AUDIT/01_HTV_フェーズ別/HTV_08_CMB共通軸・公開契約監査_HTV99-105/HTV105_EXECUTION_REPORT.md	HTV	1691	d26dca71fc82aa683d8c3c1bcaf1af17be17acb5898a093f944ec576996769ca	.md
01_HTV_HTS_CORE_DEPENDENCY_AUDIT/01_HTV_フェーズ別/HTV_08_CMB共通軸・公開契約監査_HTV99-105/HTV105_EXECUTION_REPORT.md.sha256	HTV	93	d7634e502845cd34b8e8a9a050db4c549deddd007b783f1f572e7951c0d9e7c6	.sha256
01_HTV_HTS_CORE_DEPENDENCY_AUDIT/01_HTV_フェーズ別/HTV_08_CMB共通軸・公開契約監査_HTV99-105/HTV105_RESULTS_FOR_REVIEW.zip	HTV	24236	28d693f5cd88be13d1d19e355319ffe0f95f5ebdcb3346bbb55a6ad84d6500ea	.zip
01_HTV_HTS_CORE_DEPENDENCY_AUDIT/01_HTV_フェーズ別/HTV_08_CMB共通軸・公開契約監査_HTV99-105/HTV105_RESULTS_FOR_REVIEW.zip.sha256	HTV	96	bd6a28e9f71055e7e4f5627fa85b2f48c0fe2818b42fe4190cd1a3bc629965ff	.sha256
01_HTV_HTS_CORE_DEPENDENCY_AUDIT/01_HTV_フェーズ別/HTV_08_CMB共通軸・公開契約監査_HTV99-105/HTV99_INDEPENDENT_ACCEPTANCE_AUDIT.md	HTV	1734	88c4aa65ccd1a0d7e80d914976ff5207ae6bdb262fbc1f326fea438601ceb868	.md
01_HTV_HTS_CORE_DEPENDENCY_AUDIT/01_HTV_フェーズ別/HTV_08_CMB共通軸・公開契約監査_HTV99-105/HTV99_INDEPENDENT_ACCEPTANCE_AUDIT.md.sha256	HTV	104	3e5d3b9310f3abd584e6995f6a7cb302c864589fc520eb9037c92bdfef5b467c	.sha256
01_HTV_HTS_CORE_DEPENDENCY_AUDIT/01_HTV_フェーズ別/HTV_08_CMB共通軸・公開契約監査_HTV99-105/HTV99_RESULTS_FOR_REVIEW.zip	HTV	9337	5a24e4673e71b101d61fe5b6fd55b7145da415ca56132148432cba3823ad5409	.zip
01_HTV_HTS_CORE_DEPENDENCY_AUDIT/01_HTV_フェーズ別/HTV_08_CMB共通軸・公開契約監査_HTV99-105/HTV99_RESULTS_FOR_REVIEW.zip.sha256	HTV	118	9f0cd72be369864e9708270e3d6301848296e8caa4b08889de0f42b444f3be38	.sha256
01_HTV_HTS_CORE_DEPENDENCY_AUDIT/01_HTV_フェーズ別/HTV_08_CMB共通軸・公開契約監査_HTV99-105/HTV99_RUN_PACKAGE.zip	HTV	7455	6c4019030f6cb2e91ad5f9854b7977a4b869ab508833d4993b29a311b13a1cf6	.zip
01_HTV_HTS_CORE_DEPENDENCY_AUDIT/01_HTV_フェーズ別/HTV_08_CMB共通軸・公開契約監査_HTV99-105/HTV99_RUN_PACKAGE.zip.sha256	HTV	88	085ef65de361cc76b11b25fc00a6914cf92e9e2e35a88bb3aa25d0a171f2509e	.sha256
01_HTV_HTS_CORE_DEPENDENCY_AUDIT/01_HTV_フェーズ別/HTV_09_独立H0経路・横断依存_HTV106-113/HTV106_EXECUTION_REPORT.md	HTV	2404	e757fd8d3068689e7b71d27813e73a14599144eb678b692e0421c3b6c2c7ad70	.md
01_HTV_HTS_CORE_DEPENDENCY_AUDIT/01_HTV_フェーズ別/HTV_09_独立H0経路・横断依存_HTV106-113/HTV106_EXECUTION_REPORT.md.sha256	HTV	93	e1640847c11ecf6698e12abb5646b40c8970d134a8d4239f277d5fcc9fce5cec	.sha256
01_HTV_HTS_CORE_DEPENDENCY_AUDIT/01_HTV_フェーズ別/HTV_09_独立H0経路・横断依存_HTV106-113/HTV106_RESULTS_FOR_REVIEW.zip	HTV	19229	b1afb6bdf87145bd164a297369ca54be22515470e760a2a238001590b1e3b627	.zip
01_HTV_HTS_CORE_DEPENDENCY_AUDIT/01_HTV_フェーズ別/HTV_09_独立H0経路・横断依存_HTV106-113/HTV106_RESULTS_FOR_REVIEW.zip.sha256	HTV	96	a9faf9dc4de3ca7c98bcfa4fbeb13c410fcad37949108900eb7f121db3532f90	.sha256
01_HTV_HTS_CORE_DEPENDENCY_AUDIT/01_HTV_フェーズ別/HTV_09_独立H0経路・横断依存_HTV106-113/HTV107_EXECUTION_REPORT.md	HTV	3142	8d97674b8fd69aed7161d06d9ab53b90cdb337ab4dff38326580d896a5c0af7e	.md
01_HTV_HTS_CORE_DEPENDENCY_AUDIT/01_HTV_フェーズ別/HTV_09_独立H0経路・横断依存_HTV106-113/HTV107_EXECUTION_REPORT.md.sha256	HTV	93	6c5fcbe42f26385b86f65f4f38ce8afca10239de7a0f8d2b64502b6e534e7460	.sha256
01_HTV_HTS_CORE_DEPENDENCY_AUDIT/01_HTV_フェーズ別/HTV_09_独立H0経路・横断依存_HTV106-113/HTV107_RESULTS_FOR_REVIEW.zip	HTV	18431	96e7feb24eed84e72619cc8f19c0bbb697e5f893b73908916fd3099155795b4f	.zip
01_HTV_HTS_CORE_DEPENDENCY_AUDIT/01_HTV_フェーズ別/HTV_09_独立H0経路・横断依存_HTV106-113/HTV107_RESULTS_FOR_REVIEW.zip.sha256	HTV	96	07ddddcfd05ac7c1d56e966a141bb9d72daed2d88643621393f6fd93eb662dc9	.sha256
01_HTV_HTS_CORE_DEPENDENCY_AUDIT/01_HTV_フェーズ別/HTV_09_独立H0経路・横断依存_HTV106-113/HTV108_EXECUTION_REPORT.md	HTV	3237	26e511806415dc18eb7b592625748dd7e3e9e37bcc2746fb3ae50ef40f387f89	.md
01_HTV_HTS_CORE_DEPENDENCY_AUDIT/01_HTV_フェーズ別/HTV_09_独立H0経路・横断依存_HTV106-113/HTV108_EXECUTION_REPORT.md.sha256	HTV	93	a15e4e9e0cf7c2bc7c63ee4cd2cb787011948446c225c22706be06e4b87a71d4	.sha256
01_HTV_HTS_CORE_DEPENDENCY_AUDIT/01_HTV_フェーズ別/HTV_09_独立H0経路・横断依存_HTV106-113/HTV108_RESULTS_FOR_REVIEW.zip	HTV	19185	b3a513ac8cf837f8a5bbd599c056cf7215aaf6140380f31841488bc0e816ed4a	.zip
01_HTV_HTS_CORE_DEPENDENCY_AUDIT/01_HTV_フェーズ別/HTV_09_独立H0経路・横断依存_HTV106-113/HTV108_RESULTS_FOR_REVIEW.zip.sha256	HTV	96	00904279ecdf35afa10e82b65c68f3cc10f30284732f164f5b40f52b01ba750b	.sha256
01_HTV_HTS_CORE_DEPENDENCY_AUDIT/01_HTV_フェーズ別/HTV_09_独立H0経路・横断依存_HTV106-113/HTV109_EXECUTION_REPORT.md	HTV	4338	7d29896ef938652890ddce384394b3f5524e5fba6f6304952e08a703b2c2f839	.md
01_HTV_HTS_CORE_DEPENDENCY_AUDIT/01_HTV_フェーズ別/HTV_09_独立H0経路・横断依存_HTV106-113/HTV109_EXECUTION_REPORT.md.sha256	HTV	93	fd6141da91113c4f45e99753637f2a7fec665b93065a667e7778ab8658b6c0eb	.sha256
01_HTV_HTS_CORE_DEPENDENCY_AUDIT/01_HTV_フェーズ別/HTV_09_独立H0経路・横断依存_HTV106-113/HTV109_RESULTS_FOR_REVIEW.zip	HTV	20885	89ba30bddf6a367197cf25072a20859ad47185c8ee9e0251e6094cd8f67e8240	.zip
01_HTV_HTS_CORE_DEPENDENCY_AUDIT/01_HTV_フェーズ別/HTV_09_独立H0経路・横断依存_HTV106-113/HTV109_RESULTS_FOR_REVIEW.zip.sha256	HTV	96	9ece593ca625c0ad3dc212857e34ae9d23a10249a1dfdaee39f530a5347231ba	.sha256
01_HTV_HTS_CORE_DEPENDENCY_AUDIT/01_HTV_フェーズ別/HTV_09_独立H0経路・横断依存_HTV106-113/HTV110_EXECUTION_REPORT.md	HTV	2064	e0ab76c757653d75258f00b5d6eceac1d3a73d8cd02c9b03e7eb98e197f914dd	.md
01_HTV_HTS_CORE_DEPENDENCY_AUDIT/01_HTV_フェーズ別/HTV_09_独立H0経路・横断依存_HTV106-113/HTV110_EXECUTION_REPORT.md.sha256	HTV	93	ab44b2ea98dbd48dafd136c2eb3d5ed54b6d02183e1c08a82535db2a6615fb07	.sha256
01_HTV_HTS_CORE_DEPENDENCY_AUDIT/01_HTV_フェーズ別/HTV_09_独立H0経路・横断依存_HTV106-113/HTV110_RESULTS_FOR_REVIEW.zip	HTV	19451	1858dd5f958737c92ce17354f31991898993811c4ac968a03fb32c0c548d2d7f	.zip
01_HTV_HTS_CORE_DEPENDENCY_AUDIT/01_HTV_フェーズ別/HTV_09_独立H0経路・横断依存_HTV106-113/HTV110_RESULTS_FOR_REVIEW.zip.sha256	HTV	96	0c82180e529e2d9db945ad1868bd71a8127cfc68757d1c9ae75c34c42dac0703	.sha256
01_HTV_HTS_CORE_DEPENDENCY_AUDIT/01_HTV_フェーズ別/HTV_09_独立H0経路・横断依存_HTV106-113/HTV111_EXECUTION_REPORT.md	HTV	3302	7757dea179f4e9b29723c9f6cb5896e578bffa43c39ad004bf81b9cfc6deac22	.md
01_HTV_HTS_CORE_DEPENDENCY_AUDIT/01_HTV_フェーズ別/HTV_09_独立H0経路・横断依存_HTV106-113/HTV111_EXECUTION_REPORT.md.sha256	HTV	93	9ce77f78c699fbe24efb5c196873be0e6336a27fa3836eb97845fc170c8f0c72	.sha256
01_HTV_HTS_CORE_DEPENDENCY_AUDIT/01_HTV_フェーズ別/HTV_09_独立H0経路・横断依存_HTV106-113/HTV111_RESULTS_FOR_REVIEW.zip	HTV	28097	067f94d590d33671a34a84650edb6ed174eb24f4fb3b629076ff037ebff12001	.zip
01_HTV_HTS_CORE_DEPENDENCY_AUDIT/01_HTV_フェーズ別/HTV_09_独立H0経路・横断依存_HTV106-113/HTV111_RESULTS_FOR_REVIEW.zip.sha256	HTV	96	e6aa36f223a7e145c4292b7f6082c4c0b46b69d6917d05aa1ae14e30bd9236cc	.sha256
01_HTV_HTS_CORE_DEPENDENCY_AUDIT/01_HTV_フェーズ別/HTV_09_独立H0経路・横断依存_HTV106-113/HTV112_EXECUTION_REPORT.md	HTV	2631	008456a41293c31f1f9c4e0ba8490770098dfcdcfd625c5289dfe1a440ba241d	.md
01_HTV_HTS_CORE_DEPENDENCY_AUDIT/01_HTV_フェーズ別/HTV_09_独立H0経路・横断依存_HTV106-113/HTV112_EXECUTION_REPORT.md.sha256	HTV	93	1f0cb42a73f03b0660b9d9832fa84a26deb94a7e7ecdef31478f14f9bdf920b9	.sha256
01_HTV_HTS_CORE_DEPENDENCY_AUDIT/01_HTV_フェーズ別/HTV_09_独立H0経路・横断依存_HTV106-113/HTV112_RESULTS_FOR_REVIEW.zip	HTV	23019	116197efe40467459691a132957613d8f26f98b658aa25203053305f4e75eb9e	.zip
01_HTV_HTS_CORE_DEPENDENCY_AUDIT/01_HTV_フェーズ別/HTV_09_独立H0経路・横断依存_HTV106-113/HTV112_RESULTS_FOR_REVIEW.zip.sha256	HTV	96	f8f7442d21fbc9d162658ef810adc89222179110d23e107511e0d0249cfa8d37	.sha256
01_HTV_HTS_CORE_DEPENDENCY_AUDIT/01_HTV_フェーズ別/HTV_09_独立H0経路・横断依存_HTV106-113/HTV113_EXECUTION_REPORT.md	HTV	3006	c76fd6f318c431a30b64bb18a37780fc271d3562ac750c3b391fa5cee7d5b9e9	.md
01_HTV_HTS_CORE_DEPENDENCY_AUDIT/01_HTV_フェーズ別/HTV_09_独立H0経路・横断依存_HTV106-113/HTV113_EXECUTION_REPORT.md.sha256	HTV	93	675466fb190d0057e5373a0a01a1c81e27e9fbbb5443cdba77076062ca74abf9	.sha256
01_HTV_HTS_CORE_DEPENDENCY_AUDIT/01_HTV_フェーズ別/HTV_09_独立H0経路・横断依存_HTV106-113/HTV113_RESULTS_FOR_REVIEW.zip	HTV	25818	aa50b0e6c5a82731cab4a46ad99b8378b59db3a708544d19a486306c661462e5	.zip
01_HTV_HTS_CORE_DEPENDENCY_AUDIT/01_HTV_フェーズ別/HTV_09_独立H0経路・横断依存_HTV106-113/HTV113_RESULTS_FOR_REVIEW.zip.sha256	HTV	96	9a9b61aaf27bcb728613f8ca1e516ee2c83de2ba1d171fef84bf96f87ebe7bc4	.sha256
01_HTV_HTS_CORE_DEPENDENCY_AUDIT/01_HTV_フェーズ別/HTV_10_SN共分散・赤方偏移契約_HTV114-123/HTV114_CORR1_RESULTS_FOR_REVIEW.zip	HTV	68943	ab3f0b632a65318855497847742a96685cec94f783ffc4ac31f52574890a0eb1	.zip
01_HTV_HTS_CORE_DEPENDENCY_AUDIT/01_HTV_フェーズ別/HTV_10_SN共分散・赤方偏移契約_HTV114-123/HTV114_CORR1_RESULTS_FOR_REVIEW.zip.sha256	HTV	102	2fc39e7c58ae17c16a67a40bb51254d1a9b72b603d2af2463b2c0b96785d477a	.sha256
01_HTV_HTS_CORE_DEPENDENCY_AUDIT/01_HTV_フェーズ別/HTV_10_SN共分散・赤方偏移契約_HTV114-123/HTV114_CORR1_REVIEW_REPORT.md	HTV	5466	a249a95ea63b366994051aea274a763c227883cd67e24c1eda830c71cec1e18f	.md
01_HTV_HTS_CORE_DEPENDENCY_AUDIT/01_HTV_フェーズ別/HTV_10_SN共分散・赤方偏移契約_HTV114-123/HTV114_CORR1_REVIEW_REPORT.md.sha256	HTV	96	285be206d0fd5477f29d64cbda3043a80b8825f9f6668103b68284de0b43f487	.sha256
01_HTV_HTS_CORE_DEPENDENCY_AUDIT/01_HTV_フェーズ別/HTV_10_SN共分散・赤方偏移契約_HTV114-123/HTV114_CORR1_RUN_PACKAGE.zip	HTV	19116	cd48e514b35b2c3db01139e899c0c9e8e53dad6194cb9fa91da7851b725bdeaa	.zip
01_HTV_HTS_CORE_DEPENDENCY_AUDIT/01_HTV_フェーズ別/HTV_10_SN共分散・赤方偏移契約_HTV114-123/HTV114_CORR1_RUN_PACKAGE.zip.sha256	HTV	95	ed00f408e94328dad9ea803a29d9e4b4a9f667a8e61140eca73380bb15d183ff	.sha256
01_HTV_HTS_CORE_DEPENDENCY_AUDIT/01_HTV_フェーズ別/HTV_10_SN共分散・赤方偏移契約_HTV114-123/HTV115_RESULTS_FOR_REVIEW.zip	HTV	45965	ce3f9e676597fc408922b80a49ffcd8da16b690900fab34b3968d1135f0a9e29	.zip
01_HTV_HTS_CORE_DEPENDENCY_AUDIT/01_HTV_フェーズ別/HTV_10_SN共分散・赤方偏移契約_HTV114-123/HTV115_RESULTS_FOR_REVIEW.zip.sha256	HTV	96	4b461c9c6fbf885cb49141556fd0d39eb1314491b8b613981ba55a79604c40e5	.sha256
01_HTV_HTS_CORE_DEPENDENCY_AUDIT/01_HTV_フェーズ別/HTV_10_SN共分散・赤方偏移契約_HTV114-123/HTV115_REVIEW_REPORT.md	HTV	5479	65e22d228cd9b3178f0ad68e2e4109a9698823d6695fe48303ce0d8aef319884	.md
01_HTV_HTS_CORE_DEPENDENCY_AUDIT/01_HTV_フェーズ別/HTV_10_SN共分散・赤方偏移契約_HTV114-123/HTV115_REVIEW_REPORT.md.sha256	HTV	90	6057fa8edc113bf59b1606e4a070b15a3ddb43e0d5df0466e75af829c5b01dc0	.sha256
01_HTV_HTS_CORE_DEPENDENCY_AUDIT/01_HTV_フェーズ別/HTV_10_SN共分散・赤方偏移契約_HTV114-123/HTV115_RUN_PACKAGE.zip	HTV	15325	78353d9f58c192ceff2c5994919927b11dd45c05bf5d1bafeac0c945c9167173	.zip
01_HTV_HTS_CORE_DEPENDENCY_AUDIT/01_HTV_フェーズ別/HTV_10_SN共分散・赤方偏移契約_HTV114-123/HTV115_RUN_PACKAGE.zip.sha256	HTV	89	35854665e29792058f742470000232298ca291feb3b1315f78a1f601b7182084	.sha256
01_HTV_HTS_CORE_DEPENDENCY_AUDIT/01_HTV_フェーズ別/HTV_10_SN共分散・赤方偏移契約_HTV114-123/HTV116_EXECUTION_REPORT.md	HTV	1807	7b7aa11202c34bdffff475335b6837a9920b585a0484bb245965f4236a8f20ed	.md
01_HTV_HTS_CORE_DEPENDENCY_AUDIT/01_HTV_フェーズ別/HTV_10_SN共分散・赤方偏移契約_HTV114-123/HTV116_EXECUTION_REPORT.md.sha256	HTV	93	e1899e815ca10be160bc019fa47a4327f97b62c7e8730e8286123392e3ee6511	.sha256
01_HTV_HTS_CORE_DEPENDENCY_AUDIT/01_HTV_フェーズ別/HTV_10_SN共分散・赤方偏移契約_HTV114-123/HTV116_RESULTS_FOR_REVIEW.zip	HTV	21280	7f0eb934f93c5745c19ede1efea9fd3bf6e73a00af852f53ffcb7a141c8533e5	.zip
01_HTV_HTS_CORE_DEPENDENCY_AUDIT/01_HTV_フェーズ別/HTV_10_SN共分散・赤方偏移契約_HTV114-123/HTV116_RESULTS_FOR_REVIEW.zip.sha256	HTV	96	832139c120d4542202bd2998f3ec8d32e988df94d5fdf972bb98a8fe0c282799	.sha256
01_HTV_HTS_CORE_DEPENDENCY_AUDIT/01_HTV_フェーズ別/HTV_10_SN共分散・赤方偏移契約_HTV114-123/HTV117_CORR1_RESULTS_FOR_REVIEW.zip	HTV	2922	713127d9c80f81fbff263ebf0a2b7d9e45a90ed444691f57cd916d5f5c039e5b	.zip
01_HTV_HTS_CORE_DEPENDENCY_AUDIT/01_HTV_フェーズ別/HTV_10_SN共分散・赤方偏移契約_HTV114-123/HTV117_CORR1_RESULTS_FOR_REVIEW.zip.sha256	HTV	102	69fdb48087b621fb5068ed211a010ea36db0fe2076bc9785d67ef3c6f2cf2919	.sha256
01_HTV_HTS_CORE_DEPENDENCY_AUDIT/01_HTV_フェーズ別/HTV_10_SN共分散・赤方偏移契約_HTV114-123/HTV117_RESULTS_FOR_REVIEW.zip	HTV	31028	ee45b88c9803fa675958ab70defecccc5baf9074e6acbd26b39f7699daede30b	.zip
01_HTV_HTS_CORE_DEPENDENCY_AUDIT/01_HTV_フェーズ別/HTV_10_SN共分散・赤方偏移契約_HTV114-123/HTV117_RESULTS_FOR_REVIEW.zip.sha256	HTV	96	32888726eea25f1746772773c2c578f973b75160fa5df14fbad9af1c21fc2e6d	.sha256
01_HTV_HTS_CORE_DEPENDENCY_AUDIT/01_HTV_フェーズ別/HTV_10_SN共分散・赤方偏移契約_HTV114-123/HTV117_REVIEW_REPORT.md	HTV	5459	e1f0f8031f77d3c2387374dab4b80d215e77620dd40cd78cd0b2ab8faa478067	.md
01_HTV_HTS_CORE_DEPENDENCY_AUDIT/01_HTV_フェーズ別/HTV_10_SN共分散・赤方偏移契約_HTV114-123/HTV117_REVIEW_REPORT.md.sha256	HTV	90	056b6956bc26cd65e7c323f31ace13a840b0a72766389930744c20128b90af53	.sha256
01_HTV_HTS_CORE_DEPENDENCY_AUDIT/01_HTV_フェーズ別/HTV_10_SN共分散・赤方偏移契約_HTV114-123/HTV117_RUN_PACKAGE.zip	HTV	12806	5d6b6c6bcc643f0462ecf7c65ff284b002be0b15ae2f939cff3e23470b0d6ae7	.zip
01_HTV_HTS_CORE_DEPENDENCY_AUDIT/01_HTV_フェーズ別/HTV_10_SN共分散・赤方偏移契約_HTV114-123/HTV117_RUN_PACKAGE.zip.sha256	HTV	89	1b41ab4e01a4e27071aff333604cc694e76076fca27cbf414bdf152e57d17d03	.sha256
01_HTV_HTS_CORE_DEPENDENCY_AUDIT/01_HTV_フェーズ別/HTV_10_SN共分散・赤方偏移契約_HTV114-123/HTV118_RESULTS_FOR_REVIEW.zip	HTV	33520	406d5d4959cec881f6234ff6c055e2f43c914bbe8c4ccf6efe67617392dd21cb	.zip
01_HTV_HTS_CORE_DEPENDENCY_AUDIT/01_HTV_フェーズ別/HTV_10_SN共分散・赤方偏移契約_HTV114-123/HTV118_RESULTS_FOR_REVIEW.zip.sha256	HTV	96	4e565e5bb49fda9fa27a6a4ca9eea44b2feb52a4f5ba06badddd1a53c5ba4c84	.sha256
01_HTV_HTS_CORE_DEPENDENCY_AUDIT/01_HTV_フェーズ別/HTV_10_SN共分散・赤方偏移契約_HTV114-123/HTV118_REVIEW_REPORT.md	HTV	5907	edd559b214e85fcddbb984149cab94d894eecfe165386a324337bfb95e706a71	.md
01_HTV_HTS_CORE_DEPENDENCY_AUDIT/01_HTV_フェーズ別/HTV_10_SN共分散・赤方偏移契約_HTV114-123/HTV118_REVIEW_REPORT.md.sha256	HTV	90	34eaba3e6debebd608256db680d4a92905e803a864cdc5397b6374076767d306	.sha256
01_HTV_HTS_CORE_DEPENDENCY_AUDIT/01_HTV_フェーズ別/HTV_10_SN共分散・赤方偏移契約_HTV114-123/HTV118_RUN_PACKAGE.zip	HTV	14639	469fdcc5ae3852e58b1384c3181e7db094a1b4ecf421a035b1ea6121ea8f53c6	.zip
01_HTV_HTS_CORE_DEPENDENCY_AUDIT/01_HTV_フェーズ別/HTV_10_SN共分散・赤方偏移契約_HTV114-123/HTV118_RUN_PACKAGE.zip.sha256	HTV	89	b6b258c5d597f707970e3efb31b4f435d55841bd4e2860ca1a79f405478933db	.sha256
01_HTV_HTS_CORE_DEPENDENCY_AUDIT/01_HTV_フェーズ別/HTV_10_SN共分散・赤方偏移契約_HTV114-123/HTV119_RESULTS_FOR_REVIEW.zip	HTV	61223	7e7730e7117974cdd04073d9c4086af950a47b8681c46d5c9f850ec3e15953bf	.zip
01_HTV_HTS_CORE_DEPENDENCY_AUDIT/01_HTV_フェーズ別/HTV_10_SN共分散・赤方偏移契約_HTV114-123/HTV119_RESULTS_FOR_REVIEW.zip.sha256	HTV	96	9874cbcfce76ad8d02bc0c82ca79f1e3c7f433f57971de40a1b8a9930207795b	.sha256
01_HTV_HTS_CORE_DEPENDENCY_AUDIT/01_HTV_フェーズ別/HTV_10_SN共分散・赤方偏移契約_HTV114-123/HTV119_REVIEW_REPORT.md	HTV	6744	f667a4c59b8fc0e1f33e5d43f46bde41b31c7531fdd958784aa502628920ddcb	.md
01_HTV_HTS_CORE_DEPENDENCY_AUDIT/01_HTV_フェーズ別/HTV_10_SN共分散・赤方偏移契約_HTV114-123/HTV119_REVIEW_REPORT.md.sha256	HTV	90	e1c48559d3653544f119f25bb8562e656a13c6e667daddcccaf29f6e5a042cea	.sha256
01_HTV_HTS_CORE_DEPENDENCY_AUDIT/01_HTV_フェーズ別/HTV_10_SN共分散・赤方偏移契約_HTV114-123/HTV119_RUN_PACKAGE.zip	HTV	18209	ad52b11fb31e1585e6119da793bbda66c7ee6a85e4966e11838e34e3a2387a02	.zip
01_HTV_HTS_CORE_DEPENDENCY_AUDIT/01_HTV_フェーズ別/HTV_10_SN共分散・赤方偏移契約_HTV114-123/HTV119_RUN_PACKAGE.zip.sha256	HTV	89	1e1878ba70dbb5f1597bba589641e2475fe874664fa1f382bcc70856e0d659ca	.sha256
01_HTV_HTS_CORE_DEPENDENCY_AUDIT/01_HTV_フェーズ別/HTV_10_SN共分散・赤方偏移契約_HTV114-123/HTV120_RESULTS_FOR_REVIEW.zip	HTV	202656	eb4b7fbe4659e832f9525b2aa43678168993b2214ef37540e0a644a735c3abd3	.zip
01_HTV_HTS_CORE_DEPENDENCY_AUDIT/01_HTV_フェーズ別/HTV_10_SN共分散・赤方偏移契約_HTV114-123/HTV120_RESULTS_FOR_REVIEW.zip.sha256	HTV	96	678e642ef3901f54cdfd69de5eabbeb6ed12ff492990c538684e5386f945e5af	.sha256
01_HTV_HTS_CORE_DEPENDENCY_AUDIT/01_HTV_フェーズ別/HTV_10_SN共分散・赤方偏移契約_HTV114-123/HTV120_REVIEW_REPORT.md	HTV	9847	01976399adafbefe7f3376768455eb62925bbe01fec6e2b1244dacba44e813ef	.md
01_HTV_HTS_CORE_DEPENDENCY_AUDIT/01_HTV_フェーズ別/HTV_10_SN共分散・赤方偏移契約_HTV114-123/HTV120_REVIEW_REPORT.md.sha256	HTV	90	e74a82cecafdafabc10fa72e4d1e34170ebb84c75ed071d2155d83eafa740fb3	.sha256
01_HTV_HTS_CORE_DEPENDENCY_AUDIT/01_HTV_フェーズ別/HTV_10_SN共分散・赤方偏移契約_HTV114-123/HTV120_RUN_PACKAGE.zip	HTV	22204	98e44e28657ce0b3bb7f822b4de0f6e6b3b0a1870e863e53fac9cc1bef9ff485	.zip
01_HTV_HTS_CORE_DEPENDENCY_AUDIT/01_HTV_フェーズ別/HTV_10_SN共分散・赤方偏移契約_HTV114-123/HTV120_RUN_PACKAGE.zip.sha256	HTV	89	0ab7ee29289292c8706d85819b016012a78b07dcef25a03685de17c4a1d68a2f	.sha256
01_HTV_HTS_CORE_DEPENDENCY_AUDIT/01_HTV_フェーズ別/HTV_10_SN共分散・赤方偏移契約_HTV114-123/HTV121_RESULTS_FOR_REVIEW.zip	HTV	295964	9f702cf71e54c106aa9ce1fc4165b42dbec0467d9d6f771dc637083627fdd2ef	.zip
01_HTV_HTS_CORE_DEPENDENCY_AUDIT/01_HTV_フェーズ別/HTV_10_SN共分散・赤方偏移契約_HTV114-123/HTV121_RESULTS_FOR_REVIEW.zip.sha256	HTV	96	645f9653c1cb6907c4224b7e994f8d7a4ddf448ee5bf97f4f637b928ca1d5016	.sha256
01_HTV_HTS_CORE_DEPENDENCY_AUDIT/01_HTV_フェーズ別/HTV_10_SN共分散・赤方偏移契約_HTV114-123/HTV121_REVIEW_REPORT.md	HTV	8707	d2225722ee3bc3a3897ae512311973e2954f0cca2d867a721229051da539cf39	.md
01_HTV_HTS_CORE_DEPENDENCY_AUDIT/01_HTV_フェーズ別/HTV_10_SN共分散・赤方偏移契約_HTV114-123/HTV121_REVIEW_REPORT.md.sha256	HTV	90	a177447e6b85b3bb8c8d3ab1a270d4580fb68c9e2c27ee15374bc70d2632cd03	.sha256
01_HTV_HTS_CORE_DEPENDENCY_AUDIT/01_HTV_フェーズ別/HTV_10_SN共分散・赤方偏移契約_HTV114-123/HTV121_RUN_PACKAGE.zip	HTV	136394	fff3f2e02ca1afd66b7335d73c380a2bbf9ce598dacbc5ef877a7e031559267d	.zip
01_HTV_HTS_CORE_DEPENDENCY_AUDIT/01_HTV_フェーズ別/HTV_10_SN共分散・赤方偏移契約_HTV114-123/HTV121_RUN_PACKAGE.zip.sha256	HTV	89	65314eeb273285d81a7c5c7ab5ae6671e7c24b4fd61a75104b1ecf82db41e4ce	.sha256
01_HTV_HTS_CORE_DEPENDENCY_AUDIT/01_HTV_フェーズ別/HTV_10_SN共分散・赤方偏移契約_HTV114-123/HTV122_RESULTS_FOR_REVIEW.zip	HTV	322762	d6707d13457f433e445ff700f24731727972d5fe9e06a16e0a2e0a3d865ba4df	.zip
01_HTV_HTS_CORE_DEPENDENCY_AUDIT/01_HTV_フェーズ別/HTV_10_SN共分散・赤方偏移契約_HTV114-123/HTV122_RESULTS_FOR_REVIEW.zip.sha256	HTV	96	076be26eb4aff01acb7d87dcde27cad4a5e59d76dd8d54cc3c5fe6922f264372	.sha256
01_HTV_HTS_CORE_DEPENDENCY_AUDIT/01_HTV_フェーズ別/HTV_10_SN共分散・赤方偏移契約_HTV114-123/HTV122_REVIEW_REPORT.md	HTV	9150	ee25a17a45d9bb160084931077ae646b96cac48ba5ed04f036b0f1920f22f373	.md
01_HTV_HTS_CORE_DEPENDENCY_AUDIT/01_HTV_フェーズ別/HTV_10_SN共分散・赤方偏移契約_HTV114-123/HTV122_REVIEW_REPORT.md.sha256	HTV	90	c8909d6c6ef016ca7146e951023125b1fb8e1376452413b25cdccd7c00c60e90	.sha256
01_HTV_HTS_CORE_DEPENDENCY_AUDIT/01_HTV_フェーズ別/HTV_10_SN共分散・赤方偏移契約_HTV114-123/HTV122_RUN_PACKAGE.zip	HTV	133530	a399573d409d11d949edb525c2214bb2000784ea91ec962267df2592cc8b33bd	.zip
01_HTV_HTS_CORE_DEPENDENCY_AUDIT/01_HTV_フェーズ別/HTV_10_SN共分散・赤方偏移契約_HTV114-123/HTV122_RUN_PACKAGE.zip.sha256	HTV	89	2254652519e024b0d478caaf83935d24604060c66b05e8826c8e0ce48b477808	.sha256
01_HTV_HTS_CORE_DEPENDENCY_AUDIT/01_HTV_フェーズ別/HTV_10_SN共分散・赤方偏移契約_HTV114-123/HTV123_CORR2_RESULTS_FOR_REVIEW.zip	HTV	189879	b4e909d46a5ae5b0f5d32c3aac89c2d4bc1974600bd95b264e8c21ed94d47818	.zip
01_HTV_HTS_CORE_DEPENDENCY_AUDIT/01_HTV_フェーズ別/HTV_10_SN共分散・赤方偏移契約_HTV114-123/HTV123_CORR2_RESULTS_FOR_REVIEW.zip.sha256	HTV	102	78d949a6be039d6872227e6e0a5444049d50b7c8fd590467cfdfed16ebe29284	.sha256
01_HTV_HTS_CORE_DEPENDENCY_AUDIT/01_HTV_フェーズ別/HTV_10_SN共分散・赤方偏移契約_HTV114-123/HTV123_CORR2_REVIEW_REPORT.md	HTV	7259	3dc366fb6dc61b546ebe12ab0e8e3eb0f1c71840ec4d479d6867edbdd369ccba	.md
01_HTV_HTS_CORE_DEPENDENCY_AUDIT/01_HTV_フェーズ別/HTV_10_SN共分散・赤方偏移契約_HTV114-123/HTV123_CORR2_REVIEW_REPORT.md.sha256	HTV	96	c50d9d7f79ab011a0960488990abba5475e78e1d59c6ce360ed20e0b5ff399e7	.sha256
01_HTV_HTS_CORE_DEPENDENCY_AUDIT/01_HTV_フェーズ別/HTV_10_SN共分散・赤方偏移契約_HTV114-123/HTV123_CORR2_RUN_PACKAGE.zip	HTV	160568	b5c548e8bcfb09f5ecd7afb65de7aa60a3daa7c5a8a0433ee3d7e44ece45fb1d	.zip
01_HTV_HTS_CORE_DEPENDENCY_AUDIT/01_HTV_フェーズ別/HTV_10_SN共分散・赤方偏移契約_HTV114-123/HTV123_CORR2_RUN_PACKAGE.zip.sha256	HTV	95	c9340bda890a3b8e6ee26c29d807bb4dbda8371174c7cc6e377f78a2c6bb522a	.sha256
01_HTV_HTS_CORE_DEPENDENCY_AUDIT/01_HTV_フェーズ別/HTV_11_H0DN角度構造・反証・閉鎖_HTV124-135/HTV124_RESULTS_FOR_REVIEW.zip	HTV	330978	7e35e702480fe24fb7019c2c7b2000b0ca29eb928383604c427e2876fdaa01b6	.zip
01_HTV_HTS_CORE_DEPENDENCY_AUDIT/01_HTV_フェーズ別/HTV_11_H0DN角度構造・反証・閉鎖_HTV124-135/HTV124_RESULTS_FOR_REVIEW.zip.sha256	HTV	96	bb6a45589eb01434bddfa46c4358b579e9d1a4e75c9672566926e3c94c408446	.sha256
01_HTV_HTS_CORE_DEPENDENCY_AUDIT/01_HTV_フェーズ別/HTV_11_H0DN角度構造・反証・閉鎖_HTV124-135/HTV124_REVIEW_REPORT.md	HTV	10677	60835517b647b95bc3078edb10de9977b088ab15c9bdf60eff180e7042606cc6	.md
01_HTV_HTS_CORE_DEPENDENCY_AUDIT/01_HTV_フェーズ別/HTV_11_H0DN角度構造・反証・閉鎖_HTV124-135/HTV124_REVIEW_REPORT.md.sha256	HTV	90	782f350a31d38b29bfc4380401601d27a74a5c971478999a98b7deb83994e05b	.sha256
01_HTV_HTS_CORE_DEPENDENCY_AUDIT/01_HTV_フェーズ別/HTV_11_H0DN角度構造・反証・閉鎖_HTV124-135/HTV124_RUN_PACKAGE.zip	HTV	177468	29d3cb793f7919cbf0ff1721356a54258409024a661b74ccb188c0c7d2d12c06	.zip
01_HTV_HTS_CORE_DEPENDENCY_AUDIT/01_HTV_フェーズ別/HTV_11_H0DN角度構造・反証・閉鎖_HTV124-135/HTV124_RUN_PACKAGE.zip.sha256	HTV	89	c4a9a1f86b6d535a315873b94776b739d6965ded7dd810de0386731100b62845	.sha256
01_HTV_HTS_CORE_DEPENDENCY_AUDIT/01_HTV_フェーズ別/HTV_11_H0DN角度構造・反証・閉鎖_HTV124-135/HTV125_RESULTS_FOR_REVIEW.zip	HTV	3855333	45fb97d08e9fc7d9d3de9b53104152e65344c67fe78210e726335ce8001a4a33	.zip
01_HTV_HTS_CORE_DEPENDENCY_AUDIT/01_HTV_フェーズ別/HTV_11_H0DN角度構造・反証・閉鎖_HTV124-135/HTV125_RESULTS_FOR_REVIEW.zip.sha256	HTV	96	55f78267ee7c7e7d8e4510bfb60b0498c51caed7788bb626b440d7fdd22829cd	.sha256
01_HTV_HTS_CORE_DEPENDENCY_AUDIT/01_HTV_フェーズ別/HTV_11_H0DN角度構造・反証・閉鎖_HTV124-135/HTV125_REVIEW_REPORT.md	HTV	9911	e0bb2968d1dd0189b8bae5fea8ea7950226c92e52ed6a73f6952596e066c9212	.md
01_HTV_HTS_CORE_DEPENDENCY_AUDIT/01_HTV_フェーズ別/HTV_11_H0DN角度構造・反証・閉鎖_HTV124-135/HTV125_REVIEW_REPORT.md.sha256	HTV	90	2d50a708884e4cf3694676f150db16e15279545d71c6ad8338cdb2ddb19ec583	.sha256
01_HTV_HTS_CORE_DEPENDENCY_AUDIT/01_HTV_フェーズ別/HTV_11_H0DN角度構造・反証・閉鎖_HTV124-135/HTV125_RUN_PACKAGE.zip	HTV	215115	0aab8f40dba33100537e94037b541ab6138c7eee4918a0381cfacf3e650605e9	.zip
01_HTV_HTS_CORE_DEPENDENCY_AUDIT/01_HTV_フェーズ別/HTV_11_H0DN角度構造・反証・閉鎖_HTV124-135/HTV125_RUN_PACKAGE.zip.sha256	HTV	89	6e8e52402e7b878eca3a695d7324d1149d595be8b23bcbf30fcd4ca048c84b36	.sha256
01_HTV_HTS_CORE_DEPENDENCY_AUDIT/01_HTV_フェーズ別/HTV_11_H0DN角度構造・反証・閉鎖_HTV124-135/HTV126_RESULTS_FOR_REVIEW.zip	HTV	8863935	f7615eac78f03c48aad6132faa024480f4f8ef5eb69181620394b336750b0089	.zip
01_HTV_HTS_CORE_DEPENDENCY_AUDIT/01_HTV_フェーズ別/HTV_11_H0DN角度構造・反証・閉鎖_HTV124-135/HTV126_RESULTS_FOR_REVIEW.zip.sha256	HTV	96	74b3d09b7c2deabf23204150d6f64e725780ff5e04ef7ee56d8ed250ed597203	.sha256
01_HTV_HTS_CORE_DEPENDENCY_AUDIT/01_HTV_フェーズ別/HTV_11_H0DN角度構造・反証・閉鎖_HTV124-135/HTV126_REVIEW_REPORT.md	HTV	8747	88ea4ed93114205c8303363c49a1a7cfa1e4472579d68a72df71c1ae799c78af	.md
01_HTV_HTS_CORE_DEPENDENCY_AUDIT/01_HTV_フェーズ別/HTV_11_H0DN角度構造・反証・閉鎖_HTV124-135/HTV126_REVIEW_REPORT.md.sha256	HTV	90	714e2ca97e73b7176e522e3522271b0d89235c017aedd96038ad6ec2356997d1	.sha256
01_HTV_HTS_CORE_DEPENDENCY_AUDIT/01_HTV_フェーズ別/HTV_11_H0DN角度構造・反証・閉鎖_HTV124-135/HTV126_RUN_PACKAGE.zip	HTV	1318201	caeafe3cf01528e91a161856ae668d6197db53aab6e04b8e98900dfe035d5821	.zip
01_HTV_HTS_CORE_DEPENDENCY_AUDIT/01_HTV_フェーズ別/HTV_11_H0DN角度構造・反証・閉鎖_HTV124-135/HTV126_RUN_PACKAGE.zip.sha256	HTV	89	ff2ce651c46b68e023cd72abb60072308712ba6857b6407c777b49836cb4a837	.sha256
01_HTV_HTS_CORE_DEPENDENCY_AUDIT/01_HTV_フェーズ別/HTV_11_H0DN角度構造・反証・閉鎖_HTV124-135/HTV127_RESULTS_FOR_REVIEW.zip	HTV	90973	1a36e28294c7ec415a5bd20524fbef9e4291445da21e9c1073dc7c980ff822a2	.zip
01_HTV_HTS_CORE_DEPENDENCY_AUDIT/01_HTV_フェーズ別/HTV_11_H0DN角度構造・反証・閉鎖_HTV124-135/HTV127_RESULTS_FOR_REVIEW.zip.sha256	HTV	96	2c1cc8dd063961f0582523efbf490185f069a44d6486e5d6b6d8e72ab1c8604f	.sha256
01_HTV_HTS_CORE_DEPENDENCY_AUDIT/01_HTV_フェーズ別/HTV_11_H0DN角度構造・反証・閉鎖_HTV124-135/HTV127_REVIEW_REPORT.md	HTV	9711	76870ebafed7594ed78d4d9a9947efdee4578339edbe7f6d4a552abc3be1eb9c	.md
01_HTV_HTS_CORE_DEPENDENCY_AUDIT/01_HTV_フェーズ別/HTV_11_H0DN角度構造・反証・閉鎖_HTV124-135/HTV127_REVIEW_REPORT.md.sha256	HTV	90	fb8d698836b8b3e8d5f167db10ad12cbd02f4cb605bd5b14ceca1f680c41def2	.sha256
01_HTV_HTS_CORE_DEPENDENCY_AUDIT/01_HTV_フェーズ別/HTV_11_H0DN角度構造・反証・閉鎖_HTV124-135/HTV127_RUN_PACKAGE.zip	HTV	42545	7b93b22f985ea2d2e4bdc0399a51ccdeceaee9e2f5b35e1da8d953a5ce95fe2a	.zip
01_HTV_HTS_CORE_DEPENDENCY_AUDIT/01_HTV_フェーズ別/HTV_11_H0DN角度構造・反証・閉鎖_HTV124-135/HTV127_RUN_PACKAGE.zip.sha256	HTV	89	e34a6011fdc4c78abfcae48733fec6647efbab7dc9d95a2268f341d42a39a1a9	.sha256
01_HTV_HTS_CORE_DEPENDENCY_AUDIT/01_HTV_フェーズ別/HTV_11_H0DN角度構造・反証・閉鎖_HTV124-135/HTV128_RESULTS_FOR_REVIEW.zip	HTV	12890442	825b35b36cffce504779608f3db2aa61e60234bbd65b246a7e2e9f94e326bbf7	.zip
01_HTV_HTS_CORE_DEPENDENCY_AUDIT/01_HTV_フェーズ別/HTV_11_H0DN角度構造・反証・閉鎖_HTV124-135/HTV128_RESULTS_FOR_REVIEW.zip.sha256	HTV	96	645c086f86add7b17f90003e89479c8cea00f5686d4fbfd16f75eaece46417f2	.sha256
01_HTV_HTS_CORE_DEPENDENCY_AUDIT/01_HTV_フェーズ別/HTV_11_H0DN角度構造・反証・閉鎖_HTV124-135/HTV128_REVIEW_REPORT.md	HTV	11219	aaed26dfb5cd0e2c2d4a87acc103afb35a7c884ef07f2722ef0146cf4c04fe73	.md
01_HTV_HTS_CORE_DEPENDENCY_AUDIT/01_HTV_フェーズ別/HTV_11_H0DN角度構造・反証・閉鎖_HTV124-135/HTV128_REVIEW_REPORT.md.sha256	HTV	90	2864b7fdde1ef0cdc757964df5e78a55460522e45b69580b8f2a661df8134393	.sha256
01_HTV_HTS_CORE_DEPENDENCY_AUDIT/01_HTV_フェーズ別/HTV_11_H0DN角度構造・反証・閉鎖_HTV124-135/HTV128_RUN_PACKAGE.zip	HTV	134498	291d7c639f0a0cc859a448352bd6902776543bd976c2aed33b940396f5bffc72	.zip
01_HTV_HTS_CORE_DEPENDENCY_AUDIT/01_HTV_フェーズ別/HTV_11_H0DN角度構造・反証・閉鎖_HTV124-135/HTV128_RUN_PACKAGE.zip.sha256	HTV	89	ea57fe0326d22e66a1eef1322212e0daf67c025dfc91866e2c886f68247c2e76	.sha256
01_HTV_HTS_CORE_DEPENDENCY_AUDIT/01_HTV_フェーズ別/HTV_11_H0DN角度構造・反証・閉鎖_HTV124-135/HTV129_RESULTS_FOR_REVIEW.zip	HTV	141150	75057c896673d9c2a0d64b2c34f10e52ae6ec454e0da25cd7c8ba5d8b5d89b80	.zip
01_HTV_HTS_CORE_DEPENDENCY_AUDIT/01_HTV_フェーズ別/HTV_11_H0DN角度構造・反証・閉鎖_HTV124-135/HTV129_RESULTS_FOR_REVIEW.zip.sha256	HTV	96	9e423d819b0f50c2f1081e26b56b5782acaa31e63feeddad1c236a486b38c293	.sha256
01_HTV_HTS_CORE_DEPENDENCY_AUDIT/01_HTV_フェーズ別/HTV_11_H0DN角度構造・反証・閉鎖_HTV124-135/HTV129_REVIEW_REPORT.md	HTV	9781	02e6473f8acc895ea9690266993b1fc51e5b03e5912c9886b833a98ad8c4dd9e	.md
01_HTV_HTS_CORE_DEPENDENCY_AUDIT/01_HTV_フェーズ別/HTV_11_H0DN角度構造・反証・閉鎖_HTV124-135/HTV129_REVIEW_REPORT.md.sha256	HTV	90	50118f5578c2c234eca3643395346fced7a875d20a22ca4b18728c8203f8d0c1	.sha256
01_HTV_HTS_CORE_DEPENDENCY_AUDIT/01_HTV_フェーズ別/HTV_11_H0DN角度構造・反証・閉鎖_HTV124-135/HTV129_RUN_PACKAGE.zip	HTV	113401	ffcfe26e31a43a0cf83021120ff8937b0278edb99db0b6ece5461a8965803d51	.zip
01_HTV_HTS_CORE_DEPENDENCY_AUDIT/01_HTV_フェーズ別/HTV_11_H0DN角度構造・反証・閉鎖_HTV124-135/HTV129_RUN_PACKAGE.zip.sha256	HTV	89	b1079b8da176db66e0f1d00648fcfb39a34f1c60a5d61c03a8746772c494cc49	.sha256
01_HTV_HTS_CORE_DEPENDENCY_AUDIT/01_HTV_フェーズ別/HTV_11_H0DN角度構造・反証・閉鎖_HTV124-135/HTV130_RESULTS_FOR_REVIEW.zip	HTV	142614	fbe38c96b115a360592517da945633fbc47c52ec29a547313662db1613e52dff	.zip
01_HTV_HTS_CORE_DEPENDENCY_AUDIT/01_HTV_フェーズ別/HTV_11_H0DN角度構造・反証・閉鎖_HTV124-135/HTV130_RESULTS_FOR_REVIEW.zip.sha256	HTV	96	70b4c2d8906f23031283dc8417027d3dc8aaaea1c29f332ce3965559c9a8778b	.sha256
01_HTV_HTS_CORE_DEPENDENCY_AUDIT/01_HTV_フェーズ別/HTV_11_H0DN角度構造・反証・閉鎖_HTV124-135/HTV130_REVIEW_REPORT.md	HTV	11159	5a12dedc2f343bdaf19e0a6c91294e9f9869a3de8200d8f36342f75f07648f70	.md
01_HTV_HTS_CORE_DEPENDENCY_AUDIT/01_HTV_フェーズ別/HTV_11_H0DN角度構造・反証・閉鎖_HTV124-135/HTV130_REVIEW_REPORT.md.sha256	HTV	90	b071c5afe0b9038b4f68cb8c3ef4cbc11dc5dfc84da6d6271c9d3d4475045dbc	.sha256
01_HTV_HTS_CORE_DEPENDENCY_AUDIT/01_HTV_フェーズ別/HTV_11_H0DN角度構造・反証・閉鎖_HTV124-135/HTV130_RUN_PACKAGE.zip	HTV	68316	4942cbdae13ac103ddc003ea0c2e72e665f930f89fc36592e0f8d2edfeb84778	.zip
01_HTV_HTS_CORE_DEPENDENCY_AUDIT/01_HTV_フェーズ別/HTV_11_H0DN角度構造・反証・閉鎖_HTV124-135/HTV130_RUN_PACKAGE.zip.sha256	HTV	89	74f2cf2e8a42a6752d4f689354f5818117a62c4e474871e191587f1adc798852	.sha256
01_HTV_HTS_CORE_DEPENDENCY_AUDIT/01_HTV_フェーズ別/HTV_11_H0DN角度構造・反証・閉鎖_HTV124-135/HTV131_RESULTS_FOR_REVIEW.zip	HTV	157313	c723ae53e797db7bc3bd09ee1966cca22eba9e257f9999bbc5ec80d3b6d3c3d0	.zip
01_HTV_HTS_CORE_DEPENDENCY_AUDIT/01_HTV_フェーズ別/HTV_11_H0DN角度構造・反証・閉鎖_HTV124-135/HTV131_RESULTS_FOR_REVIEW.zip.sha256	HTV	96	ae761aae191437a6b62f04b88fd8938b077e71807536f827a7e6b2b2c53045b8	.sha256
01_HTV_HTS_CORE_DEPENDENCY_AUDIT/01_HTV_フェーズ別/HTV_11_H0DN角度構造・反証・閉鎖_HTV124-135/HTV131_REVIEW_REPORT.md	HTV	10933	c1a98c1cecb75b1f5fc18f608c628d5609fb283aafc1bb0974ec5ba90d6f8d5c	.md
01_HTV_HTS_CORE_DEPENDENCY_AUDIT/01_HTV_フェーズ別/HTV_11_H0DN角度構造・反証・閉鎖_HTV124-135/HTV131_REVIEW_REPORT.md.sha256	HTV	90	e9f53c33f8a60ada0d0fe9961111d0271095a88578fd0c19eea41ed552b2c3e1	.sha256
01_HTV_HTS_CORE_DEPENDENCY_AUDIT/01_HTV_フェーズ別/HTV_11_H0DN角度構造・反証・閉鎖_HTV124-135/HTV131_RUN_PACKAGE.zip	HTV	123278	76c80e038cbb309008f85825d615c116e7a25b3cbb91a743053bbc8d4abf76b0	.zip
01_HTV_HTS_CORE_DEPENDENCY_AUDIT/01_HTV_フェーズ別/HTV_11_H0DN角度構造・反証・閉鎖_HTV124-135/HTV131_RUN_PACKAGE.zip.sha256	HTV	89	a6a4c21209a07258d560cdfe36a35242e14c565021e890447914926ede896200	.sha256
01_HTV_HTS_CORE_DEPENDENCY_AUDIT/01_HTV_フェーズ別/HTV_11_H0DN角度構造・反証・閉鎖_HTV124-135/HTV132_RESULTS_FOR_REVIEW.zip	HTV	140369	b6a834f0f2225fc2da34e92287b3bcfb86b0390f2baccb05df6bf8f97b8606f2	.zip
01_HTV_HTS_CORE_DEPENDENCY_AUDIT/01_HTV_フェーズ別/HTV_11_H0DN角度構造・反証・閉鎖_HTV124-135/HTV132_RESULTS_FOR_REVIEW.zip.sha256	HTV	96	64e4d227a7e0633b3105479efd0d4b59b5079325eecb3a957fab28b7af38e4e0	.sha256
01_HTV_HTS_CORE_DEPENDENCY_AUDIT/01_HTV_フェーズ別/HTV_11_H0DN角度構造・反証・閉鎖_HTV124-135/HTV132_REVIEW_REPORT.md	HTV	12912	033d7b4b5fb8450cdd6a8dbd98c4606f753cb61f5aee399748aba57766550be9	.md
01_HTV_HTS_CORE_DEPENDENCY_AUDIT/01_HTV_フェーズ別/HTV_11_H0DN角度構造・反証・閉鎖_HTV124-135/HTV132_REVIEW_REPORT.md.sha256	HTV	90	4a9afd887ee80b74949f367395624036a4773749199417ac45e93ef8dde8c2eb	.sha256
01_HTV_HTS_CORE_DEPENDENCY_AUDIT/01_HTV_フェーズ別/HTV_11_H0DN角度構造・反証・閉鎖_HTV124-135/HTV132_RUN_PACKAGE.zip	HTV	95010	801d63d58095f683bada1dc8b5017e9b77b661a0a7a294712af8ca250813e262	.zip
01_HTV_HTS_CORE_DEPENDENCY_AUDIT/01_HTV_フェーズ別/HTV_11_H0DN角度構造・反証・閉鎖_HTV124-135/HTV132_RUN_PACKAGE.zip.sha256	HTV	89	264095ef05a9c6d43c58c97469f58c31ddbcf615b4efecd0bf8ec63dabb4aee1	.sha256
01_HTV_HTS_CORE_DEPENDENCY_AUDIT/01_HTV_フェーズ別/HTV_11_H0DN角度構造・反証・閉鎖_HTV124-135/HTV133_RESULTS_FOR_REVIEW.zip	HTV	120770	8161af8404d18396c5e90ade284d6dcdd2a32f815fcdd7f77c5291808576e1b6	.zip
01_HTV_HTS_CORE_DEPENDENCY_AUDIT/01_HTV_フェーズ別/HTV_11_H0DN角度構造・反証・閉鎖_HTV124-135/HTV133_RESULTS_FOR_REVIEW.zip.sha256	HTV	96	4385e92c70087aa3edc88813f834f850e310c44661684752853323fae82ccd20	.sha256
01_HTV_HTS_CORE_DEPENDENCY_AUDIT/01_HTV_フェーズ別/HTV_11_H0DN角度構造・反証・閉鎖_HTV124-135/HTV133_REVIEW_REPORT.md	HTV	11288	6279bc7afa296f62d5a9f300217c0c69c112decce09625b9beebbedfcaae4e36	.md
01_HTV_HTS_CORE_DEPENDENCY_AUDIT/01_HTV_フェーズ別/HTV_11_H0DN角度構造・反証・閉鎖_HTV124-135/HTV133_REVIEW_REPORT.md.sha256	HTV	90	f7df38ab6b4973408bf4dde009f5453735c460200e0743afc8bd61597df0f8fd	.sha256
01_HTV_HTS_CORE_DEPENDENCY_AUDIT/01_HTV_フェーズ別/HTV_11_H0DN角度構造・反証・閉鎖_HTV124-135/HTV133_REVIEW_REPORT_CORR1.md	HTV	11951	e8e0b3691ef2568f44795137eab3d97353f8eb2dcf5022898b36d12df1490ab1	.md
01_HTV_HTS_CORE_DEPENDENCY_AUDIT/01_HTV_フェーズ別/HTV_11_H0DN角度構造・反証・閉鎖_HTV124-135/HTV133_REVIEW_REPORT_CORR1.md.sha256	HTV	96	2a8b52acdbe8c9486b60c11de40498b5b11da0401d95ac9b887bc147f89fd4b8	.sha256
01_HTV_HTS_CORE_DEPENDENCY_AUDIT/01_HTV_フェーズ別/HTV_11_H0DN角度構造・反証・閉鎖_HTV124-135/HTV133_RUN_PACKAGE.zip	HTV	78196	ddda69e86e3725a135aee8438ae99f40caca35f99fa94c22a995170fa8398a3e	.zip
01_HTV_HTS_CORE_DEPENDENCY_AUDIT/01_HTV_フェーズ別/HTV_11_H0DN角度構造・反証・閉鎖_HTV124-135/HTV133_RUN_PACKAGE.zip.sha256	HTV	89	31d75ab9c5be891d10a47afb75801b452422fd6bed23a58bab30364196145b03	.sha256
01_HTV_HTS_CORE_DEPENDENCY_AUDIT/01_HTV_フェーズ別/HTV_11_H0DN角度構造・反証・閉鎖_HTV124-135/HTV134_RESULTS_FOR_REVIEW.zip	HTV	173646	86ee72c39c1f153b67c79268a21a3a8a6e2500bed9006cebfc5e0f8ae8f6a1db	.zip
01_HTV_HTS_CORE_DEPENDENCY_AUDIT/01_HTV_フェーズ別/HTV_11_H0DN角度構造・反証・閉鎖_HTV124-135/HTV134_RESULTS_FOR_REVIEW.zip.sha256	HTV	96	d9bdddc027e11a69d1d4e889f4def3d67c6d2eaca997d3c8e52ef2e4d52f7903	.sha256
01_HTV_HTS_CORE_DEPENDENCY_AUDIT/01_HTV_フェーズ別/HTV_11_H0DN角度構造・反証・閉鎖_HTV124-135/HTV134_REVIEW_REPORT.md	HTV	14983	d68fc5d92f3f00f61fc8fbb6c4975be9fe4ec983c8e0998089f4667fab7d2ec5	.md
01_HTV_HTS_CORE_DEPENDENCY_AUDIT/01_HTV_フェーズ別/HTV_11_H0DN角度構造・反証・閉鎖_HTV124-135/HTV134_REVIEW_REPORT.md.sha256	HTV	90	bc8d10b9f1f2ce35c2fe766c7954457c59ff067a213ac80fd70fe103d60132df	.sha256
01_HTV_HTS_CORE_DEPENDENCY_AUDIT/01_HTV_フェーズ別/HTV_11_H0DN角度構造・反証・閉鎖_HTV124-135/HTV134_RUN_PACKAGE.zip	HTV	112954	787c218f758e1ad545f2587bd779aa66202d8274a2d461140ce9c38ee5182af7	.zip
01_HTV_HTS_CORE_DEPENDENCY_AUDIT/01_HTV_フェーズ別/HTV_11_H0DN角度構造・反証・閉鎖_HTV124-135/HTV134_RUN_PACKAGE.zip.sha256	HTV	89	bc5b221c794102717605deeb1dc3386eface4718fbf1bc85df13ad7fcf986ebc	.sha256
01_HTV_HTS_CORE_DEPENDENCY_AUDIT/01_HTV_フェーズ別/HTV_11_H0DN角度構造・反証・閉鎖_HTV124-135/HTV135_RESULTS_FOR_REVIEW.zip	HTV	142956	3f61d608add2910d3c2dea8f4d7acbcfdab75fb2ef1846939295024f41476b0f	.zip
01_HTV_HTS_CORE_DEPENDENCY_AUDIT/01_HTV_フェーズ別/HTV_11_H0DN角度構造・反証・閉鎖_HTV124-135/HTV135_RESULTS_FOR_REVIEW.zip.sha256	HTV	96	57749aa2c87de35c3a6ba7abe01f804849079066763158170f6f32d31cc5bd04	.sha256
01_HTV_HTS_CORE_DEPENDENCY_AUDIT/01_HTV_フェーズ別/HTV_11_H0DN角度構造・反証・閉鎖_HTV124-135/HTV135_RESULTS_FOR_REVIEW_CORR1.zip	HTV	143385	143351543174450ed879c6fc063f141c58e18e641f4a40a04cf6515167475f23	.zip
01_HTV_HTS_CORE_DEPENDENCY_AUDIT/01_HTV_フェーズ別/HTV_11_H0DN角度構造・反証・閉鎖_HTV124-135/HTV135_RESULTS_FOR_REVIEW_CORR1.zip.sha256	HTV	102	e8f75819ec533467374b470ed88fc19ed39f00870ceade5212bb70eec5275e25	.sha256
01_HTV_HTS_CORE_DEPENDENCY_AUDIT/01_HTV_フェーズ別/HTV_11_H0DN角度構造・反証・閉鎖_HTV124-135/HTV135_REVIEW_REPORT.md	HTV	11048	1c90499d5d0e24bde92769219b926b03f94bfdf96253b1d6a42149f98fad5915	.md
01_HTV_HTS_CORE_DEPENDENCY_AUDIT/01_HTV_フェーズ別/HTV_11_H0DN角度構造・反証・閉鎖_HTV124-135/HTV135_REVIEW_REPORT.md.sha256	HTV	90	aa0877661d968be9903067df4bc3e46da92fc404b6b09f407ef250a0588ee66f	.sha256
01_HTV_HTS_CORE_DEPENDENCY_AUDIT/01_HTV_フェーズ別/HTV_11_H0DN角度構造・反証・閉鎖_HTV124-135/HTV135_RUN_PACKAGE.zip	HTV	125199	cb17352233b41e13bb00b8b245424bef1b688580e7cbad43fcdeb11f23c94157	.zip
01_HTV_HTS_CORE_DEPENDENCY_AUDIT/01_HTV_フェーズ別/HTV_11_H0DN角度構造・反証・閉鎖_HTV124-135/HTV135_RUN_PACKAGE.zip.sha256	HTV	89	778cdc5248526feb17a7ddc202a13ba703de7abd22c2d5086ccb0d708f10f9c7	.sha256
01_HTV_HTS_CORE_DEPENDENCY_AUDIT/01_HTV_フェーズ別/HTV_12_全体再選定・HTS移行_HTV136/HTV136_RESULTS_FOR_REVIEW.zip	HTV	73209	22c057d68a7a7756bef7e445be6e006fa340a9543541e0cae561dfea81f08ffe	.zip
01_HTV_HTS_CORE_DEPENDENCY_AUDIT/01_HTV_フェーズ別/HTV_12_全体再選定・HTS移行_HTV136/HTV136_RESULTS_FOR_REVIEW.zip.sha256	HTV	96	5eccf16d987ed544db14378de23dfcc1ed623d68a631dd396a6f784f9bc6ba7d	.sha256
01_HTV_HTS_CORE_DEPENDENCY_AUDIT/01_HTV_フェーズ別/HTV_12_全体再選定・HTS移行_HTV136/HTV136_RESULTS_FOR_REVIEW_CORR1.zip	HTV	73674	7770b8dd787705823a5f516af0275fa26db300f4249ce797829ae1c2cc9bb2cf	.zip
01_HTV_HTS_CORE_DEPENDENCY_AUDIT/01_HTV_フェーズ別/HTV_12_全体再選定・HTS移行_HTV136/HTV136_RESULTS_FOR_REVIEW_CORR1.zip.sha256	HTV	102	33ea865470ac72205dc1f4965a4e028b5d17ebc2e93aed7d6b7d7af57d048e9f	.sha256
01_HTV_HTS_CORE_DEPENDENCY_AUDIT/01_HTV_フェーズ別/HTV_12_全体再選定・HTS移行_HTV136/HTV136_REVIEW_REPORT.md	HTV	9652	bd3922b35954ab8dc09d71684760c341885f9c633081e613565b60d95c92ee02	.md
01_HTV_HTS_CORE_DEPENDENCY_AUDIT/01_HTV_フェーズ別/HTV_12_全体再選定・HTS移行_HTV136/HTV136_REVIEW_REPORT.md.sha256	HTV	90	404777b69b4fefc35f07559dd733f9d4cab8b63739f0149748fb0e3d23c0c0a4	.sha256
01_HTV_HTS_CORE_DEPENDENCY_AUDIT/01_HTV_フェーズ別/HTV_12_全体再選定・HTS移行_HTV136/HTV136_RUN_PACKAGE.zip	HTV	59651	1f26262be5f66d7523f6943fddeeaefaafd99c6f3c7f90159fb90894741f6e1f	.zip
01_HTV_HTS_CORE_DEPENDENCY_AUDIT/01_HTV_フェーズ別/HTV_12_全体再選定・HTS移行_HTV136/HTV136_RUN_PACKAGE.zip.sha256	HTV	89	b7a5416bc185229ad60700a6ad3a3366ae6a75b70459c6255505bdd5b36f4f77	.sha256
01_HTV_HTS_CORE_DEPENDENCY_AUDIT/02_HTS_フェーズ別/HTS_01_測定概念・authority・dependency基盤_HTS01-05/HTS01_CORR1_STRUCTURAL_AUDIT_PLAN_ONLY_FOR_REVIEW.zip	HTS	18073	01eb163d4b971a7f3fe6e7c51bc4c16e127d5944b50b2ae085a6b72fa1d40c86	.zip
01_HTV_HTS_CORE_DEPENDENCY_AUDIT/02_HTS_フェーズ別/HTS_01_測定概念・authority・dependency基盤_HTS01-05/HTS01_CORR1_STRUCTURAL_AUDIT_PLAN_ONLY_FOR_REVIEW.zip.sha256	HTS	120	2566a456d862a2d943589911ee94288245d486f0221ffe8621e0d3535c21b042	.sha256
01_HTV_HTS_CORE_DEPENDENCY_AUDIT/02_HTS_フェーズ別/HTS_01_測定概念・authority・dependency基盤_HTS01-05/HTS01_CORR2_DEPENDENCY_SCHEMA_PLAN_ONLY_FOR_REVIEW.zip	HTS	24930	643201eab1684e3317eaff36556732826b9679f561c8127fc7ef1c3a0e50506d	.zip
01_HTV_HTS_CORE_DEPENDENCY_AUDIT/02_HTS_フェーズ別/HTS_01_測定概念・authority・dependency基盤_HTS01-05/HTS01_CORR2_DEPENDENCY_SCHEMA_PLAN_ONLY_FOR_REVIEW.zip.sha256	HTS	121	78d70d0ef89ca56ab655ea1e5b44baeef62e89669af0959ffc7e210dd31f1b30	.sha256
01_HTV_HTS_CORE_DEPENDENCY_AUDIT/02_HTS_フェーズ別/HTS_01_測定概念・authority・dependency基盤_HTS01-05/HTS01_CORR3A_FINAL_REFERENCE_TYPING_PLAN_ONLY_FOR_REVIEW.zip	HTS	27708	24a6812462b731914370ca5362d2cef43f14e662e0dbbe53fe28dd286b0c0443	.zip
01_HTV_HTS_CORE_DEPENDENCY_AUDIT/02_HTS_フェーズ別/HTS_01_測定概念・authority・dependency基盤_HTS01-05/HTS01_CORR3A_FINAL_REFERENCE_TYPING_PLAN_ONLY_FOR_REVIEW.zip.sha256	HTS	127	a752fdc7e05a663425b6f57732c06ef5d55c019bee419cccf1e5e67d141d0c5a	.sha256
01_HTV_HTS_CORE_DEPENDENCY_AUDIT/02_HTS_フェーズ別/HTS_01_測定概念・authority・dependency基盤_HTS01-05/HTS01_CORR3A_REVIEW_REPORT.md	HTS	5558	f529a416e3f87099dc793645b83bf5c60ad9338d2ffd7ffd1c76ff73e84909d3	.md
01_HTV_HTS_CORE_DEPENDENCY_AUDIT/02_HTS_フェーズ別/HTS_01_測定概念・authority・dependency基盤_HTS01-05/HTS01_CORR3A_REVIEW_REPORT.md.sha256	HTS	96	13d74b1c22b7bf49a7a63068bdacac42f00a96c444ad04b40919e279406aebea	.sha256
01_HTV_HTS_CORE_DEPENDENCY_AUDIT/02_HTS_フェーズ別/HTS_01_測定概念・authority・dependency基盤_HTS01-05/HTS01_CORR3_REFERENCE_TYPING_PLAN_ONLY_FOR_REVIEW.zip	HTS	27009	86bcf7ea81329dffb6af55b978d3559c8b6d5627dc1db37a4b4755f10a534c1f	.zip
01_HTV_HTS_CORE_DEPENDENCY_AUDIT/02_HTS_フェーズ別/HTS_01_測定概念・authority・dependency基盤_HTS01-05/HTS01_CORR3_REFERENCE_TYPING_PLAN_ONLY_FOR_REVIEW.zip.sha256	HTS	120	aadd6ca7306056b6c7adcf6e76843bef58385f2eb2d7113eb6d2d118a5a79d66	.sha256
01_HTV_HTS_CORE_DEPENDENCY_AUDIT/02_HTS_フェーズ別/HTS_01_測定概念・authority・dependency基盤_HTS01-05/HTS01_PHASE0_PHASE1_BOOTSTRAP_PLAN_ONLY_FOR_REVIEW.zip	HTS	19835	d43a2f02e20d3366f62cd46a99dad5ec4d1b3a2a61f1bd0d00d36ef0ce1b78a8	.zip
01_HTV_HTS_CORE_DEPENDENCY_AUDIT/02_HTS_フェーズ別/HTS_01_測定概念・authority・dependency基盤_HTS01-05/HTS01_PHASE0_PHASE1_BOOTSTRAP_PLAN_ONLY_FOR_REVIEW.zip.sha256	HTS	121	e9a565f1252910e456bfc54159714c6ba4c87c451fbb02d9b40bb45f1f765d8c	.sha256
01_HTV_HTS_CORE_DEPENDENCY_AUDIT/02_HTS_フェーズ別/HTS_01_測定概念・authority・dependency基盤_HTS01-05/HTS02_CORR1_GOVERNANCE_REVIEW_STATUS_PLAN_ONLY_FOR_REVIEW.zip	HTS	93703	09c7291237c132dfe44f89cd39dd8e96a34a34e52f06e6de1e7aaf77562a88d4	.zip
01_HTV_HTS_CORE_DEPENDENCY_AUDIT/02_HTS_フェーズ別/HTS_01_測定概念・authority・dependency基盤_HTS01-05/HTS02_CORR1_GOVERNANCE_REVIEW_STATUS_PLAN_ONLY_FOR_REVIEW.zip.sha256	HTS	128	192e07da22474f7b4e56d45e7c63e6287bd2af1d71b349d0ad4416bed249179e	.sha256
01_HTV_HTS_CORE_DEPENDENCY_AUDIT/02_HTS_フェーズ別/HTS_01_測定概念・authority・dependency基盤_HTS01-05/HTS02_CORR1_REVIEW_REPORT.md	HTS	6193	0d91da3339a9e7d1731243c3828328f98f1f1a4f9c8382d065d44ef1862a6dbc	.md
01_HTV_HTS_CORE_DEPENDENCY_AUDIT/02_HTS_フェーズ別/HTS_01_測定概念・authority・dependency基盤_HTS01-05/HTS02_CORR1_REVIEW_REPORT.md.sha256	HTS	95	a5c79a234fbbc72c365de68933d9cbe16f9dd8a29669ae0d554c81420c5fccfc	.sha256
01_HTV_HTS_CORE_DEPENDENCY_AUDIT/02_HTS_フェーズ別/HTS_01_測定概念・authority・dependency基盤_HTS01-05/HTS02_RESULTS_FOR_REVIEW.zip	HTS	76358	1bc78e0263dc535aa33e5b345014bc6163e282cf8f43658d7234089ce8fde7dc	.zip
01_HTV_HTS_CORE_DEPENDENCY_AUDIT/02_HTS_フェーズ別/HTS_01_測定概念・authority・dependency基盤_HTS01-05/HTS02_RESULTS_FOR_REVIEW.zip.sha256	HTS	95	ec1af8d3f46ec3355266eea710abc0d7e4d751d416aca21abfb92f045a94ee9b	.sha256
01_HTV_HTS_CORE_DEPENDENCY_AUDIT/02_HTS_フェーズ別/HTS_01_測定概念・authority・dependency基盤_HTS01-05/HTS02_REVIEW_REPORT.md	HTS	9210	66615ae6e96ecb8f8082f3f3399e55508787832b153222f29d94c76432a467f8	.md
01_HTV_HTS_CORE_DEPENDENCY_AUDIT/02_HTS_フェーズ別/HTS_01_測定概念・authority・dependency基盤_HTS01-05/HTS02_REVIEW_REPORT.md.sha256	HTS	89	0924ef443e82c6854cf81a0cec09ce0349c02bf0059503884277956fa8edfd25	.sha256
01_HTV_HTS_CORE_DEPENDENCY_AUDIT/02_HTS_フェーズ別/HTS_01_測定概念・authority・dependency基盤_HTS01-05/HTS02_RUN_PACKAGE.zip	HTS	64440	f5379fe3b16e95261a17543303af574fba606c3fa5352978e6345d7b26164085	.zip
01_HTV_HTS_CORE_DEPENDENCY_AUDIT/02_HTS_フェーズ別/HTS_01_測定概念・authority・dependency基盤_HTS01-05/HTS02_RUN_PACKAGE.zip.sha256	HTS	88	3ef0ec6054c251c72bf99c40790da882148c5db628c8fdf25197aadea1e3516f	.sha256
01_HTV_HTS_CORE_DEPENDENCY_AUDIT/02_HTS_フェーズ別/HTS_01_測定概念・authority・dependency基盤_HTS01-05/HTS03_CORR1_ISOTROPIC_BAO_RATIO_ONTOLOGY_PLAN_ONLY_FOR_REVIEW.zip	HTS	173830	598c958292a1ae3f4fc7d7bb0bfc5a48e6e7c8f004c193e07ebf034e8985add7	.zip
01_HTV_HTS_CORE_DEPENDENCY_AUDIT/02_HTS_フェーズ別/HTS_01_測定概念・authority・dependency基盤_HTS01-05/HTS03_CORR1_ISOTROPIC_BAO_RATIO_ONTOLOGY_PLAN_ONLY_FOR_REVIEW.zip.sha256	HTS	132	a81b70221a761b88ae9639de676d6d8462b753ebfe96f55f80b46d5a964d4383	.sha256
01_HTV_HTS_CORE_DEPENDENCY_AUDIT/02_HTS_フェーズ別/HTS_01_測定概念・authority・dependency基盤_HTS01-05/HTS03_CORR1_REVIEW_REPORT.md	HTS	5146	c163a8942ea25e1c55bfab5a15ef6af711e59c53c4b9fa78f1da4fb796c82290	.md
01_HTV_HTS_CORE_DEPENDENCY_AUDIT/02_HTS_フェーズ別/HTS_01_測定概念・authority・dependency基盤_HTS01-05/HTS03_CORR1_REVIEW_REPORT.md.sha256	HTS	95	eb2280c6b7a29f411313abdea8be3661a341def04cfb4f3ea48a4a519afa8885	.sha256
01_HTV_HTS_CORE_DEPENDENCY_AUDIT/02_HTS_フェーズ別/HTS_01_測定概念・authority・dependency基盤_HTS01-05/HTS03_RESULTS_FOR_REVIEW.zip	HTS	153640	75c92e5938cd4cec18240b2bd605a6437c76b94f46294cd5d9174181e444c65d	.zip
01_HTV_HTS_CORE_DEPENDENCY_AUDIT/02_HTS_フェーズ別/HTS_01_測定概念・authority・dependency基盤_HTS01-05/HTS03_RESULTS_FOR_REVIEW.zip.sha256	HTS	95	df46cb2aed5cbc278bad1503c05dde7931465c0308521b62e4f55e331cde8946	.sha256
01_HTV_HTS_CORE_DEPENDENCY_AUDIT/02_HTS_フェーズ別/HTS_01_測定概念・authority・dependency基盤_HTS01-05/HTS03_REVIEW_REPORT.md	HTS	8617	69de741eed03c2735c726d2b303cbc3cb261a9244ca2d30ce027a2e698d07185	.md
01_HTV_HTS_CORE_DEPENDENCY_AUDIT/02_HTS_フェーズ別/HTS_01_測定概念・authority・dependency基盤_HTS01-05/HTS03_REVIEW_REPORT.md.sha256	HTS	89	b230eabdc1da9521d7b4a9a102a80441655ff7fa56a93a2fd10ca9d2b583d498	.sha256
01_HTV_HTS_CORE_DEPENDENCY_AUDIT/02_HTS_フェーズ別/HTS_01_測定概念・authority・dependency基盤_HTS01-05/HTS03_RUN_PACKAGE.zip	HTS	137743	6cf1debbb4db87b76e3ae1de266111daa439df177f90f9a28924e092a501d799	.zip
01_HTV_HTS_CORE_DEPENDENCY_AUDIT/02_HTS_フェーズ別/HTS_01_測定概念・authority・dependency基盤_HTS01-05/HTS03_RUN_PACKAGE.zip.sha256	HTS	88	2cd13de3b90bab30cff9a463c124fb240fdda17fffbcd8725e6556bf86b68676	.sha256
01_HTV_HTS_CORE_DEPENDENCY_AUDIT/02_HTS_フェーズ別/HTS_01_測定概念・authority・dependency基盤_HTS01-05/HTS04_CORR1B_RESULTS_FOR_REVIEW.zip	HTS	597633878	a522352c697d8b6c942b14536dcf19b9ba568dbdaf2a3f788176f6160f361822	.zip
01_HTV_HTS_CORE_DEPENDENCY_AUDIT/02_HTS_フェーズ別/HTS_01_測定概念・authority・dependency基盤_HTS01-05/HTS04_CORR1B_RESULTS_FOR_REVIEW.zip.sha256	HTS	102	136e6bf3590225e02f6bec9f17888a8bb51fa6f49f898932a7e9f7dcf9d5e318	.sha256
01_HTV_HTS_CORE_DEPENDENCY_AUDIT/02_HTS_フェーズ別/HTS_01_測定概念・authority・dependency基盤_HTS01-05/HTS05_CORR1_AUTHORITY_ONLY_GRAPH_MATERIALIZATION_RUN_PACKAGE.zip	HTS	256789	a9490fa5ee02e8fb40af580f8ef7404c38937f1dbc92e1c88cbb5e3000336f08	.zip
01_HTV_HTS_CORE_DEPENDENCY_AUDIT/02_HTS_フェーズ別/HTS_01_測定概念・authority・dependency基盤_HTS01-05/HTS05_CORR1_AUTHORITY_ONLY_GRAPH_MATERIALIZATION_RUN_PACKAGE.zip.sha256	HTS	131	27087573ec504788b3c9f97a81d3c86a8842bd428288655e0793683e31459ae1	.sha256
01_HTV_HTS_CORE_DEPENDENCY_AUDIT/02_HTS_フェーズ別/HTS_01_測定概念・authority・dependency基盤_HTS01-05/HTS05_CORR1_FINALIZATION_FAILURE_REVIEW.md	HTS	755	3a7066d38a87294158ed05e217c01db1ed987330752e3e19adbed4b55e8b5861	.md
01_HTV_HTS_CORE_DEPENDENCY_AUDIT/02_HTS_フェーズ別/HTS_01_測定概念・authority・dependency基盤_HTS01-05/HTS05_CORR1_FINALIZATION_FAILURE_REVIEW.md.sha256	HTS	109	5d27d121764281b22c5ec0778f3caa6d8ab5cac304ea53d9ef5f415f17e4cf5c	.sha256
01_HTV_HTS_CORE_DEPENDENCY_AUDIT/02_HTS_フェーズ別/HTS_01_測定概念・authority・dependency基盤_HTS01-05/HTS05_CORR2_FINALIZATION_SAFE_GRAPH_MATERIALIZATION_RUN_PACKAGE.zip	HTS	259255	3b4a910e9c149ada3a2ce38b1a6254be935d192621b64a9a6c51da1ec47f85ee	.zip
01_HTV_HTS_CORE_DEPENDENCY_AUDIT/02_HTS_フェーズ別/HTS_01_測定概念・authority・dependency基盤_HTS01-05/HTS05_CORR2_FINALIZATION_SAFE_GRAPH_MATERIALIZATION_RUN_PACKAGE.zip.sha256	HTS	134	1cd56df00db1c8e68f36dabbef693824793b2533b0e8cb50af823fe841078660	.sha256
01_HTV_HTS_CORE_DEPENDENCY_AUDIT/02_HTS_フェーズ別/HTS_01_測定概念・authority・dependency基盤_HTS01-05/HTS05_CORR2_RESULTS_FOR_REVIEW.zip	HTS	288785	9b69dc2508bbc1e0d06ca4185adf7b9ad66f0af000536153c320559dbebc5e6f	.zip
01_HTV_HTS_CORE_DEPENDENCY_AUDIT/02_HTS_フェーズ別/HTS_01_測定概念・authority・dependency基盤_HTS01-05/HTS05_CORR2_RESULTS_FOR_REVIEW.zip.sha256	HTS	101	ffe8bb4a5d1aadff9f387e12df9cf052b9dafb816edc99acfe5c46b9acdfad4d	.sha256
01_HTV_HTS_CORE_DEPENDENCY_AUDIT/02_HTS_フェーズ別/HTS_01_測定概念・authority・dependency基盤_HTS01-05/HTS05_CORR2_REVIEW_REPORT.md	HTS	5819	c30dfe7e10592241885838d45c92ca35ffb634ea8a7510afd9ceb1dfe0942479	.md
01_HTV_HTS_CORE_DEPENDENCY_AUDIT/02_HTS_フェーズ別/HTS_01_測定概念・authority・dependency基盤_HTS01-05/HTS05_CORR2_REVIEW_REPORT.md.sha256	HTS	95	1ec6840d21129281004d99124716898805533088f7d9b9a5b305a10331c5b12a	.sha256
01_HTV_HTS_CORE_DEPENDENCY_AUDIT/02_HTS_フェーズ別/HTS_01_測定概念・authority・dependency基盤_HTS01-05/HTS05_CORR3_GRAPH_EDGE_COVERAGE_EXTENSION_PLAN_ONLY_FOR_REVIEW.zip	HTS	11416	6644c5d061254cabf283752e2a8a4b2c5290a106d2d7362c11f82aa985795700	.zip
01_HTV_HTS_CORE_DEPENDENCY_AUDIT/02_HTS_フェーズ別/HTS_01_測定概念・authority・dependency基盤_HTS01-05/HTS05_CORR3_GRAPH_EDGE_COVERAGE_EXTENSION_PLAN_ONLY_FOR_REVIEW.zip.sha256	HTS	133	048f0f8cb2c0943d0fef347e0ed18124b6e676d82e393fcd1b2e004ff231bada	.sha256
01_HTV_HTS_CORE_DEPENDENCY_AUDIT/02_HTS_フェーズ別/HTS_01_測定概念・authority・dependency基盤_HTS01-05/HTS05_CORR3_PLAN_REVIEW_REPORT.md	HTS	1586	a97e517e9bc1e2466cd6f2fa6a2fe4b198a2b254e232511f9facfa7076a9eb76	.md
01_HTV_HTS_CORE_DEPENDENCY_AUDIT/02_HTS_フェーズ別/HTS_01_測定概念・authority・dependency基盤_HTS01-05/HTS05_CORR3_PLAN_REVIEW_REPORT.md.sha256	HTS	100	bc90c049ebbf1a9212c1bef6356c73a1cf98f27390399a2adc3da9e4ce9a8ebe	.sha256
01_HTV_HTS_CORE_DEPENDENCY_AUDIT/02_HTS_フェーズ別/HTS_01_測定概念・authority・dependency基盤_HTS01-05/HTS05_CORR3_RESULTS_FOR_REVIEW.zip	HTS	341171	2432f4102e4329fcfb64d82a67830e6b02c950ce93a9fe9587cb9c775aa8dcd9	.zip
01_HTV_HTS_CORE_DEPENDENCY_AUDIT/02_HTS_フェーズ別/HTS_01_測定概念・authority・dependency基盤_HTS01-05/HTS05_CORR3_RESULTS_FOR_REVIEW.zip.sha256	HTS	101	7f084f794bdd9f0c160c65425c6821ba28c7c4555138ee098ca197ab45645682	.sha256
01_HTV_HTS_CORE_DEPENDENCY_AUDIT/02_HTS_フェーズ別/HTS_01_測定概念・authority・dependency基盤_HTS01-05/HTS05_FAILED_RUN_REVIEW_REPORT.md	HTS	2008	5f0de7dfacf8473c14729d7ee510898c254277359ed91bd0b47059a9d62f51fa	.md
01_HTV_HTS_CORE_DEPENDENCY_AUDIT/02_HTS_フェーズ別/HTS_01_測定概念・authority・dependency基盤_HTS01-05/HTS05_FAILED_RUN_REVIEW_REPORT.md.sha256	HTS	100	1eb978f305ebd6f0f8783e9b4e09a029972c17912751b50b16437e54e76d55c2	.sha256
01_HTV_HTS_CORE_DEPENDENCY_AUDIT/02_HTS_フェーズ別/HTS_01_測定概念・authority・dependency基盤_HTS01-05/HTS05_RESULTS_FOR_REVIEW.zip	HTS	256096	ce8655dca402ffeecfeeaba927b2750fd746944fe9e8f33faf8eb3474ac19569	.zip
01_HTV_HTS_CORE_DEPENDENCY_AUDIT/02_HTS_フェーズ別/HTS_01_測定概念・authority・dependency基盤_HTS01-05/HTS05_RESULTS_FOR_REVIEW.zip.sha256	HTS	95	127039b8acab7795a25b98afb90b606de8a9c4bf7f3c784971aab5c8d733c568	.sha256
01_HTV_HTS_CORE_DEPENDENCY_AUDIT/02_HTS_フェーズ別/HTS_01_測定概念・authority・dependency基盤_HTS01-05/HTS05_RUN_PACKAGE.zip	HTS	253027	f7ef6994ae396cd2747d2b69ad599384ab9a130e314617adeb5311310ddc2acc	.zip
01_HTV_HTS_CORE_DEPENDENCY_AUDIT/02_HTS_フェーズ別/HTS_01_測定概念・authority・dependency基盤_HTS01-05/HTS05_RUN_PACKAGE.zip.sha256	HTS	88	0b593f547e4a4b2ee3460596a7c6b1fda5100f7456e1d8a930acc2f8ffd3cfa4	.sha256
01_HTV_HTS_CORE_DEPENDENCY_AUDIT/02_HTS_フェーズ別/HTS_02_local-BAO-BBN・early-scale_bridge_HTS06-18/HTS06_EXECUTION_REPORT.md	HTS	4051	23e8d1aef1a2e0ec722e2f7c10a0e700d84f9b0dd06831984a114c77e2b3db59	.md
01_HTV_HTS_CORE_DEPENDENCY_AUDIT/02_HTS_フェーズ別/HTS_02_local-BAO-BBN・early-scale_bridge_HTS06-18/HTS06_RESULTS_FOR_REVIEW.zip	HTS	85012	f9afdd4b77b175cab86a4f14a8d9a9b01d9d5ebca03089dc2ad09bcfddd23180	.zip
01_HTV_HTS_CORE_DEPENDENCY_AUDIT/02_HTS_フェーズ別/HTS_02_local-BAO-BBN・early-scale_bridge_HTS06-18/HTS06_RESULTS_FOR_REVIEW.zip.sha256	HTS	95	125a38cc2e4b22cd6223a1c6397c1783f15b87b5d3aa39385ee4df4b43860d38	.sha256
01_HTV_HTS_CORE_DEPENDENCY_AUDIT/02_HTS_フェーズ別/HTS_02_local-BAO-BBN・early-scale_bridge_HTS06-18/HTS07_EXECUTION_REPORT.md	HTS	3129	098040a748f835e5a94b33abf8bff305f9569e71ef82a2fe21872fc506befc6a	.md
01_HTV_HTS_CORE_DEPENDENCY_AUDIT/02_HTS_フェーズ別/HTS_02_local-BAO-BBN・early-scale_bridge_HTS06-18/HTS07_INDEPENDENT_AUDIT_RESULT.md	HTS	998	10433067875ee4799c1068ec2b55d455eec9d2e09a81c11842c587f1649d9a6a	.md
01_HTV_HTS_CORE_DEPENDENCY_AUDIT/02_HTS_フェーズ別/HTS_02_local-BAO-BBN・early-scale_bridge_HTS06-18/HTS07_RESULTS_FOR_REVIEW.zip	HTS	33072	713877931e421ca1abdaddd4e97e1056d0f060473f8ac55096e3ae892e604844	.zip
01_HTV_HTS_CORE_DEPENDENCY_AUDIT/02_HTS_フェーズ別/HTS_02_local-BAO-BBN・early-scale_bridge_HTS06-18/HTS07_RESULTS_FOR_REVIEW.zip.sha256	HTS	95	4bf53f17152c0ca8b1c3fcf9bc60b43526117c1d5cb35174e2bba0aedd495a13	.sha256
01_HTV_HTS_CORE_DEPENDENCY_AUDIT/02_HTS_フェーズ別/HTS_02_local-BAO-BBN・early-scale_bridge_HTS06-18/HTS08_EXECUTION_REPORT.md	HTS	4514	870e8a951feaeb1109c242e4f807616a1cc11de3be53be4dac43a2ee7eec4bc8	.md
01_HTV_HTS_CORE_DEPENDENCY_AUDIT/02_HTS_フェーズ別/HTS_02_local-BAO-BBN・early-scale_bridge_HTS06-18/HTS08_INDEPENDENT_AUDIT_RESULT.md	HTS	1476	ca88c59df5da3eee404b8371f8e97bafe725e08821558f266ba7185e3b3860af	.md
01_HTV_HTS_CORE_DEPENDENCY_AUDIT/02_HTS_フェーズ別/HTS_02_local-BAO-BBN・early-scale_bridge_HTS06-18/HTS08_NEXT_SELECTION_AUDIT.md	HTS	1881	ed436f63fb4b8f63c468df39fcda8581f11f58ae3c2d1a22efbd2358a32bcf0a	.md
01_HTV_HTS_CORE_DEPENDENCY_AUDIT/02_HTS_フェーズ別/HTS_02_local-BAO-BBN・early-scale_bridge_HTS06-18/HTS08_RESULTS_FOR_REVIEW.zip	HTS	42388	41893028fde6e745a2370ebb6ebbeefdb9254d415a3728ab8dd1e9917835ce3a	.zip
01_HTV_HTS_CORE_DEPENDENCY_AUDIT/02_HTS_フェーズ別/HTS_02_local-BAO-BBN・early-scale_bridge_HTS06-18/HTS08_RESULTS_FOR_REVIEW.zip.sha256	HTS	95	1ce927dc523c246f103a3efb759680381a1473b9db54d0f4cf96149881ad63f2	.sha256
01_HTV_HTS_CORE_DEPENDENCY_AUDIT/02_HTS_フェーズ別/HTS_02_local-BAO-BBN・early-scale_bridge_HTS06-18/HTS09_EXECUTION_REPORT.md	HTS	5284	b8650d3a8649832934d9b139335bba21d6365ba40d7300bafc4a3b4414835de7	.md
01_HTV_HTS_CORE_DEPENDENCY_AUDIT/02_HTS_フェーズ別/HTS_02_local-BAO-BBN・early-scale_bridge_HTS06-18/HTS09_INDEPENDENT_AUDIT_RESULT.md	HTS	1491	8dc071f8e010ffbd7f6e0ae0ab6e476660c59005db51c638627bc37162aa07b4	.md
01_HTV_HTS_CORE_DEPENDENCY_AUDIT/02_HTS_フェーズ別/HTS_02_local-BAO-BBN・early-scale_bridge_HTS06-18/HTS09_NEXT_SELECTION_AUDIT.md	HTS	1896	c87d9751bf4a6197301cb8e15840f56c2e5ff3b708afc38562872b33205fff10	.md
01_HTV_HTS_CORE_DEPENDENCY_AUDIT/02_HTS_フェーズ別/HTS_02_local-BAO-BBN・early-scale_bridge_HTS06-18/HTS09_RESULTS_FOR_REVIEW.zip	HTS	28161	96ce20ded8db6d6a7883838b8279893a5674e3eeb63e3a8158cab936507b5505	.zip
01_HTV_HTS_CORE_DEPENDENCY_AUDIT/02_HTS_フェーズ別/HTS_02_local-BAO-BBN・early-scale_bridge_HTS06-18/HTS09_RESULTS_FOR_REVIEW.zip.sha256	HTS	95	451b9271c2d512526e5be54cd3f958e561ff9647cd54ddcfc98dee68ba738063	.sha256
01_HTV_HTS_CORE_DEPENDENCY_AUDIT/02_HTS_フェーズ別/HTS_02_local-BAO-BBN・early-scale_bridge_HTS06-18/HTS10_EXECUTION_REPORT.md	HTS	4837	f7629c19896b80142a29d237bd97fdf636379ff2f788405c56c8fe03d859e9ad	.md
01_HTV_HTS_CORE_DEPENDENCY_AUDIT/02_HTS_フェーズ別/HTS_02_local-BAO-BBN・early-scale_bridge_HTS06-18/HTS10_INDEPENDENT_AUDIT_RESULT.md	HTS	1102	0ae5d31faaf8a448b795e4c49444defc5e26dd59c90453ab047def6c770864ed	.md
01_HTV_HTS_CORE_DEPENDENCY_AUDIT/02_HTS_フェーズ別/HTS_02_local-BAO-BBN・early-scale_bridge_HTS06-18/HTS10_NEXT_SELECTION_AUDIT.md	HTS	1704	8d673c8933dca5a1cac27ddc4409a1156e2e708d994b2cef5771b877f4a68741	.md
01_HTV_HTS_CORE_DEPENDENCY_AUDIT/02_HTS_フェーズ別/HTS_02_local-BAO-BBN・early-scale_bridge_HTS06-18/HTS10_RESULTS_FOR_REVIEW.zip	HTS	21253	eb0dc006a8a9417155a5e8b66bc2fd6d006051197b0d8e593977bc14ebfd5ac6	.zip
01_HTV_HTS_CORE_DEPENDENCY_AUDIT/02_HTS_フェーズ別/HTS_02_local-BAO-BBN・early-scale_bridge_HTS06-18/HTS10_RESULTS_FOR_REVIEW.zip.sha256	HTS	95	f8fc45d08eefa1e2879ccfe81c5b886a13cc0aa68a4958aa3ac793d9b108e7af	.sha256
01_HTV_HTS_CORE_DEPENDENCY_AUDIT/02_HTS_フェーズ別/HTS_02_local-BAO-BBN・early-scale_bridge_HTS06-18/HTS11_EXECUTION_REPORT.md	HTS	4627	fa756a2500edd76112f1ccfde4ee8a79a55ffcb5fb4173e3afe00163ffcd48e2	.md
01_HTV_HTS_CORE_DEPENDENCY_AUDIT/02_HTS_フェーズ別/HTS_02_local-BAO-BBN・early-scale_bridge_HTS06-18/HTS11_INDEPENDENT_AUDIT_RESULT.md	HTS	654	6c049cd758f1c912c06dbb7c5c9ff85abc23edcb51bc6d1ba27e9ef0ef4623aa	.md
01_HTV_HTS_CORE_DEPENDENCY_AUDIT/02_HTS_フェーズ別/HTS_02_local-BAO-BBN・early-scale_bridge_HTS06-18/HTS11_NEXT_SELECTION_AUDIT.md	HTS	1465	1c5010ee835989624c47c24d0976a0ca4a56385865800e346fc0dff1cc809b3a	.md
01_HTV_HTS_CORE_DEPENDENCY_AUDIT/02_HTS_フェーズ別/HTS_02_local-BAO-BBN・early-scale_bridge_HTS06-18/HTS11_RESULTS_FOR_REVIEW.zip	HTS	50260	7a72be7de29bb0e0d51ef7d2444bcb66b916b5cdc848b72351258abb8b6c8b18	.zip
01_HTV_HTS_CORE_DEPENDENCY_AUDIT/02_HTS_フェーズ別/HTS_02_local-BAO-BBN・early-scale_bridge_HTS06-18/HTS11_RESULTS_FOR_REVIEW.zip.sha256	HTS	95	218864c868da8f19fb06c1caafffc1abbf495f8ec011dd64cf49b53c253389d5	.sha256
01_HTV_HTS_CORE_DEPENDENCY_AUDIT/02_HTS_フェーズ別/HTS_02_local-BAO-BBN・early-scale_bridge_HTS06-18/HTS12_EXECUTION_REPORT.md	HTS	5467	68bb7934238ffefdeaf5e27e85b3af0c8730c6db6282d99e434e8efa5feda460	.md
01_HTV_HTS_CORE_DEPENDENCY_AUDIT/02_HTS_フェーズ別/HTS_02_local-BAO-BBN・early-scale_bridge_HTS06-18/HTS12_INDEPENDENT_AUDIT_RESULT.md	HTS	1930	427948dd32ef96e74876721685db5e36f48b7d676dc552cfb36e333badf15ea8	.md
01_HTV_HTS_CORE_DEPENDENCY_AUDIT/02_HTS_フェーズ別/HTS_02_local-BAO-BBN・early-scale_bridge_HTS06-18/HTS12_NEXT_SELECTION_AUDIT.md	HTS	1847	5702d4ee7d49a4c3466b7b181e8dfc167b8a6b84265d13b02af34d5026e7062c	.md
01_HTV_HTS_CORE_DEPENDENCY_AUDIT/02_HTS_フェーズ別/HTS_02_local-BAO-BBN・early-scale_bridge_HTS06-18/HTS12_RESULTS_FOR_REVIEW.zip	HTS	42344	42cf9e1310b81af1bebcb721b3c0fc62a795284dce760567adf2d40b97029c2d	.zip
01_HTV_HTS_CORE_DEPENDENCY_AUDIT/02_HTS_フェーズ別/HTS_02_local-BAO-BBN・early-scale_bridge_HTS06-18/HTS12_RESULTS_FOR_REVIEW.zip.sha256	HTS	95	66c31e0e2e84b2029a0954e65522b50a67ab70ee5ed26e918b518ac95e428bd2	.sha256
01_HTV_HTS_CORE_DEPENDENCY_AUDIT/02_HTS_フェーズ別/HTS_02_local-BAO-BBN・early-scale_bridge_HTS06-18/HTS12_SOURCE_ADEQUACY_AUDIT.md	HTS	1544	83aa71d516b7e178a3940ace3d8f12464ecf1749845c0f2d1650473128c0238b	.md
01_HTV_HTS_CORE_DEPENDENCY_AUDIT/02_HTS_フェーズ別/HTS_02_local-BAO-BBN・early-scale_bridge_HTS06-18/HTS13_EXECUTION_REPORT.md	HTS	7905	90f77e98b1ef445364a9b1da957517ff6385ed2436e45259b2fe40da5c582c0b	.md
01_HTV_HTS_CORE_DEPENDENCY_AUDIT/02_HTS_フェーズ別/HTS_02_local-BAO-BBN・early-scale_bridge_HTS06-18/HTS13_INDEPENDENT_AUDIT_RESULT.md	HTS	485	db00f3c6fea0a385a1aaee17a59383ff2e25a000ddc68cf67a2f24b8b32c9a4d	.md
01_HTV_HTS_CORE_DEPENDENCY_AUDIT/02_HTS_フェーズ別/HTS_02_local-BAO-BBN・early-scale_bridge_HTS06-18/HTS13_NEXT_SELECTION_AUDIT.md	HTS	2232	e3f4eaba8aec2385f9e85c9da19c19abbe46a68c36395f7bf2bd689924ea44ca	.md
01_HTV_HTS_CORE_DEPENDENCY_AUDIT/02_HTS_フェーズ別/HTS_02_local-BAO-BBN・early-scale_bridge_HTS06-18/HTS13_RESULTS_FOR_REVIEW.zip	HTS	53981	e6ab134ced84b57a4e5cc5f3fc0c3d86e94e4f0e8fc45b1747b735ef71d1c390	.zip
01_HTV_HTS_CORE_DEPENDENCY_AUDIT/02_HTS_フェーズ別/HTS_02_local-BAO-BBN・early-scale_bridge_HTS06-18/HTS13_RESULTS_FOR_REVIEW.zip.sha256	HTS	95	fd6bf3ef7f0e0c4173652855c50358d454c9cb2fa9afeb28e2c6be7187272c9e	.sha256
01_HTV_HTS_CORE_DEPENDENCY_AUDIT/02_HTS_フェーズ別/HTS_02_local-BAO-BBN・early-scale_bridge_HTS06-18/HTS14_BBN_PRIOR_RESPONSE_ATLAS.tsv	HTS	1927	7118781778a343f04b7b2e30cf9407b5c88a9dc21883fb2481fd67c50620010c	.tsv
01_HTV_HTS_CORE_DEPENDENCY_AUDIT/02_HTS_フェーズ別/HTS_02_local-BAO-BBN・early-scale_bridge_HTS06-18/HTS14_EXECUTION_REPORT.md	HTS	6276	897d495884f62b4a988f0b19ce76f85e31056bc4aa598057a7726967c3a90d68	.md
01_HTV_HTS_CORE_DEPENDENCY_AUDIT/02_HTS_フェーズ別/HTS_02_local-BAO-BBN・early-scale_bridge_HTS06-18/HTS14_INDEPENDENT_AUDIT_RESULT.md	HTS	1478	e60329a47dbf34899879400dea1d1b46c74626e394ee0549efebbf88196fbc00	.md
01_HTV_HTS_CORE_DEPENDENCY_AUDIT/02_HTS_フェーズ別/HTS_02_local-BAO-BBN・early-scale_bridge_HTS06-18/HTS14_NEXT_SELECTION_AUDIT.md	HTS	1751	b512d71a4cab4c96c945351d9692a1278ac4a2f8f9d4085313891fa4687fe71f	.md
01_HTV_HTS_CORE_DEPENDENCY_AUDIT/02_HTS_フェーズ別/HTS_02_local-BAO-BBN・early-scale_bridge_HTS06-18/HTS14_RESULTS_FOR_REVIEW.zip	HTS	1282493	0380f4ffcc2834e49fcabd813beadae1683ccd3031bfaabd24aaf37dbe915f91	.zip
01_HTV_HTS_CORE_DEPENDENCY_AUDIT/02_HTS_フェーズ別/HTS_02_local-BAO-BBN・early-scale_bridge_HTS06-18/HTS14_RESULTS_FOR_REVIEW.zip.sha256	HTS	95	041cb8bf7810ecb0c7246c5012f7570ddceb80b2b67c7fbc449ffbb79c319437	.sha256
01_HTV_HTS_CORE_DEPENDENCY_AUDIT/02_HTS_フェーズ別/HTS_02_local-BAO-BBN・early-scale_bridge_HTS06-18/HTS15_EXECUTION_REPORT.md	HTS	6861	f2f7e5f637d3b7ccde331804b611ade9df0b684a2dbe3ff8b95a773692bb7693	.md
01_HTV_HTS_CORE_DEPENDENCY_AUDIT/02_HTS_フェーズ別/HTS_02_local-BAO-BBN・early-scale_bridge_HTS06-18/HTS15_INDEPENDENT_AUDIT_RESULT.md	HTS	1149	d55976308abddd467e08f74c01c1954dc30d6cce3eb0fa92995f758ed21cee84	.md
01_HTV_HTS_CORE_DEPENDENCY_AUDIT/02_HTS_フェーズ別/HTS_02_local-BAO-BBN・early-scale_bridge_HTS06-18/HTS15_LITERATURE_CONDITION_RESPONSE_ATLAS.tsv	HTS	8055	eedfd69e16518d5520a8adc05e6f4b976e76a36724e5b16e885e7ae2cb137659	.tsv
01_HTV_HTS_CORE_DEPENDENCY_AUDIT/02_HTS_フェーズ別/HTS_02_local-BAO-BBN・early-scale_bridge_HTS06-18/HTS15_NEXT_SELECTION_AUDIT.md	HTS	2139	17bc43f0f51e5114b855f59d85216798309cf1c3e6dffbb40fef6dd354ace394	.md
01_HTV_HTS_CORE_DEPENDENCY_AUDIT/02_HTS_フェーズ別/HTS_02_local-BAO-BBN・early-scale_bridge_HTS06-18/HTS15_RESULTS_FOR_REVIEW.zip	HTS	1314704	34f9cfe300cebdc10909ebfb38438f55c7bf7c79cdad706a9eff8deff16b7d90	.zip
01_HTV_HTS_CORE_DEPENDENCY_AUDIT/02_HTS_フェーズ別/HTS_02_local-BAO-BBN・early-scale_bridge_HTS06-18/HTS15_RESULTS_FOR_REVIEW.zip.sha256	HTS	95	de318bde0efa3becb339314e2fea318de5623e1e9ad14f36a58c9feb965b6dac	.sha256
01_HTV_HTS_CORE_DEPENDENCY_AUDIT/02_HTS_フェーズ別/HTS_02_local-BAO-BBN・early-scale_bridge_HTS06-18/HTS16_CORRELATION_MATRIX.tsv	HTS	809	c6dbd10586c8c5357b002c0168ad4b50911860ea885927e96cd18319f32655c0	.tsv
01_HTV_HTS_CORE_DEPENDENCY_AUDIT/02_HTS_フェーズ別/HTS_02_local-BAO-BBN・early-scale_bridge_HTS06-18/HTS16_EXECUTION_REPORT.md	HTS	7195	5079881d057d79e6dd143457b796fe10852244c7d542d74ee5f4ced61dea7836	.md
01_HTV_HTS_CORE_DEPENDENCY_AUDIT/02_HTS_フェーズ別/HTS_02_local-BAO-BBN・early-scale_bridge_HTS06-18/HTS16_INDEPENDENT_AUDIT_RESULT.md	HTS	1602	482d5c4a05e209da57ecbe792910f70fd38145c25427afa2e865d941d57ff253	.md
01_HTV_HTS_CORE_DEPENDENCY_AUDIT/02_HTS_フェーズ別/HTS_02_local-BAO-BBN・early-scale_bridge_HTS06-18/HTS16_NEXT_SELECTION_AUDIT.md	HTS	1580	4a7276ec574eadb32698b33524905173370024502a1a276d326c97172389fd6a	.md
01_HTV_HTS_CORE_DEPENDENCY_AUDIT/02_HTS_フェーズ別/HTS_02_local-BAO-BBN・early-scale_bridge_HTS06-18/HTS16_POSTERIOR_SUMMARY.tsv	HTS	3108	301f02bf3940765f11a12d8e9483dffb6692964d849fbe0804edad3bd9bf94f9	.tsv
01_HTV_HTS_CORE_DEPENDENCY_AUDIT/02_HTS_フェーズ別/HTS_02_local-BAO-BBN・early-scale_bridge_HTS06-18/HTS16_RESULTS_FOR_REVIEW.zip	HTS	1367075	7974287b3aedeb45982c9054b0c1f132948275a7024da4271ae06e5416a59082	.zip
01_HTV_HTS_CORE_DEPENDENCY_AUDIT/02_HTS_フェーズ別/HTS_02_local-BAO-BBN・early-scale_bridge_HTS06-18/HTS16_RESULTS_FOR_REVIEW.zip.sha256	HTS	95	96e48cac7e9b4e8696d540613c4262c7e30425cc9e9896c68b54751dac21127f	.sha256
01_HTV_HTS_CORE_DEPENDENCY_AUDIT/02_HTS_フェーズ別/HTS_02_local-BAO-BBN・early-scale_bridge_HTS06-18/HTS17_EXECUTION_REPORT.md	HTS	5926	bc2313b327b9b7b485ae77a9fd69ed2abaf71d708816b5129e1e982ea8bcdfa1	.md
01_HTV_HTS_CORE_DEPENDENCY_AUDIT/02_HTS_フェーズ別/HTS_02_local-BAO-BBN・early-scale_bridge_HTS06-18/HTS17_H0_PROFILE_ATLAS.tsv	HTS	101004	e071657b7fc5624c02b5839c7390ae8b0664142e7a2965a4cf1248bf050282ec	.tsv
01_HTV_HTS_CORE_DEPENDENCY_AUDIT/02_HTS_フェーズ別/HTS_02_local-BAO-BBN・early-scale_bridge_HTS06-18/HTS17_INDEPENDENT_AUDIT_RESULT.md	HTS	968	900212995e74e3336dc21c03fcdb3f514e02990b454d121814ba20a44881c326	.md
01_HTV_HTS_CORE_DEPENDENCY_AUDIT/02_HTS_フェーズ別/HTS_02_local-BAO-BBN・early-scale_bridge_HTS06-18/HTS17_PROFILE_PENALTY_GEOMETRY.png	HTS	83022	e1b7fb66916cf27f2315bf1c30c5976fc720bb35fa746d056c6cea3a46e4a1f3	.png
01_HTV_HTS_CORE_DEPENDENCY_AUDIT/02_HTS_フェーズ別/HTS_02_local-BAO-BBN・early-scale_bridge_HTS06-18/HTS17_RESULTS_FOR_REVIEW.zip	HTS	243558	83ad61be04e9a1c1040adcb883d93b1a4ecd10b1a8b087ff849e4ac5865ea9b2	.zip
01_HTV_HTS_CORE_DEPENDENCY_AUDIT/02_HTS_フェーズ別/HTS_02_local-BAO-BBN・early-scale_bridge_HTS06-18/HTS17_RESULTS_FOR_REVIEW.zip.sha256	HTS	95	510e16e0c538b30bf42b53909214d7096c4a04e5ac2e16e2669e2df0082b631e	.sha256
01_HTV_HTS_CORE_DEPENDENCY_AUDIT/02_HTS_フェーズ別/HTS_02_local-BAO-BBN・early-scale_bridge_HTS06-18/HTS17_SPECIAL_POINTS.tsv	HTS	5353	14e06698dc646c32166265c3210da9d1611ef9748f6cf70a46d5f76c62a1762c	.tsv
01_HTV_HTS_CORE_DEPENDENCY_AUDIT/02_HTS_フェーズ別/HTS_02_local-BAO-BBN・early-scale_bridge_HTS06-18/HTS18_CMB_NEFF_PROFILE.png	HTS	78603	17ec40c11e4746cb929019453af5d2f844de6c0eaf9b888e543f397ffd437db4	.png
01_HTV_HTS_CORE_DEPENDENCY_AUDIT/02_HTS_フェーズ別/HTS_02_local-BAO-BBN・early-scale_bridge_HTS06-18/HTS18_EXECUTION_REPORT.md	HTS	5742	76b906215a23fef437743efdd3155cb38624b1d988c7ea6e65bf186875ec212b	.md
01_HTV_HTS_CORE_DEPENDENCY_AUDIT/02_HTS_フェーズ別/HTS_02_local-BAO-BBN・early-scale_bridge_HTS06-18/HTS18_H0_PROFILE_ATLAS.tsv	HTS	75567	fd93d1cd1437e1b48951b5bcd6ad98a23168b9660680c82e3327df8d86e60c94	.tsv
01_HTV_HTS_CORE_DEPENDENCY_AUDIT/02_HTS_フェーズ別/HTS_02_local-BAO-BBN・early-scale_bridge_HTS06-18/HTS18_INDEPENDENT_AUDIT_RESULT.md	HTS	1521	91053a909957b5e231cfe36fd14d867a7219123ca252295984608a4cd6cbba98	.md
01_HTV_HTS_CORE_DEPENDENCY_AUDIT/02_HTS_フェーズ別/HTS_02_local-BAO-BBN・early-scale_bridge_HTS06-18/HTS18_NEXT_SELECTION_AUDIT.md	HTS	2194	a2ed4f79f5671bc719902bc7ff874a85e42ff13059c93a68c4d1cfbe7ce3e3fe	.md
01_HTV_HTS_CORE_DEPENDENCY_AUDIT/02_HTS_フェーズ別/HTS_02_local-BAO-BBN・early-scale_bridge_HTS06-18/HTS18_POSTERIOR_PRODUCT_SUMMARY.tsv	HTS	677	d50da1bba248d8a61e5c383d50445400b7ef228ed680271ecc201aa32b5ba0ad	.tsv
01_HTV_HTS_CORE_DEPENDENCY_AUDIT/02_HTS_フェーズ別/HTS_02_local-BAO-BBN・early-scale_bridge_HTS06-18/HTS18_REQUIRED_NEFF_RD.png	HTS	95182	1fd08521dabcd6220008a56586d2f2dba13f9bc1bf81c7ff55f2ffa968cdc175	.png
01_HTV_HTS_CORE_DEPENDENCY_AUDIT/02_HTS_フェーズ別/HTS_02_local-BAO-BBN・early-scale_bridge_HTS06-18/HTS18_RESULTS_FOR_REVIEW.zip	HTS	1549154	118bb5a717133753e9556f0f0252b2040adbc12eaa74d837779ca0255986e050	.zip
01_HTV_HTS_CORE_DEPENDENCY_AUDIT/02_HTS_フェーズ別/HTS_02_local-BAO-BBN・early-scale_bridge_HTS06-18/HTS18_RESULTS_FOR_REVIEW.zip.sha256	HTS	105	805fb534dae426371099047b54b7bb68d1a73e70a0e52ddd6f7e9a7cf41d8eb4	.sha256
01_HTV_HTS_CORE_DEPENDENCY_AUDIT/02_HTS_フェーズ別/HTS_03_CMB_authority・共通軸_HTS19-25/HTS19_CHAIN_MATERIALIZATION_ATTEMPT.md	HTS	968	7cca8dfab8003c31bf208b3ce5facf8e2d21d5951874edc35eb443d7e323ab70	.md
01_HTV_HTS_CORE_DEPENDENCY_AUDIT/02_HTS_フェーズ別/HTS_03_CMB_authority・共通軸_HTS19-25/HTS19_CROSS_EXPERIMENT_AUTHORITY_ATLAS.tsv	HTS	2631	7b5255f90012d852fa53daa6bfe823204125f42c7521f44197bf47e379a72faf	.tsv
01_HTV_HTS_CORE_DEPENDENCY_AUDIT/02_HTS_フェーズ別/HTS_03_CMB_authority・共通軸_HTS19-25/HTS19_EXECUTION_REPORT.md	HTS	3914	bec530656250856b5859ec332806efe29c67f1e0841be9e8f9485725a95f53f7	.md
01_HTV_HTS_CORE_DEPENDENCY_AUDIT/02_HTS_フェーズ別/HTS_03_CMB_authority・共通軸_HTS19-25/HTS19_INDEPENDENT_AUDIT_RESULT.md	HTS	709	9cee665402f538e8dd498a8d20ba929bfbde74061abbeb68860e4236b3910dff	.md
01_HTV_HTS_CORE_DEPENDENCY_AUDIT/02_HTS_フェーズ別/HTS_03_CMB_authority・共通軸_HTS19-25/HTS19_NEXT_SELECTION_AUDIT.md	HTS	1004	d232a8beb4ff6b6f45c2d7f14ebd1d957a14cee73ec8fad1a97c03666dd58824	.md
01_HTV_HTS_CORE_DEPENDENCY_AUDIT/02_HTS_フェーズ別/HTS_03_CMB_authority・共通軸_HTS19-25/HTS19_RESULTS_FOR_REVIEW.zip	HTS	19182	2a05016ef3f7f7789ae5ccb3c59b0c5588054d5efc9ea6be97f0059e8937b11a	.zip
01_HTV_HTS_CORE_DEPENDENCY_AUDIT/02_HTS_フェーズ別/HTS_03_CMB_authority・共通軸_HTS19-25/HTS19_RESULTS_FOR_REVIEW.zip.sha256	HTS	95	ecb7c8d537b57cc2b59fd27ee38d23d2e4c70f1fb8456c55dcc0718551068a8f	.sha256
01_HTV_HTS_CORE_DEPENDENCY_AUDIT/02_HTS_フェーズ別/HTS_03_CMB_authority・共通軸_HTS19-25/HTS20_EXECUTION_REPORT.md	HTS	4038	a6e0b0e4d2207fb6a19e5137c63bd6638fc9eecacc740a3fd57458658b66407b	.md
01_HTV_HTS_CORE_DEPENDENCY_AUDIT/02_HTS_フェーズ別/HTS_03_CMB_authority・共通軸_HTS19-25/HTS20_INDEPENDENT_AUDIT_RESULT.md	HTS	715	14d5c063f3d3ad906e85c7d287af5cdd4b98d0adbd8e955ed4b6db9dbe3c1862	.md
01_HTV_HTS_CORE_DEPENDENCY_AUDIT/02_HTS_フェーズ別/HTS_03_CMB_authority・共通軸_HTS19-25/HTS20_MATERIALIZATION_AND_EXECUTION_GATE.md	HTS	1484	3d30f7d3fef15791e68e216851acfeec8423dbc587ffbf9b8b0b367fada1e377	.md
01_HTV_HTS_CORE_DEPENDENCY_AUDIT/02_HTS_フェーズ別/HTS_03_CMB_authority・共通軸_HTS19-25/HTS20_NEXT_SELECTION_AUDIT.md	HTS	1192	8434d0fb0032f9448251153242be71462e4df6f9cd49f36017cfc4e819be1fab	.md
01_HTV_HTS_CORE_DEPENDENCY_AUDIT/02_HTS_フェーズ別/HTS_03_CMB_authority・共通軸_HTS19-25/HTS20_PROJECTED_GAUSSIAN_CONSISTENCY.tsv	HTS	691	46ed61e7fb0c371439e202970521fd0eb9c62f498d1c3566d6b5472ec6e38285	.tsv
01_HTV_HTS_CORE_DEPENDENCY_AUDIT/02_HTS_フェーズ別/HTS_03_CMB_authority・共通軸_HTS19-25/HTS20_RESULTS_FOR_REVIEW.zip	HTS	18903	d65fd550e3b5b7706d46d2fbf006d4a797a294a7414840d9b7b0304ac32de650	.zip
01_HTV_HTS_CORE_DEPENDENCY_AUDIT/02_HTS_フェーズ別/HTS_03_CMB_authority・共通軸_HTS19-25/HTS20_RESULTS_FOR_REVIEW.zip.sha256	HTS	95	70def3fdf98d045aa1b5c6478c8f7f110bd9146aae2e34e62cabc56ae6794eb1	.sha256
01_HTV_HTS_CORE_DEPENDENCY_AUDIT/02_HTS_フェーズ別/HTS_03_CMB_authority・共通軸_HTS19-25/HTS21_DEPENDENCY_GRADE_ATLAS.tsv	HTS	1975	fdcf72398beef1e0f21f7f8857c5df0c527c7cbc51e08a7ffc769a42c486b868	.tsv
01_HTV_HTS_CORE_DEPENDENCY_AUDIT/02_HTS_フェーズ別/HTS_03_CMB_authority・共通軸_HTS19-25/HTS21_EXECUTION_REPORT.md	HTS	4587	b4e228ed05c0d2d0dead26462925504ccb74cff254ee8c8195d43fabaedd3919	.md
01_HTV_HTS_CORE_DEPENDENCY_AUDIT/02_HTS_フェーズ別/HTS_03_CMB_authority・共通軸_HTS19-25/HTS21_INDEPENDENT_AUDIT_RESULT.md	HTS	896	e97e8f0fe658fe8e37d7d00f9738970735e7dabd1006208c659eb598a83a57f7	.md
01_HTV_HTS_CORE_DEPENDENCY_AUDIT/02_HTS_フェーズ別/HTS_03_CMB_authority・共通軸_HTS19-25/HTS21_NEXT_SELECTION_AUDIT.md	HTS	1178	4561def1b9707e55ecd5a154bbfd63a1dad8bc2e584ea53049c38d9c15570d57	.md
01_HTV_HTS_CORE_DEPENDENCY_AUDIT/02_HTS_フェーズ別/HTS_03_CMB_authority・共通軸_HTS19-25/HTS21_RESULTS_FOR_REVIEW.zip	HTS	113910	11c485d9a1620e5e02a6b517e9998cf1311ff7426790eaca5b3a28c0d0018271	.zip
01_HTV_HTS_CORE_DEPENDENCY_AUDIT/02_HTS_フェーズ別/HTS_03_CMB_authority・共通軸_HTS19-25/HTS21_RESULTS_FOR_REVIEW.zip.sha256	HTS	95	186267a350b93e2b4896f79683dd2c1c9e0df691a24adb116d62eee57f73c722	.sha256
01_HTV_HTS_CORE_DEPENDENCY_AUDIT/02_HTS_フェーズ別/HTS_03_CMB_authority・共通軸_HTS19-25/HTS21_TAU_PRIOR_ATLAS.tsv	HTS	827	50e4f7ea2002743a1bdb07323a331b4d549dcdb1d4272f292e72382270b5163f	.tsv
01_HTV_HTS_CORE_DEPENDENCY_AUDIT/02_HTS_フェーズ別/HTS_03_CMB_authority・共通軸_HTS19-25/HTS22_CMB_DESI_AXIS_CROSSCHECK.tsv	HTS	1550	64c0da6d754cb65f47255f6f272c99278884d83e7d86569fb6723287864b2889	.tsv
01_HTV_HTS_CORE_DEPENDENCY_AUDIT/02_HTS_フェーズ別/HTS_03_CMB_authority・共通軸_HTS19-25/HTS22_EXECUTION_REPORT.md	HTS	5065	bcd5ddd3ab1011797e49c103e1376926afa1503df2d2e7edafa2f760d1b083fb	.md
01_HTV_HTS_CORE_DEPENDENCY_AUDIT/02_HTS_フェーズ別/HTS_03_CMB_authority・共通軸_HTS19-25/HTS22_INDEPENDENT_AUDIT_RESULT.md	HTS	1001	9da409b7e962b1545f8eb5de4e4a69b42a38aa559a5c4e014d7e0a9bfe7e8bc1	.md
01_HTV_HTS_CORE_DEPENDENCY_AUDIT/02_HTS_フェーズ別/HTS_03_CMB_authority・共通軸_HTS19-25/HTS22_RESULTS_FOR_REVIEW.zip	HTS	120260	243e4e904cc03925d77b7ddfa65a5e0208514af3318d34b49dcc13433a26d2a6	.zip
01_HTV_HTS_CORE_DEPENDENCY_AUDIT/02_HTS_フェーズ別/HTS_03_CMB_authority・共通軸_HTS19-25/HTS22_RESULTS_FOR_REVIEW.zip.sha256	HTS	95	b9ccfa274cd8709815bfc7e296bf489deabd92f8527fb561b19f6b3a1223ab05	.sha256
01_HTV_HTS_CORE_DEPENDENCY_AUDIT/02_HTS_フェーズ別/HTS_03_CMB_authority・共通軸_HTS19-25/HTS22_SPTLITE_CONTRACT.tsv	HTS	570	6b899bc554e6a8cccc5150f2f9f1531d11dbb00a2c10ed6ce43a685e17e00780	.tsv
01_HTV_HTS_CORE_DEPENDENCY_AUDIT/02_HTS_フェーズ別/HTS_03_CMB_authority・共通軸_HTS19-25/HTS22_SPT_LCDM_POSTERIOR_ATLAS.tsv	HTS	1639	22fc23e7ba15632c511567dbd878b78c95a32d2159e55eee521f3e29780ce086	.tsv
01_HTV_HTS_CORE_DEPENDENCY_AUDIT/02_HTS_フェーズ別/HTS_03_CMB_authority・共通軸_HTS19-25/HTS22_SPT_NEFF_CONDITION_ATLAS.tsv	HTS	1278	6ac0026a39148bc56141e21198d44d2b965614fa9fe487d149b3e36bd1a19317	.tsv
01_HTV_HTS_CORE_DEPENDENCY_AUDIT/02_HTS_フェーズ別/HTS_03_CMB_authority・共通軸_HTS19-25/HTS23_AXIS_GEOMETRY_ATLAS.tsv	HTS	3045	dbbfa27f3972841b6eff12b246fd9a76939baeefd92b9694355bde916b5fea89	.tsv
01_HTV_HTS_CORE_DEPENDENCY_AUDIT/02_HTS_フェーズ別/HTS_03_CMB_authority・共通軸_HTS19-25/HTS23_CMB_DESI_COMMON_AXIS.png	HTS	108625	c7dc38e40cbde58ff39c984e5e82cfd59e22ca8a1b12a62f503f46d9cfcb6617	.png
01_HTV_HTS_CORE_DEPENDENCY_AUDIT/02_HTS_フェーズ別/HTS_03_CMB_authority・共通軸_HTS19-25/HTS23_COMMON_AXIS_SUMMARY.tsv	HTS	1271	dd5c057db2e7a83990aa1a2901aad2f9c0ff5e644b00797a2c9f2cee004e770b	.tsv
01_HTV_HTS_CORE_DEPENDENCY_AUDIT/02_HTS_フェーズ別/HTS_03_CMB_authority・共通軸_HTS19-25/HTS23_COVARIANCE_INVERSION_GATE.tsv	HTS	1207	2ced523d51e489bb7697a549637eec8e99b23dc845d7955adf055c49f37a12d7	.tsv
01_HTV_HTS_CORE_DEPENDENCY_AUDIT/02_HTS_フェーズ別/HTS_03_CMB_authority・共通軸_HTS19-25/HTS23_EXECUTION_REPORT.md	HTS	3002	8aaecbcb91a4f87b90181b10e105382814763fbdeab2607c9a49f8e5420af601	.md
01_HTV_HTS_CORE_DEPENDENCY_AUDIT/02_HTS_フェーズ別/HTS_03_CMB_authority・共通軸_HTS19-25/HTS23_INDEPENDENT_AUDIT_RESULT.md	HTS	950	e2edf0ff923ad78ef16312beef7e7a86bfcab2a5be74ef0053a543b7bc45ca08	.md
01_HTV_HTS_CORE_DEPENDENCY_AUDIT/02_HTS_フェーズ別/HTS_03_CMB_authority・共通軸_HTS19-25/HTS23_RESULTS_FOR_REVIEW.zip	HTS	237324	0e41d80a4e1e804cd09f5b28b9b89a82dc497a2f1dfd174e9d0699d0237d4e8f	.zip
01_HTV_HTS_CORE_DEPENDENCY_AUDIT/02_HTS_フェーズ別/HTS_03_CMB_authority・共通軸_HTS19-25/HTS23_RESULTS_FOR_REVIEW.zip.sha256	HTS	95	029c7afe39011bf25252e97d141876e1019bf0d3bea9f153bd068f63bb3ce3c5	.sha256
01_HTV_HTS_CORE_DEPENDENCY_AUDIT/02_HTS_フェーズ別/HTS_03_CMB_authority・共通軸_HTS19-25/HTS24_ENDPOINT_ATLAS.tsv	HTS	2200	2527109c51b4c2692c1ac81763224e49a3de31edc0e2851ec5ffb2091dc662ba	.tsv
01_HTV_HTS_CORE_DEPENDENCY_AUDIT/02_HTS_フェーズ別/HTS_03_CMB_authority・共通軸_HTS19-25/HTS24_EXECUTION_REPORT.md	HTS	3543	44f5054b985b1f89a03b389953ba790674d90c84bb5b884a0dd30e6fd74dab0e	.md
01_HTV_HTS_CORE_DEPENDENCY_AUDIT/02_HTS_フェーズ別/HTS_03_CMB_authority・共通軸_HTS19-25/HTS24_INDEPENDENT_AUDIT_RESULT.md	HTS	799	473717cdb51076329db2e702deeb1a1205a37240ed729fe988cc9002685b983b	.md
01_HTV_HTS_CORE_DEPENDENCY_AUDIT/02_HTS_フェーズ別/HTS_03_CMB_authority・共通軸_HTS19-25/HTS24_LENSING_ONLY_IDENTIFIABILITY_GATE.tsv	HTS	721	4b2313fa0c567a7e7b96dd40c62ee58041b640d0d6c3d7a26bcbfefb371553ca	.tsv
01_HTV_HTS_CORE_DEPENDENCY_AUDIT/02_HTS_フェーズ別/HTS_03_CMB_authority・共通軸_HTS19-25/HTS24_PAIRED_AXIS_RESPONSE_ATLAS.tsv	HTS	2852	50bb461815c7800024c83f41a11a04fefad8b5e84bca20a4dcedc75c3825b639	.tsv
01_HTV_HTS_CORE_DEPENDENCY_AUDIT/02_HTS_フェーズ別/HTS_03_CMB_authority・共通軸_HTS19-25/HTS24_PAIRED_RESPONSE_COMPONENTS.png	HTS	79053	041897dda20d01834208bc2cd94db4f7033eb25b6c73061d26b2cc649f1664c6	.png
01_HTV_HTS_CORE_DEPENDENCY_AUDIT/02_HTS_フェーズ別/HTS_03_CMB_authority・共通軸_HTS19-25/HTS24_RESULTS_FOR_REVIEW.zip	HTS	253923	60b7642119e9318fe5062225ed90fb3f633adcfcb4b49fc475aea46c56fb017b	.zip
01_HTV_HTS_CORE_DEPENDENCY_AUDIT/02_HTS_フェーズ別/HTS_03_CMB_authority・共通軸_HTS19-25/HTS24_RESULTS_FOR_REVIEW.zip.sha256	HTS	95	7f58085fe8a6638b60804c106b53e72e05d0f3337ef1270b0a3d4bbee5316f1e	.sha256
01_HTV_HTS_CORE_DEPENDENCY_AUDIT/02_HTS_フェーズ別/HTS_03_CMB_authority・共通軸_HTS19-25/HTS25_ACOUSTIC_INVARIANT_CROSSCHECK.tsv	HTS	946	a3c1cfa52891a57afbcf38d936861f8601e0ec8292437736680296bf8a3e2e4d	.tsv
01_HTV_HTS_CORE_DEPENDENCY_AUDIT/02_HTS_フェーズ別/HTS_03_CMB_authority・共通軸_HTS19-25/HTS25_ACOUSTIC_INVARIANT_ENDPOINTS.png	HTS	76040	261caf56d2cfc926af635912e7d41525f891027763d99d5781a3a4747118d8ea	.png
01_HTV_HTS_CORE_DEPENDENCY_AUDIT/02_HTS_フェーズ別/HTS_03_CMB_authority・共通軸_HTS19-25/HTS25_ACOUSTIC_INVARIANT_ENDPOINT_ATLAS.tsv	HTS	988	71e7bdc415e2910b03db10c6bc9228e8efbcbd66a12df9cf292473641a412af2	.tsv
01_HTV_HTS_CORE_DEPENDENCY_AUDIT/02_HTS_フェーズ別/HTS_03_CMB_authority・共通軸_HTS19-25/HTS25_EXECUTION_REPORT.md	HTS	4163	0d87aba7ca046f8dba4958d26a787aaf593998fb03ca9b74f7185961274b51b1	.md
01_HTV_HTS_CORE_DEPENDENCY_AUDIT/02_HTS_フェーズ別/HTS_03_CMB_authority・共通軸_HTS19-25/HTS25_INDEPENDENT_AUDIT_RESULT.md	HTS	337	0775e66623fb49b31f663926749a0bfaffaeca45dec5992628bb0abe18c9a1dd	.md
01_HTV_HTS_CORE_DEPENDENCY_AUDIT/02_HTS_フェーズ別/HTS_03_CMB_authority・共通軸_HTS19-25/HTS25_JACOBIAN_ATLAS.tsv	HTS	1408	e714f420487b6fa578f2fc022dcd3e87888c0fa92454722038a635307f55c4df	.tsv
01_HTV_HTS_CORE_DEPENDENCY_AUDIT/02_HTS_フェーズ別/HTS_03_CMB_authority・共通軸_HTS19-25/HTS25_RESULTS_FOR_REVIEW.zip	HTS	272949	77096517e3d83a52ac98593ce25a8aae559a5b6c6c3d7b856b01aa9e135d35c1	.zip
01_HTV_HTS_CORE_DEPENDENCY_AUDIT/02_HTS_フェーズ別/HTS_03_CMB_authority・共通軸_HTS19-25/HTS25_RESULTS_FOR_REVIEW.zip.sha256	HTS	95	72a78fa48e34ef1b644dcc7f7dd704afc63f356137c003fc8571aad051bcf593	.sha256
01_HTV_HTS_CORE_DEPENDENCY_AUDIT/02_HTS_フェーズ別/HTS_03_CMB_authority・共通軸_HTS19-25/HTS25_SVD_MODES.tsv	HTS	497	688692df484a6e289bbe30bf614b716aa1d64198c14a31ee55a11ef018f30038	.tsv
01_HTV_HTS_CORE_DEPENDENCY_AUDIT/02_HTS_フェーズ別/HTS_04_DESI内部幾何・release監査_HTS26-34/HTS26_ACOUSTIC_COVARIANCE_SUMMARY.tsv	HTS	1754	30d4f55053357eee80f85e0d0f119bd7489bfbaafbc58f47f56c7f2b7a48b7af	.tsv
01_HTV_HTS_CORE_DEPENDENCY_AUDIT/02_HTS_フェーズ別/HTS_04_DESI内部幾何・release監査_HTS26-34/HTS26_COVARIANCE_ORTHONORMAL_TRANSFORM.tsv	HTS	186	bed30733b190c284ea4e023baac4f1051a75f185c41d9e0dedf9c1d631cc41f5	.tsv
01_HTV_HTS_CORE_DEPENDENCY_AUDIT/02_HTS_フェーズ別/HTS_04_DESI内部幾何・release監査_HTS26-34/HTS26_DESI_COVARIANCE_INVARIANT_GEOMETRY.png	HTS	152800	3e3d3ff6e897f130700a22078c97fee847289f99f9abd4197f17fb0f8ff9df1c	.png
01_HTV_HTS_CORE_DEPENDENCY_AUDIT/02_HTS_フェーズ別/HTS_04_DESI内部幾何・release監査_HTS26-34/HTS26_ENDPOINT_TANGENT_NORMAL_ATLAS.tsv	HTS	2376	1cb506f99ff85f8b307fbb15b382106000059e43338d4648a68d2b28d3264c08	.tsv
01_HTV_HTS_CORE_DEPENDENCY_AUDIT/02_HTS_フェーズ別/HTS_04_DESI内部幾何・release監査_HTS26-34/HTS26_ENDPOINT_TANGENT_NORMAL_COMPONENTS.png	HTS	82214	e019e745b70734ac866fc3224e7671e949e14e6f4afa239ead317f18c42ae6be	.png
01_HTV_HTS_CORE_DEPENDENCY_AUDIT/02_HTS_フェーズ別/HTS_04_DESI内部幾何・release監査_HTS26-34/HTS26_EXECUTION_REPORT.md	HTS	2257	87aad65e99d5f28ce1fde5516dc33691fdc9d0ee27eb8c57e032b8b2610ad3f7	.md
01_HTV_HTS_CORE_DEPENDENCY_AUDIT/02_HTS_フェーズ別/HTS_04_DESI内部幾何・release監査_HTS26-34/HTS26_INDEPENDENT_AUDIT_RESULT.md	HTS	1843	9deab4c9a3299c1370af0bcd74627d8379585246f10136d2deceb023011e5238	.md
01_HTV_HTS_CORE_DEPENDENCY_AUDIT/02_HTS_フェーズ別/HTS_04_DESI内部幾何・release監査_HTS26-34/HTS26_NEXT_SELECTION_AUDIT.md	HTS	1246	c90660e03658d75bfb4125cb20c556f39b604640acae4d7fa758fc53c453e597	.md
01_HTV_HTS_CORE_DEPENDENCY_AUDIT/02_HTS_フェーズ別/HTS_04_DESI内部幾何・release監査_HTS26-34/HTS26_RESULTS_FOR_REVIEW.zip	HTS	296908	c21993d0c0a08ee65ca03f476d96a9928d2a8eaa748c9e18c3ac901997ffb112	.zip
01_HTV_HTS_CORE_DEPENDENCY_AUDIT/02_HTS_フェーズ別/HTS_04_DESI内部幾何・release監査_HTS26-34/HTS26_RESULTS_FOR_REVIEW.zip.sha256	HTS	95	8fdfcca60b56d62ae398b42d45afc3950dc184201e974878e62c32f838bedbdf	.sha256
01_HTV_HTS_CORE_DEPENDENCY_AUDIT/02_HTS_フェーズ別/HTS_04_DESI内部幾何・release監査_HTS26-34/HTS27_DIRECTION_CONTRASTS.tsv	HTS	843	f831448d6b4f401d77febda44cf02fea0d428120f767a4c233cc8633834b49cf	.tsv
01_HTV_HTS_CORE_DEPENDENCY_AUDIT/02_HTS_フェーズ別/HTS_04_DESI内部幾何・release監査_HTS26-34/HTS27_EXECUTION_REPORT.md	HTS	3340	f48d8fae9cb5e21bf70e55fd474fd0fc1ac376366dfb2ff948dea80750386b8e	.md
01_HTV_HTS_CORE_DEPENDENCY_AUDIT/02_HTS_フェーズ別/HTS_04_DESI内部幾何・release監査_HTS26-34/HTS27_INDEPENDENT_AUDIT_RESULT.md	HTS	1786	1cf08b83a250723f30f50a10ca3ae3e8b816015882c5e71c0e7fdfbbb39fc342	.md
01_HTV_HTS_CORE_DEPENDENCY_AUDIT/02_HTS_フェーズ別/HTS_04_DESI内部幾何・release監査_HTS26-34/HTS27_OBSERVABLE_DIRECTION_ACOUSTIC_ATLAS.tsv	HTS	2948	83b2101d17d039d3b4531e08cf2a4daebf615ca785fbe5dcdcfecb5db0f0b5c7	.tsv
01_HTV_HTS_CORE_DEPENDENCY_AUDIT/02_HTS_フェーズ別/HTS_04_DESI内部幾何・release監査_HTS26-34/HTS27_REDSHIFT_BLOCK_LEVERAGE_ATLAS.tsv	HTS	4091	f09bbbc31d2c0286cd1c52d869f4363568745f6f675ea17e2af1b54e7aedf41a	.tsv
01_HTV_HTS_CORE_DEPENDENCY_AUDIT/02_HTS_フェーズ別/HTS_04_DESI内部幾何・release監査_HTS26-34/HTS27_REDSHIFT_BLOCK_SHIFT_COMPONENTS.png	HTS	68510	08eb1e8c64ec92fc0abb73db3e7fe7f91fd463afb499881253b4a3b2805ec1b5	.png
01_HTV_HTS_CORE_DEPENDENCY_AUDIT/02_HTS_フェーズ別/HTS_04_DESI内部幾何・release監査_HTS26-34/HTS27_RESULTS_FOR_REVIEW.zip	HTS	224805	816cfb5d92c2c799a46e8b090c73d4fce634a139973418849a71c7acb66fd652	.zip
01_HTV_HTS_CORE_DEPENDENCY_AUDIT/02_HTS_フェーズ別/HTS_04_DESI内部幾何・release監査_HTS26-34/HTS27_RESULTS_FOR_REVIEW.zip.sha256	HTS	95	dfda1fbd16fb3c78647b92058f1910819ea087c6a01ea945501a1e47347f7262	.sha256
01_HTV_HTS_CORE_DEPENDENCY_AUDIT/02_HTS_フェーズ別/HTS_04_DESI内部幾何・release監査_HTS26-34/HTS28_CANONICAL_DATA_MODE_WEIGHTS.tsv	HTS	3257	d68bbd85d50f0194eeaf60f65ad53667f56b28d3c92d3cd8cd8e3cef2bbe6344	.tsv
01_HTV_HTS_CORE_DEPENDENCY_AUDIT/02_HTS_フェーズ別/HTS_04_DESI内部幾何・release監査_HTS26-34/HTS28_COVARIANCE_EIGENMODE_ATLAS.tsv	HTS	3511	3a765228bf182deb713c805bc528648b0c7f76c79e31a8254d053b395f3e65d7	.tsv
01_HTV_HTS_CORE_DEPENDENCY_AUDIT/02_HTS_フェーズ別/HTS_04_DESI内部幾何・release監査_HTS26-34/HTS28_EXECUTION_REPORT.md	HTS	3109	e937fbf755feb8ea857483a51ac8ce1b6dc695b87b34a7f57be785b5c10161d4	.md
01_HTV_HTS_CORE_DEPENDENCY_AUDIT/02_HTS_フェーズ別/HTS_04_DESI内部幾何・release監査_HTS26-34/HTS28_INDEPENDENT_AUDIT_RESULT.md	HTS	1011	2b6855e0778d9ecb5d515bd27390a7c5439ef194c369df108a6c3cd515b20ecb	.md
01_HTV_HTS_CORE_DEPENDENCY_AUDIT/02_HTS_フェーズ別/HTS_04_DESI内部幾何・release監査_HTS26-34/HTS28_REDSHIFT_INFORMATION_BUDGET.png	HTS	45578	d61136c4173ff918f126ccad418ec0ca700a116da429790f5cfa99336877493e	.png
01_HTV_HTS_CORE_DEPENDENCY_AUDIT/02_HTS_フェーズ別/HTS_04_DESI内部幾何・release監査_HTS26-34/HTS28_REDSHIFT_INFORMATION_BUDGET.tsv	HTS	1153	f97ba028a16d8f0c0bffdc9c787720ee5a2fa9a606141f9b57e9e950fdd1cc50	.tsv
01_HTV_HTS_CORE_DEPENDENCY_AUDIT/02_HTS_フェーズ別/HTS_04_DESI内部幾何・release監査_HTS26-34/HTS28_RESULTS_FOR_REVIEW.zip	HTS	193632	555b83d5ba5b8dec814d485f0a4f94df94479b190ecf6aabf756d9ccc63fa0d6	.zip
01_HTV_HTS_CORE_DEPENDENCY_AUDIT/02_HTS_フェーズ別/HTS_04_DESI内部幾何・release監査_HTS26-34/HTS28_RESULTS_FOR_REVIEW.zip.sha256	HTS	95	76b05e8a07b809dc04d3c9929e52df297c18bd08f4ae8b31712b9eacf78df01a	.sha256
01_HTV_HTS_CORE_DEPENDENCY_AUDIT/02_HTS_フェーズ別/HTS_04_DESI内部幾何・release監査_HTS26-34/HTS29_DR1_DR2_ACOUSTIC_GEOMETRY.png	HTS	79690	1ac2326b9e4fe7e04ac655026a3ad8295c6fffe29c6a799422e11da58cb78547	.png
01_HTV_HTS_CORE_DEPENDENCY_AUDIT/02_HTS_フェーズ別/HTS_04_DESI内部幾何・release監査_HTS26-34/HTS29_EXECUTION_REPORT.md	HTS	1517	7c706e41c7ab6d1827d9f8144bfe420bf865c00c75e2ae98a443cd16f92c711c	.md
01_HTV_HTS_CORE_DEPENDENCY_AUDIT/02_HTS_フェーズ別/HTS_04_DESI内部幾何・release監査_HTS26-34/HTS29_INDEPENDENT_AUDIT_RESULT.md	HTS	575	33045d0c379cb01d8a66dc51a3ae5d75dc3d2a5061968f1352cd09cdedfa4e5f	.md
01_HTV_HTS_CORE_DEPENDENCY_AUDIT/02_HTS_フェーズ別/HTS_04_DESI内部幾何・release監査_HTS26-34/HTS29_RELEASE_INFORMATION_BUDGET.tsv	HTS	1208	ae48205eb0a2e1461a1cdeb6a39dc8394069a4c113280389d8517fb6db268725	.tsv
01_HTV_HTS_CORE_DEPENDENCY_AUDIT/02_HTS_フェーズ別/HTS_04_DESI内部幾何・release監査_HTS26-34/HTS29_RELEASE_PARAMETER_SUMMARY.tsv	HTS	557	c4b020c2cae34de98825a48a1bd84005c8f4d4242ff3f42e8cb5b241127c6f07	.tsv
01_HTV_HTS_CORE_DEPENDENCY_AUDIT/02_HTS_フェーズ別/HTS_04_DESI内部幾何・release監査_HTS26-34/HTS29_RELEASE_SHIFT_DECOMPOSITION.tsv	HTS	383	13fb93bb90460e13c117ae7bf0268806658c8cbb20def7dcad0a1ef307d57593	.tsv
01_HTV_HTS_CORE_DEPENDENCY_AUDIT/02_HTS_フェーズ別/HTS_04_DESI内部幾何・release監査_HTS26-34/HTS29_RESULTS_FOR_REVIEW.zip	HTS	182754	bd26808a43303ff414c463d6aadb8b4ba17581cb4ccaa44865c8f5ce01766d8f	.zip
01_HTV_HTS_CORE_DEPENDENCY_AUDIT/02_HTS_フェーズ別/HTS_04_DESI内部幾何・release監査_HTS26-34/HTS29_RESULTS_FOR_REVIEW.zip.sha256	HTS	95	b2458ac6e4fe4814d002c529e7fafc796c3b68cd317137fb36145a1e817577ae	.sha256
01_HTV_HTS_CORE_DEPENDENCY_AUDIT/02_HTS_フェーズ別/HTS_04_DESI内部幾何・release監査_HTS26-34/HTS30_BLOCK_COVARIANCE_CONTRACTION.tsv	HTS	1058	7bb490f2ecfb1bfb2fe37a8fb52f26189154ea38328fdbacce7d6e34bc37d933	.tsv
01_HTV_HTS_CORE_DEPENDENCY_AUDIT/02_HTS_フェーズ別/HTS_04_DESI内部幾何・release監査_HTS26-34/HTS30_EXECUTION_REPORT.md	HTS	2342	29f9b400af79a621d046cda64fe4d64a78d7222f727e193cc8bd3fe64eafd34a	.md
01_HTV_HTS_CORE_DEPENDENCY_AUDIT/02_HTS_フェーズ別/HTS_04_DESI内部幾何・release監査_HTS26-34/HTS30_FACTOR_ATTRIBUTION.png	HTS	56531	a89ecc37b84f4d0586907d63982546b23c5e98ea05545b85ccb56206b8e6ea07	.png
01_HTV_HTS_CORE_DEPENDENCY_AUDIT/02_HTS_フェーズ別/HTS_04_DESI内部幾何・release監査_HTS26-34/HTS30_FACTOR_SHAPLEY_ATTRIBUTION.tsv	HTS	658	efbec87bc37c268ec5f3f1ca256d9df4d9ddffe923af68acb71a088e058cc08e	.tsv
01_HTV_HTS_CORE_DEPENDENCY_AUDIT/02_HTS_フェーズ別/HTS_04_DESI内部幾何・release監査_HTS26-34/HTS30_INDEPENDENT_AUDIT_RESULT.md	HTS	1092	dbfb533cf62be0ccc9dfb76f5264613bcc2178cc72bbd024685150fa4f6b9d5c	.md
01_HTV_HTS_CORE_DEPENDENCY_AUDIT/02_HTS_フェーズ別/HTS_04_DESI内部幾何・release監査_HTS26-34/HTS30_QSO_CONTRACT_DECOMPOSITION.tsv	HTS	491	bce323d4e0f238760516cbf334fda82e06c7ab666cfd232f6d427ef2cdc1719a	.tsv
01_HTV_HTS_CORE_DEPENDENCY_AUDIT/02_HTS_フェーズ別/HTS_04_DESI内部幾何・release監査_HTS26-34/HTS30_RESULTS_FOR_REVIEW.zip	HTS	164340	8da8442808ce8d80cd505d324ed218b2704d6201ded302fd3df7a728a422c60a	.zip
01_HTV_HTS_CORE_DEPENDENCY_AUDIT/02_HTS_フェーズ別/HTS_04_DESI内部幾何・release監査_HTS26-34/HTS30_RESULTS_FOR_REVIEW.zip.sha256	HTS	95	09dd43f8f7f9acbafa43055d67ce021ddfd165b1e58153e5c1319636d62b2cbf	.sha256
01_HTV_HTS_CORE_DEPENDENCY_AUDIT/02_HTS_フェーズ別/HTS_04_DESI内部幾何・release監査_HTS26-34/HTS30_TRACER_SHAPLEY_ATTRIBUTION.tsv	HTS	1075	a3d68c57bda7218204b68c62ac6dd929b736d79beccb9cf1f7ad2d0a9224fbda	.tsv
01_HTV_HTS_CORE_DEPENDENCY_AUDIT/02_HTS_フェーズ別/HTS_04_DESI内部幾何・release監査_HTS26-34/HTS31_ANALYSIS_CONTRACT_CHANGE_REGISTRY.tsv	HTS	1296	0a4f0afa3a6d923da196eb441b5203134aafde6a44502c8ab31cb0d3d96047c1	.tsv
01_HTV_HTS_CORE_DEPENDENCY_AUDIT/02_HTS_フェーズ別/HTS_04_DESI内部幾何・release監査_HTS26-34/HTS31_BGS_SELECTION_VOLUME_DECOMPOSITION.tsv	HTS	413	471426e6ec3578fbbabd953f62c8b53a55ac0ef0f2141a74ec4c14a8ee1c2eb7	.tsv
01_HTV_HTS_CORE_DEPENDENCY_AUDIT/02_HTS_フェーズ別/HTS_04_DESI内部幾何・release監査_HTS26-34/HTS31_EXECUTION_REPORT.md	HTS	2268	31664633474d42c0f2de5a2b73c544b8d2cbf0ca72517d5bc3cf9e3cde99d809	.md
01_HTV_HTS_CORE_DEPENDENCY_AUDIT/02_HTS_フェーズ別/HTS_04_DESI内部幾何・release監査_HTS26-34/HTS31_INDEPENDENT_AUDIT_RESULT.md	HTS	436	2f1f74c30350c928f2157099a2b86f38fca4568a1d8e2d192fbdd51796c3263b	.md
01_HTV_HTS_CORE_DEPENDENCY_AUDIT/02_HTS_フェーズ別/HTS_04_DESI内部幾何・release監査_HTS26-34/HTS31_OFFICIAL_SURVEY_SCALE_REGISTRY.tsv	HTS	1359	57ce4fbe73c34e37c2f9c6691fa5aedc983bf366b04bac09d9c73591ae010d0f	.tsv
01_HTV_HTS_CORE_DEPENDENCY_AUDIT/02_HTS_フェーズ別/HTS_04_DESI内部幾何・release監査_HTS26-34/HTS31_RESULTS_FOR_REVIEW.zip	HTS	86703	d926c976f93168ea08241d8db5472e8ff16001e5ff89a0dd738037edc2ed875e	.zip
01_HTV_HTS_CORE_DEPENDENCY_AUDIT/02_HTS_フェーズ別/HTS_04_DESI内部幾何・release監査_HTS26-34/HTS31_RESULTS_FOR_REVIEW.zip.sha256	HTS	95	75c6a3ae2955bd3c324c77d097597685abe9e35f4b0f8fa2c0e54fbed3d37e8d	.sha256
01_HTV_HTS_CORE_DEPENDENCY_AUDIT/02_HTS_フェーズ別/HTS_04_DESI内部幾何・release監査_HTS26-34/HTS31_VOLUME_PROXY_ATTRIBUTION.tsv	HTS	1695	002d6910b556a6d4598fbf23c2557b700c65b4cb0dbc0b85cb0666728ed1961d	.tsv
01_HTV_HTS_CORE_DEPENDENCY_AUDIT/02_HTS_フェーズ別/HTS_04_DESI内部幾何・release監査_HTS26-34/HTS32_DR1_ACTUAL_DATA_RECONSTRUCTION.tsv	HTS	1610	82c17ebca25c967b82733a979b1a3a2d98848a96c0d87ea90466fa37507535ae	.tsv
01_HTV_HTS_CORE_DEPENDENCY_AUDIT/02_HTS_フェーズ別/HTS_04_DESI内部幾何・release監査_HTS26-34/HTS32_DR2_MOCK_RECONSTRUCTION.tsv	HTS	1987	dbe70d601c926cc64c64b9885fe08df8307bf83dacfa62183563152932bda9cc	.tsv
01_HTV_HTS_CORE_DEPENDENCY_AUDIT/02_HTS_フェーズ別/HTS_04_DESI内部幾何・release監査_HTS26-34/HTS32_EXECUTION_REPORT.md	HTS	2211	c568b906bb3409e146e595cb28e58c1ee6c2a8de8dec42dd685e8df552e7868b	.md
01_HTV_HTS_CORE_DEPENDENCY_AUDIT/02_HTS_フェーズ別/HTS_04_DESI内部幾何・release監査_HTS26-34/HTS32_IDENTIFIABILITY_GATE.tsv	HTS	1113	68bbd5096d80af909e7a2e24fbbbc332b146d2d68a0c672cf9b0d655d5ed5fe1	.tsv
01_HTV_HTS_CORE_DEPENDENCY_AUDIT/02_HTS_フェーズ別/HTS_04_DESI内部幾何・release監査_HTS26-34/HTS32_INDEPENDENT_AUDIT_RESULT.md	HTS	418	a9c1521e0c024717d83647a9678bb97e76f8a1acbcfe6ad08747973502c7ff5c	.md
01_HTV_HTS_CORE_DEPENDENCY_AUDIT/02_HTS_フェーズ別/HTS_04_DESI内部幾何・release監査_HTS26-34/HTS32_MIXED_AUTHORITY_PRE_RECON_PROJECTION.tsv	HTS	1461	6e738912d625725d7d1e03c5fd0ee65eac26b343fe562fefc55115288260db8f	.tsv
01_HTV_HTS_CORE_DEPENDENCY_AUDIT/02_HTS_フェーズ別/HTS_04_DESI内部幾何・release監査_HTS26-34/HTS32_RESULTS_FOR_REVIEW.zip	HTS	170219	af7565311ff0c71a9d217877a0bcf6d7c1d6c0c81e5a99679398f7e6b311c51c	.zip
01_HTV_HTS_CORE_DEPENDENCY_AUDIT/02_HTS_フェーズ別/HTS_04_DESI内部幾何・release監査_HTS26-34/HTS32_RESULTS_FOR_REVIEW.zip.sha256	HTS	95	282dc6dae8895c29602d989d836cda950d93d1bcead5dcc47f81049fd3c45ed5	.sha256
01_HTV_HTS_CORE_DEPENDENCY_AUDIT/02_HTS_フェーズ別/HTS_04_DESI内部幾何・release監査_HTS26-34/HTS33_EXECUTION_REPORT.md	HTS	2798	97b75f1f08f4b178a09038a69e4823c292a4fef9c341d2925c198b94b98027c6	.md
01_HTV_HTS_CORE_DEPENDENCY_AUDIT/02_HTS_フェーズ別/HTS_04_DESI内部幾何・release監査_HTS26-34/HTS33_IDENTIFIABILITY_GATE.tsv	HTS	1269	6904300ceee1bd26cae71bbf75821c9907558a1940aff58634f49bc8c458f423	.tsv
01_HTV_HTS_CORE_DEPENDENCY_AUDIT/02_HTS_フェーズ別/HTS_04_DESI内部幾何・release監査_HTS26-34/HTS33_INDEPENDENT_AUDIT_RESULT.md	HTS	253	7a30c4a26cc91591b4c83248fc7be4ef9921b5df23cfe1dd5d609fd222bb26a3	.md
01_HTV_HTS_CORE_DEPENDENCY_AUDIT/02_HTS_フェーズ別/HTS_04_DESI内部幾何・release監査_HTS26-34/HTS33_PRODUCT_SEARCH_REGISTRY.tsv	HTS	1407	e7f5f1898c68f12661f70b18c1fb063add3497830b98a36285c2d03bf06a2395	.tsv
01_HTV_HTS_CORE_DEPENDENCY_AUDIT/02_HTS_フェーズ別/HTS_04_DESI内部幾何・release監査_HTS26-34/HTS33_PUBLIC_ARTIFACT_INVENTORY.tsv	HTS	653	fef86df212da5bb858813e3988d7fa224edbce75e479cb047720960453133baf	.tsv
01_HTV_HTS_CORE_DEPENDENCY_AUDIT/02_HTS_フェーズ別/HTS_04_DESI内部幾何・release監査_HTS26-34/HTS33_RASCALC_PRE_POST_PIPELINE_CONTRACT.tsv	HTS	1288	06ec4aa537ca6dff9923b19ba387d716e3a87624399524bbd483f85562439f36	.tsv
01_HTV_HTS_CORE_DEPENDENCY_AUDIT/02_HTS_フェーズ別/HTS_04_DESI内部幾何・release監査_HTS26-34/HTS33_RESULTS_FOR_REVIEW.zip	HTS	72175	4b979f4cd8cc944a3b09dc0a54baaa73367f3aec24d3b4ef0ba767dc575c2a20	.zip
01_HTV_HTS_CORE_DEPENDENCY_AUDIT/02_HTS_フェーズ別/HTS_04_DESI内部幾何・release監査_HTS26-34/HTS33_RESULTS_FOR_REVIEW.zip.sha256	HTS	95	5ad830a08f69c36dee5619da6d309ff54f3405596989a089f49c800080d610ea	.sha256
01_HTV_HTS_CORE_DEPENDENCY_AUDIT/02_HTS_フェーズ別/HTS_04_DESI内部幾何・release監査_HTS26-34/HTS34_AUTHORITY_CHAIN.tsv	HTS	1232	1a04d5d65c3f64250de01bf0e3f2573204124c2ca6f26cf471b4429d8b66a456	.tsv
01_HTV_HTS_CORE_DEPENDENCY_AUDIT/02_HTS_フェーズ別/HTS_04_DESI内部幾何・release監査_HTS26-34/HTS34_CODE_PATH_CONTRACT.tsv	HTS	1565	49fa8e880f6c99bf821a36e45aa703a0633d47a7f41b73248ae5b838b907bdfb	.tsv
01_HTV_HTS_CORE_DEPENDENCY_AUDIT/02_HTS_フェーズ別/HTS_04_DESI内部幾何・release監査_HTS26-34/HTS34_EXECUTION_REPORT.md	HTS	2795	35bd000f1c79db4c7f9bed03a0660fb54f3510deea440d91c1b59dc22451de77	.md
01_HTV_HTS_CORE_DEPENDENCY_AUDIT/02_HTS_フェーズ別/HTS_04_DESI内部幾何・release監査_HTS26-34/HTS34_FREEZE_GATE.tsv	HTS	1047	cdd3ee4b4cbd91969eb84c3c8386c2c624a694514e525a5598e4545aab8c4b88	.tsv
01_HTV_HTS_CORE_DEPENDENCY_AUDIT/02_HTS_フェーズ別/HTS_04_DESI内部幾何・release監査_HTS26-34/HTS34_INDEPENDENT_AUDIT_RESULT.md	HTS	444	4731a0dd6ce91c539f1d65c7a6ee8b8b639aa8d8b1cd71166f5199d688b46be3	.md
01_HTV_HTS_CORE_DEPENDENCY_AUDIT/02_HTS_フェーズ別/HTS_04_DESI内部幾何・release監査_HTS26-34/HTS34_PUBLIC_RELEASE_STATUS.tsv	HTS	1094	ed88161161cc20db0094b4d28a4806e8115ea34087e00b7873588cd96f45ace4	.tsv
01_HTV_HTS_CORE_DEPENDENCY_AUDIT/02_HTS_フェーズ別/HTS_04_DESI内部幾何・release監査_HTS26-34/HTS34_REOPEN_CONDITIONS.tsv	HTS	873	ee5c5e9f95dca7a7b74a1bbad72b5f2b23f8ed78b84487a97e49c76b713aa318	.tsv
01_HTV_HTS_CORE_DEPENDENCY_AUDIT/02_HTS_フェーズ別/HTS_04_DESI内部幾何・release監査_HTS26-34/HTS34_RESULTS_FOR_REVIEW.zip	HTS	91674	a1b78f2c9ee96093c182e92942d606a851a790404ad70f5186a9d6405a66b61a	.zip
01_HTV_HTS_CORE_DEPENDENCY_AUDIT/02_HTS_フェーズ別/HTS_04_DESI内部幾何・release監査_HTS26-34/HTS34_RESULTS_FOR_REVIEW.zip.sha256	HTS	95	dec16d681dc22acf16063a344a9e0c58852e80f0f6f4035211adbcd740e2b497	.sha256
01_HTV_HTS_CORE_DEPENDENCY_AUDIT/02_HTS_フェーズ別/HTS_05_ACT内部robustness_HTS35-43/HTS35_ACT_PRIMARY_CROSSCHECK_SUMMARY.tsv	HTS	352	60dc696134231ef94c59c0bcc5d93d84fcf6647c4bea9f3e243704aabd93f868	.tsv
01_HTV_HTS_CORE_DEPENDENCY_AUDIT/02_HTS_フェーズ別/HTS_05_ACT内部robustness_HTS35-43/HTS35_CONTRACT_ALIGNMENT_GATE.tsv	HTS	1326	151a64f4fca17f278bb28f2d716020e6eaa54a972d83d4b94b18c1a3a50d7b40	.tsv
01_HTV_HTS_CORE_DEPENDENCY_AUDIT/02_HTS_フェーズ別/HTS_05_ACT内部robustness_HTS35-43/HTS35_EXECUTION_REPORT.md	HTS	2664	6b88687751139375471dd9f8baaaec6054c52e284fadcd11460a024d86d940fd	.md
01_HTV_HTS_CORE_DEPENDENCY_AUDIT/02_HTS_フェーズ別/HTS_05_ACT内部robustness_HTS35-43/HTS35_INDEPENDENT_AUDIT_RESULT.md	HTS	189	41a2352ef99b691e3369adaabc3adb45c70147664f12c51edcdbba7b6f066118	.md
01_HTV_HTS_CORE_DEPENDENCY_AUDIT/02_HTS_フェーズ別/HTS_05_ACT内部robustness_HTS35-43/HTS35_PARAMETER_CENTER_ATLAS.tsv	HTS	1380	998cd6e7d6f3a58f309ec5bf03b2bc3f8b681a60223bf6a1c0cb08dec5bf4064	.tsv
01_HTV_HTS_CORE_DEPENDENCY_AUDIT/02_HTS_フェーズ別/HTS_05_ACT内部robustness_HTS35-43/HTS35_RESULTS_FOR_REVIEW.zip	HTS	228391	f403516b7fd154670edeb032594ff3be0c9dcd3bec46fae5090e7f00c025b037	.zip
01_HTV_HTS_CORE_DEPENDENCY_AUDIT/02_HTS_フェーズ別/HTS_05_ACT内部robustness_HTS35-43/HTS35_RESULTS_FOR_REVIEW.zip.sha256	HTS	95	88838977993d4c613f30bc0bc925efc7ec5d9cea21b72aea6ebb139bfa35cd70	.sha256
01_HTV_HTS_CORE_DEPENDENCY_AUDIT/02_HTS_フェーズ別/HTS_05_ACT内部robustness_HTS35-43/HTS35_SHAPLEY_COMPONENTS.tsv	HTS	1932	dbc8d6716fb84a2c2e9af97928b26169a41f621b676b00590ef6b321308c5415	.tsv
01_HTV_HTS_CORE_DEPENDENCY_AUDIT/02_HTS_フェーズ別/HTS_05_ACT内部robustness_HTS35-43/HTS35_SHAPLEY_TANGENT_ATTRIBUTION.png	HTS	74500	2270380b9409eed3b67870be9bed4268bce93ddf5f805e3bc18a7402b948b4e2	.png
01_HTV_HTS_CORE_DEPENDENCY_AUDIT/02_HTS_フェーズ別/HTS_05_ACT内部robustness_HTS35-43/HTS35_TANGENT_POSITION_RECONSTRUCTION.tsv	HTS	1119	37c6198c941ec1c01a11f4839a0d9a0290bb26f483dd456e3a46a19631af2e9a	.tsv
01_HTV_HTS_CORE_DEPENDENCY_AUDIT/02_HTS_フェーズ別/HTS_05_ACT内部robustness_HTS35-43/HTS36_CORR2_RESULTS_FOR_REVIEW.zip	HTS	127603	09874cde025ab93e4812fbd151233cb2337bbf1d61bd461df39c9ad7a4921a20	.zip
01_HTV_HTS_CORE_DEPENDENCY_AUDIT/02_HTS_フェーズ別/HTS_05_ACT内部robustness_HTS35-43/HTS36_CORR2_RESULTS_FOR_REVIEW.zip.sha256	HTS	101	c3f51908f70a7b485649009c6a27cafeccbca3d44999cbe721cd065eda185145	.sha256
01_HTV_HTS_CORE_DEPENDENCY_AUDIT/02_HTS_フェーズ別/HTS_05_ACT内部robustness_HTS35-43/HTS36_LIMITED_CORRECTION_RUN_PACKAGE.zip	HTS	33334	ac8844ed2aed8b27413eb610ab556b346682ef56307b00be1ab43696462818bf	.zip
01_HTV_HTS_CORE_DEPENDENCY_AUDIT/02_HTS_フェーズ別/HTS_05_ACT内部robustness_HTS35-43/HTS36_LIMITED_CORRECTION_RUN_PACKAGE.zip.sha256	HTS	107	e29bcb87a569fb435f94e49aefa3b85e46a712f513d89e4b8dc04eabe0aeea89	.sha256
01_HTV_HTS_CORE_DEPENDENCY_AUDIT/02_HTS_フェーズ別/HTS_05_ACT内部robustness_HTS35-43/HTS36_PREFLIGHT_RESULTS_FOR_REVIEW.zip	HTS	9757	da86cfda586c6bfac75dd5a2ac05bbf4b473b62f61cde7d530747c45eb033827	.zip
01_HTV_HTS_CORE_DEPENDENCY_AUDIT/02_HTS_フェーズ別/HTS_05_ACT内部robustness_HTS35-43/HTS36_PREFLIGHT_RESULTS_FOR_REVIEW.zip.sha256	HTS	105	cb10a512d822ad53073ba6a48236f34495c1218f5cae8645318ba144610cf4fc	.sha256
01_HTV_HTS_CORE_DEPENDENCY_AUDIT/02_HTS_フェーズ別/HTS_05_ACT内部robustness_HTS35-43/HTS36_RESULTS_FOR_REVIEW.zip	HTS	115173	3f471cac52c724097caaa2d7e0a59d454d198e24c7ac035ceefb80623ce578bf	.zip
01_HTV_HTS_CORE_DEPENDENCY_AUDIT/02_HTS_フェーズ別/HTS_05_ACT内部robustness_HTS35-43/HTS36_RESULTS_FOR_REVIEW.zip.sha256	HTS	95	cd299c2e19c855eede5ff36bada413a92db336784409d6c6fe2a6ea3680356cc	.sha256
01_HTV_HTS_CORE_DEPENDENCY_AUDIT/02_HTS_フェーズ別/HTS_05_ACT内部robustness_HTS35-43/HTS37_PREFLIGHT_RESULTS_FOR_REVIEW.zip	HTS	9591	6439a9cc624d24e501b2924bcdf0f4aec640f9ef81cd4607f55c0c771ee734bf	.zip
01_HTV_HTS_CORE_DEPENDENCY_AUDIT/02_HTS_フェーズ別/HTS_05_ACT内部robustness_HTS35-43/HTS37_PREFLIGHT_RESULTS_FOR_REVIEW.zip.sha256	HTS	105	f557b22d3fd828c11485684f703b1e2297811c912fbaa684f7a6b5e467afa73d	.sha256
01_HTV_HTS_CORE_DEPENDENCY_AUDIT/02_HTS_フェーズ別/HTS_05_ACT内部robustness_HTS35-43/HTS37_RESULTS_FOR_REVIEW.zip	HTS	243397	d925158d45bbd93337b806dacdf0e06324b5d26c31478e9b3c20aca1da66a57c	.zip
01_HTV_HTS_CORE_DEPENDENCY_AUDIT/02_HTS_フェーズ別/HTS_05_ACT内部robustness_HTS35-43/HTS37_RESULTS_FOR_REVIEW.zip.sha256	HTS	95	b7c84a9272d98b0031ae92331a2d9ba0fd89038d791b38c3bf57c5824fb9ceb4	.sha256
01_HTV_HTS_CORE_DEPENDENCY_AUDIT/02_HTS_フェーズ別/HTS_05_ACT内部robustness_HTS35-43/HTS37_RUN_PACKAGE.zip	HTS	31303	c21703f2bf288ff2d8c6530073279c044d74deedb1c6aa0a07b993c9a9ad8969	.zip
01_HTV_HTS_CORE_DEPENDENCY_AUDIT/02_HTS_フェーズ別/HTS_05_ACT内部robustness_HTS35-43/HTS37_RUN_PACKAGE.zip.sha256	HTS	88	7b489bbc0261d81a9c3c653e9cc976d99de9485ebd7da55e19693985b9719ff3	.sha256
01_HTV_HTS_CORE_DEPENDENCY_AUDIT/02_HTS_フェーズ別/HTS_05_ACT内部robustness_HTS35-43/HTS38_PREFLIGHT_RESULTS_FOR_REVIEW.zip	HTS	22226	3f473581c21e54bcf90f69bcce3f2acb4e428d5e009cf29e190420a4a74ed129	.zip
01_HTV_HTS_CORE_DEPENDENCY_AUDIT/02_HTS_フェーズ別/HTS_05_ACT内部robustness_HTS35-43/HTS38_PREFLIGHT_RESULTS_FOR_REVIEW.zip.sha256	HTS	105	7129e3af66f59784bf7232ed81c99971970de6aab0d9478c2dae084c9e2087b7	.sha256
01_HTV_HTS_CORE_DEPENDENCY_AUDIT/02_HTS_フェーズ別/HTS_05_ACT内部robustness_HTS35-43/HTS38_RESULTS_FOR_REVIEW.zip	HTS	214254	2213d63401e7d0a66c013aae46f3b666b01130f5684619397744357f6cd55bc5	.zip
01_HTV_HTS_CORE_DEPENDENCY_AUDIT/02_HTS_フェーズ別/HTS_05_ACT内部robustness_HTS35-43/HTS38_RESULTS_FOR_REVIEW.zip.sha256	HTS	95	110dbe6d801ad87038687cee4f220fe785be5b715d1fffaef0f894ae38e8fa0d	.sha256
01_HTV_HTS_CORE_DEPENDENCY_AUDIT/02_HTS_フェーズ別/HTS_05_ACT内部robustness_HTS35-43/HTS38_RUN_PACKAGE_CORR2.zip	HTS	62364	5e59d61224ef4d106f5e1c69c69e5b01714539c460cd83b4dc55567c2eb0d27b	.zip
01_HTV_HTS_CORE_DEPENDENCY_AUDIT/02_HTS_フェーズ別/HTS_05_ACT内部robustness_HTS35-43/HTS38_RUN_PACKAGE_CORR2.zip.sha256	HTS	94	00958c8fc151d6ede546d1d18239929a5ba9111f2d9ddfd78188b63f8bc1db1b	.sha256
01_HTV_HTS_CORE_DEPENDENCY_AUDIT/02_HTS_フェーズ別/HTS_05_ACT内部robustness_HTS35-43/HTS39_PREFLIGHT_RESULTS_FOR_REVIEW.zip	HTS	9861	66a677c5cd0692432f0e3bc84f10b974faf80032586cf4659073dc3949bb5a85	.zip
01_HTV_HTS_CORE_DEPENDENCY_AUDIT/02_HTS_フェーズ別/HTS_05_ACT内部robustness_HTS35-43/HTS39_PREFLIGHT_RESULTS_FOR_REVIEW.zip.sha256	HTS	105	f276a7a1a08756ec38f29fbb89008666e24d8608d5ce18b40a118ef1e00a41d2	.sha256
01_HTV_HTS_CORE_DEPENDENCY_AUDIT/02_HTS_フェーズ別/HTS_05_ACT内部robustness_HTS35-43/HTS39_RESULTS_FOR_REVIEW.zip	HTS	313348	92cc4a7012b69df1ade4b6cebe3b25e7733442baf9ae63fd21e5f2bf132101d9	.zip
01_HTV_HTS_CORE_DEPENDENCY_AUDIT/02_HTS_フェーズ別/HTS_05_ACT内部robustness_HTS35-43/HTS39_RESULTS_FOR_REVIEW.zip.sha256	HTS	95	74179ca88d97b572c0534504f3f56f284fb003daa3a94ba6bd36b451c41d02b1	.sha256
01_HTV_HTS_CORE_DEPENDENCY_AUDIT/02_HTS_フェーズ別/HTS_05_ACT内部robustness_HTS35-43/HTS39_RUN_PACKAGE.zip	HTS	37960	747648387bbb9a935f3f8c42dc6762429b3e8f1a5e41ea8a10109e60127cd899	.zip
01_HTV_HTS_CORE_DEPENDENCY_AUDIT/02_HTS_フェーズ別/HTS_05_ACT内部robustness_HTS35-43/HTS39_RUN_PACKAGE.zip.sha256	HTS	88	29a9fa32df8f0b4d32e4e5124c4cde5a176246cadb9c2002f0216b3491503eec	.sha256
01_HTV_HTS_CORE_DEPENDENCY_AUDIT/02_HTS_フェーズ別/HTS_05_ACT内部robustness_HTS35-43/HTS40_PREFLIGHT_RESULTS_FOR_REVIEW.zip	HTS	5044	eace36cccf3f674db11dd6cd3d619842d5acb907a534bf0e4f2c40155535a32d	.zip
01_HTV_HTS_CORE_DEPENDENCY_AUDIT/02_HTS_フェーズ別/HTS_05_ACT内部robustness_HTS35-43/HTS40_PREFLIGHT_RESULTS_FOR_REVIEW.zip.sha256	HTS	105	a3b5c31b350d79706bb0af9d13a1fbf7fb94081ae235bef1dc057f1e44226199	.sha256
01_HTV_HTS_CORE_DEPENDENCY_AUDIT/02_HTS_フェーズ別/HTS_05_ACT内部robustness_HTS35-43/HTS40_RESULTS_FOR_REVIEW.zip	HTS	134821	f7a4f2b46599cc0dfed021320aa9a643b1985ec0dd6c3668d2221e7d5e4e443f	.zip
01_HTV_HTS_CORE_DEPENDENCY_AUDIT/02_HTS_フェーズ別/HTS_05_ACT内部robustness_HTS35-43/HTS40_RESULTS_FOR_REVIEW.zip.sha256	HTS	95	727e815643eaf3f1e128e9e4764850d22af7d21847b7ba9eb8b149462df2c69b	.sha256
01_HTV_HTS_CORE_DEPENDENCY_AUDIT/02_HTS_フェーズ別/HTS_05_ACT内部robustness_HTS35-43/HTS40_RUN_PACKAGE.zip	HTS	30164	81a4ce87b437d6886f1b3c0101c9f5df30893c8a644f051be525a13eee8cb940	.zip
01_HTV_HTS_CORE_DEPENDENCY_AUDIT/02_HTS_フェーズ別/HTS_05_ACT内部robustness_HTS35-43/HTS40_RUN_PACKAGE.zip.sha256	HTS	88	d40132842bbb79056ffae13fb75940e3740bb44f32f2f590703bf6b8d003e17c	.sha256
01_HTV_HTS_CORE_DEPENDENCY_AUDIT/02_HTS_フェーズ別/HTS_05_ACT内部robustness_HTS35-43/HTS41_CORR3_RESULTS_FOR_REVIEW.zip	HTS	66050	b0bb32dfd23d91314547c4c1646eeb487907d7fffbb293b94eb883961df82d79	.zip
01_HTV_HTS_CORE_DEPENDENCY_AUDIT/02_HTS_フェーズ別/HTS_05_ACT内部robustness_HTS35-43/HTS41_CORR3_RESULTS_FOR_REVIEW.zip.sha256	HTS	101	d097ac57c1f87fd88aceb4dacb0faccf164bac1623ee1bd0f2895c8355af1398	.sha256
01_HTV_HTS_CORE_DEPENDENCY_AUDIT/02_HTS_フェーズ別/HTS_05_ACT内部robustness_HTS35-43/HTS41_PREFLIGHT_RESULTS_FOR_REVIEW.zip	HTS	7630	9eb8f1a2df0a7ae788c8f5e51641bb17475fdc4f83c3b45c32f00a84543dabf7	.zip
01_HTV_HTS_CORE_DEPENDENCY_AUDIT/02_HTS_フェーズ別/HTS_05_ACT内部robustness_HTS35-43/HTS41_PREFLIGHT_RESULTS_FOR_REVIEW.zip.sha256	HTS	105	d62e355dfd9619f8334b7f704dc52343a4e92e3bf8ed08602e26dc3789d1bb52	.sha256
01_HTV_HTS_CORE_DEPENDENCY_AUDIT/02_HTS_フェーズ別/HTS_05_ACT内部robustness_HTS35-43/HTS41_RUN_PACKAGE_CORR3.zip	HTS	18704	f4f42cec45f2c2d51c235a1fb38617df55b912fb09ff03d8f7e05e03efe2e1f7	.zip
01_HTV_HTS_CORE_DEPENDENCY_AUDIT/02_HTS_フェーズ別/HTS_05_ACT内部robustness_HTS35-43/HTS41_RUN_PACKAGE_CORR3.zip.sha256	HTS	94	74779aff16fd6ec9b5fe5182c901fb7986c214ede4b2264acd790720fc303089	.sha256
01_HTV_HTS_CORE_DEPENDENCY_AUDIT/02_HTS_フェーズ別/HTS_05_ACT内部robustness_HTS35-43/HTS42_CORR1_RESULTS_FOR_REVIEW.zip	HTS	83568	3ac472d43541c039c2fa6a95f08e73b3ebf1bdd816d220c9ddb498acd67a75dd	.zip
01_HTV_HTS_CORE_DEPENDENCY_AUDIT/02_HTS_フェーズ別/HTS_05_ACT内部robustness_HTS35-43/HTS42_CORR1_RESULTS_FOR_REVIEW.zip.sha256	HTS	101	bfff785e278a0eb1c4240af19c4fafee698a1b36194b358e38c06988b2b64032	.sha256
01_HTV_HTS_CORE_DEPENDENCY_AUDIT/02_HTS_フェーズ別/HTS_05_ACT内部robustness_HTS35-43/HTS42_PREFLIGHT_RESULTS_FOR_REVIEW.zip	HTS	6602	1fd757b328bb87204ef1d580ce1d130db57eafaafbd0106c04570d1be18c81a0	.zip
01_HTV_HTS_CORE_DEPENDENCY_AUDIT/02_HTS_フェーズ別/HTS_05_ACT内部robustness_HTS35-43/HTS42_PREFLIGHT_RESULTS_FOR_REVIEW.zip.sha256	HTS	105	f570bc4b1818e1a7bcde753145161c0676d253f1303c3efdf88cc6e4346cebfc	.sha256
01_HTV_HTS_CORE_DEPENDENCY_AUDIT/02_HTS_フェーズ別/HTS_05_ACT内部robustness_HTS35-43/HTS42_RESULTS_FOR_REVIEW.zip	HTS	81983	abbb30df98b333f940be22a3e73590ebc3cc406ffee3a45be649060b4378efaf	.zip
01_HTV_HTS_CORE_DEPENDENCY_AUDIT/02_HTS_フェーズ別/HTS_05_ACT内部robustness_HTS35-43/HTS42_RESULTS_FOR_REVIEW.zip.sha256	HTS	95	471ec6a8096528832b787a52bb6d5076c2001981b77a6b42e404ef347270ed59	.sha256
01_HTV_HTS_CORE_DEPENDENCY_AUDIT/02_HTS_フェーズ別/HTS_05_ACT内部robustness_HTS35-43/HTS42_RUN_PACKAGE.zip	HTS	43512	f2d9269bc3248bb1a60ebf3196550a516a3c897d4b1307bec29dea8eba462a3b	.zip
01_HTV_HTS_CORE_DEPENDENCY_AUDIT/02_HTS_フェーズ別/HTS_05_ACT内部robustness_HTS35-43/HTS42_RUN_PACKAGE.zip.sha256	HTS	88	759e954f276ca0fe0f9b3d48e596b0d1e8d159633cd754c7b376f16bf8bf1b9a	.sha256
01_HTV_HTS_CORE_DEPENDENCY_AUDIT/02_HTS_フェーズ別/HTS_05_ACT内部robustness_HTS35-43/HTS43_CORR1_RESULTS_FOR_REVIEW.zip	HTS	73356	3d7b1c1bd204f4e6a42e18c4df00b6bcb549e48c89ca9b1d828e896080b93217	.zip
01_HTV_HTS_CORE_DEPENDENCY_AUDIT/02_HTS_フェーズ別/HTS_05_ACT内部robustness_HTS35-43/HTS43_CORR1_RESULTS_FOR_REVIEW.zip.sha256	HTS	101	20632adfbb5ae8a95e4a4604188f525671e88f20452deb90ce6b730ae57118f6	.sha256
01_HTV_HTS_CORE_DEPENDENCY_AUDIT/02_HTS_フェーズ別/HTS_05_ACT内部robustness_HTS35-43/HTS43_RESULTS_FOR_REVIEW.zip	HTS	72011	6995ede3a50969d9d8fede69848845630c7964f354e9ae6874673b1ecdf73288	.zip
01_HTV_HTS_CORE_DEPENDENCY_AUDIT/02_HTS_フェーズ別/HTS_05_ACT内部robustness_HTS35-43/HTS43_RESULTS_FOR_REVIEW.zip.sha256	HTS	95	a170d80fe067b72762a5e1d6676a4892c8c1725b9d40693be568944df9c00f58	.sha256
01_HTV_HTS_CORE_DEPENDENCY_AUDIT/02_HTS_フェーズ別/HTS_05_ACT内部robustness_HTS35-43/HTS43_RUN_PACKAGE.zip	HTS	17910	4a45ff84a51ed776e9b3c6edc467cdba93c858756b39a5bded47be3c4b816a6a	.zip
01_HTV_HTS_CORE_DEPENDENCY_AUDIT/02_HTS_フェーズ別/HTS_05_ACT内部robustness_HTS35-43/HTS43_RUN_PACKAGE.zip.sha256	HTS	88	5d94f0cd3d80e4fb64a13d856052153baea1982c6c726679a5deca807003b0e0	.sha256
01_HTV_HTS_CORE_DEPENDENCY_AUDIT/02_HTS_フェーズ別/HTS_06_SPT_CMB-SPA・DESI・tau・bugfix_HTS44-50/HTS44_CORR1_CMB_TO_DESI_RESPONSE.tsv	HTS	4086	31dec73281a6c2c09a97ac61d2540b9d662a1e49ece4eab426d3fcc2f9470ddf	.tsv
01_HTV_HTS_CORE_DEPENDENCY_AUDIT/02_HTS_フェーズ別/HTS_06_SPT_CMB-SPA・DESI・tau・bugfix_HTS44-50/HTS44_CORR1_EXECUTION_REPORT.md	HTS	2993	1d1460a986fb9c10371118d945e63b2d3d38af6a12f89616d1792043425fee1d	.md
01_HTV_HTS_CORE_DEPENDENCY_AUDIT/02_HTS_フェーズ別/HTS_06_SPT_CMB-SPA・DESI・tau・bugfix_HTS44-50/HTS44_CORR1_INDEPENDENT_AUDIT_RESULT.md	HTS	337	ac612f70a072852711bbb9cb497eb9851c0ec2d5f5071bda2131d2b2fea68ed7	.md
01_HTV_HTS_CORE_DEPENDENCY_AUDIT/02_HTS_フェーズ別/HTS_06_SPT_CMB-SPA・DESI・tau・bugfix_HTS44-50/HTS44_CORR1_RESULTS_FOR_REVIEW.zip	HTS	7671271	734ba5fbc40d5b49f672003033e56abd5057e63fccd3f8559212e1b4af16141e	.zip
01_HTV_HTS_CORE_DEPENDENCY_AUDIT/02_HTS_フェーズ別/HTS_06_SPT_CMB-SPA・DESI・tau・bugfix_HTS44-50/HTS44_CORR1_RESULTS_FOR_REVIEW.zip.sha256	HTS	101	b030ae47ef03f4be0d98d11a5c68a6f624dac539b09a93103fe68d88c73e101a	.sha256
01_HTV_HTS_CORE_DEPENDENCY_AUDIT/02_HTS_フェーズ別/HTS_06_SPT_CMB-SPA・DESI・tau・bugfix_HTS44-50/HTS44_MAIN_THREAD_AUDIT_RESULTS.zip	HTS	13694	080a9d90b4591bd7665cbeaeb825ae11aca48b22e0f00eeb1990ccc15d9a2781	.zip
01_HTV_HTS_CORE_DEPENDENCY_AUDIT/02_HTS_フェーズ別/HTS_06_SPT_CMB-SPA・DESI・tau・bugfix_HTS44-50/HTS44_MAIN_THREAD_AUDIT_RESULTS.zip.sha256	HTS	102	c7d3325da8e2527191c2fe78efb2d63ab1a14262f065c2ea813eb74ce4a577ac	.sha256
01_HTV_HTS_CORE_DEPENDENCY_AUDIT/02_HTS_フェーズ別/HTS_06_SPT_CMB-SPA・DESI・tau・bugfix_HTS44-50/HTS44_PREFLIGHT_RESULTS_FOR_REVIEW.zip	HTS	5967	00d8d07cbea77ece5aaadb17f1370762efe847d7c1940f55a5d96217a5fbb540	.zip
01_HTV_HTS_CORE_DEPENDENCY_AUDIT/02_HTS_フェーズ別/HTS_06_SPT_CMB-SPA・DESI・tau・bugfix_HTS44-50/HTS44_PREFLIGHT_RESULTS_FOR_REVIEW.zip.sha256	HTS	105	17aa89feda798da58335969842371bb1f8e9607690f02ebacaae573237c41e83	.sha256
01_HTV_HTS_CORE_DEPENDENCY_AUDIT/02_HTS_フェーズ別/HTS_06_SPT_CMB-SPA・DESI・tau・bugfix_HTS44-50/HTS44_RESULTS_FOR_REVIEW.zip	HTS	21032	8ab3504de959b7578e6f29d42e7f08091dfd1fc7679071339618870e03700027	.zip
01_HTV_HTS_CORE_DEPENDENCY_AUDIT/02_HTS_フェーズ別/HTS_06_SPT_CMB-SPA・DESI・tau・bugfix_HTS44-50/HTS44_RESULTS_FOR_REVIEW.zip.sha256	HTS	95	8be022c84724f5cf1d35e0b75875343732f060da24706597809e31f7f46f9a94	.sha256
01_HTV_HTS_CORE_DEPENDENCY_AUDIT/02_HTS_フェーズ別/HTS_06_SPT_CMB-SPA・DESI・tau・bugfix_HTS44-50/HTS44_RUN_PACKAGE.zip	HTS	37681	f2cd4c5e494d6052bf1208c6a574b1ee573b8f458036cb48a9961cd47b8766d8	.zip
01_HTV_HTS_CORE_DEPENDENCY_AUDIT/02_HTS_フェーズ別/HTS_06_SPT_CMB-SPA・DESI・tau・bugfix_HTS44-50/HTS44_RUN_PACKAGE.zip.sha256	HTS	88	1cd61cbc5bf2586f0b785d9ca6a74d9d7a006b787b7b935e09ada34dee2b965d	.sha256
01_HTV_HTS_CORE_DEPENDENCY_AUDIT/02_HTS_フェーズ別/HTS_06_SPT_CMB-SPA・DESI・tau・bugfix_HTS44-50/HTS45_PREFLIGHT_RESULTS_FOR_REVIEW.zip	HTS	8054	27fee45124bc7051a378f6b63291cc9e8840b514663e25bcc311f3c4206d7b40	.zip
01_HTV_HTS_CORE_DEPENDENCY_AUDIT/02_HTS_フェーズ別/HTS_06_SPT_CMB-SPA・DESI・tau・bugfix_HTS44-50/HTS45_PREFLIGHT_RESULTS_FOR_REVIEW.zip.sha256	HTS	105	c4a4fe957f2bccc22d45edc4f68f0f73c14a803cd582717285a7f17a19cd0fca	.sha256
01_HTV_HTS_CORE_DEPENDENCY_AUDIT/02_HTS_フェーズ別/HTS_06_SPT_CMB-SPA・DESI・tau・bugfix_HTS44-50/HTS45_RESULTS_FOR_REVIEW.zip	HTS	92130	a2dcbccfed1a6a16c938162ea228e76c066432e1983b941b7d3f2a30a6059334	.zip
01_HTV_HTS_CORE_DEPENDENCY_AUDIT/02_HTS_フェーズ別/HTS_06_SPT_CMB-SPA・DESI・tau・bugfix_HTS44-50/HTS45_RESULTS_FOR_REVIEW.zip.sha256	HTS	95	939b72aebc17ac3d0353ec40e99453611b8e403252910a1b96438ec21cd71969	.sha256
01_HTV_HTS_CORE_DEPENDENCY_AUDIT/02_HTS_フェーズ別/HTS_06_SPT_CMB-SPA・DESI・tau・bugfix_HTS44-50/HTS45_RUN_PACKAGE.zip	HTS	22068	9142dbd348a4aa46736d58e1d5138905a13f354afdca0f0fcf0ebfe14b52bce2	.zip
01_HTV_HTS_CORE_DEPENDENCY_AUDIT/02_HTS_フェーズ別/HTS_06_SPT_CMB-SPA・DESI・tau・bugfix_HTS44-50/HTS45_RUN_PACKAGE.zip.sha256	HTS	88	a6de471ced515aa2c82d38297d9a1d9cb8c3d30680d1018416c936414d509dcd	.sha256
01_HTV_HTS_CORE_DEPENDENCY_AUDIT/02_HTS_フェーズ別/HTS_06_SPT_CMB-SPA・DESI・tau・bugfix_HTS44-50/HTS46_CORR2_RESULTS_FOR_REVIEW.zip	HTS	38486	4b87412407b3c67a095942e10a9fb25c686cae0e84a90b2b503dcaed64e98a17	.zip
01_HTV_HTS_CORE_DEPENDENCY_AUDIT/02_HTS_フェーズ別/HTS_06_SPT_CMB-SPA・DESI・tau・bugfix_HTS44-50/HTS46_CORR2_RESULTS_FOR_REVIEW.zip.sha256	HTS	101	ec1f9b3438077c44cf5e2c7b23481debd9fbb9505b89de392d8e084630134460	.sha256
01_HTV_HTS_CORE_DEPENDENCY_AUDIT/02_HTS_フェーズ別/HTS_06_SPT_CMB-SPA・DESI・tau・bugfix_HTS44-50/HTS46_PREFLIGHT_RESULTS_FOR_REVIEW.zip	HTS	6947	31c5d85a3774d899a1aacb794f819a48d75efa3ea7c2dc106b6a713efc33851e	.zip
01_HTV_HTS_CORE_DEPENDENCY_AUDIT/02_HTS_フェーズ別/HTS_06_SPT_CMB-SPA・DESI・tau・bugfix_HTS44-50/HTS46_PREFLIGHT_RESULTS_FOR_REVIEW.zip.sha256	HTS	105	0538441c632448619e438c4b7e69e20989472020e02dd461c4bd98741fe11d8d	.sha256
01_HTV_HTS_CORE_DEPENDENCY_AUDIT/02_HTS_フェーズ別/HTS_06_SPT_CMB-SPA・DESI・tau・bugfix_HTS44-50/HTS46_RUN_PACKAGE_CORR2.zip	HTS	54734	508460b3e0d9d7669ea7f9106cc3b05701ed21c3d09282b0fab232c4e2e67568	.zip
01_HTV_HTS_CORE_DEPENDENCY_AUDIT/02_HTS_フェーズ別/HTS_06_SPT_CMB-SPA・DESI・tau・bugfix_HTS44-50/HTS46_RUN_PACKAGE_CORR2.zip.sha256	HTS	94	81354fabeb85df3d21d046c1884351470923b0e47f367df8eb7ac2235d989881	.sha256
01_HTV_HTS_CORE_DEPENDENCY_AUDIT/02_HTS_フェーズ別/HTS_06_SPT_CMB-SPA・DESI・tau・bugfix_HTS44-50/HTS47_PREFLIGHT_RESULTS_FOR_REVIEW.zip	HTS	5542	f3f8bbd07caedd91dca75d5a54f77cd6f2b8fd21b19a6cc370c97b8aeda78e1c	.zip
01_HTV_HTS_CORE_DEPENDENCY_AUDIT/02_HTS_フェーズ別/HTS_06_SPT_CMB-SPA・DESI・tau・bugfix_HTS44-50/HTS47_PREFLIGHT_RESULTS_FOR_REVIEW.zip.sha256	HTS	105	b5b4399f03d0b8a70fadeb6da6e73b5304a3336dcc878a73f52e8bdf53ffaded	.sha256
01_HTV_HTS_CORE_DEPENDENCY_AUDIT/02_HTS_フェーズ別/HTS_06_SPT_CMB-SPA・DESI・tau・bugfix_HTS44-50/HTS47_RESULTS_FOR_REVIEW.zip	HTS	33078	f39a290cee96c43822d957a7b2ada1201722d9e4b5c71ae8fb64e67c399629d9	.zip
01_HTV_HTS_CORE_DEPENDENCY_AUDIT/02_HTS_フェーズ別/HTS_06_SPT_CMB-SPA・DESI・tau・bugfix_HTS44-50/HTS47_RESULTS_FOR_REVIEW.zip.sha256	HTS	95	97e143374f54acbce636231e46a51824982c1955dcde237c2205d95000f33cf1	.sha256
01_HTV_HTS_CORE_DEPENDENCY_AUDIT/02_HTS_フェーズ別/HTS_06_SPT_CMB-SPA・DESI・tau・bugfix_HTS44-50/HTS47_RUN_PACKAGE.zip	HTS	58549	c34baf2c23224db7f204177d25e19d8cb8f18978d52a65a35584d022750fc2ed	.zip
01_HTV_HTS_CORE_DEPENDENCY_AUDIT/02_HTS_フェーズ別/HTS_06_SPT_CMB-SPA・DESI・tau・bugfix_HTS44-50/HTS47_RUN_PACKAGE.zip.sha256	HTS	88	07ec82de838c74b97f1870c4f5e60df16f76c78c84c758238fd7be8344dd9c23	.sha256
01_HTV_HTS_CORE_DEPENDENCY_AUDIT/02_HTS_フェーズ別/HTS_06_SPT_CMB-SPA・DESI・tau・bugfix_HTS44-50/HTS48_CORR1_RESULTS_FOR_REVIEW.zip	HTS	42976	dc3d7d631982687d688e068a44a208029ec1b8caa594785e90f103a1f4d6fe82	.zip
01_HTV_HTS_CORE_DEPENDENCY_AUDIT/02_HTS_フェーズ別/HTS_06_SPT_CMB-SPA・DESI・tau・bugfix_HTS44-50/HTS48_CORR1_RESULTS_FOR_REVIEW.zip.sha256	HTS	101	268e6d598c1fc06eeffa98640138b67c071ca9e127f77115f0d04ab3d5da2ce6	.sha256
01_HTV_HTS_CORE_DEPENDENCY_AUDIT/02_HTS_フェーズ別/HTS_06_SPT_CMB-SPA・DESI・tau・bugfix_HTS44-50/HTS48_PARTIAL_OUTPUT_FOR_REVIEW.zip	HTS	36108	8360714f02d6c28bf73eb5ee0dd1e86af260c2a49b7864812ec1156b405eb2bc	.zip
01_HTV_HTS_CORE_DEPENDENCY_AUDIT/02_HTS_フェーズ別/HTS_06_SPT_CMB-SPA・DESI・tau・bugfix_HTS44-50/HTS48_PREFLIGHT_RESULTS_FOR_REVIEW.zip	HTS	8798	161b4cae952fc28f6d791dcdc59f073295c69c2718129fe22208eaaacdb39bda	.zip
01_HTV_HTS_CORE_DEPENDENCY_AUDIT/02_HTS_フェーズ別/HTS_06_SPT_CMB-SPA・DESI・tau・bugfix_HTS44-50/HTS48_PREFLIGHT_RESULTS_FOR_REVIEW.zip.sha256	HTS	105	a1fc5d8bcbc4d5afcb312f53fe363d99073867ac2c4a353e200646af80b016e6	.sha256
01_HTV_HTS_CORE_DEPENDENCY_AUDIT/02_HTS_フェーズ別/HTS_06_SPT_CMB-SPA・DESI・tau・bugfix_HTS44-50/HTS48_RUN_PACKAGE_CORR1.zip	HTS	20230	78358405d565041ce93f9814fdfe038dc5e8360a63fb27e88488d277392c1e41	.zip
01_HTV_HTS_CORE_DEPENDENCY_AUDIT/02_HTS_フェーズ別/HTS_06_SPT_CMB-SPA・DESI・tau・bugfix_HTS44-50/HTS48_RUN_PACKAGE_CORR1.zip.sha256	HTS	94	a82bc4330392154f9ae19ee92c2dd6c4020583ab374391afd9c814963e8e944c	.sha256
01_HTV_HTS_CORE_DEPENDENCY_AUDIT/02_HTS_フェーズ別/HTS_06_SPT_CMB-SPA・DESI・tau・bugfix_HTS44-50/HTS49_PREFLIGHT_RESULTS_FOR_REVIEW.zip	HTS	4995	bf01302edb4fd3e2661fc8135dff3034a6b425f9eefa37d79077f733248a644f	.zip
01_HTV_HTS_CORE_DEPENDENCY_AUDIT/02_HTS_フェーズ別/HTS_06_SPT_CMB-SPA・DESI・tau・bugfix_HTS44-50/HTS49_PREFLIGHT_RESULTS_FOR_REVIEW.zip.sha256	HTS	105	6450a3b96210a39c52d59ffdbf3cd1054cd46cae4229d30c103beeaa9bf7c521	.sha256
01_HTV_HTS_CORE_DEPENDENCY_AUDIT/02_HTS_フェーズ別/HTS_06_SPT_CMB-SPA・DESI・tau・bugfix_HTS44-50/HTS49_RESULTS_FOR_REVIEW.zip	HTS	48439	bfe3fb500e76304c2c300460685cc504973139316a6e344afb88f0eaeb8d36da	.zip
01_HTV_HTS_CORE_DEPENDENCY_AUDIT/02_HTS_フェーズ別/HTS_06_SPT_CMB-SPA・DESI・tau・bugfix_HTS44-50/HTS49_RESULTS_FOR_REVIEW.zip.sha256	HTS	95	410c84cf6928c43bd440ad482bcaf7bd38a84af7781f1e993d303e0dcb83ad26	.sha256
01_HTV_HTS_CORE_DEPENDENCY_AUDIT/02_HTS_フェーズ別/HTS_06_SPT_CMB-SPA・DESI・tau・bugfix_HTS44-50/HTS49_RUN_PACKAGE.zip	HTS	17597	65e30da6109eeccbdf7223a7eace65242b16ac7c349798a65abf8b4e49248ad2	.zip
01_HTV_HTS_CORE_DEPENDENCY_AUDIT/02_HTS_フェーズ別/HTS_06_SPT_CMB-SPA・DESI・tau・bugfix_HTS44-50/HTS49_RUN_PACKAGE.zip.sha256	HTS	88	2b8befb0a15d70a93688d744c0371d17335ca5fd274c7af44ec12b726a105cb2	.sha256
01_HTV_HTS_CORE_DEPENDENCY_AUDIT/02_HTS_フェーズ別/HTS_06_SPT_CMB-SPA・DESI・tau・bugfix_HTS44-50/HTS50_CORR3_PREFLIGHT_RESULTS_FOR_REVIEW.zip	HTS	8739	c518d79b295d01e16d669886b820d26b5c28cae8ecc3fdd56d52fc209e590368	.zip
01_HTV_HTS_CORE_DEPENDENCY_AUDIT/02_HTS_フェーズ別/HTS_06_SPT_CMB-SPA・DESI・tau・bugfix_HTS44-50/HTS50_CORR3_PREFLIGHT_RESULTS_FOR_REVIEW.zip.sha256	HTS	111	9d8b1d0e14c70b935157fbada4903d9a2175ee1f2b86da434685599925684337	.sha256
01_HTV_HTS_CORE_DEPENDENCY_AUDIT/02_HTS_フェーズ別/HTS_06_SPT_CMB-SPA・DESI・tau・bugfix_HTS44-50/HTS50_CORR3_RESULTS_FOR_REVIEW.zip	HTS	36691	26b2086990361ab5693787d2d5f53e68754d156c499d2a7519836a7901e693f2	.zip
01_HTV_HTS_CORE_DEPENDENCY_AUDIT/02_HTS_フェーズ別/HTS_06_SPT_CMB-SPA・DESI・tau・bugfix_HTS44-50/HTS50_CORR3_RESULTS_FOR_REVIEW.zip.sha256	HTS	101	09162d49395ff6bb7d0e69fa9a261adaef9c573b22c501f4734b554cd1cb1eb9	.sha256
01_HTV_HTS_CORE_DEPENDENCY_AUDIT/02_HTS_フェーズ別/HTS_06_SPT_CMB-SPA・DESI・tau・bugfix_HTS44-50/HTS50_RUN_PACKAGE_CORR3.zip	HTS	76291	5d11e75501ad7abb37c50c6c73edb63925fe2166a92ed70cd2f686f42641ba2c	.zip
01_HTV_HTS_CORE_DEPENDENCY_AUDIT/02_HTS_フェーズ別/HTS_06_SPT_CMB-SPA・DESI・tau・bugfix_HTS44-50/HTS50_RUN_PACKAGE_CORR3.zip.sha256	HTS	94	0c6dcfd0a101e1fdfd08239b948578c60d34dfe475a01d5c53a92d5060e0cf6b	.sha256
01_HTV_HTS_CORE_DEPENDENCY_AUDIT/02_HTS_フェーズ別/HTS_07_SPT公開release契約・component_geometry_HTS51-55/HTS51_CORR2_PREFLIGHT_RESULTS_FOR_REVIEW.zip	HTS	14066	a54f710f7fdfab10c0533860c597dec55815cc3b1969bd8488c5ce2ec254a6bd	.zip
01_HTV_HTS_CORE_DEPENDENCY_AUDIT/02_HTS_フェーズ別/HTS_07_SPT公開release契約・component_geometry_HTS51-55/HTS51_CORR2_PREFLIGHT_RESULTS_FOR_REVIEW.zip.sha256	HTS	111	7566b130286a276f93c160ffcae6f0408d31a5acb15b74946c4d2efb147085e5	.sha256
01_HTV_HTS_CORE_DEPENDENCY_AUDIT/02_HTS_フェーズ別/HTS_07_SPT公開release契約・component_geometry_HTS51-55/HTS51_CORR2_RESULTS_FOR_REVIEW.zip	HTS	44717	99f2561e01c5d10d4987f3bb21c869eef0c8c5a331efd9ef05ec54688d5800e4	.zip
01_HTV_HTS_CORE_DEPENDENCY_AUDIT/02_HTS_フェーズ別/HTS_07_SPT公開release契約・component_geometry_HTS51-55/HTS51_CORR2_RESULTS_FOR_REVIEW.zip.sha256	HTS	101	9f9b277f587227bb0d1cbfdbbe1204e34817f227b0632e35d967c088dce0c48f	.sha256
01_HTV_HTS_CORE_DEPENDENCY_AUDIT/02_HTS_フェーズ別/HTS_07_SPT公開release契約・component_geometry_HTS51-55/HTS51_RUN_PACKAGE_CORR2.zip	HTS	28441	a4b49d2ac0cae392d7f3fe2b71c7ef4a690053110ba1cf303de3b883da38721c	.zip
01_HTV_HTS_CORE_DEPENDENCY_AUDIT/02_HTS_フェーズ別/HTS_07_SPT公開release契約・component_geometry_HTS51-55/HTS51_RUN_PACKAGE_CORR2.zip.sha256	HTS	94	0ec711108b8ab240a5a52f8e72f4e562b44b0843db545d34879ca7f8c406b65b	.sha256
01_HTV_HTS_CORE_DEPENDENCY_AUDIT/02_HTS_フェーズ別/HTS_07_SPT公開release契約・component_geometry_HTS51-55/HTS52_PREFLIGHT_RESULTS_FOR_REVIEW.zip	HTS	5825	c9015735b373199b6e07410fdd67fa038f50182e78ed2647672bc5a371be7a1e	.zip
01_HTV_HTS_CORE_DEPENDENCY_AUDIT/02_HTS_フェーズ別/HTS_07_SPT公開release契約・component_geometry_HTS51-55/HTS52_PREFLIGHT_RESULTS_FOR_REVIEW.zip.sha256	HTS	105	2e81ca50eb94a6058c3d7be890b110532abc75708ba111d3ed89507a0321e6d5	.sha256
01_HTV_HTS_CORE_DEPENDENCY_AUDIT/02_HTS_フェーズ別/HTS_07_SPT公開release契約・component_geometry_HTS51-55/HTS52_RESULTS_FOR_REVIEW.zip	HTS	9973	aacec38a38e26f4031d3fd6bffebff6f0e924007796ffc8285719e2a4446a7d1	.zip
01_HTV_HTS_CORE_DEPENDENCY_AUDIT/02_HTS_フェーズ別/HTS_07_SPT公開release契約・component_geometry_HTS51-55/HTS52_RESULTS_FOR_REVIEW.zip.sha256	HTS	95	52cb8c72c62e0b89897ccf2b6c33361571b94e6f55220384fa13967b8c78eccf	.sha256
01_HTV_HTS_CORE_DEPENDENCY_AUDIT/02_HTS_フェーズ別/HTS_07_SPT公開release契約・component_geometry_HTS51-55/HTS52_RUN_PACKAGE.zip	HTS	31081	579c7de8bba61ece23bdf51d5de2f124e3371ee27b2e2801861929ed1bba595e	.zip
01_HTV_HTS_CORE_DEPENDENCY_AUDIT/02_HTS_フェーズ別/HTS_07_SPT公開release契約・component_geometry_HTS51-55/HTS52_RUN_PACKAGE.zip.sha256	HTS	88	6740260274078dab19c885bd5741012ef4e920bd74a1d6d9742ef8e6ecccec2d	.sha256
01_HTV_HTS_CORE_DEPENDENCY_AUDIT/02_HTS_フェーズ別/HTS_07_SPT公開release契約・component_geometry_HTS51-55/HTS53_PREFLIGHT_RESULTS_FOR_REVIEW.zip	HTS	6148	1a4b59160cec6f4d8a38820ed9c57785797cb6465869bc4ecfa7a7ddaee3f9cd	.zip
01_HTV_HTS_CORE_DEPENDENCY_AUDIT/02_HTS_フェーズ別/HTS_07_SPT公開release契約・component_geometry_HTS51-55/HTS53_PREFLIGHT_RESULTS_FOR_REVIEW.zip.sha256	HTS	105	1f4096ee9d117f462a0ff3e68e460ce7932c85e37bb8e1c3e18a35bee0486e4e	.sha256
01_HTV_HTS_CORE_DEPENDENCY_AUDIT/02_HTS_フェーズ別/HTS_07_SPT公開release契約・component_geometry_HTS51-55/HTS53_RESULTS_FOR_REVIEW.zip	HTS	55552	82ca8aab89f789cb040b86bb548ee90d2fe15ee880258acdb149b1604c665653	.zip
01_HTV_HTS_CORE_DEPENDENCY_AUDIT/02_HTS_フェーズ別/HTS_07_SPT公開release契約・component_geometry_HTS51-55/HTS53_RESULTS_FOR_REVIEW.zip.sha256	HTS	95	137e13ff263e80cea74d1913f49e04593dcfc2622ec4029bd7c1f665917ab782	.sha256
01_HTV_HTS_CORE_DEPENDENCY_AUDIT/02_HTS_フェーズ別/HTS_07_SPT公開release契約・component_geometry_HTS51-55/HTS53_RUN_PACKAGE.zip	HTS	32738	f1230c3afc33dfbec461fe347cf499541876a48b40f92510feea5d1fda9daa6e	.zip
01_HTV_HTS_CORE_DEPENDENCY_AUDIT/02_HTS_フェーズ別/HTS_07_SPT公開release契約・component_geometry_HTS51-55/HTS53_RUN_PACKAGE.zip.sha256	HTS	88	a08324330364cb4ddd5ed610ef5063f3e8fffa50c8e7e49d3e98e60f946c8abe	.sha256
01_HTV_HTS_CORE_DEPENDENCY_AUDIT/02_HTS_フェーズ別/HTS_07_SPT公開release契約・component_geometry_HTS51-55/HTS54_PREFLIGHT_RESULTS_FOR_REVIEW.zip	HTS	7540	3e492f4fda7dda6001a370510194dba753c05215d3d27d6a4313029829bc8224	.zip
01_HTV_HTS_CORE_DEPENDENCY_AUDIT/02_HTS_フェーズ別/HTS_07_SPT公開release契約・component_geometry_HTS51-55/HTS54_PREFLIGHT_RESULTS_FOR_REVIEW.zip.sha256	HTS	105	80bc134c29e44bc13941e316527a4a1bc116c526b67b4a31947b8a83cffbf2af	.sha256
01_HTV_HTS_CORE_DEPENDENCY_AUDIT/02_HTS_フェーズ別/HTS_07_SPT公開release契約・component_geometry_HTS51-55/HTS54_RESULTS_FOR_REVIEW.zip	HTS	37487	6ae5695622e40932d1559f0224a3ddc7f8684a8de36f804c8bd3f4e8425f7bc9	.zip
01_HTV_HTS_CORE_DEPENDENCY_AUDIT/02_HTS_フェーズ別/HTS_07_SPT公開release契約・component_geometry_HTS51-55/HTS54_RESULTS_FOR_REVIEW.zip.sha256	HTS	95	65af4315d0ec3ce04712db2a7e65079c5bbb305640d87622485c41ded38f6a33	.sha256
01_HTV_HTS_CORE_DEPENDENCY_AUDIT/02_HTS_フェーズ別/HTS_07_SPT公開release契約・component_geometry_HTS51-55/HTS54_RUN_PACKAGE.zip	HTS	104812	351140644e300c778a0afdb6058f12dc720ceb4744227223a471d666d7e9aa96	.zip
01_HTV_HTS_CORE_DEPENDENCY_AUDIT/02_HTS_フェーズ別/HTS_07_SPT公開release契約・component_geometry_HTS51-55/HTS54_RUN_PACKAGE.zip.sha256	HTS	88	48afab02a018b11954df403477339e1696871117d1b6ab1945e178fa282d9d9f	.sha256
01_HTV_HTS_CORE_DEPENDENCY_AUDIT/02_HTS_フェーズ別/HTS_07_SPT公開release契約・component_geometry_HTS51-55/HTS55_PREFLIGHT_RESULTS_FOR_REVIEW.zip	HTS	5941	f3f61c693a0229f9c11ff8e9f2201b0e37cbf98567c3650085ddaacfcf7e481b	.zip
01_HTV_HTS_CORE_DEPENDENCY_AUDIT/02_HTS_フェーズ別/HTS_07_SPT公開release契約・component_geometry_HTS51-55/HTS55_PREFLIGHT_RESULTS_FOR_REVIEW.zip.sha256	HTS	105	3c484f6c14e86e52b0d1963ccbb03cbbfd787f6ca11570517805c53430a28e5c	.sha256
01_HTV_HTS_CORE_DEPENDENCY_AUDIT/02_HTS_フェーズ別/HTS_07_SPT公開release契約・component_geometry_HTS51-55/HTS55_RESULTS_FOR_REVIEW.zip	HTS	28634	2d39832133fdbe85a7c19f7db82713daef476150be5e1d0a303d3f50f230e966	.zip
01_HTV_HTS_CORE_DEPENDENCY_AUDIT/02_HTS_フェーズ別/HTS_07_SPT公開release契約・component_geometry_HTS51-55/HTS55_RESULTS_FOR_REVIEW.zip.sha256	HTS	95	9edd6a3340b5294669e3983eba3a0e38bb5c7c4dc04501201eac3de19f879adc	.sha256
01_HTV_HTS_CORE_DEPENDENCY_AUDIT/02_HTS_フェーズ別/HTS_07_SPT公開release契約・component_geometry_HTS51-55/HTS55_RUN_PACKAGE.zip	HTS	93922	f20b0361d0129c788ed68a32fb19ea17d44b3ea925afbaa5ae7b67f64fe52eb1	.zip
01_HTV_HTS_CORE_DEPENDENCY_AUDIT/02_HTS_フェーズ別/HTS_07_SPT公開release契約・component_geometry_HTS51-55/HTS55_RUN_PACKAGE.zip.sha256	HTS	88	254173c308a626b36339aa72d2b9b5e52a0d81329a0792eee6c6d9a39e395817	.sha256
01_HTV_HTS_CORE_DEPENDENCY_AUDIT/02_HTS_フェーズ別/HTS_08_release_posterior_metric・6D条件付きblock・partition幾何_HTS56-67/HTS56_PREFLIGHT_RESULTS_FOR_REVIEW.zip	HTS	5030	a0ea1c55afc464eb50397bf9a7cba80eade89d74f2bbd9e0a805ded72a7d04f5	.zip
01_HTV_HTS_CORE_DEPENDENCY_AUDIT/02_HTS_フェーズ別/HTS_08_release_posterior_metric・6D条件付きblock・partition幾何_HTS56-67/HTS56_PREFLIGHT_RESULTS_FOR_REVIEW.zip.sha256	HTS	105	2afa71e775f478c0c6d3797321a46d3b691d85b63a748c7fb1b06355ae3e30ee	.sha256
01_HTV_HTS_CORE_DEPENDENCY_AUDIT/02_HTS_フェーズ別/HTS_08_release_posterior_metric・6D条件付きblock・partition幾何_HTS56-67/HTS56_RESULTS_FOR_REVIEW.zip	HTS	29051	e827a81ed8c0b0fd32128213e18bf4b61c78ea583f8e04d2aa3c7a5cf44169dc	.zip
01_HTV_HTS_CORE_DEPENDENCY_AUDIT/02_HTS_フェーズ別/HTS_08_release_posterior_metric・6D条件付きblock・partition幾何_HTS56-67/HTS56_RESULTS_FOR_REVIEW.zip.sha256	HTS	95	a4d72dcd6a28c50a87c0f1d99ee5fef2d6ceee4ee1afb771b8cfd4e497e1a877	.sha256
01_HTV_HTS_CORE_DEPENDENCY_AUDIT/02_HTS_フェーズ別/HTS_08_release_posterior_metric・6D条件付きblock・partition幾何_HTS56-67/HTS56_RUN_PACKAGE.zip	HTS	28254	594b6d04015d331212b4a2e92de6ded877f9fba1d623eaa754a1b638f4b307ac	.zip
01_HTV_HTS_CORE_DEPENDENCY_AUDIT/02_HTS_フェーズ別/HTS_08_release_posterior_metric・6D条件付きblock・partition幾何_HTS56-67/HTS56_RUN_PACKAGE.zip.sha256	HTS	88	d31514792d4264e0439a8efdf73940817c6df93a3267eb268fe9223ac1c61a62	.sha256
01_HTV_HTS_CORE_DEPENDENCY_AUDIT/02_HTS_フェーズ別/HTS_08_release_posterior_metric・6D条件付きblock・partition幾何_HTS56-67/HTS57_PREFLIGHT_RESULTS_FOR_REVIEW.zip	HTS	5057	b939ab1e4d890f4e1fdf0eac83e3fbb0059b309ec1fad672415b83fc956ef1a5	.zip
01_HTV_HTS_CORE_DEPENDENCY_AUDIT/02_HTS_フェーズ別/HTS_08_release_posterior_metric・6D条件付きblock・partition幾何_HTS56-67/HTS57_PREFLIGHT_RESULTS_FOR_REVIEW.zip.sha256	HTS	105	7bb17785855a779eb10192620f3d5722761354e4602e129443abd1242643014a	.sha256
01_HTV_HTS_CORE_DEPENDENCY_AUDIT/02_HTS_フェーズ別/HTS_08_release_posterior_metric・6D条件付きblock・partition幾何_HTS56-67/HTS57_RESULTS_FOR_REVIEW.zip	HTS	46283	9ef3547b2ec854c81cc92633b1f3d3ac0489289cd812ae84e3070eeaade325da	.zip
01_HTV_HTS_CORE_DEPENDENCY_AUDIT/02_HTS_フェーズ別/HTS_08_release_posterior_metric・6D条件付きblock・partition幾何_HTS56-67/HTS57_RESULTS_FOR_REVIEW.zip.sha256	HTS	95	6116bd18efb00ea7dabac72f842b436921f78b5b3b613614976dc9d0c238895c	.sha256
01_HTV_HTS_CORE_DEPENDENCY_AUDIT/02_HTS_フェーズ別/HTS_08_release_posterior_metric・6D条件付きblock・partition幾何_HTS56-67/HTS57_RUN_PACKAGE.zip	HTS	30150	09a7919f8a1a333845cad282b47a304e4867f1b8054a24a8a08165e141175fdd	.zip
01_HTV_HTS_CORE_DEPENDENCY_AUDIT/02_HTS_フェーズ別/HTS_08_release_posterior_metric・6D条件付きblock・partition幾何_HTS56-67/HTS57_RUN_PACKAGE.zip.sha256	HTS	88	93cfa683f4c2ceba99353544d9f4849389e5a480bb1d055e54a4f6b6fce76cf8	.sha256
01_HTV_HTS_CORE_DEPENDENCY_AUDIT/02_HTS_フェーズ別/HTS_08_release_posterior_metric・6D条件付きblock・partition幾何_HTS56-67/HTS58_PREFLIGHT_RESULTS_FOR_REVIEW.zip	HTS	4704	7f2f75d72882fcc3fd1edae7ca03d1d5f5d88057dda075e0722b5fdc89705b02	.zip
01_HTV_HTS_CORE_DEPENDENCY_AUDIT/02_HTS_フェーズ別/HTS_08_release_posterior_metric・6D条件付きblock・partition幾何_HTS56-67/HTS58_PREFLIGHT_RESULTS_FOR_REVIEW.zip.sha256	HTS	105	9c8230bea39962236e33f9ee508b6cce741db55ce16e92d12e9ef66aac7904a0	.sha256
01_HTV_HTS_CORE_DEPENDENCY_AUDIT/02_HTS_フェーズ別/HTS_08_release_posterior_metric・6D条件付きblock・partition幾何_HTS56-67/HTS58_RESULTS_FOR_REVIEW.zip	HTS	48741	0404dda2488a448a49c64749a47a036e940ae02ff80f73447b6583819b91145c	.zip
01_HTV_HTS_CORE_DEPENDENCY_AUDIT/02_HTS_フェーズ別/HTS_08_release_posterior_metric・6D条件付きblock・partition幾何_HTS56-67/HTS58_RESULTS_FOR_REVIEW.zip.sha256	HTS	95	26652930f7957eade84fe82c6bada813fa139c911f2946a3981e430837ca1915	.sha256
01_HTV_HTS_CORE_DEPENDENCY_AUDIT/02_HTS_フェーズ別/HTS_08_release_posterior_metric・6D条件付きblock・partition幾何_HTS56-67/HTS58_RUN_PACKAGE.zip	HTS	28877	e5bc6baf3610759269328142dcf53a82224c61647d735a5871b85667ccf37d3d	.zip
01_HTV_HTS_CORE_DEPENDENCY_AUDIT/02_HTS_フェーズ別/HTS_08_release_posterior_metric・6D条件付きblock・partition幾何_HTS56-67/HTS58_RUN_PACKAGE.zip.sha256	HTS	88	2ade5316a72465a137d721918c2df241b8a3297b7f1ccc336fa1495b4efd1f41	.sha256
01_HTV_HTS_CORE_DEPENDENCY_AUDIT/02_HTS_フェーズ別/HTS_08_release_posterior_metric・6D条件付きblock・partition幾何_HTS56-67/HTS59_PREFLIGHT_RESULTS_FOR_REVIEW.zip	HTS	4511	8518799c9f32e64e92b15f960669fe92cb248f2fb20b3ac1d6ad260e8596285b	.zip
01_HTV_HTS_CORE_DEPENDENCY_AUDIT/02_HTS_フェーズ別/HTS_08_release_posterior_metric・6D条件付きblock・partition幾何_HTS56-67/HTS59_PREFLIGHT_RESULTS_FOR_REVIEW.zip.sha256	HTS	105	40d31357d515767ca840051e3cd42848a2092b9bd7b7dc787686521f1e23ebac	.sha256
01_HTV_HTS_CORE_DEPENDENCY_AUDIT/02_HTS_フェーズ別/HTS_08_release_posterior_metric・6D条件付きblock・partition幾何_HTS56-67/HTS59_RESULTS_FOR_REVIEW.zip	HTS	47894	e61ee6b6cca4dadcb32b9bf7c75c869c1a39927d5ca5638e3542f1467f9b3245	.zip
01_HTV_HTS_CORE_DEPENDENCY_AUDIT/02_HTS_フェーズ別/HTS_08_release_posterior_metric・6D条件付きblock・partition幾何_HTS56-67/HTS59_RESULTS_FOR_REVIEW.zip.sha256	HTS	95	e2baac982a2d0b7cab738412a30745bfb3f2d549e9af3a38dfad305a4f601d6b	.sha256
01_HTV_HTS_CORE_DEPENDENCY_AUDIT/02_HTS_フェーズ別/HTS_08_release_posterior_metric・6D条件付きblock・partition幾何_HTS56-67/HTS59_RUN_PACKAGE.zip	HTS	27957	1ae073086e87a501355a879f33a178b8dde4e677ea1d97c3ad6252a49e95d072	.zip
01_HTV_HTS_CORE_DEPENDENCY_AUDIT/02_HTS_フェーズ別/HTS_08_release_posterior_metric・6D条件付きblock・partition幾何_HTS56-67/HTS59_RUN_PACKAGE.zip.sha256	HTS	88	ff75d639fbe289673396535a5027a119f5ef4b5bd61ae4442f1fa34198349da8	.sha256
01_HTV_HTS_CORE_DEPENDENCY_AUDIT/02_HTS_フェーズ別/HTS_08_release_posterior_metric・6D条件付きblock・partition幾何_HTS56-67/HTS60_PREFLIGHT_RESULTS_FOR_REVIEW.zip	HTS	4767	d2acf2abd2f906c4e701a6bea44d029104f395dca1a35d107148a63eb9300099	.zip
01_HTV_HTS_CORE_DEPENDENCY_AUDIT/02_HTS_フェーズ別/HTS_08_release_posterior_metric・6D条件付きblock・partition幾何_HTS56-67/HTS60_PREFLIGHT_RESULTS_FOR_REVIEW.zip.sha256	HTS	105	c462cdbe100f44bb570508bfcf64696e7f28b6bbaeb3a6d48f3e2c8cc68080f1	.sha256
01_HTV_HTS_CORE_DEPENDENCY_AUDIT/02_HTS_フェーズ別/HTS_08_release_posterior_metric・6D条件付きblock・partition幾何_HTS56-67/HTS60_RESULTS_FOR_REVIEW.zip	HTS	51332	32249ddf93aeada9defc689d4f270fa2da2cf68a82ba8a014bea39a6e250d617	.zip
01_HTV_HTS_CORE_DEPENDENCY_AUDIT/02_HTS_フェーズ別/HTS_08_release_posterior_metric・6D条件付きblock・partition幾何_HTS56-67/HTS60_RESULTS_FOR_REVIEW.zip.sha256	HTS	95	3a963a5680a407b53a77e40180a75e99f7b4fdf7929f244be16db0b8f850d4fa	.sha256
01_HTV_HTS_CORE_DEPENDENCY_AUDIT/02_HTS_フェーズ別/HTS_08_release_posterior_metric・6D条件付きblock・partition幾何_HTS56-67/HTS60_RUN_PACKAGE.zip	HTS	28759	40d6c1aac966e10961c1359773de9c87a04398bdfc41b253d7684ff8b0cc529d	.zip
01_HTV_HTS_CORE_DEPENDENCY_AUDIT/02_HTS_フェーズ別/HTS_08_release_posterior_metric・6D条件付きblock・partition幾何_HTS56-67/HTS60_RUN_PACKAGE.zip.sha256	HTS	88	139f0b9b6d6893c0008885295237e2f5b74fe098501015103f8240eff683be48	.sha256
01_HTV_HTS_CORE_DEPENDENCY_AUDIT/02_HTS_フェーズ別/HTS_08_release_posterior_metric・6D条件付きblock・partition幾何_HTS56-67/HTS61_PREFLIGHT_RESULTS_FOR_REVIEW.zip	HTS	4858	186142365ea4f452df1054c360fed704aa2f3248686110aa62ace8693c2e41a5	.zip
01_HTV_HTS_CORE_DEPENDENCY_AUDIT/02_HTS_フェーズ別/HTS_08_release_posterior_metric・6D条件付きblock・partition幾何_HTS56-67/HTS61_PREFLIGHT_RESULTS_FOR_REVIEW.zip.sha256	HTS	105	aa445ed2f75f92958c97bdd92ee8d14c2c8033fdfbce5623c5154bcdafe71be9	.sha256
01_HTV_HTS_CORE_DEPENDENCY_AUDIT/02_HTS_フェーズ別/HTS_08_release_posterior_metric・6D条件付きblock・partition幾何_HTS56-67/HTS61_RESULTS_FOR_REVIEW.zip	HTS	50047	564de68be594cb25028abaddd1883cc53cf616b8d6b352608b6e5dc13a138e0d	.zip
01_HTV_HTS_CORE_DEPENDENCY_AUDIT/02_HTS_フェーズ別/HTS_08_release_posterior_metric・6D条件付きblock・partition幾何_HTS56-67/HTS61_RESULTS_FOR_REVIEW.zip.sha256	HTS	95	7fc986e8083e34785bc304fb043f507a65d3d71e2b8144e4b09cd11bc732efb1	.sha256
01_HTV_HTS_CORE_DEPENDENCY_AUDIT/02_HTS_フェーズ別/HTS_08_release_posterior_metric・6D条件付きblock・partition幾何_HTS56-67/HTS61_RUN_PACKAGE.zip	HTS	30409	abc964efa13495044110d9a720d34eeb7c7009edfb0c8eeaf73d91fb16c8ef4b	.zip
01_HTV_HTS_CORE_DEPENDENCY_AUDIT/02_HTS_フェーズ別/HTS_08_release_posterior_metric・6D条件付きblock・partition幾何_HTS56-67/HTS61_RUN_PACKAGE.zip.sha256	HTS	88	8a014afd6e8178ebce053396c25be77f2fe1ef2600d453d4990f6cbc4d1334fd	.sha256
01_HTV_HTS_CORE_DEPENDENCY_AUDIT/02_HTS_フェーズ別/HTS_08_release_posterior_metric・6D条件付きblock・partition幾何_HTS56-67/HTS62_PREFLIGHT_RESULTS_FOR_REVIEW.zip	HTS	4444	d90fd41cdd8bf711e52a94f95f5c150ecbabc8f30960e1012b430c9b34a9405a	.zip
01_HTV_HTS_CORE_DEPENDENCY_AUDIT/02_HTS_フェーズ別/HTS_08_release_posterior_metric・6D条件付きblock・partition幾何_HTS56-67/HTS62_PREFLIGHT_RESULTS_FOR_REVIEW.zip.sha256	HTS	105	63d9194d38879415e5c6137b57ae0faf6d07e007146938afc608e65891b133bb	.sha256
01_HTV_HTS_CORE_DEPENDENCY_AUDIT/02_HTS_フェーズ別/HTS_08_release_posterior_metric・6D条件付きblock・partition幾何_HTS56-67/HTS62_RESULTS_FOR_REVIEW.zip	HTS	42555	bc6557b0b6eae13b2553ecbf39ad17c6c6e7c7bf7027c2de2f97827cdbaad936	.zip
01_HTV_HTS_CORE_DEPENDENCY_AUDIT/02_HTS_フェーズ別/HTS_08_release_posterior_metric・6D条件付きblock・partition幾何_HTS56-67/HTS62_RESULTS_FOR_REVIEW.zip.sha256	HTS	95	515338b0f8f60782ac3ffa07934e3e760a5a72b93366d5aba432e3f7c623760b	.sha256
01_HTV_HTS_CORE_DEPENDENCY_AUDIT/02_HTS_フェーズ別/HTS_08_release_posterior_metric・6D条件付きblock・partition幾何_HTS56-67/HTS62_RUN_PACKAGE.zip	HTS	28389	432b64f0ca987efe03cdc2b1fb287230c5ba6589576849036bbd76227691c67e	.zip
01_HTV_HTS_CORE_DEPENDENCY_AUDIT/02_HTS_フェーズ別/HTS_08_release_posterior_metric・6D条件付きblock・partition幾何_HTS56-67/HTS62_RUN_PACKAGE.zip.sha256	HTS	88	4c97cc6ce5c31d4e49e8b7be46530cfbb52106f5eb465f203635f27393dc6753	.sha256
01_HTV_HTS_CORE_DEPENDENCY_AUDIT/02_HTS_フェーズ別/HTS_08_release_posterior_metric・6D条件付きblock・partition幾何_HTS56-67/HTS63_PREFLIGHT_RESULTS_FOR_REVIEW.zip	HTS	4819	0e3328254e961b19958f04252809c8751de2ee53437ce846269ea9723965d4c0	.zip
01_HTV_HTS_CORE_DEPENDENCY_AUDIT/02_HTS_フェーズ別/HTS_08_release_posterior_metric・6D条件付きblock・partition幾何_HTS56-67/HTS63_PREFLIGHT_RESULTS_FOR_REVIEW.zip.sha256	HTS	105	5263166d4ae72d0d4d3315c8b212b26ebcd90895c1a11be4f137589e90767749	.sha256
01_HTV_HTS_CORE_DEPENDENCY_AUDIT/02_HTS_フェーズ別/HTS_08_release_posterior_metric・6D条件付きblock・partition幾何_HTS56-67/HTS63_RESULTS_FOR_REVIEW.zip	HTS	65401	66edffe6d416957a5ae75f5fc258b784bde0a76edf5feeacd54f328a38a406b7	.zip
01_HTV_HTS_CORE_DEPENDENCY_AUDIT/02_HTS_フェーズ別/HTS_08_release_posterior_metric・6D条件付きblock・partition幾何_HTS56-67/HTS63_RESULTS_FOR_REVIEW.zip.sha256	HTS	95	45310cf71230f4ec7319ccdb137c5cf105ebd2f7ee8516fe7eea22b130c8b66d	.sha256
01_HTV_HTS_CORE_DEPENDENCY_AUDIT/02_HTS_フェーズ別/HTS_08_release_posterior_metric・6D条件付きblock・partition幾何_HTS56-67/HTS63_RUN_PACKAGE.zip	HTS	30520	b4cfbadc6f98772ab7080333e8e18cf2c55301f7fdd662998817a0903a211b14	.zip
01_HTV_HTS_CORE_DEPENDENCY_AUDIT/02_HTS_フェーズ別/HTS_08_release_posterior_metric・6D条件付きblock・partition幾何_HTS56-67/HTS63_RUN_PACKAGE.zip.sha256	HTS	88	660d1e28614cf67f31a2f4d7a369ceeb05cdd3040b7c7bd0b8c6fa28dcda2f45	.sha256
01_HTV_HTS_CORE_DEPENDENCY_AUDIT/02_HTS_フェーズ別/HTS_08_release_posterior_metric・6D条件付きblock・partition幾何_HTS56-67/HTS64_PREFLIGHT_RESULTS_FOR_REVIEW.zip	HTS	4596	2c9422aacb59bf454c212725b348f6351e1e0711e9ecabcd2571fab8d3df725f	.zip
01_HTV_HTS_CORE_DEPENDENCY_AUDIT/02_HTS_フェーズ別/HTS_08_release_posterior_metric・6D条件付きblock・partition幾何_HTS56-67/HTS64_PREFLIGHT_RESULTS_FOR_REVIEW.zip.sha256	HTS	105	68d41a4bb15ec6391c30ee14d82c9206ea652a826c12a93915ca598f5873eb66	.sha256
01_HTV_HTS_CORE_DEPENDENCY_AUDIT/02_HTS_フェーズ別/HTS_08_release_posterior_metric・6D条件付きblock・partition幾何_HTS56-67/HTS64_RESULTS_FOR_REVIEW.zip	HTS	216441	64eedb9fc07abfcd4e2c6f365c403f4d953d674e4a4554751e9ffc27406ab925	.zip
01_HTV_HTS_CORE_DEPENDENCY_AUDIT/02_HTS_フェーズ別/HTS_08_release_posterior_metric・6D条件付きblock・partition幾何_HTS56-67/HTS64_RESULTS_FOR_REVIEW.zip.sha256	HTS	95	204323bccbd280f75dba91d1ff8dddf89182d5d79a1a3fd9a83c11c13d2fa065	.sha256
01_HTV_HTS_CORE_DEPENDENCY_AUDIT/02_HTS_フェーズ別/HTS_08_release_posterior_metric・6D条件付きblock・partition幾何_HTS56-67/HTS64_RUN_PACKAGE.zip	HTS	30145	41dde7225ca1de778fbe7a7b3a9d33cea3cca170e117d10373a9735069e3dbc5	.zip
01_HTV_HTS_CORE_DEPENDENCY_AUDIT/02_HTS_フェーズ別/HTS_08_release_posterior_metric・6D条件付きblock・partition幾何_HTS56-67/HTS64_RUN_PACKAGE.zip.sha256	HTS	88	19b34148f49c855b3bd601377c436143bfcc1d5af4450d1c0d0af8f3b46390c4	.sha256
01_HTV_HTS_CORE_DEPENDENCY_AUDIT/02_HTS_フェーズ別/HTS_08_release_posterior_metric・6D条件付きblock・partition幾何_HTS56-67/HTS65_PREFLIGHT_RESULTS_FOR_REVIEW.zip	HTS	4625	a4b6c71ec739749c6a2d71f2300ffa881f62f71a203137b9347838157f8a5298	.zip
01_HTV_HTS_CORE_DEPENDENCY_AUDIT/02_HTS_フェーズ別/HTS_08_release_posterior_metric・6D条件付きblock・partition幾何_HTS56-67/HTS65_PREFLIGHT_RESULTS_FOR_REVIEW.zip.sha256	HTS	105	ae48e25ad8e0dfe9dd2d2b9fd25d33fa22b75f7b2360cbf0d3420bd51cfb3901	.sha256
01_HTV_HTS_CORE_DEPENDENCY_AUDIT/02_HTS_フェーズ別/HTS_08_release_posterior_metric・6D条件付きblock・partition幾何_HTS56-67/HTS65_RESULTS_FOR_REVIEW.zip	HTS	121916	d1a74c3714434211848c16488201db8e66c9be1127a3aa235be98cabe8590efd	.zip
01_HTV_HTS_CORE_DEPENDENCY_AUDIT/02_HTS_フェーズ別/HTS_08_release_posterior_metric・6D条件付きblock・partition幾何_HTS56-67/HTS65_RESULTS_FOR_REVIEW.zip.sha256	HTS	95	68c255fe9d8c4cde37c842c153c50f4bae749b296b5273ae1559579e32425a63	.sha256
01_HTV_HTS_CORE_DEPENDENCY_AUDIT/02_HTS_フェーズ別/HTS_08_release_posterior_metric・6D条件付きblock・partition幾何_HTS56-67/HTS65_RUN_PACKAGE.zip	HTS	30498	3f9bfc7a22b449b847f099978fec07b05031d8c952a9e629312cab74884c3f7d	.zip
01_HTV_HTS_CORE_DEPENDENCY_AUDIT/02_HTS_フェーズ別/HTS_08_release_posterior_metric・6D条件付きblock・partition幾何_HTS56-67/HTS65_RUN_PACKAGE.zip.sha256	HTS	88	acf5c20d69b4eebc95f28706bd1911597baa6ef7557da8c81033bf1dd81cc670	.sha256
01_HTV_HTS_CORE_DEPENDENCY_AUDIT/02_HTS_フェーズ別/HTS_08_release_posterior_metric・6D条件付きblock・partition幾何_HTS56-67/HTS66_CORR_PREFLIGHT_RESULTS_FOR_REVIEW.zip	HTS	2102	de67daceec88c1e9b375181c104d104a04bcc80fab29a6faecef00ef88d656d8	.zip
01_HTV_HTS_CORE_DEPENDENCY_AUDIT/02_HTS_フェーズ別/HTS_08_release_posterior_metric・6D条件付きblock・partition幾何_HTS56-67/HTS66_CORR_PREFLIGHT_RESULTS_FOR_REVIEW.zip.sha256	HTS	110	7080cd7ceb3f7c71f6642d42b4f9d67a6f65cccdb7d54df2da352b96761c24fb	.sha256
01_HTV_HTS_CORE_DEPENDENCY_AUDIT/02_HTS_フェーズ別/HTS_08_release_posterior_metric・6D条件付きblock・partition幾何_HTS56-67/HTS66_CORR_RESULTS_FOR_REVIEW.zip	HTS	20979	125137a0735f4e5bffe940eb101d3e37e23f4b6d20ac06e115210aa1adee2a82	.zip
01_HTV_HTS_CORE_DEPENDENCY_AUDIT/02_HTS_フェーズ別/HTS_08_release_posterior_metric・6D条件付きblock・partition幾何_HTS56-67/HTS66_CORR_RESULTS_FOR_REVIEW.zip.sha256	HTS	100	2393644d9184fafc3d6bb03facd00f02c135e2c7d6d4180ebfd6c568fbb79e81	.sha256
01_HTV_HTS_CORE_DEPENDENCY_AUDIT/02_HTS_フェーズ別/HTS_08_release_posterior_metric・6D条件付きblock・partition幾何_HTS56-67/HTS66_CORR_RUN_PACKAGE.zip	HTS	14320	60bc473db689a8b04625443c75e4b2f3c3b429d7874e1fb9c1b333c6bbdb62e0	.zip
01_HTV_HTS_CORE_DEPENDENCY_AUDIT/02_HTS_フェーズ別/HTS_08_release_posterior_metric・6D条件付きblock・partition幾何_HTS56-67/HTS66_CORR_RUN_PACKAGE.zip.sha256	HTS	93	2dae717e3b9233bf42a796ade40bb9dd42f5fdbe455a6051cd295d7951df4cd4	.sha256
01_HTV_HTS_CORE_DEPENDENCY_AUDIT/02_HTS_フェーズ別/HTS_08_release_posterior_metric・6D条件付きblock・partition幾何_HTS56-67/HTS66_RESULTS_FOR_REVIEW.zip	HTS	5254	fade7d45c2f9b3d4ce89c43768cd20eeac11358c4d09b6e0f9722fc5a26540d9	.zip
01_HTV_HTS_CORE_DEPENDENCY_AUDIT/02_HTS_フェーズ別/HTS_08_release_posterior_metric・6D条件付きblock・partition幾何_HTS56-67/HTS66_RESULTS_FOR_REVIEW.zip.sha256	HTS	95	3c8ac372997979de75a34c73c1844c0fb60e5720c229357b92a4945bb4aee523	.sha256
01_HTV_HTS_CORE_DEPENDENCY_AUDIT/02_HTS_フェーズ別/HTS_08_release_posterior_metric・6D条件付きblock・partition幾何_HTS56-67/HTS66_RUN_PACKAGE.zip	HTS	29815	208635740125d0d833b358f52685765604307d278c14fef0a7e400cbc5d78294	.zip
01_HTV_HTS_CORE_DEPENDENCY_AUDIT/02_HTS_フェーズ別/HTS_08_release_posterior_metric・6D条件付きblock・partition幾何_HTS56-67/HTS66_RUN_PACKAGE.zip.sha256	HTS	88	d6e5478459e7d60793bd6dda3da6c3ca5410b591eb432df5eac9466780b20836	.sha256
01_HTV_HTS_CORE_DEPENDENCY_AUDIT/02_HTS_フェーズ別/HTS_08_release_posterior_metric・6D条件付きblock・partition幾何_HTS56-67/HTS67_RESULTS_FOR_REVIEW.zip	HTS	61714	813952ea7fc58b7271eb3ad8c849e1b4b78c9b4540742b7a754bf9c830921834	.zip
01_HTV_HTS_CORE_DEPENDENCY_AUDIT/02_HTS_フェーズ別/HTS_08_release_posterior_metric・6D条件付きblock・partition幾何_HTS56-67/HTS67_RESULTS_FOR_REVIEW.zip.sha256	HTS	95	74ac3a97919e114d9c0336469bc0aa8f13a2e56f928c1340a66d826858dccc4f	.sha256
01_HTV_HTS_CORE_DEPENDENCY_AUDIT/02_HTS_フェーズ別/HTS_08_release_posterior_metric・6D条件付きblock・partition幾何_HTS56-67/HTS67_RUN_PACKAGE.zip	HTS	33501	dd9a15179b10dfefd89cd0da2aec50b7262ccbf1cfeae048ed24e9cd3270aee4	.zip
01_HTV_HTS_CORE_DEPENDENCY_AUDIT/02_HTS_フェーズ別/HTS_08_release_posterior_metric・6D条件付きblock・partition幾何_HTS56-67/HTS67_RUN_PACKAGE.zip.sha256	HTS	88	1f38e2fbbecb0f4bdcf536d99eb455d914637b6a3238712b00ecae40075c9613	.sha256
01_HTV_HTS_CORE_DEPENDENCY_AUDIT/02_HTS_フェーズ別/HTS_09_TDCOSMO公開chain監査_HTS68/HTS68_CORR1_METHOD_AND_CONTRACT_ONLY_PACKAGE.zip	HTS	23492	72f302cca47fab3f3beb086ab48ced97225ca0319ef1de432c7e19b5c0f618fe	.zip
01_HTV_HTS_CORE_DEPENDENCY_AUDIT/02_HTS_フェーズ別/HTS_09_TDCOSMO公開chain監査_HTS68/HTS68_CORR2_METHOD_AND_CONTRACT_PATCH_ONLY_PACKAGE.zip	HTS	29430	e41a2ede7a6e3371dc3d102e7793af815074f76124a14158271fa10c63c48d52	.zip
01_HTV_HTS_CORE_DEPENDENCY_AUDIT/02_HTS_フェーズ別/HTS_09_TDCOSMO公開chain監査_HTS68/HTS68_CORR2_METHOD_AND_CONTRACT_PATCH_ONLY_PACKAGE.zip.sha256	HTS	121	9c1b3ce38f44152230460e08b422511009c71e37d391b003d0019945a4005f89	.sha256
01_HTV_HTS_CORE_DEPENDENCY_AUDIT/02_HTS_フェーズ別/HTS_10_全系列統合監査・次段階選定_HTV-HTS68/HTV_HTS_INTEGRATED_STATUS_AUDIT_PACKAGE.zip	HTS	21954	cce2802c97119ca419c28c11e700aa6187749145831ab7c16305c4e5117e0bf2	.zip
01_HTV_HTS_CORE_DEPENDENCY_AUDIT/02_HTS_フェーズ別/HTS_10_全系列統合監査・次段階選定_HTV-HTS68/HTV_HTS_INTEGRATED_STATUS_AUDIT_PACKAGE.zip.sha256	HTS	113	fdf41a8fc8279a1179962931121df3cf65e113d693404a623760cf4ce71a6eb7	.sha256
01_HTV_HTS_CORE_DEPENDENCY_AUDIT/02_HTS_フェーズ別/HTS_10_全系列統合監査・次段階選定_HTV-HTS68/POST_HTS68_NEXT_BRANCH_SELECTION_AUDIT_PACKAGE.zip	HTS	10064	99071e8a12be88ebe522c263e04882adf3f528bf7ac059748c30fb00ad8469d9	.zip
01_HTV_HTS_CORE_DEPENDENCY_AUDIT/03_キャッシュ関連/HTS_CHAIN_CACHE_STORE_INDEX_PACKAGE.zip	CACHE_INDEX	44577	55a1c898999524f515e8baa60f1a655fd4e5722287a742a4fc90a91dfec0672c	.zip
01_HTV_HTS_CORE_DEPENDENCY_AUDIT/03_キャッシュ関連/HTS_CHAIN_CACHE_STORE_INDEX_PACKAGE.zip.sha256	CACHE_INDEX	106	ea5e1a521b5a1679fb000e27ec2593b08040d583b6f1599ea1fc7075ff6b39fd	.sha256
02_TDCOSMO_BLIND_SENTINEL_PROJECT/PROJECT_STATUS.md	TDCOSMO	164	90d712b6a1f4d7aa3c27ff93618a8c2cb0178a0e343160e06626f40618f09cc1	.md
02_TDCOSMO_BLIND_SENTINEL_PROJECT/TDCOSMO_ALTERNATE_IMPLEMENTATION_BRANCH_CLOSEOUT_PACKAGE.zip	TDCOSMO	88598	db14c464cf0afa95b93ee3162cd7634dcb8d21e87ab25c6584249072727561d2	.zip
02_TDCOSMO_BLIND_SENTINEL_PROJECT/TDCOSMO_ALTERNATE_IMPLEMENTATION_BRANCH_CLOSEOUT_PACKAGE.zip.sha256	TDCOSMO	127	3f6216c9b2993c15eb75269693ec8bbfbf285137f4f26b713083e37decd2dd74	.sha256
02_TDCOSMO_BLIND_SENTINEL_PROJECT/TDCOSMO_BLIND_SENTINEL_IMPLEMENTATION_PACKAGE.zip	TDCOSMO	12366505	e883b98e84ef1161e8a4bbe7af5815950d92d5b47da20f16e37416db3038ad34	.zip
02_TDCOSMO_BLIND_SENTINEL_PROJECT/TDCOSMO_BLIND_SENTINEL_IMPLEMENTATION_PACKAGE.zip.sha256	TDCOSMO	116	5eb8250547189908ca2a7bbf4d76c168c11634f8727cef66578c90bd7d4695de	.sha256
02_TDCOSMO_BLIND_SENTINEL_PROJECT/TDCOSMO_BLIND_SENTINEL_RESULTS_FOR_REVIEW.zip	TDCOSMO	10440	cf5d11faff636b265bfbb87bb8aa79be8eab85f1e70105c49770b800225314cf	.zip
02_TDCOSMO_BLIND_SENTINEL_PROJECT/TDCOSMO_BLIND_TABLE6_EXTENSION_COMPARISON_AUDIT_PACKAGE.zip	TDCOSMO	23487	83465ddae9726e17dafb17be19432dfef0113b0e97e1e8478add808ed44581fe	.zip
02_TDCOSMO_BLIND_SENTINEL_PROJECT/TDCOSMO_BLIND_TABLE6_EXTENSION_COMPARISON_AUDIT_PACKAGE.zip.sha256	TDCOSMO	126	522dd919208bd8a14ca4fe512d177f7f31e7488e6cd89a14f7b620662a4850dc	.sha256
02_TDCOSMO_BLIND_SENTINEL_PROJECT/TDCOSMO_BLIND_TABLE6_EXTENSION_RESULTS_FOR_REVIEW.zip	TDCOSMO	12454	dd766060f25eb980283f28d93bd8c3f346e5a261fb46e41ba3054706f50894d1	.zip
02_TDCOSMO_BLIND_SENTINEL_PROJECT/TDCOSMO_BLIND_TABLE6_EXTENSION_RUN_PACKAGE.zip	TDCOSMO	60601444	02e2d65fb4a5c0ccce115327b3abed3a263e094f338350b6ef88d41c39d9aa4c	.zip
02_TDCOSMO_BLIND_SENTINEL_PROJECT/TDCOSMO_BLIND_TABLE6_EXTENSION_RUN_PACKAGE.zip.sha256	TDCOSMO	113	ed96e60c153b4ce7301c98d14ae27dc773498df32c446f4025db91d14cd4b026	.sha256
02_TDCOSMO_BLIND_SENTINEL_PROJECT/TDCOSMO_POST_BLIND_COMPARISON_AUDIT/04_RESULTS_FOR_REVIEW/TDCOSMO_BLIND_SENTINEL_COMPARISON_AUDIT_PACKAGE.zip	TDCOSMO	16131	e13f603e2e34078c56b61a5f2a56aec6e4c5310f137499662ff9d2c94cf8783c	.zip
02_TDCOSMO_BLIND_SENTINEL_PROJECT/TDCOSMO_POST_BLIND_COMPARISON_AUDIT/04_RESULTS_FOR_REVIEW/TDCOSMO_BLIND_SENTINEL_COMPARISON_AUDIT_PACKAGE.zip.sha256	TDCOSMO	118	a59a36c85cd056392c4b4fd938327c4a31d733c97d3f4e88b9e5a6d07252f8e1	.sha256
