sidecar_path	target_path	expected_sha256	actual_sha256	status
01_HTV_HTS_CORE_DEPENDENCY_AUDIT/01_HTV_フェーズ別/HTV_00_全体状態・再構成/HTV00_01_RESULTS_FOR_REVIEW.zip.sha256	01_HTV_HTS_CORE_DEPENDENCY_AUDIT/01_HTV_フェーズ別/HTV_00_全体状態・再構成/HTV00_01_RESULTS_FOR_REVIEW.zip	dc3e27a5625032087bf0e6c9b536ef5b5b503d0c842b04bac3e8803af1f7679f	dc3e27a5625032087bf0e6c9b536ef5b5b503d0c842b04bac3e8803af1f7679f	PASS
01_HTV_HTS_CORE_DEPENDENCY_AUDIT/01_HTV_フェーズ別/HTV_00_全体状態・再構成/HTV00_101_INDEPENDENT_CURRENT_STATE_RECONSTRUCTION.md.sha256	01_HTV_HTS_CORE_DEPENDENCY_AUDIT/01_HTV_フェーズ別/HTV_00_全体状態・再構成/HTV00_101_INDEPENDENT_CURRENT_STATE_RECONSTRUCTION.md	11efd2c6acac1f1f42b6e36dfee9ad571ffe6c98a0d863ee92d914abefe0ac22	11efd2c6acac1f1f42b6e36dfee9ad571ffe6c98a0d863ee92d914abefe0ac22	PASS
01_HTV_HTS_CORE_DEPENDENCY_AUDIT/01_HTV_フェーズ別/HTV_00_全体状態・再構成/HTV00_120_CANONICALIZATION_CORR1_RESULTS_FOR_REVIEW.zip.sha256	01_HTV_HTS_CORE_DEPENDENCY_AUDIT/01_HTV_フェーズ別/HTV_00_全体状態・再構成/HTV00_120_CANONICALIZATION_CORR1_RESULTS_FOR_REVIEW.zip	a2b54d8c46fda32187c8a5beeeab5a92605b0b352cedf199c57e154e17e9095e	a2b54d8c46fda32187c8a5beeeab5a92605b0b352cedf199c57e154e17e9095e	PASS
01_HTV_HTS_CORE_DEPENDENCY_AUDIT/01_HTV_フェーズ別/HTV_00_全体状態・再構成/HTV00_32_COMPARISON_AND_MINIMAL_CURRENT_STATE.md.sha256	01_HTV_HTS_CORE_DEPENDENCY_AUDIT/01_HTV_フェーズ別/HTV_00_全体状態・再構成/HTV00_32_COMPARISON_AND_MINIMAL_CURRENT_STATE.md	d51bded2b4ddaf67c3cfe2e1da6ff13d1200b770044a2265895398eca59dbd93	d51bded2b4ddaf67c3cfe2e1da6ff13d1200b770044a2265895398eca59dbd93	PASS
01_HTV_HTS_CORE_DEPENDENCY_AUDIT/01_HTV_フェーズ別/HTV_00_全体状態・再構成/HTV00_32_INDEPENDENT_CURRENT_STATE_RECONSTRUCTION.md.sha256	01_HTV_HTS_CORE_DEPENDENCY_AUDIT/01_HTV_フェーズ別/HTV_00_全体状態・再構成/HTV00_32_INDEPENDENT_CURRENT_STATE_RECONSTRUCTION.md	c951d7d547834ea365354dbfef94a7aaf84d6368643cdad657153b0c329ec225	c951d7d547834ea365354dbfef94a7aaf84d6368643cdad657153b0c329ec225	PASS
01_HTV_HTS_CORE_DEPENDENCY_AUDIT/01_HTV_フェーズ別/HTV_01_初期監査・候補選定_HTV02-10/HTV02_RESULTS_FOR_REVIEW.zip.sha256	01_HTV_HTS_CORE_DEPENDENCY_AUDIT/01_HTV_フェーズ別/HTV_01_初期監査・候補選定_HTV02-10/HTV02_RESULTS_FOR_REVIEW.zip	69e62736e43a8977e1f4d22a75facdde4ac3f4362541aef06be79ff023b88bce	69e62736e43a8977e1f4d22a75facdde4ac3f4362541aef06be79ff023b88bce	PASS
01_HTV_HTS_CORE_DEPENDENCY_AUDIT/01_HTV_フェーズ別/HTV_01_初期監査・候補選定_HTV02-10/HTV03_RESULTS_FOR_REVIEW.zip.sha256	01_HTV_HTS_CORE_DEPENDENCY_AUDIT/01_HTV_フェーズ別/HTV_01_初期監査・候補選定_HTV02-10/HTV03_RESULTS_FOR_REVIEW.zip	5e9f49149b4174fb80fbfaa79cc854a2f9f70f262daf7fffb3878f46e8a67a8d	5e9f49149b4174fb80fbfaa79cc854a2f9f70f262daf7fffb3878f46e8a67a8d	PASS
01_HTV_HTS_CORE_DEPENDENCY_AUDIT/01_HTV_フェーズ別/HTV_01_初期監査・候補選定_HTV02-10/HTV04_RESULTS_FOR_REVIEW.zip.sha256	01_HTV_HTS_CORE_DEPENDENCY_AUDIT/01_HTV_フェーズ別/HTV_01_初期監査・候補選定_HTV02-10/HTV04_RESULTS_FOR_REVIEW.zip	8e37f88112847a1cc3532ac1fd938a70dac032454775cca4f8ed0d295350ab7a	8e37f88112847a1cc3532ac1fd938a70dac032454775cca4f8ed0d295350ab7a	PASS
01_HTV_HTS_CORE_DEPENDENCY_AUDIT/01_HTV_フェーズ別/HTV_01_初期監査・候補選定_HTV02-10/HTV05_RESULTS_FOR_REVIEW.zip.sha256	01_HTV_HTS_CORE_DEPENDENCY_AUDIT/01_HTV_フェーズ別/HTV_01_初期監査・候補選定_HTV02-10/HTV05_RESULTS_FOR_REVIEW.zip	fc75b5c5dee8001d64ca8c3f6635ccf9607b7b69a8b54ed4b2d1811beb0d2bd6	fc75b5c5dee8001d64ca8c3f6635ccf9607b7b69a8b54ed4b2d1811beb0d2bd6	PASS
01_HTV_HTS_CORE_DEPENDENCY_AUDIT/01_HTV_フェーズ別/HTV_01_初期監査・候補選定_HTV02-10/HTV06_RESULTS_FOR_REVIEW.zip.sha256	01_HTV_HTS_CORE_DEPENDENCY_AUDIT/01_HTV_フェーズ別/HTV_01_初期監査・候補選定_HTV02-10/HTV06_RESULTS_FOR_REVIEW.zip	0d9a7f7a7c73610eff286eb211cd7b0d76d882102f9009e55c3b3f19b0a155eb	0d9a7f7a7c73610eff286eb211cd7b0d76d882102f9009e55c3b3f19b0a155eb	PASS
01_HTV_HTS_CORE_DEPENDENCY_AUDIT/01_HTV_フェーズ別/HTV_01_初期監査・候補選定_HTV02-10/HTV07_RESULTS_FOR_REVIEW.zip.sha256	01_HTV_HTS_CORE_DEPENDENCY_AUDIT/01_HTV_フェーズ別/HTV_01_初期監査・候補選定_HTV02-10/HTV07_RESULTS_FOR_REVIEW.zip	60cbd1b63ca427f47cc9a6bfe1f4312b745d431c846916884ef8b14b252d1f0f	60cbd1b63ca427f47cc9a6bfe1f4312b745d431c846916884ef8b14b252d1f0f	PASS
01_HTV_HTS_CORE_DEPENDENCY_AUDIT/01_HTV_フェーズ別/HTV_01_初期監査・候補選定_HTV02-10/HTV08_RESULTS_FOR_REVIEW.zip.sha256	01_HTV_HTS_CORE_DEPENDENCY_AUDIT/01_HTV_フェーズ別/HTV_01_初期監査・候補選定_HTV02-10/HTV08_RESULTS_FOR_REVIEW.zip	6b6850a2da1aba010049874a30b247f4c77a1de0b349df0cf6571ad69a346725	6b6850a2da1aba010049874a30b247f4c77a1de0b349df0cf6571ad69a346725	PASS
01_HTV_HTS_CORE_DEPENDENCY_AUDIT/01_HTV_フェーズ別/HTV_01_初期監査・候補選定_HTV02-10/HTV09_RESULTS_FOR_REVIEW.zip.sha256	01_HTV_HTS_CORE_DEPENDENCY_AUDIT/01_HTV_フェーズ別/HTV_01_初期監査・候補選定_HTV02-10/HTV09_RESULTS_FOR_REVIEW.zip	3b18a3520948b8e2180a92c59e05601e03e86fa8707ff8bef1d96c051ec0a082	3b18a3520948b8e2180a92c59e05601e03e86fa8707ff8bef1d96c051ec0a082	PASS
01_HTV_HTS_CORE_DEPENDENCY_AUDIT/01_HTV_フェーズ別/HTV_01_初期監査・候補選定_HTV02-10/HTV10_RESULTS_FOR_REVIEW.zip.sha256	01_HTV_HTS_CORE_DEPENDENCY_AUDIT/01_HTV_フェーズ別/HTV_01_初期監査・候補選定_HTV02-10/HTV10_RESULTS_FOR_REVIEW.zip	3cae9f408a44ed1b7ad118cea11dad17f66b491602b3c9a7f593066f250f3f09	3cae9f408a44ed1b7ad118cea11dad17f66b491602b3c9a7f593066f250f3f09	PASS
01_HTV_HTS_CORE_DEPENDENCY_AUDIT/01_HTV_フェーズ別/HTV_02_横断比較・依存関係_HTV11-18/HTV11_RESULTS_FOR_REVIEW.zip.sha256	01_HTV_HTS_CORE_DEPENDENCY_AUDIT/01_HTV_フェーズ別/HTV_02_横断比較・依存関係_HTV11-18/HTV11_RESULTS_FOR_REVIEW.zip	f9e3e2ed26beff53a3a6b52c95beb227604506a30ca9e4f82dd9574dc1f39970	f9e3e2ed26beff53a3a6b52c95beb227604506a30ca9e4f82dd9574dc1f39970	PASS
01_HTV_HTS_CORE_DEPENDENCY_AUDIT/01_HTV_フェーズ別/HTV_02_横断比較・依存関係_HTV11-18/HTV12_RESULTS_FOR_REVIEW.zip.sha256	01_HTV_HTS_CORE_DEPENDENCY_AUDIT/01_HTV_フェーズ別/HTV_02_横断比較・依存関係_HTV11-18/HTV12_RESULTS_FOR_REVIEW.zip	9bbf55dd7cc175e988b56e5ebcfa05d9a2a6f0fb482d2f3d13f5fb219ac64c6f	9bbf55dd7cc175e988b56e5ebcfa05d9a2a6f0fb482d2f3d13f5fb219ac64c6f	PASS
01_HTV_HTS_CORE_DEPENDENCY_AUDIT/01_HTV_フェーズ別/HTV_02_横断比較・依存関係_HTV11-18/HTV13_RESULTS_FOR_REVIEW.zip.sha256	01_HTV_HTS_CORE_DEPENDENCY_AUDIT/01_HTV_フェーズ別/HTV_02_横断比較・依存関係_HTV11-18/HTV13_RESULTS_FOR_REVIEW.zip	11ce842295d657ceab91f6c7dfa3e5a530f705c2a14aa878749e23f77e17e09f	11ce842295d657ceab91f6c7dfa3e5a530f705c2a14aa878749e23f77e17e09f	PASS
01_HTV_HTS_CORE_DEPENDENCY_AUDIT/01_HTV_フェーズ別/HTV_02_横断比較・依存関係_HTV11-18/HTV14_RESULTS_FOR_REVIEW.zip.sha256	01_HTV_HTS_CORE_DEPENDENCY_AUDIT/01_HTV_フェーズ別/HTV_02_横断比較・依存関係_HTV11-18/HTV14_RESULTS_FOR_REVIEW.zip	6b0a2d19afcbd54302eb3194ec912dba4c1f0b692258e30abb85151e2ed4c663	6b0a2d19afcbd54302eb3194ec912dba4c1f0b692258e30abb85151e2ed4c663	PASS
01_HTV_HTS_CORE_DEPENDENCY_AUDIT/01_HTV_フェーズ別/HTV_02_横断比較・依存関係_HTV11-18/HTV15_RESULTS_FOR_REVIEW.zip.sha256	01_HTV_HTS_CORE_DEPENDENCY_AUDIT/01_HTV_フェーズ別/HTV_02_横断比較・依存関係_HTV11-18/HTV15_RESULTS_FOR_REVIEW.zip	c787581f056c66ec36f40bea036cea82d47aae18b38f1b00337d69fb40cebc88	c787581f056c66ec36f40bea036cea82d47aae18b38f1b00337d69fb40cebc88	PASS
01_HTV_HTS_CORE_DEPENDENCY_AUDIT/01_HTV_フェーズ別/HTV_02_横断比較・依存関係_HTV11-18/HTV16_RESULTS_FOR_REVIEW.zip.sha256	01_HTV_HTS_CORE_DEPENDENCY_AUDIT/01_HTV_フェーズ別/HTV_02_横断比較・依存関係_HTV11-18/HTV16_RESULTS_FOR_REVIEW.zip	e3360d31bb65119249575e6c724e5efe4bd3149cffd453b4949f20ab5c9e59c0	e3360d31bb65119249575e6c724e5efe4bd3149cffd453b4949f20ab5c9e59c0	PASS
01_HTV_HTS_CORE_DEPENDENCY_AUDIT/01_HTV_フェーズ別/HTV_02_横断比較・依存関係_HTV11-18/HTV17_RESULTS_FOR_REVIEW.zip.sha256	01_HTV_HTS_CORE_DEPENDENCY_AUDIT/01_HTV_フェーズ別/HTV_02_横断比較・依存関係_HTV11-18/HTV17_RESULTS_FOR_REVIEW.zip	3aa851d9e47125ab4e250996f79f6dbbc4e78a978ced657257a93f75d98e8384	3aa851d9e47125ab4e250996f79f6dbbc4e78a978ced657257a93f75d98e8384	PASS
01_HTV_HTS_CORE_DEPENDENCY_AUDIT/01_HTV_フェーズ別/HTV_02_横断比較・依存関係_HTV11-18/HTV18_RESULTS_FOR_REVIEW.zip.sha256	01_HTV_HTS_CORE_DEPENDENCY_AUDIT/01_HTV_フェーズ別/HTV_02_横断比較・依存関係_HTV11-18/HTV18_RESULTS_FOR_REVIEW.zip	fa70ac780549d955550f418a38cefbbf6587c92d7b1ca42b4ba559127f60a18e	fa70ac780549d955550f418a38cefbbf6587c92d7b1ca42b4ba559127f60a18e	PASS
01_HTV_HTS_CORE_DEPENDENCY_AUDIT/01_HTV_フェーズ別/HTV_03_局所距離梯子・SN較正・BBC_HTV19-31/HTV19_RESULTS_FOR_REVIEW.zip.sha256	01_HTV_HTS_CORE_DEPENDENCY_AUDIT/01_HTV_フェーズ別/HTV_03_局所距離梯子・SN較正・BBC_HTV19-31/HTV19_RESULTS_FOR_REVIEW.zip	6c0e263a9a2b77e8002272957bc1c4d0e929a04c86f67a32484d72713b872de2	6c0e263a9a2b77e8002272957bc1c4d0e929a04c86f67a32484d72713b872de2	PASS
01_HTV_HTS_CORE_DEPENDENCY_AUDIT/01_HTV_フェーズ別/HTV_03_局所距離梯子・SN較正・BBC_HTV19-31/HTV20_RESULTS_FOR_REVIEW.zip.sha256	01_HTV_HTS_CORE_DEPENDENCY_AUDIT/01_HTV_フェーズ別/HTV_03_局所距離梯子・SN較正・BBC_HTV19-31/HTV20_RESULTS_FOR_REVIEW.zip	0d85bc8c772d07e51273f100753c2d4d37489433a8244ab50384442a85f6a910	0d85bc8c772d07e51273f100753c2d4d37489433a8244ab50384442a85f6a910	PASS
01_HTV_HTS_CORE_DEPENDENCY_AUDIT/01_HTV_フェーズ別/HTV_03_局所距離梯子・SN較正・BBC_HTV19-31/HTV21_RESULTS_FOR_REVIEW.zip.sha256	01_HTV_HTS_CORE_DEPENDENCY_AUDIT/01_HTV_フェーズ別/HTV_03_局所距離梯子・SN較正・BBC_HTV19-31/HTV21_RESULTS_FOR_REVIEW.zip	9bac87adae8ff684d2ec38924caba158fd67cc847ed8db06427507dc9c1f2672	9bac87adae8ff684d2ec38924caba158fd67cc847ed8db06427507dc9c1f2672	PASS
01_HTV_HTS_CORE_DEPENDENCY_AUDIT/01_HTV_フェーズ別/HTV_03_局所距離梯子・SN較正・BBC_HTV19-31/HTV22_RESULTS_FOR_REVIEW.zip.sha256	01_HTV_HTS_CORE_DEPENDENCY_AUDIT/01_HTV_フェーズ別/HTV_03_局所距離梯子・SN較正・BBC_HTV19-31/HTV22_RESULTS_FOR_REVIEW.zip	8407081440ff6b013b5b9cfa35e27a03f8e9769c47060042c0155d8ba93fca59	8407081440ff6b013b5b9cfa35e27a03f8e9769c47060042c0155d8ba93fca59	PASS
01_HTV_HTS_CORE_DEPENDENCY_AUDIT/01_HTV_フェーズ別/HTV_03_局所距離梯子・SN較正・BBC_HTV19-31/HTV23_RESULTS_FOR_REVIEW.zip.sha256	01_HTV_HTS_CORE_DEPENDENCY_AUDIT/01_HTV_フェーズ別/HTV_03_局所距離梯子・SN較正・BBC_HTV19-31/HTV23_RESULTS_FOR_REVIEW.zip	e863fc735d6e1245c3109b9e28053de6604b99205b03e8501f6831df62ef7192	e863fc735d6e1245c3109b9e28053de6604b99205b03e8501f6831df62ef7192	PASS
01_HTV_HTS_CORE_DEPENDENCY_AUDIT/01_HTV_フェーズ別/HTV_03_局所距離梯子・SN較正・BBC_HTV19-31/HTV24_RESULTS_FOR_REVIEW.zip.sha256	01_HTV_HTS_CORE_DEPENDENCY_AUDIT/01_HTV_フェーズ別/HTV_03_局所距離梯子・SN較正・BBC_HTV19-31/HTV24_RESULTS_FOR_REVIEW.zip	d9dde2ce6ae2d23d2644e588989696fc8a5c673e1009cc1456ec8db0b7e2981c	d9dde2ce6ae2d23d2644e588989696fc8a5c673e1009cc1456ec8db0b7e2981c	PASS
01_HTV_HTS_CORE_DEPENDENCY_AUDIT/01_HTV_フェーズ別/HTV_03_局所距離梯子・SN較正・BBC_HTV19-31/HTV25_RESULTS_FOR_REVIEW.zip.sha256	01_HTV_HTS_CORE_DEPENDENCY_AUDIT/01_HTV_フェーズ別/HTV_03_局所距離梯子・SN較正・BBC_HTV19-31/HTV25_RESULTS_FOR_REVIEW.zip	9d6d8521649e4fe778bfde08a56d8dc2d0af812b831bb59b1f3151de7edd6f63	9d6d8521649e4fe778bfde08a56d8dc2d0af812b831bb59b1f3151de7edd6f63	PASS
01_HTV_HTS_CORE_DEPENDENCY_AUDIT/01_HTV_フェーズ別/HTV_03_局所距離梯子・SN較正・BBC_HTV19-31/HTV26_RESULTS_FOR_REVIEW.zip.sha256	01_HTV_HTS_CORE_DEPENDENCY_AUDIT/01_HTV_フェーズ別/HTV_03_局所距離梯子・SN較正・BBC_HTV19-31/HTV26_RESULTS_FOR_REVIEW.zip	12e030a26116c0a20e4298621e2e313eb66c750dfa3562968effaa600bbee45c	12e030a26116c0a20e4298621e2e313eb66c750dfa3562968effaa600bbee45c	PASS
01_HTV_HTS_CORE_DEPENDENCY_AUDIT/01_HTV_フェーズ別/HTV_03_局所距離梯子・SN較正・BBC_HTV19-31/HTV27_RESULTS_FOR_REVIEW.zip.sha256	01_HTV_HTS_CORE_DEPENDENCY_AUDIT/01_HTV_フェーズ別/HTV_03_局所距離梯子・SN較正・BBC_HTV19-31/HTV27_RESULTS_FOR_REVIEW.zip	05b9e2642848c3b171d6cd2a9a8f552c40833d8fc7cfb864c48ccf8b1df030c0	05b9e2642848c3b171d6cd2a9a8f552c40833d8fc7cfb864c48ccf8b1df030c0	PASS
01_HTV_HTS_CORE_DEPENDENCY_AUDIT/01_HTV_フェーズ別/HTV_03_局所距離梯子・SN較正・BBC_HTV19-31/HTV28_RESULTS_FOR_REVIEW.zip.sha256	01_HTV_HTS_CORE_DEPENDENCY_AUDIT/01_HTV_フェーズ別/HTV_03_局所距離梯子・SN較正・BBC_HTV19-31/HTV28_RESULTS_FOR_REVIEW.zip	17e573c6af49a449d107c471541bb042d97303032d7fda215dc365c845aea172	17e573c6af49a449d107c471541bb042d97303032d7fda215dc365c845aea172	PASS
01_HTV_HTS_CORE_DEPENDENCY_AUDIT/01_HTV_フェーズ別/HTV_03_局所距離梯子・SN較正・BBC_HTV19-31/HTV29_RESULTS_FOR_REVIEW.zip.sha256	01_HTV_HTS_CORE_DEPENDENCY_AUDIT/01_HTV_フェーズ別/HTV_03_局所距離梯子・SN較正・BBC_HTV19-31/HTV29_RESULTS_FOR_REVIEW.zip	60b11e50a36792e83661fea9c84f7af7ec72467a8507f36a1a5934c9c437d857	60b11e50a36792e83661fea9c84f7af7ec72467a8507f36a1a5934c9c437d857	PASS
01_HTV_HTS_CORE_DEPENDENCY_AUDIT/01_HTV_フェーズ別/HTV_03_局所距離梯子・SN較正・BBC_HTV19-31/HTV30_RESULTS_FOR_REVIEW.zip.sha256	01_HTV_HTS_CORE_DEPENDENCY_AUDIT/01_HTV_フェーズ別/HTV_03_局所距離梯子・SN較正・BBC_HTV19-31/HTV30_RESULTS_FOR_REVIEW.zip	73e79210e6166130b853fe13693afefcc8e81995b4efcd21366b3e747d43fe78	73e79210e6166130b853fe13693afefcc8e81995b4efcd21366b3e747d43fe78	PASS
01_HTV_HTS_CORE_DEPENDENCY_AUDIT/01_HTV_フェーズ別/HTV_03_局所距離梯子・SN較正・BBC_HTV19-31/HTV31_RESULTS_FOR_REVIEW.zip.sha256	01_HTV_HTS_CORE_DEPENDENCY_AUDIT/01_HTV_フェーズ別/HTV_03_局所距離梯子・SN較正・BBC_HTV19-31/HTV31_RESULTS_FOR_REVIEW.zip	554c9f8d4680298ab7e95e5178c96908e5d9c438f87320c07836dbde4c9406ac	554c9f8d4680298ab7e95e5178c96908e5d9c438f87320c07836dbde4c9406ac	PASS
01_HTV_HTS_CORE_DEPENDENCY_AUDIT/01_HTV_フェーズ別/HTV_04_CMB-DESI基礎・CMB-SPA_HTV32-36/HTV32_RESULTS_FOR_REVIEW.zip.sha256	01_HTV_HTS_CORE_DEPENDENCY_AUDIT/01_HTV_フェーズ別/HTV_04_CMB-DESI基礎・CMB-SPA_HTV32-36/HTV32_RESULTS_FOR_REVIEW.zip	4a2eabb905b0793973db27f90545312e764cc2ef43900244499b5e174cb2de46	4a2eabb905b0793973db27f90545312e764cc2ef43900244499b5e174cb2de46	PASS
01_HTV_HTS_CORE_DEPENDENCY_AUDIT/01_HTV_フェーズ別/HTV_04_CMB-DESI基礎・CMB-SPA_HTV32-36/HTV33_INDEPENDENT_ACCEPTANCE_AUDIT.md.sha256	01_HTV_HTS_CORE_DEPENDENCY_AUDIT/01_HTV_フェーズ別/HTV_04_CMB-DESI基礎・CMB-SPA_HTV32-36/HTV33_INDEPENDENT_ACCEPTANCE_AUDIT.md	26ac1dd6d3a90f2924992ca2829a63e56a35c151ec42663316cc213c17910cc8	26ac1dd6d3a90f2924992ca2829a63e56a35c151ec42663316cc213c17910cc8	PASS
01_HTV_HTS_CORE_DEPENDENCY_AUDIT/01_HTV_フェーズ別/HTV_04_CMB-DESI基礎・CMB-SPA_HTV32-36/HTV33_RESULTS_FOR_REVIEW.zip.sha256	01_HTV_HTS_CORE_DEPENDENCY_AUDIT/01_HTV_フェーズ別/HTV_04_CMB-DESI基礎・CMB-SPA_HTV32-36/HTV33_RESULTS_FOR_REVIEW.zip	319d89ae300ddb9edc8518d7dbf0e841836944a573198e4d682007101c088acf	319d89ae300ddb9edc8518d7dbf0e841836944a573198e4d682007101c088acf	PASS
01_HTV_HTS_CORE_DEPENDENCY_AUDIT/01_HTV_フェーズ別/HTV_04_CMB-DESI基礎・CMB-SPA_HTV32-36/HTV34_CHAIN_ACQUISITION_ADDENDUM.md.sha256	01_HTV_HTS_CORE_DEPENDENCY_AUDIT/01_HTV_フェーズ別/HTV_04_CMB-DESI基礎・CMB-SPA_HTV32-36/HTV34_CHAIN_ACQUISITION_ADDENDUM.md	57dc3011efb15bbb086a79d5cb2f400bc702c01bf351ff499927acc1ed0939dd	57dc3011efb15bbb086a79d5cb2f400bc702c01bf351ff499927acc1ed0939dd	PASS
01_HTV_HTS_CORE_DEPENDENCY_AUDIT/01_HTV_フェーズ別/HTV_04_CMB-DESI基礎・CMB-SPA_HTV32-36/HTV34_RESULTS_FOR_REVIEW.zip.sha256	01_HTV_HTS_CORE_DEPENDENCY_AUDIT/01_HTV_フェーズ別/HTV_04_CMB-DESI基礎・CMB-SPA_HTV32-36/HTV34_RESULTS_FOR_REVIEW.zip	1c377837271c74ee559699980f3461174fc8c9ce771a15aa8ff8ca17a44bc386	1c377837271c74ee559699980f3461174fc8c9ce771a15aa8ff8ca17a44bc386	PASS
01_HTV_HTS_CORE_DEPENDENCY_AUDIT/01_HTV_フェーズ別/HTV_04_CMB-DESI基礎・CMB-SPA_HTV32-36/HTV35_RESULTS_FOR_REVIEW.zip.sha256	01_HTV_HTS_CORE_DEPENDENCY_AUDIT/01_HTV_フェーズ別/HTV_04_CMB-DESI基礎・CMB-SPA_HTV32-36/HTV35_RESULTS_FOR_REVIEW.zip	f31acca31bf92bfe8eff3ab3c64611f99efd7d9168de678bf6e8ccc29a25f662	f31acca31bf92bfe8eff3ab3c64611f99efd7d9168de678bf6e8ccc29a25f662	PASS
01_HTV_HTS_CORE_DEPENDENCY_AUDIT/01_HTV_フェーズ別/HTV_04_CMB-DESI基礎・CMB-SPA_HTV32-36/HTV36_ACQUISITION_OUTPUTS_FOR_REVIEW.zip.sha256	01_HTV_HTS_CORE_DEPENDENCY_AUDIT/01_HTV_フェーズ別/HTV_04_CMB-DESI基礎・CMB-SPA_HTV32-36/HTV36_ACQUISITION_OUTPUTS_FOR_REVIEW.zip	20d683e80ed25f15fee02d35585219c18f6239dfe18a7148a7dfb0dec1835b4f	20d683e80ed25f15fee02d35585219c18f6239dfe18a7148a7dfb0dec1835b4f	PASS
01_HTV_HTS_CORE_DEPENDENCY_AUDIT/01_HTV_フェーズ別/HTV_04_CMB-DESI基礎・CMB-SPA_HTV32-36/HTV36_RESULTS_FOR_REVIEW.zip.sha256	01_HTV_HTS_CORE_DEPENDENCY_AUDIT/01_HTV_フェーズ別/HTV_04_CMB-DESI基礎・CMB-SPA_HTV32-36/HTV36_RESULTS_FOR_REVIEW.zip	991389cf819c2e489683a1dc9f8fa83f7e6f5ff8774736e420d618b18d0bb8b1	991389cf819c2e489683a1dc9f8fa83f7e6f5ff8774736e420d618b18d0bb8b1	PASS
01_HTV_HTS_CORE_DEPENDENCY_AUDIT/01_HTV_フェーズ別/HTV_04_CMB-DESI基礎・CMB-SPA_HTV32-36/HTV36_RUN_PACKAGE.zip.sha256	01_HTV_HTS_CORE_DEPENDENCY_AUDIT/01_HTV_フェーズ別/HTV_04_CMB-DESI基礎・CMB-SPA_HTV32-36/HTV36_RUN_PACKAGE.zip	1f61fbd1b2c8cf7804dc34c2c7edf3efb04917b07b805f530ea9a9428695f68a	1f61fbd1b2c8cf7804dc34c2c7edf3efb04917b07b805f530ea9a9428695f68a	PASS
01_HTV_HTS_CORE_DEPENDENCY_AUDIT/01_HTV_フェーズ別/HTV_05_tau_prior・CMB-SPA応答_HTV37-45/HTV37_INDEPENDENT_ACCEPTANCE_AUDIT.md.sha256	01_HTV_HTS_CORE_DEPENDENCY_AUDIT/01_HTV_フェーズ別/HTV_05_tau_prior・CMB-SPA応答_HTV37-45/HTV37_INDEPENDENT_ACCEPTANCE_AUDIT.md	dbdde2b1d03d2e5ade3c5eea0b972f0e91b0e49ffc6a36095a857e4b87d9c146	dbdde2b1d03d2e5ade3c5eea0b972f0e91b0e49ffc6a36095a857e4b87d9c146	PASS
01_HTV_HTS_CORE_DEPENDENCY_AUDIT/01_HTV_フェーズ別/HTV_05_tau_prior・CMB-SPA応答_HTV37-45/HTV37_RESULTS_FOR_REVIEW.zip.sha256	01_HTV_HTS_CORE_DEPENDENCY_AUDIT/01_HTV_フェーズ別/HTV_05_tau_prior・CMB-SPA応答_HTV37-45/HTV37_RESULTS_FOR_REVIEW.zip	dfc7a4f78297de81129fb3daf0a371ee046b78876e7ec174f7dac5def3dba748	dfc7a4f78297de81129fb3daf0a371ee046b78876e7ec174f7dac5def3dba748	PASS
01_HTV_HTS_CORE_DEPENDENCY_AUDIT/01_HTV_フェーズ別/HTV_05_tau_prior・CMB-SPA応答_HTV37-45/HTV37_RUN_PACKAGE.zip.sha256	01_HTV_HTS_CORE_DEPENDENCY_AUDIT/01_HTV_フェーズ別/HTV_05_tau_prior・CMB-SPA応答_HTV37-45/HTV37_RUN_PACKAGE.zip	42bec8f9d3c6d493a598337280303b31eed9d5f0148d321e77b29ed4c1efe38e	42bec8f9d3c6d493a598337280303b31eed9d5f0148d321e77b29ed4c1efe38e	PASS
01_HTV_HTS_CORE_DEPENDENCY_AUDIT/01_HTV_フェーズ別/HTV_05_tau_prior・CMB-SPA応答_HTV37-45/HTV38_RESULTS_FOR_REVIEW.zip.sha256	01_HTV_HTS_CORE_DEPENDENCY_AUDIT/01_HTV_フェーズ別/HTV_05_tau_prior・CMB-SPA応答_HTV37-45/HTV38_RESULTS_FOR_REVIEW.zip	bf884a31850dba235dbad25a5834fb96f40e5f6ef7318a2bc7fc40027736a5f8	bf884a31850dba235dbad25a5834fb96f40e5f6ef7318a2bc7fc40027736a5f8	PASS
01_HTV_HTS_CORE_DEPENDENCY_AUDIT/01_HTV_フェーズ別/HTV_05_tau_prior・CMB-SPA応答_HTV37-45/HTV39_INDEPENDENT_ACCEPTANCE_AUDIT.md.sha256	01_HTV_HTS_CORE_DEPENDENCY_AUDIT/01_HTV_フェーズ別/HTV_05_tau_prior・CMB-SPA応答_HTV37-45/HTV39_INDEPENDENT_ACCEPTANCE_AUDIT.md	1eee8a1397cfb4da385c7872e36924fd41e263b4547b1cb2a0288b93f5992994	1eee8a1397cfb4da385c7872e36924fd41e263b4547b1cb2a0288b93f5992994	PASS
01_HTV_HTS_CORE_DEPENDENCY_AUDIT/01_HTV_フェーズ別/HTV_05_tau_prior・CMB-SPA応答_HTV37-45/HTV39_RESULTS_FOR_REVIEW.zip.sha256	01_HTV_HTS_CORE_DEPENDENCY_AUDIT/01_HTV_フェーズ別/HTV_05_tau_prior・CMB-SPA応答_HTV37-45/HTV39_RESULTS_FOR_REVIEW.zip	f2c480251bf4243d1984fd28e737e6175399712c8c7739709d62ec3d747690a9	f2c480251bf4243d1984fd28e737e6175399712c8c7739709d62ec3d747690a9	PASS
01_HTV_HTS_CORE_DEPENDENCY_AUDIT/01_HTV_フェーズ別/HTV_05_tau_prior・CMB-SPA応答_HTV37-45/HTV39_RUN_PACKAGE.zip.sha256	01_HTV_HTS_CORE_DEPENDENCY_AUDIT/01_HTV_フェーズ別/HTV_05_tau_prior・CMB-SPA応答_HTV37-45/HTV39_RUN_PACKAGE.zip	575cf310e0a13495f1c33c6a6ebc6dc4de11292cb6417fcc66bd72c22a7ce404	575cf310e0a13495f1c33c6a6ebc6dc4de11292cb6417fcc66bd72c22a7ce404	PASS
01_HTV_HTS_CORE_DEPENDENCY_AUDIT/01_HTV_フェーズ別/HTV_05_tau_prior・CMB-SPA応答_HTV37-45/HTV40_RESULTS_FOR_REVIEW.zip.sha256	01_HTV_HTS_CORE_DEPENDENCY_AUDIT/01_HTV_フェーズ別/HTV_05_tau_prior・CMB-SPA応答_HTV37-45/HTV40_RESULTS_FOR_REVIEW.zip	cbc1ba911c40d4b52fe1c2177b98d6f068e81213f0a798e171678bf76f49579b	cbc1ba911c40d4b52fe1c2177b98d6f068e81213f0a798e171678bf76f49579b	PASS
01_HTV_HTS_CORE_DEPENDENCY_AUDIT/01_HTV_フェーズ別/HTV_05_tau_prior・CMB-SPA応答_HTV37-45/HTV41_INDEPENDENT_ACCEPTANCE_AUDIT.md.sha256	01_HTV_HTS_CORE_DEPENDENCY_AUDIT/01_HTV_フェーズ別/HTV_05_tau_prior・CMB-SPA応答_HTV37-45/HTV41_INDEPENDENT_ACCEPTANCE_AUDIT.md	f20658f51e138ff575ee040226a26ff4cc96369cb3d769e5f0a6c34f2439de78	f20658f51e138ff575ee040226a26ff4cc96369cb3d769e5f0a6c34f2439de78	PASS
01_HTV_HTS_CORE_DEPENDENCY_AUDIT/01_HTV_フェーズ別/HTV_05_tau_prior・CMB-SPA応答_HTV37-45/HTV41_RESULTS_FOR_REVIEW.zip.sha256	01_HTV_HTS_CORE_DEPENDENCY_AUDIT/01_HTV_フェーズ別/HTV_05_tau_prior・CMB-SPA応答_HTV37-45/HTV41_RESULTS_FOR_REVIEW.zip	30079972e40a71f208aa0ef1bcf1e135b2b31d85db69ddbbd0a8644358377b20	30079972e40a71f208aa0ef1bcf1e135b2b31d85db69ddbbd0a8644358377b20	PASS
01_HTV_HTS_CORE_DEPENDENCY_AUDIT/01_HTV_フェーズ別/HTV_05_tau_prior・CMB-SPA応答_HTV37-45/HTV41_RUN_PACKAGE.zip.sha256	01_HTV_HTS_CORE_DEPENDENCY_AUDIT/01_HTV_フェーズ別/HTV_05_tau_prior・CMB-SPA応答_HTV37-45/HTV41_RUN_PACKAGE.zip	ec715cd499a0297927db539d45fa916d4cb09a5acdd66799b0c50e8dc60819b9	ec715cd499a0297927db539d45fa916d4cb09a5acdd66799b0c50e8dc60819b9	PASS
01_HTV_HTS_CORE_DEPENDENCY_AUDIT/01_HTV_フェーズ別/HTV_05_tau_prior・CMB-SPA応答_HTV37-45/HTV42_RESULTS_FOR_REVIEW.zip.sha256	01_HTV_HTS_CORE_DEPENDENCY_AUDIT/01_HTV_フェーズ別/HTV_05_tau_prior・CMB-SPA応答_HTV37-45/HTV42_RESULTS_FOR_REVIEW.zip	7d845f19b9b1298c106d7fc6afdb0104df754d0c1cf4f66d8f4d933d8e6260a6	7d845f19b9b1298c106d7fc6afdb0104df754d0c1cf4f66d8f4d933d8e6260a6	PASS
01_HTV_HTS_CORE_DEPENDENCY_AUDIT/01_HTV_フェーズ別/HTV_05_tau_prior・CMB-SPA応答_HTV37-45/HTV43_INDEPENDENT_ACCEPTANCE_AUDIT.md.sha256	01_HTV_HTS_CORE_DEPENDENCY_AUDIT/01_HTV_フェーズ別/HTV_05_tau_prior・CMB-SPA応答_HTV37-45/HTV43_INDEPENDENT_ACCEPTANCE_AUDIT.md	b36378841527b09343e01173081f60f5d2bfa22dbb64e1b07c1c81275c45c1a2	b36378841527b09343e01173081f60f5d2bfa22dbb64e1b07c1c81275c45c1a2	PASS
01_HTV_HTS_CORE_DEPENDENCY_AUDIT/01_HTV_フェーズ別/HTV_05_tau_prior・CMB-SPA応答_HTV37-45/HTV43_RESULTS_FOR_REVIEW.zip.sha256	01_HTV_HTS_CORE_DEPENDENCY_AUDIT/01_HTV_フェーズ別/HTV_05_tau_prior・CMB-SPA応答_HTV37-45/HTV43_RESULTS_FOR_REVIEW.zip	4fc08c8c0179b96b769c6b16b4ce40babad7d0ef5f0d9870ba9592cc146963c3	4fc08c8c0179b96b769c6b16b4ce40babad7d0ef5f0d9870ba9592cc146963c3	PASS
01_HTV_HTS_CORE_DEPENDENCY_AUDIT/01_HTV_フェーズ別/HTV_05_tau_prior・CMB-SPA応答_HTV37-45/HTV43_RUN_PACKAGE.zip.sha256	01_HTV_HTS_CORE_DEPENDENCY_AUDIT/01_HTV_フェーズ別/HTV_05_tau_prior・CMB-SPA応答_HTV37-45/HTV43_RUN_PACKAGE.zip	93a2a5f5150fe3444d5eaf706f2f8338ac919810767d9951d110bfcdce387a09	93a2a5f5150fe3444d5eaf706f2f8338ac919810767d9951d110bfcdce387a09	PASS
01_HTV_HTS_CORE_DEPENDENCY_AUDIT/01_HTV_フェーズ別/HTV_05_tau_prior・CMB-SPA応答_HTV37-45/HTV44_RESULTS_FOR_REVIEW.zip.sha256	01_HTV_HTS_CORE_DEPENDENCY_AUDIT/01_HTV_フェーズ別/HTV_05_tau_prior・CMB-SPA応答_HTV37-45/HTV44_RESULTS_FOR_REVIEW.zip	e489d72f285b1dc1e361bd9cceac34dd0279bd20de51e8e6ddc4dfad69e6c612	e489d72f285b1dc1e361bd9cceac34dd0279bd20de51e8e6ddc4dfad69e6c612	PASS
01_HTV_HTS_CORE_DEPENDENCY_AUDIT/01_HTV_フェーズ別/HTV_05_tau_prior・CMB-SPA応答_HTV37-45/HTV45_INDEPENDENT_ACCEPTANCE_AUDIT.md.sha256	01_HTV_HTS_CORE_DEPENDENCY_AUDIT/01_HTV_フェーズ別/HTV_05_tau_prior・CMB-SPA応答_HTV37-45/HTV45_INDEPENDENT_ACCEPTANCE_AUDIT.md	98810e612a6a7b83bab61f7a56134a3dbcc15c3832c8c306083d6f309919a2e2	98810e612a6a7b83bab61f7a56134a3dbcc15c3832c8c306083d6f309919a2e2	PASS
01_HTV_HTS_CORE_DEPENDENCY_AUDIT/01_HTV_フェーズ別/HTV_05_tau_prior・CMB-SPA応答_HTV37-45/HTV45_RESULTS_FOR_REVIEW.zip.sha256	01_HTV_HTS_CORE_DEPENDENCY_AUDIT/01_HTV_フェーズ別/HTV_05_tau_prior・CMB-SPA応答_HTV37-45/HTV45_RESULTS_FOR_REVIEW.zip	ede26ef54392ecfc9681fc945e7f90d290b0632ed635b93a07495255b3a041a9	ede26ef54392ecfc9681fc945e7f90d290b0632ed635b93a07495255b3a041a9	PASS
01_HTV_HTS_CORE_DEPENDENCY_AUDIT/01_HTV_フェーズ別/HTV_05_tau_prior・CMB-SPA応答_HTV37-45/HTV45_RUN_PACKAGE.zip.sha256	01_HTV_HTS_CORE_DEPENDENCY_AUDIT/01_HTV_フェーズ別/HTV_05_tau_prior・CMB-SPA応答_HTV37-45/HTV45_RUN_PACKAGE.zip	f56a21a0237df820019814844e522e3d6951d13feabdacd3ad30ae98c95f6437	f56a21a0237df820019814844e522e3d6951d13feabdacd3ad30ae98c95f6437	PASS
01_HTV_HTS_CORE_DEPENDENCY_AUDIT/01_HTV_フェーズ別/HTV_06_ACT公開chain・内部robustness_HTV46-70/HTV46_ACQUISITION_OUTPUTS_FOR_REVIEW.zip.sha256	01_HTV_HTS_CORE_DEPENDENCY_AUDIT/01_HTV_フェーズ別/HTV_06_ACT公開chain・内部robustness_HTV46-70/HTV46_ACQUISITION_OUTPUTS_FOR_REVIEW.zip	cbb6c3b9b4b391fb117728e3b5c70dcdcc368c39aeb18da08830329b31e857e6	cbb6c3b9b4b391fb117728e3b5c70dcdcc368c39aeb18da08830329b31e857e6	PASS
01_HTV_HTS_CORE_DEPENDENCY_AUDIT/01_HTV_フェーズ別/HTV_06_ACT公開chain・内部robustness_HTV46-70/HTV46_INDEPENDENT_ACCEPTANCE_AUDIT.md.sha256	01_HTV_HTS_CORE_DEPENDENCY_AUDIT/01_HTV_フェーズ別/HTV_06_ACT公開chain・内部robustness_HTV46-70/HTV46_INDEPENDENT_ACCEPTANCE_AUDIT.md	2a759af881a3653bcdde9a9a8346692c357f8d3752b8828cb3eacdc68788236d	2a759af881a3653bcdde9a9a8346692c357f8d3752b8828cb3eacdc68788236d	PASS
01_HTV_HTS_CORE_DEPENDENCY_AUDIT/01_HTV_フェーズ別/HTV_06_ACT公開chain・内部robustness_HTV46-70/HTV46_RUN_PACKAGE.zip.sha256	01_HTV_HTS_CORE_DEPENDENCY_AUDIT/01_HTV_フェーズ別/HTV_06_ACT公開chain・内部robustness_HTV46-70/HTV46_RUN_PACKAGE.zip	db1690ff366177984247204f43f901b93144e7d36c70151f3e0c440ae4a41108	db1690ff366177984247204f43f901b93144e7d36c70151f3e0c440ae4a41108	PASS
01_HTV_HTS_CORE_DEPENDENCY_AUDIT/01_HTV_フェーズ別/HTV_06_ACT公開chain・内部robustness_HTV46-70/HTV47_CORR_RUN_PACKAGE.zip.sha256	01_HTV_HTS_CORE_DEPENDENCY_AUDIT/01_HTV_フェーズ別/HTV_06_ACT公開chain・内部robustness_HTV46-70/HTV47_CORR_RUN_PACKAGE.zip	3422846d7cf590b71b3723a8b2be2ffb8c8c59a4507ff563a0f49a66a0409492	3422846d7cf590b71b3723a8b2be2ffb8c8c59a4507ff563a0f49a66a0409492	PASS
01_HTV_HTS_CORE_DEPENDENCY_AUDIT/01_HTV_フェーズ別/HTV_06_ACT公開chain・内部robustness_HTV46-70/HTV47_INDEPENDENT_ACCEPTANCE_AUDIT.md.sha256	01_HTV_HTS_CORE_DEPENDENCY_AUDIT/01_HTV_フェーズ別/HTV_06_ACT公開chain・内部robustness_HTV46-70/HTV47_INDEPENDENT_ACCEPTANCE_AUDIT.md	9661f6228faf64e5df1f1ab98bb05975b92860c2b685569ed23eb559336991e1	9661f6228faf64e5df1f1ab98bb05975b92860c2b685569ed23eb559336991e1	PASS
01_HTV_HTS_CORE_DEPENDENCY_AUDIT/01_HTV_フェーズ別/HTV_06_ACT公開chain・内部robustness_HTV46-70/HTV47_RESULTS_FOR_REVIEW.zip.sha256	01_HTV_HTS_CORE_DEPENDENCY_AUDIT/01_HTV_フェーズ別/HTV_06_ACT公開chain・内部robustness_HTV46-70/HTV47_RESULTS_FOR_REVIEW.zip	b20fa3e93bd52775173558a6671983fa3c73f56a6231504821afce83df495aad	b20fa3e93bd52775173558a6671983fa3c73f56a6231504821afce83df495aad	PASS
01_HTV_HTS_CORE_DEPENDENCY_AUDIT/01_HTV_フェーズ別/HTV_06_ACT公開chain・内部robustness_HTV46-70/HTV48_RESULTS_FOR_REVIEW.zip.sha256	01_HTV_HTS_CORE_DEPENDENCY_AUDIT/01_HTV_フェーズ別/HTV_06_ACT公開chain・内部robustness_HTV46-70/HTV48_RESULTS_FOR_REVIEW.zip	5f28b62d0438674eb8a1b79c3720df9741bbc7358b7ab1d464f471f1d2bd5dc0	5f28b62d0438674eb8a1b79c3720df9741bbc7358b7ab1d464f471f1d2bd5dc0	PASS
01_HTV_HTS_CORE_DEPENDENCY_AUDIT/01_HTV_フェーズ別/HTV_06_ACT公開chain・内部robustness_HTV46-70/HTV49_INDEPENDENT_ACCEPTANCE_AUDIT.md.sha256	01_HTV_HTS_CORE_DEPENDENCY_AUDIT/01_HTV_フェーズ別/HTV_06_ACT公開chain・内部robustness_HTV46-70/HTV49_INDEPENDENT_ACCEPTANCE_AUDIT.md	0557ff5a9646198412cfb4a59f913297a4091f4d7297a43b13f07a75e3460c4d	0557ff5a9646198412cfb4a59f913297a4091f4d7297a43b13f07a75e3460c4d	PASS
01_HTV_HTS_CORE_DEPENDENCY_AUDIT/01_HTV_フェーズ別/HTV_06_ACT公開chain・内部robustness_HTV46-70/HTV49_RESULTS_FOR_REVIEW.zip.sha256	01_HTV_HTS_CORE_DEPENDENCY_AUDIT/01_HTV_フェーズ別/HTV_06_ACT公開chain・内部robustness_HTV46-70/HTV49_RESULTS_FOR_REVIEW.zip	7bca07681aca9da3c71c85bf2dadcbc4f00428f1070d1cade32e3e7b2f2e55c8	7bca07681aca9da3c71c85bf2dadcbc4f00428f1070d1cade32e3e7b2f2e55c8	PASS
01_HTV_HTS_CORE_DEPENDENCY_AUDIT/01_HTV_フェーズ別/HTV_06_ACT公開chain・内部robustness_HTV46-70/HTV49_RUN_PACKAGE.zip.sha256	01_HTV_HTS_CORE_DEPENDENCY_AUDIT/01_HTV_フェーズ別/HTV_06_ACT公開chain・内部robustness_HTV46-70/HTV49_RUN_PACKAGE.zip	43be9964eaee257ec459fd5b3128241d57458456ceb9537001584b7365684d9c	43be9964eaee257ec459fd5b3128241d57458456ceb9537001584b7365684d9c	PASS
01_HTV_HTS_CORE_DEPENDENCY_AUDIT/01_HTV_フェーズ別/HTV_06_ACT公開chain・内部robustness_HTV46-70/HTV50_RESULTS_FOR_REVIEW.zip.sha256	01_HTV_HTS_CORE_DEPENDENCY_AUDIT/01_HTV_フェーズ別/HTV_06_ACT公開chain・内部robustness_HTV46-70/HTV50_RESULTS_FOR_REVIEW.zip	d8a5987c8336dede2f6545b34e8438c96eb54c3a09b103cb689d470c80f0f601	d8a5987c8336dede2f6545b34e8438c96eb54c3a09b103cb689d470c80f0f601	PASS
01_HTV_HTS_CORE_DEPENDENCY_AUDIT/01_HTV_フェーズ別/HTV_06_ACT公開chain・内部robustness_HTV46-70/HTV51_INDEPENDENT_ACCEPTANCE_AUDIT.md.sha256	01_HTV_HTS_CORE_DEPENDENCY_AUDIT/01_HTV_フェーズ別/HTV_06_ACT公開chain・内部robustness_HTV46-70/HTV51_INDEPENDENT_ACCEPTANCE_AUDIT.md	0b606910974f2ab8c2f262a67ea015f7445247f9500f19acd2896f8a0fd8b655	0b606910974f2ab8c2f262a67ea015f7445247f9500f19acd2896f8a0fd8b655	PASS
01_HTV_HTS_CORE_DEPENDENCY_AUDIT/01_HTV_フェーズ別/HTV_06_ACT公開chain・内部robustness_HTV46-70/HTV51_RESULTS_FOR_REVIEW.zip.sha256	01_HTV_HTS_CORE_DEPENDENCY_AUDIT/01_HTV_フェーズ別/HTV_06_ACT公開chain・内部robustness_HTV46-70/HTV51_RESULTS_FOR_REVIEW.zip	5d8ff3c5e0c293e6e9b57490ac827ba6f79fb90bdfc32ce0c1fbb0127c9fbbd9	5d8ff3c5e0c293e6e9b57490ac827ba6f79fb90bdfc32ce0c1fbb0127c9fbbd9	PASS
01_HTV_HTS_CORE_DEPENDENCY_AUDIT/01_HTV_フェーズ別/HTV_06_ACT公開chain・内部robustness_HTV46-70/HTV51_RUN_PACKAGE.zip.sha256	01_HTV_HTS_CORE_DEPENDENCY_AUDIT/01_HTV_フェーズ別/HTV_06_ACT公開chain・内部robustness_HTV46-70/HTV51_RUN_PACKAGE.zip	f92456056209b3af16a9d43238fa05cbb08d1d2558509214596c5cfa07c3026c	f92456056209b3af16a9d43238fa05cbb08d1d2558509214596c5cfa07c3026c	PASS
01_HTV_HTS_CORE_DEPENDENCY_AUDIT/01_HTV_フェーズ別/HTV_06_ACT公開chain・内部robustness_HTV46-70/HTV52_RESULTS_FOR_REVIEW.zip.sha256	01_HTV_HTS_CORE_DEPENDENCY_AUDIT/01_HTV_フェーズ別/HTV_06_ACT公開chain・内部robustness_HTV46-70/HTV52_RESULTS_FOR_REVIEW.zip	03732dd20c5e76484737602fc27ba0dad1e108dcf826509c4e81c3da7f1508d3	03732dd20c5e76484737602fc27ba0dad1e108dcf826509c4e81c3da7f1508d3	PASS
01_HTV_HTS_CORE_DEPENDENCY_AUDIT/01_HTV_フェーズ別/HTV_06_ACT公開chain・内部robustness_HTV46-70/HTV53_INDEPENDENT_ACCEPTANCE_AUDIT.md.sha256	01_HTV_HTS_CORE_DEPENDENCY_AUDIT/01_HTV_フェーズ別/HTV_06_ACT公開chain・内部robustness_HTV46-70/HTV53_INDEPENDENT_ACCEPTANCE_AUDIT.md	874a3ac5d30faefaeb2f1267c39f1eb9a53f2bcc934da0ca19d64e2bd004b930	874a3ac5d30faefaeb2f1267c39f1eb9a53f2bcc934da0ca19d64e2bd004b930	PASS
01_HTV_HTS_CORE_DEPENDENCY_AUDIT/01_HTV_フェーズ別/HTV_06_ACT公開chain・内部robustness_HTV46-70/HTV53_RESULTS_FOR_REVIEW.zip.sha256	01_HTV_HTS_CORE_DEPENDENCY_AUDIT/01_HTV_フェーズ別/HTV_06_ACT公開chain・内部robustness_HTV46-70/HTV53_RESULTS_FOR_REVIEW.zip	399d03de3a5767fd75939d5ee85b2a3a2b5b3c7ed21aef800b477ff255eea00a	399d03de3a5767fd75939d5ee85b2a3a2b5b3c7ed21aef800b477ff255eea00a	PASS
01_HTV_HTS_CORE_DEPENDENCY_AUDIT/01_HTV_フェーズ別/HTV_06_ACT公開chain・内部robustness_HTV46-70/HTV53_RUN_PACKAGE.zip.sha256	01_HTV_HTS_CORE_DEPENDENCY_AUDIT/01_HTV_フェーズ別/HTV_06_ACT公開chain・内部robustness_HTV46-70/HTV53_RUN_PACKAGE.zip	277b6eac1b5af695875d6c0362740faec20e1801d8deb3a23f9b4052c51c32b1	277b6eac1b5af695875d6c0362740faec20e1801d8deb3a23f9b4052c51c32b1	PASS
01_HTV_HTS_CORE_DEPENDENCY_AUDIT/01_HTV_フェーズ別/HTV_06_ACT公開chain・内部robustness_HTV46-70/HTV54_RESULTS_FOR_REVIEW.zip.sha256	01_HTV_HTS_CORE_DEPENDENCY_AUDIT/01_HTV_フェーズ別/HTV_06_ACT公開chain・内部robustness_HTV46-70/HTV54_RESULTS_FOR_REVIEW.zip	9ed059e12223d22a244bf4ce7c358f8f7cc31216b86a09558b162648c7967304	9ed059e12223d22a244bf4ce7c358f8f7cc31216b86a09558b162648c7967304	PASS
01_HTV_HTS_CORE_DEPENDENCY_AUDIT/01_HTV_フェーズ別/HTV_06_ACT公開chain・内部robustness_HTV46-70/HTV55_RESULTS_FOR_REVIEW.zip.sha256	01_HTV_HTS_CORE_DEPENDENCY_AUDIT/01_HTV_フェーズ別/HTV_06_ACT公開chain・内部robustness_HTV46-70/HTV55_RESULTS_FOR_REVIEW.zip	d8548728093c63716fee92a2792e303ad4d349ec862eb696ab677445d652a018	d8548728093c63716fee92a2792e303ad4d349ec862eb696ab677445d652a018	PASS
01_HTV_HTS_CORE_DEPENDENCY_AUDIT/01_HTV_フェーズ別/HTV_06_ACT公開chain・内部robustness_HTV46-70/HTV55_RUN_PACKAGE.zip.sha256	01_HTV_HTS_CORE_DEPENDENCY_AUDIT/01_HTV_フェーズ別/HTV_06_ACT公開chain・内部robustness_HTV46-70/HTV55_RUN_PACKAGE.zip	ff3689ad5cc45754a5ef9a5cd9a3117f3b331e07f761f65e44aeedcf202f3e37	ff3689ad5cc45754a5ef9a5cd9a3117f3b331e07f761f65e44aeedcf202f3e37	PASS
01_HTV_HTS_CORE_DEPENDENCY_AUDIT/01_HTV_フェーズ別/HTV_06_ACT公開chain・内部robustness_HTV46-70/HTV56_RESULTS_FOR_REVIEW.zip.sha256	01_HTV_HTS_CORE_DEPENDENCY_AUDIT/01_HTV_フェーズ別/HTV_06_ACT公開chain・内部robustness_HTV46-70/HTV56_RESULTS_FOR_REVIEW.zip	eae005213560630a6263cdc68b13a2b526a5462fba0fb07c1d27686ce31bf4f3	eae005213560630a6263cdc68b13a2b526a5462fba0fb07c1d27686ce31bf4f3	PASS
01_HTV_HTS_CORE_DEPENDENCY_AUDIT/01_HTV_フェーズ別/HTV_06_ACT公開chain・内部robustness_HTV46-70/HTV57_INDEPENDENT_ACCEPTANCE_AUDIT.md.sha256	01_HTV_HTS_CORE_DEPENDENCY_AUDIT/01_HTV_フェーズ別/HTV_06_ACT公開chain・内部robustness_HTV46-70/HTV57_INDEPENDENT_ACCEPTANCE_AUDIT.md	8fdd35889d5913352d4f01a94d2d18a062f7137f355462de9f949731e39a8b11	8fdd35889d5913352d4f01a94d2d18a062f7137f355462de9f949731e39a8b11	PASS
01_HTV_HTS_CORE_DEPENDENCY_AUDIT/01_HTV_フェーズ別/HTV_06_ACT公開chain・内部robustness_HTV46-70/HTV57_RESULTS_FOR_REVIEW.zip.sha256	01_HTV_HTS_CORE_DEPENDENCY_AUDIT/01_HTV_フェーズ別/HTV_06_ACT公開chain・内部robustness_HTV46-70/HTV57_RESULTS_FOR_REVIEW.zip	115247829c509bf579022d002c83ad373bacf61b542cbd1520cd5cd332d2904c	115247829c509bf579022d002c83ad373bacf61b542cbd1520cd5cd332d2904c	PASS
01_HTV_HTS_CORE_DEPENDENCY_AUDIT/01_HTV_フェーズ別/HTV_06_ACT公開chain・内部robustness_HTV46-70/HTV57_RUN_PACKAGE.zip.sha256	01_HTV_HTS_CORE_DEPENDENCY_AUDIT/01_HTV_フェーズ別/HTV_06_ACT公開chain・内部robustness_HTV46-70/HTV57_RUN_PACKAGE.zip	e2f7e653be395049c5faf59121b7902e356ccaa4bf58f61bbbb1e837d69bd652	e2f7e653be395049c5faf59121b7902e356ccaa4bf58f61bbbb1e837d69bd652	PASS
01_HTV_HTS_CORE_DEPENDENCY_AUDIT/01_HTV_フェーズ別/HTV_06_ACT公開chain・内部robustness_HTV46-70/HTV58_RESULTS_FOR_REVIEW.zip.sha256	01_HTV_HTS_CORE_DEPENDENCY_AUDIT/01_HTV_フェーズ別/HTV_06_ACT公開chain・内部robustness_HTV46-70/HTV58_RESULTS_FOR_REVIEW.zip	58bb512760bbdb750efe6465b2fccd11019393549e9157e0afe46d62f24daab4	58bb512760bbdb750efe6465b2fccd11019393549e9157e0afe46d62f24daab4	PASS
01_HTV_HTS_CORE_DEPENDENCY_AUDIT/01_HTV_フェーズ別/HTV_06_ACT公開chain・内部robustness_HTV46-70/HTV59_INDEPENDENT_ACCEPTANCE_AUDIT.md.sha256	01_HTV_HTS_CORE_DEPENDENCY_AUDIT/01_HTV_フェーズ別/HTV_06_ACT公開chain・内部robustness_HTV46-70/HTV59_INDEPENDENT_ACCEPTANCE_AUDIT.md	92ccca02bba44477985eaaa761b379e4aa546e45dc6af708bd9f7e7cde14a1b5	92ccca02bba44477985eaaa761b379e4aa546e45dc6af708bd9f7e7cde14a1b5	PASS
01_HTV_HTS_CORE_DEPENDENCY_AUDIT/01_HTV_フェーズ別/HTV_06_ACT公開chain・内部robustness_HTV46-70/HTV59_RESULTS_FOR_REVIEW.zip.sha256	01_HTV_HTS_CORE_DEPENDENCY_AUDIT/01_HTV_フェーズ別/HTV_06_ACT公開chain・内部robustness_HTV46-70/HTV59_RESULTS_FOR_REVIEW.zip	9c8096158ac6c26f93cf57c7321f431dd0891be067392f86b8863065d80c2a59	9c8096158ac6c26f93cf57c7321f431dd0891be067392f86b8863065d80c2a59	PASS
01_HTV_HTS_CORE_DEPENDENCY_AUDIT/01_HTV_フェーズ別/HTV_06_ACT公開chain・内部robustness_HTV46-70/HTV59_RUN_PACKAGE.zip.sha256	01_HTV_HTS_CORE_DEPENDENCY_AUDIT/01_HTV_フェーズ別/HTV_06_ACT公開chain・内部robustness_HTV46-70/HTV59_RUN_PACKAGE.zip	312b59870e8c9c35c7ab2b982941465095dbe2dcd5e878bc2f75f3f8a59b4f6a	312b59870e8c9c35c7ab2b982941465095dbe2dcd5e878bc2f75f3f8a59b4f6a	PASS
01_HTV_HTS_CORE_DEPENDENCY_AUDIT/01_HTV_フェーズ別/HTV_06_ACT公開chain・内部robustness_HTV46-70/HTV60_RESULTS_FOR_REVIEW.zip.sha256	01_HTV_HTS_CORE_DEPENDENCY_AUDIT/01_HTV_フェーズ別/HTV_06_ACT公開chain・内部robustness_HTV46-70/HTV60_RESULTS_FOR_REVIEW.zip	5185a77d89fe06dfbc257ea69b0b613449e3fbbb6c5eda0169261a48eaeb9014	5185a77d89fe06dfbc257ea69b0b613449e3fbbb6c5eda0169261a48eaeb9014	PASS
01_HTV_HTS_CORE_DEPENDENCY_AUDIT/01_HTV_フェーズ別/HTV_06_ACT公開chain・内部robustness_HTV46-70/HTV61_INDEPENDENT_ACCEPTANCE_AUDIT.md.sha256	01_HTV_HTS_CORE_DEPENDENCY_AUDIT/01_HTV_フェーズ別/HTV_06_ACT公開chain・内部robustness_HTV46-70/HTV61_INDEPENDENT_ACCEPTANCE_AUDIT.md	7efff5bdfe85ac915bb5841e1be1bfb35590cf0e281ce2ee86f91a98c2b0c7d7	7efff5bdfe85ac915bb5841e1be1bfb35590cf0e281ce2ee86f91a98c2b0c7d7	PASS
01_HTV_HTS_CORE_DEPENDENCY_AUDIT/01_HTV_フェーズ別/HTV_06_ACT公開chain・内部robustness_HTV46-70/HTV61_RESULTS_FOR_REVIEW.zip.sha256	01_HTV_HTS_CORE_DEPENDENCY_AUDIT/01_HTV_フェーズ別/HTV_06_ACT公開chain・内部robustness_HTV46-70/HTV61_RESULTS_FOR_REVIEW.zip	026b154af73b2706b0e976c41306608af38c6d99352eaf983c4a6fa4eb3dc5cb	026b154af73b2706b0e976c41306608af38c6d99352eaf983c4a6fa4eb3dc5cb	PASS
01_HTV_HTS_CORE_DEPENDENCY_AUDIT/01_HTV_フェーズ別/HTV_06_ACT公開chain・内部robustness_HTV46-70/HTV61_RUN_PACKAGE.zip.sha256	01_HTV_HTS_CORE_DEPENDENCY_AUDIT/01_HTV_フェーズ別/HTV_06_ACT公開chain・内部robustness_HTV46-70/HTV61_RUN_PACKAGE.zip	307200c6928a9f32c3701ead0189ce1da7435a0e11773d0e2652e8385440698c	307200c6928a9f32c3701ead0189ce1da7435a0e11773d0e2652e8385440698c	PASS
01_HTV_HTS_CORE_DEPENDENCY_AUDIT/01_HTV_フェーズ別/HTV_06_ACT公開chain・内部robustness_HTV46-70/HTV62_RESULTS_FOR_REVIEW.zip.sha256	01_HTV_HTS_CORE_DEPENDENCY_AUDIT/01_HTV_フェーズ別/HTV_06_ACT公開chain・内部robustness_HTV46-70/HTV62_RESULTS_FOR_REVIEW.zip	a17118901ca315e853b1a1f39d1321d51e5ec17a6976c8dd5dc9522f2f6d3806	a17118901ca315e853b1a1f39d1321d51e5ec17a6976c8dd5dc9522f2f6d3806	PASS
01_HTV_HTS_CORE_DEPENDENCY_AUDIT/01_HTV_フェーズ別/HTV_06_ACT公開chain・内部robustness_HTV46-70/HTV63_INDEPENDENT_ACCEPTANCE_AUDIT.md.sha256	01_HTV_HTS_CORE_DEPENDENCY_AUDIT/01_HTV_フェーズ別/HTV_06_ACT公開chain・内部robustness_HTV46-70/HTV63_INDEPENDENT_ACCEPTANCE_AUDIT.md	d4269c9a8becfeefdb7d78becba825f909dd20f1acb542a96dabc765c21053bf	d4269c9a8becfeefdb7d78becba825f909dd20f1acb542a96dabc765c21053bf	PASS
01_HTV_HTS_CORE_DEPENDENCY_AUDIT/01_HTV_フェーズ別/HTV_06_ACT公開chain・内部robustness_HTV46-70/HTV63_RESULTS_FOR_REVIEW.zip.sha256	01_HTV_HTS_CORE_DEPENDENCY_AUDIT/01_HTV_フェーズ別/HTV_06_ACT公開chain・内部robustness_HTV46-70/HTV63_RESULTS_FOR_REVIEW.zip	60c23395f521ad1fda2df2089acaf8dc37c2d3e74844ef238fab8a103c2e42b5	60c23395f521ad1fda2df2089acaf8dc37c2d3e74844ef238fab8a103c2e42b5	PASS
01_HTV_HTS_CORE_DEPENDENCY_AUDIT/01_HTV_フェーズ別/HTV_06_ACT公開chain・内部robustness_HTV46-70/HTV63_RUN_PACKAGE.zip.sha256	01_HTV_HTS_CORE_DEPENDENCY_AUDIT/01_HTV_フェーズ別/HTV_06_ACT公開chain・内部robustness_HTV46-70/HTV63_RUN_PACKAGE.zip	514188c08d4b4702958c8e4c015fceaae509b9124568f6ddcb20802dae2b17b9	514188c08d4b4702958c8e4c015fceaae509b9124568f6ddcb20802dae2b17b9	PASS
01_HTV_HTS_CORE_DEPENDENCY_AUDIT/01_HTV_フェーズ別/HTV_06_ACT公開chain・内部robustness_HTV46-70/HTV64_RESULTS_FOR_REVIEW.zip.sha256	01_HTV_HTS_CORE_DEPENDENCY_AUDIT/01_HTV_フェーズ別/HTV_06_ACT公開chain・内部robustness_HTV46-70/HTV64_RESULTS_FOR_REVIEW.zip	5d087e99c881d44ef74037e1a887c54bb0d51d5741f9265f4e41dd226c6fbf16	5d087e99c881d44ef74037e1a887c54bb0d51d5741f9265f4e41dd226c6fbf16	PASS
01_HTV_HTS_CORE_DEPENDENCY_AUDIT/01_HTV_フェーズ別/HTV_06_ACT公開chain・内部robustness_HTV46-70/HTV65_INDEPENDENT_ACCEPTANCE_AUDIT.md.sha256	01_HTV_HTS_CORE_DEPENDENCY_AUDIT/01_HTV_フェーズ別/HTV_06_ACT公開chain・内部robustness_HTV46-70/HTV65_INDEPENDENT_ACCEPTANCE_AUDIT.md	9fe9e3d34c4f3eab5311afa38ba69cf1b567109e987d85f4b213fe0f55a567bc	9fe9e3d34c4f3eab5311afa38ba69cf1b567109e987d85f4b213fe0f55a567bc	PASS
01_HTV_HTS_CORE_DEPENDENCY_AUDIT/01_HTV_フェーズ別/HTV_06_ACT公開chain・内部robustness_HTV46-70/HTV65_RESULTS_FOR_REVIEW.zip.sha256	01_HTV_HTS_CORE_DEPENDENCY_AUDIT/01_HTV_フェーズ別/HTV_06_ACT公開chain・内部robustness_HTV46-70/HTV65_RESULTS_FOR_REVIEW.zip	d867f1aa651e07291c002a01129b62feba32f36158245514e4d68264f301785c	d867f1aa651e07291c002a01129b62feba32f36158245514e4d68264f301785c	PASS
01_HTV_HTS_CORE_DEPENDENCY_AUDIT/01_HTV_フェーズ別/HTV_06_ACT公開chain・内部robustness_HTV46-70/HTV65_RUN_PACKAGE.zip.sha256	01_HTV_HTS_CORE_DEPENDENCY_AUDIT/01_HTV_フェーズ別/HTV_06_ACT公開chain・内部robustness_HTV46-70/HTV65_RUN_PACKAGE.zip	18bd1a86d513d760405a4ba7fb5c6c17ae5a107fd8e69c57ba22a2ebcabc1f73	18bd1a86d513d760405a4ba7fb5c6c17ae5a107fd8e69c57ba22a2ebcabc1f73	PASS
01_HTV_HTS_CORE_DEPENDENCY_AUDIT/01_HTV_フェーズ別/HTV_06_ACT公開chain・内部robustness_HTV46-70/HTV66_RESULTS_FOR_REVIEW.zip.sha256	01_HTV_HTS_CORE_DEPENDENCY_AUDIT/01_HTV_フェーズ別/HTV_06_ACT公開chain・内部robustness_HTV46-70/HTV66_RESULTS_FOR_REVIEW.zip	b5a109d8ed61f93a027c91c11138a3993bf9f0dd79e6d0048d05e2d29f70449a	b5a109d8ed61f93a027c91c11138a3993bf9f0dd79e6d0048d05e2d29f70449a	PASS
01_HTV_HTS_CORE_DEPENDENCY_AUDIT/01_HTV_フェーズ別/HTV_06_ACT公開chain・内部robustness_HTV46-70/HTV67_INDEPENDENT_ACCEPTANCE_AUDIT.md.sha256	01_HTV_HTS_CORE_DEPENDENCY_AUDIT/01_HTV_フェーズ別/HTV_06_ACT公開chain・内部robustness_HTV46-70/HTV67_INDEPENDENT_ACCEPTANCE_AUDIT.md	b13a6ffcfb226d0cfdc25d5ad6e4c0d9a3cbefb2c2bcb2fa6b85c17c165a7e7a	b13a6ffcfb226d0cfdc25d5ad6e4c0d9a3cbefb2c2bcb2fa6b85c17c165a7e7a	PASS
01_HTV_HTS_CORE_DEPENDENCY_AUDIT/01_HTV_フェーズ別/HTV_06_ACT公開chain・内部robustness_HTV46-70/HTV67_RESULTS_FOR_REVIEW.zip.sha256	01_HTV_HTS_CORE_DEPENDENCY_AUDIT/01_HTV_フェーズ別/HTV_06_ACT公開chain・内部robustness_HTV46-70/HTV67_RESULTS_FOR_REVIEW.zip	09a791c480a0b89b505aba51ed7295101fc81f2ef47021a8a1728aba2a43df30	09a791c480a0b89b505aba51ed7295101fc81f2ef47021a8a1728aba2a43df30	PASS
01_HTV_HTS_CORE_DEPENDENCY_AUDIT/01_HTV_フェーズ別/HTV_06_ACT公開chain・内部robustness_HTV46-70/HTV67_RUN_PACKAGE.zip.sha256	01_HTV_HTS_CORE_DEPENDENCY_AUDIT/01_HTV_フェーズ別/HTV_06_ACT公開chain・内部robustness_HTV46-70/HTV67_RUN_PACKAGE.zip	91a53d6daca82a38d35deb91b9f9134d3dbb70402a91aff2fcecc3355b6fda03	91a53d6daca82a38d35deb91b9f9134d3dbb70402a91aff2fcecc3355b6fda03	PASS
01_HTV_HTS_CORE_DEPENDENCY_AUDIT/01_HTV_フェーズ別/HTV_06_ACT公開chain・内部robustness_HTV46-70/HTV68_RESULTS_FOR_REVIEW.zip.sha256	01_HTV_HTS_CORE_DEPENDENCY_AUDIT/01_HTV_フェーズ別/HTV_06_ACT公開chain・内部robustness_HTV46-70/HTV68_RESULTS_FOR_REVIEW.zip	c19fb5238eb6427f1b965013609254b7a74a3e18e9c29100b5dab15234ee3b17	c19fb5238eb6427f1b965013609254b7a74a3e18e9c29100b5dab15234ee3b17	PASS
01_HTV_HTS_CORE_DEPENDENCY_AUDIT/01_HTV_フェーズ別/HTV_06_ACT公開chain・内部robustness_HTV46-70/HTV69_INDEPENDENT_ACCEPTANCE_AUDIT.md.sha256	01_HTV_HTS_CORE_DEPENDENCY_AUDIT/01_HTV_フェーズ別/HTV_06_ACT公開chain・内部robustness_HTV46-70/HTV69_INDEPENDENT_ACCEPTANCE_AUDIT.md	a972498a20810e635d46e9aacf7db0a58684ec9712497cf0d2eaaba023253e08	a972498a20810e635d46e9aacf7db0a58684ec9712497cf0d2eaaba023253e08	PASS
01_HTV_HTS_CORE_DEPENDENCY_AUDIT/01_HTV_フェーズ別/HTV_06_ACT公開chain・内部robustness_HTV46-70/HTV69_RESULTS_FOR_REVIEW.zip.sha256	01_HTV_HTS_CORE_DEPENDENCY_AUDIT/01_HTV_フェーズ別/HTV_06_ACT公開chain・内部robustness_HTV46-70/HTV69_RESULTS_FOR_REVIEW.zip	083eb7910cdb5a0d62716c5ca03c27845b1f375a83898df8005bd97502c201d1	083eb7910cdb5a0d62716c5ca03c27845b1f375a83898df8005bd97502c201d1	PASS
01_HTV_HTS_CORE_DEPENDENCY_AUDIT/01_HTV_フェーズ別/HTV_06_ACT公開chain・内部robustness_HTV46-70/HTV69_RUN_PACKAGE.zip.sha256	01_HTV_HTS_CORE_DEPENDENCY_AUDIT/01_HTV_フェーズ別/HTV_06_ACT公開chain・内部robustness_HTV46-70/HTV69_RUN_PACKAGE.zip	5c74ff92253a23e534ed5de9ecfe1cd931eabf02b33b6822552a8d20972e46b3	5c74ff92253a23e534ed5de9ecfe1cd931eabf02b33b6822552a8d20972e46b3	PASS
01_HTV_HTS_CORE_DEPENDENCY_AUDIT/01_HTV_フェーズ別/HTV_06_ACT公開chain・内部robustness_HTV46-70/HTV70_RESULTS_FOR_REVIEW.zip.sha256	01_HTV_HTS_CORE_DEPENDENCY_AUDIT/01_HTV_フェーズ別/HTV_06_ACT公開chain・内部robustness_HTV46-70/HTV70_RESULTS_FOR_REVIEW.zip	ce368a9d321eb04d969990778c521b6096d97599022bb3db6f0559aaf7c823d4	ce368a9d321eb04d969990778c521b6096d97599022bb3db6f0559aaf7c823d4	PASS
01_HTV_HTS_CORE_DEPENDENCY_AUDIT/01_HTV_フェーズ別/HTV_07_DESI内部幾何・response_atlas_HTV71-98/HTV71_INDEPENDENT_ACCEPTANCE_AUDIT.md.sha256	01_HTV_HTS_CORE_DEPENDENCY_AUDIT/01_HTV_フェーズ別/HTV_07_DESI内部幾何・response_atlas_HTV71-98/HTV71_INDEPENDENT_ACCEPTANCE_AUDIT.md	f909a53386fa593d4a75d6afd3ca431b68aa919a9634c54ae0b0cc51afd3c2db	f909a53386fa593d4a75d6afd3ca431b68aa919a9634c54ae0b0cc51afd3c2db	PASS
01_HTV_HTS_CORE_DEPENDENCY_AUDIT/01_HTV_フェーズ別/HTV_07_DESI内部幾何・response_atlas_HTV71-98/HTV71_RESULTS_FOR_REVIEW.zip.sha256	01_HTV_HTS_CORE_DEPENDENCY_AUDIT/01_HTV_フェーズ別/HTV_07_DESI内部幾何・response_atlas_HTV71-98/HTV71_RESULTS_FOR_REVIEW.zip	a2be6b3f0351de0849b52a6824aacce50900ae24b9569863a0b6370a58aa68e3	a2be6b3f0351de0849b52a6824aacce50900ae24b9569863a0b6370a58aa68e3	PASS
01_HTV_HTS_CORE_DEPENDENCY_AUDIT/01_HTV_フェーズ別/HTV_07_DESI内部幾何・response_atlas_HTV71-98/HTV71_RUN_PACKAGE.zip.sha256	01_HTV_HTS_CORE_DEPENDENCY_AUDIT/01_HTV_フェーズ別/HTV_07_DESI内部幾何・response_atlas_HTV71-98/HTV71_RUN_PACKAGE.zip	f63073b60ff511f668c7a6b0234a96dac8b7c21b1af46c8d54d702b68f6029b8	f63073b60ff511f668c7a6b0234a96dac8b7c21b1af46c8d54d702b68f6029b8	PASS
01_HTV_HTS_CORE_DEPENDENCY_AUDIT/01_HTV_フェーズ別/HTV_07_DESI内部幾何・response_atlas_HTV71-98/HTV72_RESULTS_FOR_REVIEW.zip.sha256	01_HTV_HTS_CORE_DEPENDENCY_AUDIT/01_HTV_フェーズ別/HTV_07_DESI内部幾何・response_atlas_HTV71-98/HTV72_RESULTS_FOR_REVIEW.zip	9013d73576627b5b702807c58078bb3892b7bfbff506dfd9408369656b0701ad	9013d73576627b5b702807c58078bb3892b7bfbff506dfd9408369656b0701ad	PASS
01_HTV_HTS_CORE_DEPENDENCY_AUDIT/01_HTV_フェーズ別/HTV_07_DESI内部幾何・response_atlas_HTV71-98/HTV73_INDEPENDENT_ACCEPTANCE_AUDIT.md.sha256	01_HTV_HTS_CORE_DEPENDENCY_AUDIT/01_HTV_フェーズ別/HTV_07_DESI内部幾何・response_atlas_HTV71-98/HTV73_INDEPENDENT_ACCEPTANCE_AUDIT.md	dfbfb9e29c6325c4cc5ad99e838715001a853054da662068e130d863d090b9d6	dfbfb9e29c6325c4cc5ad99e838715001a853054da662068e130d863d090b9d6	PASS
01_HTV_HTS_CORE_DEPENDENCY_AUDIT/01_HTV_フェーズ別/HTV_07_DESI内部幾何・response_atlas_HTV71-98/HTV73_RESULTS_FOR_REVIEW.zip.sha256	01_HTV_HTS_CORE_DEPENDENCY_AUDIT/01_HTV_フェーズ別/HTV_07_DESI内部幾何・response_atlas_HTV71-98/HTV73_RESULTS_FOR_REVIEW.zip	c8d9d1d915b736761f8cea6976eb63796040531e2f2cbaffc5254ef1ff0aba13	c8d9d1d915b736761f8cea6976eb63796040531e2f2cbaffc5254ef1ff0aba13	PASS
01_HTV_HTS_CORE_DEPENDENCY_AUDIT/01_HTV_フェーズ別/HTV_07_DESI内部幾何・response_atlas_HTV71-98/HTV73_RUN_PACKAGE.zip.sha256	01_HTV_HTS_CORE_DEPENDENCY_AUDIT/01_HTV_フェーズ別/HTV_07_DESI内部幾何・response_atlas_HTV71-98/HTV73_RUN_PACKAGE.zip	371811d6ae6524ef49a44f498794fff00025ba399e9a524a9ebe8f58141a0d95	371811d6ae6524ef49a44f498794fff00025ba399e9a524a9ebe8f58141a0d95	PASS
01_HTV_HTS_CORE_DEPENDENCY_AUDIT/01_HTV_フェーズ別/HTV_07_DESI内部幾何・response_atlas_HTV71-98/HTV74_RESULTS_FOR_REVIEW.zip.sha256	01_HTV_HTS_CORE_DEPENDENCY_AUDIT/01_HTV_フェーズ別/HTV_07_DESI内部幾何・response_atlas_HTV71-98/HTV74_RESULTS_FOR_REVIEW.zip	116422171a204b897487973abb7e988f44d37e8e14faba32d79e3d95a6edf722	116422171a204b897487973abb7e988f44d37e8e14faba32d79e3d95a6edf722	PASS
01_HTV_HTS_CORE_DEPENDENCY_AUDIT/01_HTV_フェーズ別/HTV_07_DESI内部幾何・response_atlas_HTV71-98/HTV75_INDEPENDENT_ACCEPTANCE_AUDIT.md.sha256	01_HTV_HTS_CORE_DEPENDENCY_AUDIT/01_HTV_フェーズ別/HTV_07_DESI内部幾何・response_atlas_HTV71-98/HTV75_INDEPENDENT_ACCEPTANCE_AUDIT.md	be532beda47e1f7bbdf8fafccd6db61cd6ec9b392382dee1bbcbf296bfe4f358	be532beda47e1f7bbdf8fafccd6db61cd6ec9b392382dee1bbcbf296bfe4f358	PASS
01_HTV_HTS_CORE_DEPENDENCY_AUDIT/01_HTV_フェーズ別/HTV_07_DESI内部幾何・response_atlas_HTV71-98/HTV75_RESULTS_FOR_REVIEW.zip.sha256	01_HTV_HTS_CORE_DEPENDENCY_AUDIT/01_HTV_フェーズ別/HTV_07_DESI内部幾何・response_atlas_HTV71-98/HTV75_RESULTS_FOR_REVIEW.zip	b625b18efe7200496103ecd79d79ef86f49c918b857743b9fd9d35bf9093a663	b625b18efe7200496103ecd79d79ef86f49c918b857743b9fd9d35bf9093a663	PASS
01_HTV_HTS_CORE_DEPENDENCY_AUDIT/01_HTV_フェーズ別/HTV_07_DESI内部幾何・response_atlas_HTV71-98/HTV75_RUN_PACKAGE.zip.sha256	01_HTV_HTS_CORE_DEPENDENCY_AUDIT/01_HTV_フェーズ別/HTV_07_DESI内部幾何・response_atlas_HTV71-98/HTV75_RUN_PACKAGE.zip	02b67af855a645052815722cef16089c278142be2459aa6d39c273f92688b548	02b67af855a645052815722cef16089c278142be2459aa6d39c273f92688b548	PASS
01_HTV_HTS_CORE_DEPENDENCY_AUDIT/01_HTV_フェーズ別/HTV_07_DESI内部幾何・response_atlas_HTV71-98/HTV76_RESULTS_FOR_REVIEW.zip.sha256	01_HTV_HTS_CORE_DEPENDENCY_AUDIT/01_HTV_フェーズ別/HTV_07_DESI内部幾何・response_atlas_HTV71-98/HTV76_RESULTS_FOR_REVIEW.zip	24bc0dd2757fcac8a2eb5cd63b19bde26ee7ced218892326009771a48825ec46	24bc0dd2757fcac8a2eb5cd63b19bde26ee7ced218892326009771a48825ec46	PASS
01_HTV_HTS_CORE_DEPENDENCY_AUDIT/01_HTV_フェーズ別/HTV_07_DESI内部幾何・response_atlas_HTV71-98/HTV77_INDEPENDENT_ACCEPTANCE_AUDIT.md.sha256	01_HTV_HTS_CORE_DEPENDENCY_AUDIT/01_HTV_フェーズ別/HTV_07_DESI内部幾何・response_atlas_HTV71-98/HTV77_INDEPENDENT_ACCEPTANCE_AUDIT.md	ce7600fab0546d7e83884c2892dea497cdbd57f2e90db56851aa3a35cc2d6d3f	ce7600fab0546d7e83884c2892dea497cdbd57f2e90db56851aa3a35cc2d6d3f	PASS
01_HTV_HTS_CORE_DEPENDENCY_AUDIT/01_HTV_フェーズ別/HTV_07_DESI内部幾何・response_atlas_HTV71-98/HTV77_RESULTS_FOR_REVIEW.zip.sha256	01_HTV_HTS_CORE_DEPENDENCY_AUDIT/01_HTV_フェーズ別/HTV_07_DESI内部幾何・response_atlas_HTV71-98/HTV77_RESULTS_FOR_REVIEW.zip	4605ef6d95d3778f2a6dc7b23bfb594214800def58c8df573a5894656bc29ec1	4605ef6d95d3778f2a6dc7b23bfb594214800def58c8df573a5894656bc29ec1	PASS
01_HTV_HTS_CORE_DEPENDENCY_AUDIT/01_HTV_フェーズ別/HTV_07_DESI内部幾何・response_atlas_HTV71-98/HTV77_RUN_PACKAGE.zip.sha256	01_HTV_HTS_CORE_DEPENDENCY_AUDIT/01_HTV_フェーズ別/HTV_07_DESI内部幾何・response_atlas_HTV71-98/HTV77_RUN_PACKAGE.zip	fd2a3f50ab6d0c6d78f04c9c35c3adb08c7e9ba264006e574334479c299ba595	fd2a3f50ab6d0c6d78f04c9c35c3adb08c7e9ba264006e574334479c299ba595	PASS
01_HTV_HTS_CORE_DEPENDENCY_AUDIT/01_HTV_フェーズ別/HTV_07_DESI内部幾何・response_atlas_HTV71-98/HTV78_RESULTS_FOR_REVIEW.zip.sha256	01_HTV_HTS_CORE_DEPENDENCY_AUDIT/01_HTV_フェーズ別/HTV_07_DESI内部幾何・response_atlas_HTV71-98/HTV78_RESULTS_FOR_REVIEW.zip	0b7e284f5dfbdc8fc9e95bac01ba5fe71689ad94e256d1e13f3a9b69ff970720	0b7e284f5dfbdc8fc9e95bac01ba5fe71689ad94e256d1e13f3a9b69ff970720	PASS
01_HTV_HTS_CORE_DEPENDENCY_AUDIT/01_HTV_フェーズ別/HTV_07_DESI内部幾何・response_atlas_HTV71-98/HTV79_INDEPENDENT_ACCEPTANCE_AUDIT.md.sha256	01_HTV_HTS_CORE_DEPENDENCY_AUDIT/01_HTV_フェーズ別/HTV_07_DESI内部幾何・response_atlas_HTV71-98/HTV79_INDEPENDENT_ACCEPTANCE_AUDIT.md	38cd58ebe7adbd09dc2539c14554b9b2ffe4f120790d2d596150b91ca3437a77	38cd58ebe7adbd09dc2539c14554b9b2ffe4f120790d2d596150b91ca3437a77	PASS
01_HTV_HTS_CORE_DEPENDENCY_AUDIT/01_HTV_フェーズ別/HTV_07_DESI内部幾何・response_atlas_HTV71-98/HTV79_RESULTS_FOR_REVIEW.zip.sha256	01_HTV_HTS_CORE_DEPENDENCY_AUDIT/01_HTV_フェーズ別/HTV_07_DESI内部幾何・response_atlas_HTV71-98/HTV79_RESULTS_FOR_REVIEW.zip	6a6f59268004b82335c9efa88d80e39d4df1a3bed2b6a4de6ee8c78e70441c22	6a6f59268004b82335c9efa88d80e39d4df1a3bed2b6a4de6ee8c78e70441c22	PASS
01_HTV_HTS_CORE_DEPENDENCY_AUDIT/01_HTV_フェーズ別/HTV_07_DESI内部幾何・response_atlas_HTV71-98/HTV79_RUN_PACKAGE.zip.sha256	01_HTV_HTS_CORE_DEPENDENCY_AUDIT/01_HTV_フェーズ別/HTV_07_DESI内部幾何・response_atlas_HTV71-98/HTV79_RUN_PACKAGE.zip	952c1fcccb19d1f34ec822f7b66ebb11b2dcfeaa6b52c69842de3ba0eb68f8ff	952c1fcccb19d1f34ec822f7b66ebb11b2dcfeaa6b52c69842de3ba0eb68f8ff	PASS
01_HTV_HTS_CORE_DEPENDENCY_AUDIT/01_HTV_フェーズ別/HTV_07_DESI内部幾何・response_atlas_HTV71-98/HTV80_RESULTS_FOR_REVIEW.zip.sha256	01_HTV_HTS_CORE_DEPENDENCY_AUDIT/01_HTV_フェーズ別/HTV_07_DESI内部幾何・response_atlas_HTV71-98/HTV80_RESULTS_FOR_REVIEW.zip	aeab9530872ff80def0817ef531ebab60e039c786e0f71ddcf4e7d5db5581738	aeab9530872ff80def0817ef531ebab60e039c786e0f71ddcf4e7d5db5581738	PASS
01_HTV_HTS_CORE_DEPENDENCY_AUDIT/01_HTV_フェーズ別/HTV_07_DESI内部幾何・response_atlas_HTV71-98/HTV81_INDEPENDENT_ACCEPTANCE_AUDIT.md.sha256	01_HTV_HTS_CORE_DEPENDENCY_AUDIT/01_HTV_フェーズ別/HTV_07_DESI内部幾何・response_atlas_HTV71-98/HTV81_INDEPENDENT_ACCEPTANCE_AUDIT.md	f674af264f889c66bd3feff9ed9c8056318f56bba4ffa4629d61d8442bdf86cf	f674af264f889c66bd3feff9ed9c8056318f56bba4ffa4629d61d8442bdf86cf	PASS
01_HTV_HTS_CORE_DEPENDENCY_AUDIT/01_HTV_フェーズ別/HTV_07_DESI内部幾何・response_atlas_HTV71-98/HTV81_RESULTS_FOR_REVIEW.zip.sha256	01_HTV_HTS_CORE_DEPENDENCY_AUDIT/01_HTV_フェーズ別/HTV_07_DESI内部幾何・response_atlas_HTV71-98/HTV81_RESULTS_FOR_REVIEW.zip	d401a8433b244ac14f9c99d8b5dec704797ba121365d01af2c797543b1e107b8	d401a8433b244ac14f9c99d8b5dec704797ba121365d01af2c797543b1e107b8	PASS
01_HTV_HTS_CORE_DEPENDENCY_AUDIT/01_HTV_フェーズ別/HTV_07_DESI内部幾何・response_atlas_HTV71-98/HTV81_RUN_PACKAGE.zip.sha256	01_HTV_HTS_CORE_DEPENDENCY_AUDIT/01_HTV_フェーズ別/HTV_07_DESI内部幾何・response_atlas_HTV71-98/HTV81_RUN_PACKAGE.zip	a88ddf46b07ca49dca11db9fee98149fc4653963c8808fee295088ad6c413ddb	a88ddf46b07ca49dca11db9fee98149fc4653963c8808fee295088ad6c413ddb	PASS
01_HTV_HTS_CORE_DEPENDENCY_AUDIT/01_HTV_フェーズ別/HTV_07_DESI内部幾何・response_atlas_HTV71-98/HTV82_RESULTS_FOR_REVIEW.zip.sha256	01_HTV_HTS_CORE_DEPENDENCY_AUDIT/01_HTV_フェーズ別/HTV_07_DESI内部幾何・response_atlas_HTV71-98/HTV82_RESULTS_FOR_REVIEW.zip	3a84586ea3df115d8df54c0346db9c679a0c2e439cea44bfc092ca92d852d3f1	3a84586ea3df115d8df54c0346db9c679a0c2e439cea44bfc092ca92d852d3f1	PASS
01_HTV_HTS_CORE_DEPENDENCY_AUDIT/01_HTV_フェーズ別/HTV_07_DESI内部幾何・response_atlas_HTV71-98/HTV83_INDEPENDENT_ACCEPTANCE_AUDIT.md.sha256	01_HTV_HTS_CORE_DEPENDENCY_AUDIT/01_HTV_フェーズ別/HTV_07_DESI内部幾何・response_atlas_HTV71-98/HTV83_INDEPENDENT_ACCEPTANCE_AUDIT.md	2b9eefe31fb2f7a318fd31e09e03d5912258713b42db552d2dadc12f932fb327	2b9eefe31fb2f7a318fd31e09e03d5912258713b42db552d2dadc12f932fb327	PASS
01_HTV_HTS_CORE_DEPENDENCY_AUDIT/01_HTV_フェーズ別/HTV_07_DESI内部幾何・response_atlas_HTV71-98/HTV83_RESULTS_FOR_REVIEW.zip.sha256	01_HTV_HTS_CORE_DEPENDENCY_AUDIT/01_HTV_フェーズ別/HTV_07_DESI内部幾何・response_atlas_HTV71-98/HTV83_RESULTS_FOR_REVIEW.zip	dcb723623b6625e13eb83a033bdc9588e05be2ca6452d01f4ac45ba34f3283a6	dcb723623b6625e13eb83a033bdc9588e05be2ca6452d01f4ac45ba34f3283a6	PASS
01_HTV_HTS_CORE_DEPENDENCY_AUDIT/01_HTV_フェーズ別/HTV_07_DESI内部幾何・response_atlas_HTV71-98/HTV83_RUN_PACKAGE.zip.sha256	01_HTV_HTS_CORE_DEPENDENCY_AUDIT/01_HTV_フェーズ別/HTV_07_DESI内部幾何・response_atlas_HTV71-98/HTV83_RUN_PACKAGE.zip	e8be0c4fa4ff25e96f16feab1867d4ff8393ce4476c9f6d5d554537a6a2de834	e8be0c4fa4ff25e96f16feab1867d4ff8393ce4476c9f6d5d554537a6a2de834	PASS
01_HTV_HTS_CORE_DEPENDENCY_AUDIT/01_HTV_フェーズ別/HTV_07_DESI内部幾何・response_atlas_HTV71-98/HTV84_RESULTS_FOR_REVIEW.zip.sha256	01_HTV_HTS_CORE_DEPENDENCY_AUDIT/01_HTV_フェーズ別/HTV_07_DESI内部幾何・response_atlas_HTV71-98/HTV84_RESULTS_FOR_REVIEW.zip	af3d8707a6dfb4cc070d8aed1ba059be6fb5027523a41598d57da00f544e5973	af3d8707a6dfb4cc070d8aed1ba059be6fb5027523a41598d57da00f544e5973	PASS
01_HTV_HTS_CORE_DEPENDENCY_AUDIT/01_HTV_フェーズ別/HTV_07_DESI内部幾何・response_atlas_HTV71-98/HTV85_INDEPENDENT_ACCEPTANCE_AUDIT.md.sha256	01_HTV_HTS_CORE_DEPENDENCY_AUDIT/01_HTV_フェーズ別/HTV_07_DESI内部幾何・response_atlas_HTV71-98/HTV85_INDEPENDENT_ACCEPTANCE_AUDIT.md	8a46677b9256e2ea607c7271216510327a832e03963fbd961f5e55054b74401f	8a46677b9256e2ea607c7271216510327a832e03963fbd961f5e55054b74401f	PASS
01_HTV_HTS_CORE_DEPENDENCY_AUDIT/01_HTV_フェーズ別/HTV_07_DESI内部幾何・response_atlas_HTV71-98/HTV85_RESULTS_FOR_REVIEW.zip.sha256	01_HTV_HTS_CORE_DEPENDENCY_AUDIT/01_HTV_フェーズ別/HTV_07_DESI内部幾何・response_atlas_HTV71-98/HTV85_RESULTS_FOR_REVIEW.zip	21941362f0bce3dd3233d965dead09a78284c500150d8f1a9e3db755e2d3d9fe	21941362f0bce3dd3233d965dead09a78284c500150d8f1a9e3db755e2d3d9fe	PASS
01_HTV_HTS_CORE_DEPENDENCY_AUDIT/01_HTV_フェーズ別/HTV_07_DESI内部幾何・response_atlas_HTV71-98/HTV85_RUN_PACKAGE.zip.sha256	01_HTV_HTS_CORE_DEPENDENCY_AUDIT/01_HTV_フェーズ別/HTV_07_DESI内部幾何・response_atlas_HTV71-98/HTV85_RUN_PACKAGE.zip	c1c2b90298562627b917adf6d531541462423de6224ba3aecda0ba991c6e30aa	c1c2b90298562627b917adf6d531541462423de6224ba3aecda0ba991c6e30aa	PASS
01_HTV_HTS_CORE_DEPENDENCY_AUDIT/01_HTV_フェーズ別/HTV_07_DESI内部幾何・response_atlas_HTV71-98/HTV86_RESULTS_FOR_REVIEW.zip.sha256	01_HTV_HTS_CORE_DEPENDENCY_AUDIT/01_HTV_フェーズ別/HTV_07_DESI内部幾何・response_atlas_HTV71-98/HTV86_RESULTS_FOR_REVIEW.zip	052b18e9b0f1881296a1c5f0725c62fcb83cdacc8294a5801983b400aa0459e6	052b18e9b0f1881296a1c5f0725c62fcb83cdacc8294a5801983b400aa0459e6	PASS
01_HTV_HTS_CORE_DEPENDENCY_AUDIT/01_HTV_フェーズ別/HTV_07_DESI内部幾何・response_atlas_HTV71-98/HTV87_INDEPENDENT_ACCEPTANCE_AUDIT.md.sha256	01_HTV_HTS_CORE_DEPENDENCY_AUDIT/01_HTV_フェーズ別/HTV_07_DESI内部幾何・response_atlas_HTV71-98/HTV87_INDEPENDENT_ACCEPTANCE_AUDIT.md	0ebb9d7a5ee0b3cca90059b1559fefde57a12c7527f5dd35f55b9f6ab7c7aa5c	0ebb9d7a5ee0b3cca90059b1559fefde57a12c7527f5dd35f55b9f6ab7c7aa5c	PASS
01_HTV_HTS_CORE_DEPENDENCY_AUDIT/01_HTV_フェーズ別/HTV_07_DESI内部幾何・response_atlas_HTV71-98/HTV87_RESULTS_FOR_REVIEW.zip.sha256	01_HTV_HTS_CORE_DEPENDENCY_AUDIT/01_HTV_フェーズ別/HTV_07_DESI内部幾何・response_atlas_HTV71-98/HTV87_RESULTS_FOR_REVIEW.zip	4fc62490a156cd482ad3c0d7b9080711d79acac7999a439ca0d0a1b6f89ce0fa	4fc62490a156cd482ad3c0d7b9080711d79acac7999a439ca0d0a1b6f89ce0fa	PASS
01_HTV_HTS_CORE_DEPENDENCY_AUDIT/01_HTV_フェーズ別/HTV_07_DESI内部幾何・response_atlas_HTV71-98/HTV87_RUN_PACKAGE.zip.sha256	01_HTV_HTS_CORE_DEPENDENCY_AUDIT/01_HTV_フェーズ別/HTV_07_DESI内部幾何・response_atlas_HTV71-98/HTV87_RUN_PACKAGE.zip	378c351897e2c2c180d2cf3a099263ebf5a020400b472f6236964d4141deed93	378c351897e2c2c180d2cf3a099263ebf5a020400b472f6236964d4141deed93	PASS
01_HTV_HTS_CORE_DEPENDENCY_AUDIT/01_HTV_フェーズ別/HTV_07_DESI内部幾何・response_atlas_HTV71-98/HTV88_RESULTS_FOR_REVIEW.zip.sha256	01_HTV_HTS_CORE_DEPENDENCY_AUDIT/01_HTV_フェーズ別/HTV_07_DESI内部幾何・response_atlas_HTV71-98/HTV88_RESULTS_FOR_REVIEW.zip	8abf22d29a9c71f7b9c7cfa554ee1e86f7ccf0df8c28e993228fa61644866b77	8abf22d29a9c71f7b9c7cfa554ee1e86f7ccf0df8c28e993228fa61644866b77	PASS
01_HTV_HTS_CORE_DEPENDENCY_AUDIT/01_HTV_フェーズ別/HTV_07_DESI内部幾何・response_atlas_HTV71-98/HTV89_INDEPENDENT_ACCEPTANCE_AUDIT.md.sha256	01_HTV_HTS_CORE_DEPENDENCY_AUDIT/01_HTV_フェーズ別/HTV_07_DESI内部幾何・response_atlas_HTV71-98/HTV89_INDEPENDENT_ACCEPTANCE_AUDIT.md	b5dbe93e3975b9626040cbf6ce73f69bb06653643ef35b8f21f91440847eff16	b5dbe93e3975b9626040cbf6ce73f69bb06653643ef35b8f21f91440847eff16	PASS
01_HTV_HTS_CORE_DEPENDENCY_AUDIT/01_HTV_フェーズ別/HTV_07_DESI内部幾何・response_atlas_HTV71-98/HTV89_RESULTS_FOR_REVIEW.zip.sha256	01_HTV_HTS_CORE_DEPENDENCY_AUDIT/01_HTV_フェーズ別/HTV_07_DESI内部幾何・response_atlas_HTV71-98/HTV89_RESULTS_FOR_REVIEW.zip	88d4de9a539abc52b61af10cfecd7f9cb0cb263d35e020dde75988175fa49aaf	88d4de9a539abc52b61af10cfecd7f9cb0cb263d35e020dde75988175fa49aaf	PASS
01_HTV_HTS_CORE_DEPENDENCY_AUDIT/01_HTV_フェーズ別/HTV_07_DESI内部幾何・response_atlas_HTV71-98/HTV89_RUN_PACKAGE.zip.sha256	01_HTV_HTS_CORE_DEPENDENCY_AUDIT/01_HTV_フェーズ別/HTV_07_DESI内部幾何・response_atlas_HTV71-98/HTV89_RUN_PACKAGE.zip	6c3f54c6f61404cda3f9b0a2feb241e5c523b91cf20757790244aef61474cb97	6c3f54c6f61404cda3f9b0a2feb241e5c523b91cf20757790244aef61474cb97	PASS
01_HTV_HTS_CORE_DEPENDENCY_AUDIT/01_HTV_フェーズ別/HTV_07_DESI内部幾何・response_atlas_HTV71-98/HTV90_RESULTS_FOR_REVIEW.zip.sha256	01_HTV_HTS_CORE_DEPENDENCY_AUDIT/01_HTV_フェーズ別/HTV_07_DESI内部幾何・response_atlas_HTV71-98/HTV90_RESULTS_FOR_REVIEW.zip	0c339ceb07a8f688879a1bb7d00df481da3d90dcb87012420fceb6cc16bd4222	0c339ceb07a8f688879a1bb7d00df481da3d90dcb87012420fceb6cc16bd4222	PASS
01_HTV_HTS_CORE_DEPENDENCY_AUDIT/01_HTV_フェーズ別/HTV_07_DESI内部幾何・response_atlas_HTV71-98/HTV91_INDEPENDENT_ACCEPTANCE_AUDIT.md.sha256	01_HTV_HTS_CORE_DEPENDENCY_AUDIT/01_HTV_フェーズ別/HTV_07_DESI内部幾何・response_atlas_HTV71-98/HTV91_INDEPENDENT_ACCEPTANCE_AUDIT.md	29f1656f14a9f7d9603bda083ef247cc018a97e9b7a8f8462f3b4343abcf49ce	29f1656f14a9f7d9603bda083ef247cc018a97e9b7a8f8462f3b4343abcf49ce	PASS
01_HTV_HTS_CORE_DEPENDENCY_AUDIT/01_HTV_フェーズ別/HTV_07_DESI内部幾何・response_atlas_HTV71-98/HTV91_RESULTS_FOR_REVIEW.zip.sha256	01_HTV_HTS_CORE_DEPENDENCY_AUDIT/01_HTV_フェーズ別/HTV_07_DESI内部幾何・response_atlas_HTV71-98/HTV91_RESULTS_FOR_REVIEW.zip	824bef5f64e847238e593dd8ee6bfb77c3b5ea2466a5f07fccd8dc602467a8df	824bef5f64e847238e593dd8ee6bfb77c3b5ea2466a5f07fccd8dc602467a8df	PASS
01_HTV_HTS_CORE_DEPENDENCY_AUDIT/01_HTV_フェーズ別/HTV_07_DESI内部幾何・response_atlas_HTV71-98/HTV91_RUN_PACKAGE.zip.sha256	01_HTV_HTS_CORE_DEPENDENCY_AUDIT/01_HTV_フェーズ別/HTV_07_DESI内部幾何・response_atlas_HTV71-98/HTV91_RUN_PACKAGE.zip	80a0593cceda5cbd6e82586a675c6d4c0589fe4c68eff32e7dc99d4c52a04cdb	80a0593cceda5cbd6e82586a675c6d4c0589fe4c68eff32e7dc99d4c52a04cdb	PASS
01_HTV_HTS_CORE_DEPENDENCY_AUDIT/01_HTV_フェーズ別/HTV_07_DESI内部幾何・response_atlas_HTV71-98/HTV92_RESULTS_FOR_REVIEW.zip.sha256	01_HTV_HTS_CORE_DEPENDENCY_AUDIT/01_HTV_フェーズ別/HTV_07_DESI内部幾何・response_atlas_HTV71-98/HTV92_RESULTS_FOR_REVIEW.zip	2ca7a5d44e33fdf61ac5c718bf55bc0ae4b533e52658fd18f138dba3a24e96d3	2ca7a5d44e33fdf61ac5c718bf55bc0ae4b533e52658fd18f138dba3a24e96d3	PASS
01_HTV_HTS_CORE_DEPENDENCY_AUDIT/01_HTV_フェーズ別/HTV_07_DESI内部幾何・response_atlas_HTV71-98/HTV93_INDEPENDENT_ACCEPTANCE_AUDIT.md.sha256	01_HTV_HTS_CORE_DEPENDENCY_AUDIT/01_HTV_フェーズ別/HTV_07_DESI内部幾何・response_atlas_HTV71-98/HTV93_INDEPENDENT_ACCEPTANCE_AUDIT.md	07b4672a0050f943df565239bcd3338c9558f62670b04407b895f609c07caa5c	07b4672a0050f943df565239bcd3338c9558f62670b04407b895f609c07caa5c	PASS
01_HTV_HTS_CORE_DEPENDENCY_AUDIT/01_HTV_フェーズ別/HTV_07_DESI内部幾何・response_atlas_HTV71-98/HTV93_RESULTS_FOR_REVIEW.zip.sha256	01_HTV_HTS_CORE_DEPENDENCY_AUDIT/01_HTV_フェーズ別/HTV_07_DESI内部幾何・response_atlas_HTV71-98/HTV93_RESULTS_FOR_REVIEW.zip	fd17758b5533d2a20156817b77fbff79afb26d30bc22032d994dbb03790b443d	fd17758b5533d2a20156817b77fbff79afb26d30bc22032d994dbb03790b443d	PASS
01_HTV_HTS_CORE_DEPENDENCY_AUDIT/01_HTV_フェーズ別/HTV_07_DESI内部幾何・response_atlas_HTV71-98/HTV93_RUN_PACKAGE.zip.sha256	01_HTV_HTS_CORE_DEPENDENCY_AUDIT/01_HTV_フェーズ別/HTV_07_DESI内部幾何・response_atlas_HTV71-98/HTV93_RUN_PACKAGE.zip	1cce214ec14e48f6e815d1bd8c97ee3c844f189cbe5f90584846dbc53dc0d8dd	1cce214ec14e48f6e815d1bd8c97ee3c844f189cbe5f90584846dbc53dc0d8dd	PASS
01_HTV_HTS_CORE_DEPENDENCY_AUDIT/01_HTV_フェーズ別/HTV_07_DESI内部幾何・response_atlas_HTV71-98/HTV94_RESULTS_FOR_REVIEW.zip.sha256	01_HTV_HTS_CORE_DEPENDENCY_AUDIT/01_HTV_フェーズ別/HTV_07_DESI内部幾何・response_atlas_HTV71-98/HTV94_RESULTS_FOR_REVIEW.zip	2a0aec9f0e5a99cc565d100a59c3ea7d7bbacbd6e9fe38453deb46ae45977ce7	2a0aec9f0e5a99cc565d100a59c3ea7d7bbacbd6e9fe38453deb46ae45977ce7	PASS
01_HTV_HTS_CORE_DEPENDENCY_AUDIT/01_HTV_フェーズ別/HTV_07_DESI内部幾何・response_atlas_HTV71-98/HTV95_INDEPENDENT_ACCEPTANCE_AUDIT.md.sha256	01_HTV_HTS_CORE_DEPENDENCY_AUDIT/01_HTV_フェーズ別/HTV_07_DESI内部幾何・response_atlas_HTV71-98/HTV95_INDEPENDENT_ACCEPTANCE_AUDIT.md	041eab9d77e43ca31b3c2085d41c98515e450daf0b93be853fd78190a0bb1e63	041eab9d77e43ca31b3c2085d41c98515e450daf0b93be853fd78190a0bb1e63	PASS
01_HTV_HTS_CORE_DEPENDENCY_AUDIT/01_HTV_フェーズ別/HTV_07_DESI内部幾何・response_atlas_HTV71-98/HTV95_RESULTS_FOR_REVIEW.zip.sha256	01_HTV_HTS_CORE_DEPENDENCY_AUDIT/01_HTV_フェーズ別/HTV_07_DESI内部幾何・response_atlas_HTV71-98/HTV95_RESULTS_FOR_REVIEW.zip	448b03a3626a4c3afe33556a4e83a486d5988db80ce1fcc9e1dd48153004dcc2	448b03a3626a4c3afe33556a4e83a486d5988db80ce1fcc9e1dd48153004dcc2	PASS
01_HTV_HTS_CORE_DEPENDENCY_AUDIT/01_HTV_フェーズ別/HTV_07_DESI内部幾何・response_atlas_HTV71-98/HTV95_RUN_PACKAGE.zip.sha256	01_HTV_HTS_CORE_DEPENDENCY_AUDIT/01_HTV_フェーズ別/HTV_07_DESI内部幾何・response_atlas_HTV71-98/HTV95_RUN_PACKAGE.zip	e94b8574bbd6c3eb6c0a7b3997a45fa83623192df93fdadb4179b8c7e8610d83	e94b8574bbd6c3eb6c0a7b3997a45fa83623192df93fdadb4179b8c7e8610d83	PASS
01_HTV_HTS_CORE_DEPENDENCY_AUDIT/01_HTV_フェーズ別/HTV_07_DESI内部幾何・response_atlas_HTV71-98/HTV96_RESULTS_FOR_REVIEW.zip.sha256	01_HTV_HTS_CORE_DEPENDENCY_AUDIT/01_HTV_フェーズ別/HTV_07_DESI内部幾何・response_atlas_HTV71-98/HTV96_RESULTS_FOR_REVIEW.zip	742620306229ef3ae24ec2803cb9c8ce3587eff3c0f47b62c844c33916afbf4e	742620306229ef3ae24ec2803cb9c8ce3587eff3c0f47b62c844c33916afbf4e	PASS
01_HTV_HTS_CORE_DEPENDENCY_AUDIT/01_HTV_フェーズ別/HTV_07_DESI内部幾何・response_atlas_HTV71-98/HTV97_INDEPENDENT_ACCEPTANCE_AUDIT.md.sha256	01_HTV_HTS_CORE_DEPENDENCY_AUDIT/01_HTV_フェーズ別/HTV_07_DESI内部幾何・response_atlas_HTV71-98/HTV97_INDEPENDENT_ACCEPTANCE_AUDIT.md	79c1051e7ff9cc149521007a0a4a7d17fc520eb5700c4deadbee2f14f9086d8d	79c1051e7ff9cc149521007a0a4a7d17fc520eb5700c4deadbee2f14f9086d8d	PASS
01_HTV_HTS_CORE_DEPENDENCY_AUDIT/01_HTV_フェーズ別/HTV_07_DESI内部幾何・response_atlas_HTV71-98/HTV97_RESULTS_FOR_REVIEW.zip.sha256	01_HTV_HTS_CORE_DEPENDENCY_AUDIT/01_HTV_フェーズ別/HTV_07_DESI内部幾何・response_atlas_HTV71-98/HTV97_RESULTS_FOR_REVIEW.zip	8264278eded3125c5e0c0e32581699d1fca124be988b71efa7b38f2fed07be8e	8264278eded3125c5e0c0e32581699d1fca124be988b71efa7b38f2fed07be8e	PASS
01_HTV_HTS_CORE_DEPENDENCY_AUDIT/01_HTV_フェーズ別/HTV_07_DESI内部幾何・response_atlas_HTV71-98/HTV97_RUN_PACKAGE.zip.sha256	01_HTV_HTS_CORE_DEPENDENCY_AUDIT/01_HTV_フェーズ別/HTV_07_DESI内部幾何・response_atlas_HTV71-98/HTV97_RUN_PACKAGE.zip	e35407b428657476cdd33f5e42fa484e0547112e35a24ab3d56d672391787855	e35407b428657476cdd33f5e42fa484e0547112e35a24ab3d56d672391787855	PASS
01_HTV_HTS_CORE_DEPENDENCY_AUDIT/01_HTV_フェーズ別/HTV_07_DESI内部幾何・response_atlas_HTV71-98/HTV98_RESULTS_FOR_REVIEW.zip.sha256	01_HTV_HTS_CORE_DEPENDENCY_AUDIT/01_HTV_フェーズ別/HTV_07_DESI内部幾何・response_atlas_HTV71-98/HTV98_RESULTS_FOR_REVIEW.zip	736b5133db2a7c92842afca2ac2405ad73fb835b4525856573c5246edb7bdae9	736b5133db2a7c92842afca2ac2405ad73fb835b4525856573c5246edb7bdae9	PASS
01_HTV_HTS_CORE_DEPENDENCY_AUDIT/01_HTV_フェーズ別/HTV_08_CMB共通軸・公開契約監査_HTV99-105/HTV100_RESULTS_FOR_REVIEW.zip.sha256	01_HTV_HTS_CORE_DEPENDENCY_AUDIT/01_HTV_フェーズ別/HTV_08_CMB共通軸・公開契約監査_HTV99-105/HTV100_RESULTS_FOR_REVIEW.zip	2c740068851b2f394129a1943b291313cf13c8bfcf96e32421d9aadd619562be	2c740068851b2f394129a1943b291313cf13c8bfcf96e32421d9aadd619562be	PASS
01_HTV_HTS_CORE_DEPENDENCY_AUDIT/01_HTV_フェーズ別/HTV_08_CMB共通軸・公開契約監査_HTV99-105/HTV101_INDEPENDENT_ACCEPTANCE_AUDIT.md.sha256	01_HTV_HTS_CORE_DEPENDENCY_AUDIT/01_HTV_フェーズ別/HTV_08_CMB共通軸・公開契約監査_HTV99-105/HTV101_INDEPENDENT_ACCEPTANCE_AUDIT.md	f81efde2d9e464dd5f1b23ca4c5eed74085560afaedbaac582226f02d570e629	f81efde2d9e464dd5f1b23ca4c5eed74085560afaedbaac582226f02d570e629	PASS
01_HTV_HTS_CORE_DEPENDENCY_AUDIT/01_HTV_フェーズ別/HTV_08_CMB共通軸・公開契約監査_HTV99-105/HTV101_RESULTS_FOR_REVIEW.zip.sha256	01_HTV_HTS_CORE_DEPENDENCY_AUDIT/01_HTV_フェーズ別/HTV_08_CMB共通軸・公開契約監査_HTV99-105/HTV101_RESULTS_FOR_REVIEW.zip	3df79f0ace01b320cc2f4c886e5cc1b11f3e74e998f26d8cdfcc446bfea5bacf	3df79f0ace01b320cc2f4c886e5cc1b11f3e74e998f26d8cdfcc446bfea5bacf	PASS
01_HTV_HTS_CORE_DEPENDENCY_AUDIT/01_HTV_フェーズ別/HTV_08_CMB共通軸・公開契約監査_HTV99-105/HTV101_RUN_PACKAGE.zip.sha256	01_HTV_HTS_CORE_DEPENDENCY_AUDIT/01_HTV_フェーズ別/HTV_08_CMB共通軸・公開契約監査_HTV99-105/HTV101_RUN_PACKAGE.zip	e7a33529cd32e47d626fe522c0be3b790c1a2376e265d3f3d91310bafbab7848	e7a33529cd32e47d626fe522c0be3b790c1a2376e265d3f3d91310bafbab7848	PASS
01_HTV_HTS_CORE_DEPENDENCY_AUDIT/01_HTV_フェーズ別/HTV_08_CMB共通軸・公開契約監査_HTV99-105/HTV102_A_RESULTS_FOR_REVIEW.zip.sha256	01_HTV_HTS_CORE_DEPENDENCY_AUDIT/01_HTV_フェーズ別/HTV_08_CMB共通軸・公開契約監査_HTV99-105/HTV102_A_RESULTS_FOR_REVIEW.zip	763d3971d9a6804f466e1b623016b53bae4d26f0689c7ae4190f197d6751344a	763d3971d9a6804f466e1b623016b53bae4d26f0689c7ae4190f197d6751344a	PASS
01_HTV_HTS_CORE_DEPENDENCY_AUDIT/01_HTV_フェーズ別/HTV_08_CMB共通軸・公開契約監査_HTV99-105/HTV102_RESULTS_FOR_REVIEW.zip.sha256	01_HTV_HTS_CORE_DEPENDENCY_AUDIT/01_HTV_フェーズ別/HTV_08_CMB共通軸・公開契約監査_HTV99-105/HTV102_RESULTS_FOR_REVIEW.zip	0d22858ef663e2af84df3f7483a3566b6536bdea54d80ce33f4ab7eb58b8515a	0d22858ef663e2af84df3f7483a3566b6536bdea54d80ce33f4ab7eb58b8515a	PASS
01_HTV_HTS_CORE_DEPENDENCY_AUDIT/01_HTV_フェーズ別/HTV_08_CMB共通軸・公開契約監査_HTV99-105/HTV103_A_INDEPENDENT_ACCEPTANCE_AUDIT.md.sha256	01_HTV_HTS_CORE_DEPENDENCY_AUDIT/01_HTV_フェーズ別/HTV_08_CMB共通軸・公開契約監査_HTV99-105/HTV103_A_INDEPENDENT_ACCEPTANCE_AUDIT.md	45ac39b0c30a2aa474948837f632d6e0d814d48be11821996b941f6817eca4ea	45ac39b0c30a2aa474948837f632d6e0d814d48be11821996b941f6817eca4ea	PASS
01_HTV_HTS_CORE_DEPENDENCY_AUDIT/01_HTV_フェーズ別/HTV_08_CMB共通軸・公開契約監査_HTV99-105/HTV103_A_RESULTS_FOR_REVIEW.zip.sha256	01_HTV_HTS_CORE_DEPENDENCY_AUDIT/01_HTV_フェーズ別/HTV_08_CMB共通軸・公開契約監査_HTV99-105/HTV103_A_RESULTS_FOR_REVIEW.zip	fa4eed4417f553237a2694cd39417756f3f1bf78e490b6b18d35f971e0e29061	fa4eed4417f553237a2694cd39417756f3f1bf78e490b6b18d35f971e0e29061	PASS
01_HTV_HTS_CORE_DEPENDENCY_AUDIT/01_HTV_フェーズ別/HTV_08_CMB共通軸・公開契約監査_HTV99-105/HTV103_EXECUTION_REPORT.md.sha256	01_HTV_HTS_CORE_DEPENDENCY_AUDIT/01_HTV_フェーズ別/HTV_08_CMB共通軸・公開契約監査_HTV99-105/HTV103_EXECUTION_REPORT.md	f44ddf816e3fcd8fccbb43c99e43a91f84fba4a79dfe8599c58a96f7282c5943	f44ddf816e3fcd8fccbb43c99e43a91f84fba4a79dfe8599c58a96f7282c5943	PASS
01_HTV_HTS_CORE_DEPENDENCY_AUDIT/01_HTV_フェーズ別/HTV_08_CMB共通軸・公開契約監査_HTV99-105/HTV103_RESULTS_FOR_REVIEW.zip.sha256	01_HTV_HTS_CORE_DEPENDENCY_AUDIT/01_HTV_フェーズ別/HTV_08_CMB共通軸・公開契約監査_HTV99-105/HTV103_RESULTS_FOR_REVIEW.zip	eab64aa762c0bfec88596b05a155f4e670cf57679e6d9036ea921be8a2428224	eab64aa762c0bfec88596b05a155f4e670cf57679e6d9036ea921be8a2428224	PASS
01_HTV_HTS_CORE_DEPENDENCY_AUDIT/01_HTV_フェーズ別/HTV_08_CMB共通軸・公開契約監査_HTV99-105/HTV103_RUN_PACKAGE.zip.sha256	01_HTV_HTS_CORE_DEPENDENCY_AUDIT/01_HTV_フェーズ別/HTV_08_CMB共通軸・公開契約監査_HTV99-105/HTV103_RUN_PACKAGE.zip	8bdd35491cf3bd1d947e3bbd3ba3bd5bee846e25ef6704c505ad1f461b4f1433	8bdd35491cf3bd1d947e3bbd3ba3bd5bee846e25ef6704c505ad1f461b4f1433	PASS
01_HTV_HTS_CORE_DEPENDENCY_AUDIT/01_HTV_フェーズ別/HTV_08_CMB共通軸・公開契約監査_HTV99-105/HTV104_A_RESULTS_FOR_REVIEW.zip.sha256	01_HTV_HTS_CORE_DEPENDENCY_AUDIT/01_HTV_フェーズ別/HTV_08_CMB共通軸・公開契約監査_HTV99-105/HTV104_A_RESULTS_FOR_REVIEW.zip	f83adb6c0cf3b0296300617fa28ad77b61381a91d4fc9739a4817acb8bd089ea	f83adb6c0cf3b0296300617fa28ad77b61381a91d4fc9739a4817acb8bd089ea	PASS
01_HTV_HTS_CORE_DEPENDENCY_AUDIT/01_HTV_フェーズ別/HTV_08_CMB共通軸・公開契約監査_HTV99-105/HTV104_EXECUTION_REPORT.md.sha256	01_HTV_HTS_CORE_DEPENDENCY_AUDIT/01_HTV_フェーズ別/HTV_08_CMB共通軸・公開契約監査_HTV99-105/HTV104_EXECUTION_REPORT.md	260c8cdd77587f06c4368a780948cc6c5d41721c12c822fcb633f523c5869285	260c8cdd77587f06c4368a780948cc6c5d41721c12c822fcb633f523c5869285	PASS
01_HTV_HTS_CORE_DEPENDENCY_AUDIT/01_HTV_フェーズ別/HTV_08_CMB共通軸・公開契約監査_HTV99-105/HTV104_RESULTS_FOR_REVIEW.zip.sha256	01_HTV_HTS_CORE_DEPENDENCY_AUDIT/01_HTV_フェーズ別/HTV_08_CMB共通軸・公開契約監査_HTV99-105/HTV104_RESULTS_FOR_REVIEW.zip	4334445405fed79eee18af4a19f7d74867ee6f39a2a08c1a4d978f822823972b	4334445405fed79eee18af4a19f7d74867ee6f39a2a08c1a4d978f822823972b	PASS
01_HTV_HTS_CORE_DEPENDENCY_AUDIT/01_HTV_フェーズ別/HTV_08_CMB共通軸・公開契約監査_HTV99-105/HTV105_EXECUTION_REPORT.md.sha256	01_HTV_HTS_CORE_DEPENDENCY_AUDIT/01_HTV_フェーズ別/HTV_08_CMB共通軸・公開契約監査_HTV99-105/HTV105_EXECUTION_REPORT.md	d26dca71fc82aa683d8c3c1bcaf1af17be17acb5898a093f944ec576996769ca	d26dca71fc82aa683d8c3c1bcaf1af17be17acb5898a093f944ec576996769ca	PASS
01_HTV_HTS_CORE_DEPENDENCY_AUDIT/01_HTV_フェーズ別/HTV_08_CMB共通軸・公開契約監査_HTV99-105/HTV105_RESULTS_FOR_REVIEW.zip.sha256	01_HTV_HTS_CORE_DEPENDENCY_AUDIT/01_HTV_フェーズ別/HTV_08_CMB共通軸・公開契約監査_HTV99-105/HTV105_RESULTS_FOR_REVIEW.zip	28d693f5cd88be13d1d19e355319ffe0f95f5ebdcb3346bbb55a6ad84d6500ea	28d693f5cd88be13d1d19e355319ffe0f95f5ebdcb3346bbb55a6ad84d6500ea	PASS
01_HTV_HTS_CORE_DEPENDENCY_AUDIT/01_HTV_フェーズ別/HTV_08_CMB共通軸・公開契約監査_HTV99-105/HTV99_INDEPENDENT_ACCEPTANCE_AUDIT.md.sha256	01_HTV_HTS_CORE_DEPENDENCY_AUDIT/01_HTV_フェーズ別/HTV_08_CMB共通軸・公開契約監査_HTV99-105/HTV99_INDEPENDENT_ACCEPTANCE_AUDIT.md	88c4aa65ccd1a0d7e80d914976ff5207ae6bdb262fbc1f326fea438601ceb868	88c4aa65ccd1a0d7e80d914976ff5207ae6bdb262fbc1f326fea438601ceb868	PASS
01_HTV_HTS_CORE_DEPENDENCY_AUDIT/01_HTV_フェーズ別/HTV_08_CMB共通軸・公開契約監査_HTV99-105/HTV99_RESULTS_FOR_REVIEW.zip.sha256	01_HTV_HTS_CORE_DEPENDENCY_AUDIT/01_HTV_フェーズ別/HTV_08_CMB共通軸・公開契約監査_HTV99-105/HTV99_RESULTS_FOR_REVIEW.zip	5a24e4673e71b101d61fe5b6fd55b7145da415ca56132148432cba3823ad5409	5a24e4673e71b101d61fe5b6fd55b7145da415ca56132148432cba3823ad5409	PASS
01_HTV_HTS_CORE_DEPENDENCY_AUDIT/01_HTV_フェーズ別/HTV_08_CMB共通軸・公開契約監査_HTV99-105/HTV99_RUN_PACKAGE.zip.sha256	01_HTV_HTS_CORE_DEPENDENCY_AUDIT/01_HTV_フェーズ別/HTV_08_CMB共通軸・公開契約監査_HTV99-105/HTV99_RUN_PACKAGE.zip	6c4019030f6cb2e91ad5f9854b7977a4b869ab508833d4993b29a311b13a1cf6	6c4019030f6cb2e91ad5f9854b7977a4b869ab508833d4993b29a311b13a1cf6	PASS
01_HTV_HTS_CORE_DEPENDENCY_AUDIT/01_HTV_フェーズ別/HTV_09_独立H0経路・横断依存_HTV106-113/HTV106_EXECUTION_REPORT.md.sha256	01_HTV_HTS_CORE_DEPENDENCY_AUDIT/01_HTV_フェーズ別/HTV_09_独立H0経路・横断依存_HTV106-113/HTV106_EXECUTION_REPORT.md	e757fd8d3068689e7b71d27813e73a14599144eb678b692e0421c3b6c2c7ad70	e757fd8d3068689e7b71d27813e73a14599144eb678b692e0421c3b6c2c7ad70	PASS
01_HTV_HTS_CORE_DEPENDENCY_AUDIT/01_HTV_フェーズ別/HTV_09_独立H0経路・横断依存_HTV106-113/HTV106_RESULTS_FOR_REVIEW.zip.sha256	01_HTV_HTS_CORE_DEPENDENCY_AUDIT/01_HTV_フェーズ別/HTV_09_独立H0経路・横断依存_HTV106-113/HTV106_RESULTS_FOR_REVIEW.zip	b1afb6bdf87145bd164a297369ca54be22515470e760a2a238001590b1e3b627	b1afb6bdf87145bd164a297369ca54be22515470e760a2a238001590b1e3b627	PASS
01_HTV_HTS_CORE_DEPENDENCY_AUDIT/01_HTV_フェーズ別/HTV_09_独立H0経路・横断依存_HTV106-113/HTV107_EXECUTION_REPORT.md.sha256	01_HTV_HTS_CORE_DEPENDENCY_AUDIT/01_HTV_フェーズ別/HTV_09_独立H0経路・横断依存_HTV106-113/HTV107_EXECUTION_REPORT.md	8d97674b8fd69aed7161d06d9ab53b90cdb337ab4dff38326580d896a5c0af7e	8d97674b8fd69aed7161d06d9ab53b90cdb337ab4dff38326580d896a5c0af7e	PASS
01_HTV_HTS_CORE_DEPENDENCY_AUDIT/01_HTV_フェーズ別/HTV_09_独立H0経路・横断依存_HTV106-113/HTV107_RESULTS_FOR_REVIEW.zip.sha256	01_HTV_HTS_CORE_DEPENDENCY_AUDIT/01_HTV_フェーズ別/HTV_09_独立H0経路・横断依存_HTV106-113/HTV107_RESULTS_FOR_REVIEW.zip	96e7feb24eed84e72619cc8f19c0bbb697e5f893b73908916fd3099155795b4f	96e7feb24eed84e72619cc8f19c0bbb697e5f893b73908916fd3099155795b4f	PASS
01_HTV_HTS_CORE_DEPENDENCY_AUDIT/01_HTV_フェーズ別/HTV_09_独立H0経路・横断依存_HTV106-113/HTV108_EXECUTION_REPORT.md.sha256	01_HTV_HTS_CORE_DEPENDENCY_AUDIT/01_HTV_フェーズ別/HTV_09_独立H0経路・横断依存_HTV106-113/HTV108_EXECUTION_REPORT.md	26e511806415dc18eb7b592625748dd7e3e9e37bcc2746fb3ae50ef40f387f89	26e511806415dc18eb7b592625748dd7e3e9e37bcc2746fb3ae50ef40f387f89	PASS
01_HTV_HTS_CORE_DEPENDENCY_AUDIT/01_HTV_フェーズ別/HTV_09_独立H0経路・横断依存_HTV106-113/HTV108_RESULTS_FOR_REVIEW.zip.sha256	01_HTV_HTS_CORE_DEPENDENCY_AUDIT/01_HTV_フェーズ別/HTV_09_独立H0経路・横断依存_HTV106-113/HTV108_RESULTS_FOR_REVIEW.zip	b3a513ac8cf837f8a5bbd599c056cf7215aaf6140380f31841488bc0e816ed4a	b3a513ac8cf837f8a5bbd599c056cf7215aaf6140380f31841488bc0e816ed4a	PASS
01_HTV_HTS_CORE_DEPENDENCY_AUDIT/01_HTV_フェーズ別/HTV_09_独立H0経路・横断依存_HTV106-113/HTV109_EXECUTION_REPORT.md.sha256	01_HTV_HTS_CORE_DEPENDENCY_AUDIT/01_HTV_フェーズ別/HTV_09_独立H0経路・横断依存_HTV106-113/HTV109_EXECUTION_REPORT.md	7d29896ef938652890ddce384394b3f5524e5fba6f6304952e08a703b2c2f839	7d29896ef938652890ddce384394b3f5524e5fba6f6304952e08a703b2c2f839	PASS
01_HTV_HTS_CORE_DEPENDENCY_AUDIT/01_HTV_フェーズ別/HTV_09_独立H0経路・横断依存_HTV106-113/HTV109_RESULTS_FOR_REVIEW.zip.sha256	01_HTV_HTS_CORE_DEPENDENCY_AUDIT/01_HTV_フェーズ別/HTV_09_独立H0経路・横断依存_HTV106-113/HTV109_RESULTS_FOR_REVIEW.zip	89ba30bddf6a367197cf25072a20859ad47185c8ee9e0251e6094cd8f67e8240	89ba30bddf6a367197cf25072a20859ad47185c8ee9e0251e6094cd8f67e8240	PASS
01_HTV_HTS_CORE_DEPENDENCY_AUDIT/01_HTV_フェーズ別/HTV_09_独立H0経路・横断依存_HTV106-113/HTV110_EXECUTION_REPORT.md.sha256	01_HTV_HTS_CORE_DEPENDENCY_AUDIT/01_HTV_フェーズ別/HTV_09_独立H0経路・横断依存_HTV106-113/HTV110_EXECUTION_REPORT.md	e0ab76c757653d75258f00b5d6eceac1d3a73d8cd02c9b03e7eb98e197f914dd	e0ab76c757653d75258f00b5d6eceac1d3a73d8cd02c9b03e7eb98e197f914dd	PASS
01_HTV_HTS_CORE_DEPENDENCY_AUDIT/01_HTV_フェーズ別/HTV_09_独立H0経路・横断依存_HTV106-113/HTV110_RESULTS_FOR_REVIEW.zip.sha256	01_HTV_HTS_CORE_DEPENDENCY_AUDIT/01_HTV_フェーズ別/HTV_09_独立H0経路・横断依存_HTV106-113/HTV110_RESULTS_FOR_REVIEW.zip	1858dd5f958737c92ce17354f31991898993811c4ac968a03fb32c0c548d2d7f	1858dd5f958737c92ce17354f31991898993811c4ac968a03fb32c0c548d2d7f	PASS
01_HTV_HTS_CORE_DEPENDENCY_AUDIT/01_HTV_フェーズ別/HTV_09_独立H0経路・横断依存_HTV106-113/HTV111_EXECUTION_REPORT.md.sha256	01_HTV_HTS_CORE_DEPENDENCY_AUDIT/01_HTV_フェーズ別/HTV_09_独立H0経路・横断依存_HTV106-113/HTV111_EXECUTION_REPORT.md	7757dea179f4e9b29723c9f6cb5896e578bffa43c39ad004bf81b9cfc6deac22	7757dea179f4e9b29723c9f6cb5896e578bffa43c39ad004bf81b9cfc6deac22	PASS
01_HTV_HTS_CORE_DEPENDENCY_AUDIT/01_HTV_フェーズ別/HTV_09_独立H0経路・横断依存_HTV106-113/HTV111_RESULTS_FOR_REVIEW.zip.sha256	01_HTV_HTS_CORE_DEPENDENCY_AUDIT/01_HTV_フェーズ別/HTV_09_独立H0経路・横断依存_HTV106-113/HTV111_RESULTS_FOR_REVIEW.zip	067f94d590d33671a34a84650edb6ed174eb24f4fb3b629076ff037ebff12001	067f94d590d33671a34a84650edb6ed174eb24f4fb3b629076ff037ebff12001	PASS
01_HTV_HTS_CORE_DEPENDENCY_AUDIT/01_HTV_フェーズ別/HTV_09_独立H0経路・横断依存_HTV106-113/HTV112_EXECUTION_REPORT.md.sha256	01_HTV_HTS_CORE_DEPENDENCY_AUDIT/01_HTV_フェーズ別/HTV_09_独立H0経路・横断依存_HTV106-113/HTV112_EXECUTION_REPORT.md	008456a41293c31f1f9c4e0ba8490770098dfcdcfd625c5289dfe1a440ba241d	008456a41293c31f1f9c4e0ba8490770098dfcdcfd625c5289dfe1a440ba241d	PASS
01_HTV_HTS_CORE_DEPENDENCY_AUDIT/01_HTV_フェーズ別/HTV_09_独立H0経路・横断依存_HTV106-113/HTV112_RESULTS_FOR_REVIEW.zip.sha256	01_HTV_HTS_CORE_DEPENDENCY_AUDIT/01_HTV_フェーズ別/HTV_09_独立H0経路・横断依存_HTV106-113/HTV112_RESULTS_FOR_REVIEW.zip	116197efe40467459691a132957613d8f26f98b658aa25203053305f4e75eb9e	116197efe40467459691a132957613d8f26f98b658aa25203053305f4e75eb9e	PASS
01_HTV_HTS_CORE_DEPENDENCY_AUDIT/01_HTV_フェーズ別/HTV_09_独立H0経路・横断依存_HTV106-113/HTV113_EXECUTION_REPORT.md.sha256	01_HTV_HTS_CORE_DEPENDENCY_AUDIT/01_HTV_フェーズ別/HTV_09_独立H0経路・横断依存_HTV106-113/HTV113_EXECUTION_REPORT.md	c76fd6f318c431a30b64bb18a37780fc271d3562ac750c3b391fa5cee7d5b9e9	c76fd6f318c431a30b64bb18a37780fc271d3562ac750c3b391fa5cee7d5b9e9	PASS
01_HTV_HTS_CORE_DEPENDENCY_AUDIT/01_HTV_フェーズ別/HTV_09_独立H0経路・横断依存_HTV106-113/HTV113_RESULTS_FOR_REVIEW.zip.sha256	01_HTV_HTS_CORE_DEPENDENCY_AUDIT/01_HTV_フェーズ別/HTV_09_独立H0経路・横断依存_HTV106-113/HTV113_RESULTS_FOR_REVIEW.zip	aa50b0e6c5a82731cab4a46ad99b8378b59db3a708544d19a486306c661462e5	aa50b0e6c5a82731cab4a46ad99b8378b59db3a708544d19a486306c661462e5	PASS
01_HTV_HTS_CORE_DEPENDENCY_AUDIT/01_HTV_フェーズ別/HTV_10_SN共分散・赤方偏移契約_HTV114-123/HTV114_CORR1_RESULTS_FOR_REVIEW.zip.sha256	01_HTV_HTS_CORE_DEPENDENCY_AUDIT/01_HTV_フェーズ別/HTV_10_SN共分散・赤方偏移契約_HTV114-123/HTV114_CORR1_RESULTS_FOR_REVIEW.zip	ab3f0b632a65318855497847742a96685cec94f783ffc4ac31f52574890a0eb1	ab3f0b632a65318855497847742a96685cec94f783ffc4ac31f52574890a0eb1	PASS
01_HTV_HTS_CORE_DEPENDENCY_AUDIT/01_HTV_フェーズ別/HTV_10_SN共分散・赤方偏移契約_HTV114-123/HTV114_CORR1_REVIEW_REPORT.md.sha256	01_HTV_HTS_CORE_DEPENDENCY_AUDIT/01_HTV_フェーズ別/HTV_10_SN共分散・赤方偏移契約_HTV114-123/HTV114_CORR1_REVIEW_REPORT.md	a249a95ea63b366994051aea274a763c227883cd67e24c1eda830c71cec1e18f	a249a95ea63b366994051aea274a763c227883cd67e24c1eda830c71cec1e18f	PASS
01_HTV_HTS_CORE_DEPENDENCY_AUDIT/01_HTV_フェーズ別/HTV_10_SN共分散・赤方偏移契約_HTV114-123/HTV114_CORR1_RUN_PACKAGE.zip.sha256	01_HTV_HTS_CORE_DEPENDENCY_AUDIT/01_HTV_フェーズ別/HTV_10_SN共分散・赤方偏移契約_HTV114-123/HTV114_CORR1_RUN_PACKAGE.zip	cd48e514b35b2c3db01139e899c0c9e8e53dad6194cb9fa91da7851b725bdeaa	cd48e514b35b2c3db01139e899c0c9e8e53dad6194cb9fa91da7851b725bdeaa	PASS
01_HTV_HTS_CORE_DEPENDENCY_AUDIT/01_HTV_フェーズ別/HTV_10_SN共分散・赤方偏移契約_HTV114-123/HTV115_RESULTS_FOR_REVIEW.zip.sha256	01_HTV_HTS_CORE_DEPENDENCY_AUDIT/01_HTV_フェーズ別/HTV_10_SN共分散・赤方偏移契約_HTV114-123/HTV115_RESULTS_FOR_REVIEW.zip	ce3f9e676597fc408922b80a49ffcd8da16b690900fab34b3968d1135f0a9e29	ce3f9e676597fc408922b80a49ffcd8da16b690900fab34b3968d1135f0a9e29	PASS
01_HTV_HTS_CORE_DEPENDENCY_AUDIT/01_HTV_フェーズ別/HTV_10_SN共分散・赤方偏移契約_HTV114-123/HTV115_REVIEW_REPORT.md.sha256	01_HTV_HTS_CORE_DEPENDENCY_AUDIT/01_HTV_フェーズ別/HTV_10_SN共分散・赤方偏移契約_HTV114-123/HTV115_REVIEW_REPORT.md	65e22d228cd9b3178f0ad68e2e4109a9698823d6695fe48303ce0d8aef319884	65e22d228cd9b3178f0ad68e2e4109a9698823d6695fe48303ce0d8aef319884	PASS
01_HTV_HTS_CORE_DEPENDENCY_AUDIT/01_HTV_フェーズ別/HTV_10_SN共分散・赤方偏移契約_HTV114-123/HTV115_RUN_PACKAGE.zip.sha256	01_HTV_HTS_CORE_DEPENDENCY_AUDIT/01_HTV_フェーズ別/HTV_10_SN共分散・赤方偏移契約_HTV114-123/HTV115_RUN_PACKAGE.zip	78353d9f58c192ceff2c5994919927b11dd45c05bf5d1bafeac0c945c9167173	78353d9f58c192ceff2c5994919927b11dd45c05bf5d1bafeac0c945c9167173	PASS
01_HTV_HTS_CORE_DEPENDENCY_AUDIT/01_HTV_フェーズ別/HTV_10_SN共分散・赤方偏移契約_HTV114-123/HTV116_EXECUTION_REPORT.md.sha256	01_HTV_HTS_CORE_DEPENDENCY_AUDIT/01_HTV_フェーズ別/HTV_10_SN共分散・赤方偏移契約_HTV114-123/HTV116_EXECUTION_REPORT.md	7b7aa11202c34bdffff475335b6837a9920b585a0484bb245965f4236a8f20ed	7b7aa11202c34bdffff475335b6837a9920b585a0484bb245965f4236a8f20ed	PASS
01_HTV_HTS_CORE_DEPENDENCY_AUDIT/01_HTV_フェーズ別/HTV_10_SN共分散・赤方偏移契約_HTV114-123/HTV116_RESULTS_FOR_REVIEW.zip.sha256	01_HTV_HTS_CORE_DEPENDENCY_AUDIT/01_HTV_フェーズ別/HTV_10_SN共分散・赤方偏移契約_HTV114-123/HTV116_RESULTS_FOR_REVIEW.zip	7f0eb934f93c5745c19ede1efea9fd3bf6e73a00af852f53ffcb7a141c8533e5	7f0eb934f93c5745c19ede1efea9fd3bf6e73a00af852f53ffcb7a141c8533e5	PASS
01_HTV_HTS_CORE_DEPENDENCY_AUDIT/01_HTV_フェーズ別/HTV_10_SN共分散・赤方偏移契約_HTV114-123/HTV117_CORR1_RESULTS_FOR_REVIEW.zip.sha256	01_HTV_HTS_CORE_DEPENDENCY_AUDIT/01_HTV_フェーズ別/HTV_10_SN共分散・赤方偏移契約_HTV114-123/HTV117_CORR1_RESULTS_FOR_REVIEW.zip	713127d9c80f81fbff263ebf0a2b7d9e45a90ed444691f57cd916d5f5c039e5b	713127d9c80f81fbff263ebf0a2b7d9e45a90ed444691f57cd916d5f5c039e5b	PASS
01_HTV_HTS_CORE_DEPENDENCY_AUDIT/01_HTV_フェーズ別/HTV_10_SN共分散・赤方偏移契約_HTV114-123/HTV117_RESULTS_FOR_REVIEW.zip.sha256	01_HTV_HTS_CORE_DEPENDENCY_AUDIT/01_HTV_フェーズ別/HTV_10_SN共分散・赤方偏移契約_HTV114-123/HTV117_RESULTS_FOR_REVIEW.zip	ee45b88c9803fa675958ab70defecccc5baf9074e6acbd26b39f7699daede30b	ee45b88c9803fa675958ab70defecccc5baf9074e6acbd26b39f7699daede30b	PASS
01_HTV_HTS_CORE_DEPENDENCY_AUDIT/01_HTV_フェーズ別/HTV_10_SN共分散・赤方偏移契約_HTV114-123/HTV117_REVIEW_REPORT.md.sha256	01_HTV_HTS_CORE_DEPENDENCY_AUDIT/01_HTV_フェーズ別/HTV_10_SN共分散・赤方偏移契約_HTV114-123/HTV117_REVIEW_REPORT.md	e1f0f8031f77d3c2387374dab4b80d215e77620dd40cd78cd0b2ab8faa478067	e1f0f8031f77d3c2387374dab4b80d215e77620dd40cd78cd0b2ab8faa478067	PASS
01_HTV_HTS_CORE_DEPENDENCY_AUDIT/01_HTV_フェーズ別/HTV_10_SN共分散・赤方偏移契約_HTV114-123/HTV117_RUN_PACKAGE.zip.sha256	01_HTV_HTS_CORE_DEPENDENCY_AUDIT/01_HTV_フェーズ別/HTV_10_SN共分散・赤方偏移契約_HTV114-123/HTV117_RUN_PACKAGE.zip	5d6b6c6bcc643f0462ecf7c65ff284b002be0b15ae2f939cff3e23470b0d6ae7	5d6b6c6bcc643f0462ecf7c65ff284b002be0b15ae2f939cff3e23470b0d6ae7	PASS
01_HTV_HTS_CORE_DEPENDENCY_AUDIT/01_HTV_フェーズ別/HTV_10_SN共分散・赤方偏移契約_HTV114-123/HTV118_RESULTS_FOR_REVIEW.zip.sha256	01_HTV_HTS_CORE_DEPENDENCY_AUDIT/01_HTV_フェーズ別/HTV_10_SN共分散・赤方偏移契約_HTV114-123/HTV118_RESULTS_FOR_REVIEW.zip	406d5d4959cec881f6234ff6c055e2f43c914bbe8c4ccf6efe67617392dd21cb	406d5d4959cec881f6234ff6c055e2f43c914bbe8c4ccf6efe67617392dd21cb	PASS
01_HTV_HTS_CORE_DEPENDENCY_AUDIT/01_HTV_フェーズ別/HTV_10_SN共分散・赤方偏移契約_HTV114-123/HTV118_REVIEW_REPORT.md.sha256	01_HTV_HTS_CORE_DEPENDENCY_AUDIT/01_HTV_フェーズ別/HTV_10_SN共分散・赤方偏移契約_HTV114-123/HTV118_REVIEW_REPORT.md	edd559b214e85fcddbb984149cab94d894eecfe165386a324337bfb95e706a71	edd559b214e85fcddbb984149cab94d894eecfe165386a324337bfb95e706a71	PASS
01_HTV_HTS_CORE_DEPENDENCY_AUDIT/01_HTV_フェーズ別/HTV_10_SN共分散・赤方偏移契約_HTV114-123/HTV118_RUN_PACKAGE.zip.sha256	01_HTV_HTS_CORE_DEPENDENCY_AUDIT/01_HTV_フェーズ別/HTV_10_SN共分散・赤方偏移契約_HTV114-123/HTV118_RUN_PACKAGE.zip	469fdcc5ae3852e58b1384c3181e7db094a1b4ecf421a035b1ea6121ea8f53c6	469fdcc5ae3852e58b1384c3181e7db094a1b4ecf421a035b1ea6121ea8f53c6	PASS
01_HTV_HTS_CORE_DEPENDENCY_AUDIT/01_HTV_フェーズ別/HTV_10_SN共分散・赤方偏移契約_HTV114-123/HTV119_RESULTS_FOR_REVIEW.zip.sha256	01_HTV_HTS_CORE_DEPENDENCY_AUDIT/01_HTV_フェーズ別/HTV_10_SN共分散・赤方偏移契約_HTV114-123/HTV119_RESULTS_FOR_REVIEW.zip	7e7730e7117974cdd04073d9c4086af950a47b8681c46d5c9f850ec3e15953bf	7e7730e7117974cdd04073d9c4086af950a47b8681c46d5c9f850ec3e15953bf	PASS
01_HTV_HTS_CORE_DEPENDENCY_AUDIT/01_HTV_フェーズ別/HTV_10_SN共分散・赤方偏移契約_HTV114-123/HTV119_REVIEW_REPORT.md.sha256	01_HTV_HTS_CORE_DEPENDENCY_AUDIT/01_HTV_フェーズ別/HTV_10_SN共分散・赤方偏移契約_HTV114-123/HTV119_REVIEW_REPORT.md	f667a4c59b8fc0e1f33e5d43f46bde41b31c7531fdd958784aa502628920ddcb	f667a4c59b8fc0e1f33e5d43f46bde41b31c7531fdd958784aa502628920ddcb	PASS
01_HTV_HTS_CORE_DEPENDENCY_AUDIT/01_HTV_フェーズ別/HTV_10_SN共分散・赤方偏移契約_HTV114-123/HTV119_RUN_PACKAGE.zip.sha256	01_HTV_HTS_CORE_DEPENDENCY_AUDIT/01_HTV_フェーズ別/HTV_10_SN共分散・赤方偏移契約_HTV114-123/HTV119_RUN_PACKAGE.zip	ad52b11fb31e1585e6119da793bbda66c7ee6a85e4966e11838e34e3a2387a02	ad52b11fb31e1585e6119da793bbda66c7ee6a85e4966e11838e34e3a2387a02	PASS
01_HTV_HTS_CORE_DEPENDENCY_AUDIT/01_HTV_フェーズ別/HTV_10_SN共分散・赤方偏移契約_HTV114-123/HTV120_RESULTS_FOR_REVIEW.zip.sha256	01_HTV_HTS_CORE_DEPENDENCY_AUDIT/01_HTV_フェーズ別/HTV_10_SN共分散・赤方偏移契約_HTV114-123/HTV120_RESULTS_FOR_REVIEW.zip	eb4b7fbe4659e832f9525b2aa43678168993b2214ef37540e0a644a735c3abd3	eb4b7fbe4659e832f9525b2aa43678168993b2214ef37540e0a644a735c3abd3	PASS
01_HTV_HTS_CORE_DEPENDENCY_AUDIT/01_HTV_フェーズ別/HTV_10_SN共分散・赤方偏移契約_HTV114-123/HTV120_REVIEW_REPORT.md.sha256	01_HTV_HTS_CORE_DEPENDENCY_AUDIT/01_HTV_フェーズ別/HTV_10_SN共分散・赤方偏移契約_HTV114-123/HTV120_REVIEW_REPORT.md	01976399adafbefe7f3376768455eb62925bbe01fec6e2b1244dacba44e813ef	01976399adafbefe7f3376768455eb62925bbe01fec6e2b1244dacba44e813ef	PASS
01_HTV_HTS_CORE_DEPENDENCY_AUDIT/01_HTV_フェーズ別/HTV_10_SN共分散・赤方偏移契約_HTV114-123/HTV120_RUN_PACKAGE.zip.sha256	01_HTV_HTS_CORE_DEPENDENCY_AUDIT/01_HTV_フェーズ別/HTV_10_SN共分散・赤方偏移契約_HTV114-123/HTV120_RUN_PACKAGE.zip	98e44e28657ce0b3bb7f822b4de0f6e6b3b0a1870e863e53fac9cc1bef9ff485	98e44e28657ce0b3bb7f822b4de0f6e6b3b0a1870e863e53fac9cc1bef9ff485	PASS
01_HTV_HTS_CORE_DEPENDENCY_AUDIT/01_HTV_フェーズ別/HTV_10_SN共分散・赤方偏移契約_HTV114-123/HTV121_RESULTS_FOR_REVIEW.zip.sha256	01_HTV_HTS_CORE_DEPENDENCY_AUDIT/01_HTV_フェーズ別/HTV_10_SN共分散・赤方偏移契約_HTV114-123/HTV121_RESULTS_FOR_REVIEW.zip	9f702cf71e54c106aa9ce1fc4165b42dbec0467d9d6f771dc637083627fdd2ef	9f702cf71e54c106aa9ce1fc4165b42dbec0467d9d6f771dc637083627fdd2ef	PASS
01_HTV_HTS_CORE_DEPENDENCY_AUDIT/01_HTV_フェーズ別/HTV_10_SN共分散・赤方偏移契約_HTV114-123/HTV121_REVIEW_REPORT.md.sha256	01_HTV_HTS_CORE_DEPENDENCY_AUDIT/01_HTV_フェーズ別/HTV_10_SN共分散・赤方偏移契約_HTV114-123/HTV121_REVIEW_REPORT.md	d2225722ee3bc3a3897ae512311973e2954f0cca2d867a721229051da539cf39	d2225722ee3bc3a3897ae512311973e2954f0cca2d867a721229051da539cf39	PASS
01_HTV_HTS_CORE_DEPENDENCY_AUDIT/01_HTV_フェーズ別/HTV_10_SN共分散・赤方偏移契約_HTV114-123/HTV121_RUN_PACKAGE.zip.sha256	01_HTV_HTS_CORE_DEPENDENCY_AUDIT/01_HTV_フェーズ別/HTV_10_SN共分散・赤方偏移契約_HTV114-123/HTV121_RUN_PACKAGE.zip	fff3f2e02ca1afd66b7335d73c380a2bbf9ce598dacbc5ef877a7e031559267d	fff3f2e02ca1afd66b7335d73c380a2bbf9ce598dacbc5ef877a7e031559267d	PASS
01_HTV_HTS_CORE_DEPENDENCY_AUDIT/01_HTV_フェーズ別/HTV_10_SN共分散・赤方偏移契約_HTV114-123/HTV122_RESULTS_FOR_REVIEW.zip.sha256	01_HTV_HTS_CORE_DEPENDENCY_AUDIT/01_HTV_フェーズ別/HTV_10_SN共分散・赤方偏移契約_HTV114-123/HTV122_RESULTS_FOR_REVIEW.zip	d6707d13457f433e445ff700f24731727972d5fe9e06a16e0a2e0a3d865ba4df	d6707d13457f433e445ff700f24731727972d5fe9e06a16e0a2e0a3d865ba4df	PASS
01_HTV_HTS_CORE_DEPENDENCY_AUDIT/01_HTV_フェーズ別/HTV_10_SN共分散・赤方偏移契約_HTV114-123/HTV122_REVIEW_REPORT.md.sha256	01_HTV_HTS_CORE_DEPENDENCY_AUDIT/01_HTV_フェーズ別/HTV_10_SN共分散・赤方偏移契約_HTV114-123/HTV122_REVIEW_REPORT.md	ee25a17a45d9bb160084931077ae646b96cac48ba5ed04f036b0f1920f22f373	ee25a17a45d9bb160084931077ae646b96cac48ba5ed04f036b0f1920f22f373	PASS
01_HTV_HTS_CORE_DEPENDENCY_AUDIT/01_HTV_フェーズ別/HTV_10_SN共分散・赤方偏移契約_HTV114-123/HTV122_RUN_PACKAGE.zip.sha256	01_HTV_HTS_CORE_DEPENDENCY_AUDIT/01_HTV_フェーズ別/HTV_10_SN共分散・赤方偏移契約_HTV114-123/HTV122_RUN_PACKAGE.zip	a399573d409d11d949edb525c2214bb2000784ea91ec962267df2592cc8b33bd	a399573d409d11d949edb525c2214bb2000784ea91ec962267df2592cc8b33bd	PASS
01_HTV_HTS_CORE_DEPENDENCY_AUDIT/01_HTV_フェーズ別/HTV_10_SN共分散・赤方偏移契約_HTV114-123/HTV123_CORR2_RESULTS_FOR_REVIEW.zip.sha256	01_HTV_HTS_CORE_DEPENDENCY_AUDIT/01_HTV_フェーズ別/HTV_10_SN共分散・赤方偏移契約_HTV114-123/HTV123_CORR2_RESULTS_FOR_REVIEW.zip	b4e909d46a5ae5b0f5d32c3aac89c2d4bc1974600bd95b264e8c21ed94d47818	b4e909d46a5ae5b0f5d32c3aac89c2d4bc1974600bd95b264e8c21ed94d47818	PASS
01_HTV_HTS_CORE_DEPENDENCY_AUDIT/01_HTV_フェーズ別/HTV_10_SN共分散・赤方偏移契約_HTV114-123/HTV123_CORR2_REVIEW_REPORT.md.sha256	01_HTV_HTS_CORE_DEPENDENCY_AUDIT/01_HTV_フェーズ別/HTV_10_SN共分散・赤方偏移契約_HTV114-123/HTV123_CORR2_REVIEW_REPORT.md	3dc366fb6dc61b546ebe12ab0e8e3eb0f1c71840ec4d479d6867edbdd369ccba	3dc366fb6dc61b546ebe12ab0e8e3eb0f1c71840ec4d479d6867edbdd369ccba	PASS
01_HTV_HTS_CORE_DEPENDENCY_AUDIT/01_HTV_フェーズ別/HTV_10_SN共分散・赤方偏移契約_HTV114-123/HTV123_CORR2_RUN_PACKAGE.zip.sha256	01_HTV_HTS_CORE_DEPENDENCY_AUDIT/01_HTV_フェーズ別/HTV_10_SN共分散・赤方偏移契約_HTV114-123/HTV123_CORR2_RUN_PACKAGE.zip	b5c548e8bcfb09f5ecd7afb65de7aa60a3daa7c5a8a0433ee3d7e44ece45fb1d	b5c548e8bcfb09f5ecd7afb65de7aa60a3daa7c5a8a0433ee3d7e44ece45fb1d	PASS
01_HTV_HTS_CORE_DEPENDENCY_AUDIT/01_HTV_フェーズ別/HTV_11_H0DN角度構造・反証・閉鎖_HTV124-135/HTV124_RESULTS_FOR_REVIEW.zip.sha256	01_HTV_HTS_CORE_DEPENDENCY_AUDIT/01_HTV_フェーズ別/HTV_11_H0DN角度構造・反証・閉鎖_HTV124-135/HTV124_RESULTS_FOR_REVIEW.zip	7e35e702480fe24fb7019c2c7b2000b0ca29eb928383604c427e2876fdaa01b6	7e35e702480fe24fb7019c2c7b2000b0ca29eb928383604c427e2876fdaa01b6	PASS
01_HTV_HTS_CORE_DEPENDENCY_AUDIT/01_HTV_フェーズ別/HTV_11_H0DN角度構造・反証・閉鎖_HTV124-135/HTV124_REVIEW_REPORT.md.sha256	01_HTV_HTS_CORE_DEPENDENCY_AUDIT/01_HTV_フェーズ別/HTV_11_H0DN角度構造・反証・閉鎖_HTV124-135/HTV124_REVIEW_REPORT.md	60835517b647b95bc3078edb10de9977b088ab15c9bdf60eff180e7042606cc6	60835517b647b95bc3078edb10de9977b088ab15c9bdf60eff180e7042606cc6	PASS
01_HTV_HTS_CORE_DEPENDENCY_AUDIT/01_HTV_フェーズ別/HTV_11_H0DN角度構造・反証・閉鎖_HTV124-135/HTV124_RUN_PACKAGE.zip.sha256	01_HTV_HTS_CORE_DEPENDENCY_AUDIT/01_HTV_フェーズ別/HTV_11_H0DN角度構造・反証・閉鎖_HTV124-135/HTV124_RUN_PACKAGE.zip	29d3cb793f7919cbf0ff1721356a54258409024a661b74ccb188c0c7d2d12c06	29d3cb793f7919cbf0ff1721356a54258409024a661b74ccb188c0c7d2d12c06	PASS
01_HTV_HTS_CORE_DEPENDENCY_AUDIT/01_HTV_フェーズ別/HTV_11_H0DN角度構造・反証・閉鎖_HTV124-135/HTV125_RESULTS_FOR_REVIEW.zip.sha256	01_HTV_HTS_CORE_DEPENDENCY_AUDIT/01_HTV_フェーズ別/HTV_11_H0DN角度構造・反証・閉鎖_HTV124-135/HTV125_RESULTS_FOR_REVIEW.zip	45fb97d08e9fc7d9d3de9b53104152e65344c67fe78210e726335ce8001a4a33	45fb97d08e9fc7d9d3de9b53104152e65344c67fe78210e726335ce8001a4a33	PASS
01_HTV_HTS_CORE_DEPENDENCY_AUDIT/01_HTV_フェーズ別/HTV_11_H0DN角度構造・反証・閉鎖_HTV124-135/HTV125_REVIEW_REPORT.md.sha256	01_HTV_HTS_CORE_DEPENDENCY_AUDIT/01_HTV_フェーズ別/HTV_11_H0DN角度構造・反証・閉鎖_HTV124-135/HTV125_REVIEW_REPORT.md	e0bb2968d1dd0189b8bae5fea8ea7950226c92e52ed6a73f6952596e066c9212	e0bb2968d1dd0189b8bae5fea8ea7950226c92e52ed6a73f6952596e066c9212	PASS
01_HTV_HTS_CORE_DEPENDENCY_AUDIT/01_HTV_フェーズ別/HTV_11_H0DN角度構造・反証・閉鎖_HTV124-135/HTV125_RUN_PACKAGE.zip.sha256	01_HTV_HTS_CORE_DEPENDENCY_AUDIT/01_HTV_フェーズ別/HTV_11_H0DN角度構造・反証・閉鎖_HTV124-135/HTV125_RUN_PACKAGE.zip	0aab8f40dba33100537e94037b541ab6138c7eee4918a0381cfacf3e650605e9	0aab8f40dba33100537e94037b541ab6138c7eee4918a0381cfacf3e650605e9	PASS
01_HTV_HTS_CORE_DEPENDENCY_AUDIT/01_HTV_フェーズ別/HTV_11_H0DN角度構造・反証・閉鎖_HTV124-135/HTV126_RESULTS_FOR_REVIEW.zip.sha256	01_HTV_HTS_CORE_DEPENDENCY_AUDIT/01_HTV_フェーズ別/HTV_11_H0DN角度構造・反証・閉鎖_HTV124-135/HTV126_RESULTS_FOR_REVIEW.zip	f7615eac78f03c48aad6132faa024480f4f8ef5eb69181620394b336750b0089	f7615eac78f03c48aad6132faa024480f4f8ef5eb69181620394b336750b0089	PASS
01_HTV_HTS_CORE_DEPENDENCY_AUDIT/01_HTV_フェーズ別/HTV_11_H0DN角度構造・反証・閉鎖_HTV124-135/HTV126_REVIEW_REPORT.md.sha256	01_HTV_HTS_CORE_DEPENDENCY_AUDIT/01_HTV_フェーズ別/HTV_11_H0DN角度構造・反証・閉鎖_HTV124-135/HTV126_REVIEW_REPORT.md	88ea4ed93114205c8303363c49a1a7cfa1e4472579d68a72df71c1ae799c78af	88ea4ed93114205c8303363c49a1a7cfa1e4472579d68a72df71c1ae799c78af	PASS
01_HTV_HTS_CORE_DEPENDENCY_AUDIT/01_HTV_フェーズ別/HTV_11_H0DN角度構造・反証・閉鎖_HTV124-135/HTV126_RUN_PACKAGE.zip.sha256	01_HTV_HTS_CORE_DEPENDENCY_AUDIT/01_HTV_フェーズ別/HTV_11_H0DN角度構造・反証・閉鎖_HTV124-135/HTV126_RUN_PACKAGE.zip	caeafe3cf01528e91a161856ae668d6197db53aab6e04b8e98900dfe035d5821	caeafe3cf01528e91a161856ae668d6197db53aab6e04b8e98900dfe035d5821	PASS
01_HTV_HTS_CORE_DEPENDENCY_AUDIT/01_HTV_フェーズ別/HTV_11_H0DN角度構造・反証・閉鎖_HTV124-135/HTV127_RESULTS_FOR_REVIEW.zip.sha256	01_HTV_HTS_CORE_DEPENDENCY_AUDIT/01_HTV_フェーズ別/HTV_11_H0DN角度構造・反証・閉鎖_HTV124-135/HTV127_RESULTS_FOR_REVIEW.zip	1a36e28294c7ec415a5bd20524fbef9e4291445da21e9c1073dc7c980ff822a2	1a36e28294c7ec415a5bd20524fbef9e4291445da21e9c1073dc7c980ff822a2	PASS
01_HTV_HTS_CORE_DEPENDENCY_AUDIT/01_HTV_フェーズ別/HTV_11_H0DN角度構造・反証・閉鎖_HTV124-135/HTV127_REVIEW_REPORT.md.sha256	01_HTV_HTS_CORE_DEPENDENCY_AUDIT/01_HTV_フェーズ別/HTV_11_H0DN角度構造・反証・閉鎖_HTV124-135/HTV127_REVIEW_REPORT.md	76870ebafed7594ed78d4d9a9947efdee4578339edbe7f6d4a552abc3be1eb9c	76870ebafed7594ed78d4d9a9947efdee4578339edbe7f6d4a552abc3be1eb9c	PASS
01_HTV_HTS_CORE_DEPENDENCY_AUDIT/01_HTV_フェーズ別/HTV_11_H0DN角度構造・反証・閉鎖_HTV124-135/HTV127_RUN_PACKAGE.zip.sha256	01_HTV_HTS_CORE_DEPENDENCY_AUDIT/01_HTV_フェーズ別/HTV_11_H0DN角度構造・反証・閉鎖_HTV124-135/HTV127_RUN_PACKAGE.zip	7b93b22f985ea2d2e4bdc0399a51ccdeceaee9e2f5b35e1da8d953a5ce95fe2a	7b93b22f985ea2d2e4bdc0399a51ccdeceaee9e2f5b35e1da8d953a5ce95fe2a	PASS
01_HTV_HTS_CORE_DEPENDENCY_AUDIT/01_HTV_フェーズ別/HTV_11_H0DN角度構造・反証・閉鎖_HTV124-135/HTV128_RESULTS_FOR_REVIEW.zip.sha256	01_HTV_HTS_CORE_DEPENDENCY_AUDIT/01_HTV_フェーズ別/HTV_11_H0DN角度構造・反証・閉鎖_HTV124-135/HTV128_RESULTS_FOR_REVIEW.zip	825b35b36cffce504779608f3db2aa61e60234bbd65b246a7e2e9f94e326bbf7	825b35b36cffce504779608f3db2aa61e60234bbd65b246a7e2e9f94e326bbf7	PASS
01_HTV_HTS_CORE_DEPENDENCY_AUDIT/01_HTV_フェーズ別/HTV_11_H0DN角度構造・反証・閉鎖_HTV124-135/HTV128_REVIEW_REPORT.md.sha256	01_HTV_HTS_CORE_DEPENDENCY_AUDIT/01_HTV_フェーズ別/HTV_11_H0DN角度構造・反証・閉鎖_HTV124-135/HTV128_REVIEW_REPORT.md	aaed26dfb5cd0e2c2d4a87acc103afb35a7c884ef07f2722ef0146cf4c04fe73	aaed26dfb5cd0e2c2d4a87acc103afb35a7c884ef07f2722ef0146cf4c04fe73	PASS
01_HTV_HTS_CORE_DEPENDENCY_AUDIT/01_HTV_フェーズ別/HTV_11_H0DN角度構造・反証・閉鎖_HTV124-135/HTV128_RUN_PACKAGE.zip.sha256	01_HTV_HTS_CORE_DEPENDENCY_AUDIT/01_HTV_フェーズ別/HTV_11_H0DN角度構造・反証・閉鎖_HTV124-135/HTV128_RUN_PACKAGE.zip	291d7c639f0a0cc859a448352bd6902776543bd976c2aed33b940396f5bffc72	291d7c639f0a0cc859a448352bd6902776543bd976c2aed33b940396f5bffc72	PASS
01_HTV_HTS_CORE_DEPENDENCY_AUDIT/01_HTV_フェーズ別/HTV_11_H0DN角度構造・反証・閉鎖_HTV124-135/HTV129_RESULTS_FOR_REVIEW.zip.sha256	01_HTV_HTS_CORE_DEPENDENCY_AUDIT/01_HTV_フェーズ別/HTV_11_H0DN角度構造・反証・閉鎖_HTV124-135/HTV129_RESULTS_FOR_REVIEW.zip	75057c896673d9c2a0d64b2c34f10e52ae6ec454e0da25cd7c8ba5d8b5d89b80	75057c896673d9c2a0d64b2c34f10e52ae6ec454e0da25cd7c8ba5d8b5d89b80	PASS
01_HTV_HTS_CORE_DEPENDENCY_AUDIT/01_HTV_フェーズ別/HTV_11_H0DN角度構造・反証・閉鎖_HTV124-135/HTV129_REVIEW_REPORT.md.sha256	01_HTV_HTS_CORE_DEPENDENCY_AUDIT/01_HTV_フェーズ別/HTV_11_H0DN角度構造・反証・閉鎖_HTV124-135/HTV129_REVIEW_REPORT.md	02e6473f8acc895ea9690266993b1fc51e5b03e5912c9886b833a98ad8c4dd9e	02e6473f8acc895ea9690266993b1fc51e5b03e5912c9886b833a98ad8c4dd9e	PASS
01_HTV_HTS_CORE_DEPENDENCY_AUDIT/01_HTV_フェーズ別/HTV_11_H0DN角度構造・反証・閉鎖_HTV124-135/HTV129_RUN_PACKAGE.zip.sha256	01_HTV_HTS_CORE_DEPENDENCY_AUDIT/01_HTV_フェーズ別/HTV_11_H0DN角度構造・反証・閉鎖_HTV124-135/HTV129_RUN_PACKAGE.zip	ffcfe26e31a43a0cf83021120ff8937b0278edb99db0b6ece5461a8965803d51	ffcfe26e31a43a0cf83021120ff8937b0278edb99db0b6ece5461a8965803d51	PASS
01_HTV_HTS_CORE_DEPENDENCY_AUDIT/01_HTV_フェーズ別/HTV_11_H0DN角度構造・反証・閉鎖_HTV124-135/HTV130_RESULTS_FOR_REVIEW.zip.sha256	01_HTV_HTS_CORE_DEPENDENCY_AUDIT/01_HTV_フェーズ別/HTV_11_H0DN角度構造・反証・閉鎖_HTV124-135/HTV130_RESULTS_FOR_REVIEW.zip	fbe38c96b115a360592517da945633fbc47c52ec29a547313662db1613e52dff	fbe38c96b115a360592517da945633fbc47c52ec29a547313662db1613e52dff	PASS
01_HTV_HTS_CORE_DEPENDENCY_AUDIT/01_HTV_フェーズ別/HTV_11_H0DN角度構造・反証・閉鎖_HTV124-135/HTV130_REVIEW_REPORT.md.sha256	01_HTV_HTS_CORE_DEPENDENCY_AUDIT/01_HTV_フェーズ別/HTV_11_H0DN角度構造・反証・閉鎖_HTV124-135/HTV130_REVIEW_REPORT.md	5a12dedc2f343bdaf19e0a6c91294e9f9869a3de8200d8f36342f75f07648f70	5a12dedc2f343bdaf19e0a6c91294e9f9869a3de8200d8f36342f75f07648f70	PASS
01_HTV_HTS_CORE_DEPENDENCY_AUDIT/01_HTV_フェーズ別/HTV_11_H0DN角度構造・反証・閉鎖_HTV124-135/HTV130_RUN_PACKAGE.zip.sha256	01_HTV_HTS_CORE_DEPENDENCY_AUDIT/01_HTV_フェーズ別/HTV_11_H0DN角度構造・反証・閉鎖_HTV124-135/HTV130_RUN_PACKAGE.zip	4942cbdae13ac103ddc003ea0c2e72e665f930f89fc36592e0f8d2edfeb84778	4942cbdae13ac103ddc003ea0c2e72e665f930f89fc36592e0f8d2edfeb84778	PASS
01_HTV_HTS_CORE_DEPENDENCY_AUDIT/01_HTV_フェーズ別/HTV_11_H0DN角度構造・反証・閉鎖_HTV124-135/HTV131_RESULTS_FOR_REVIEW.zip.sha256	01_HTV_HTS_CORE_DEPENDENCY_AUDIT/01_HTV_フェーズ別/HTV_11_H0DN角度構造・反証・閉鎖_HTV124-135/HTV131_RESULTS_FOR_REVIEW.zip	c723ae53e797db7bc3bd09ee1966cca22eba9e257f9999bbc5ec80d3b6d3c3d0	c723ae53e797db7bc3bd09ee1966cca22eba9e257f9999bbc5ec80d3b6d3c3d0	PASS
01_HTV_HTS_CORE_DEPENDENCY_AUDIT/01_HTV_フェーズ別/HTV_11_H0DN角度構造・反証・閉鎖_HTV124-135/HTV131_REVIEW_REPORT.md.sha256	01_HTV_HTS_CORE_DEPENDENCY_AUDIT/01_HTV_フェーズ別/HTV_11_H0DN角度構造・反証・閉鎖_HTV124-135/HTV131_REVIEW_REPORT.md	c1a98c1cecb75b1f5fc18f608c628d5609fb283aafc1bb0974ec5ba90d6f8d5c	c1a98c1cecb75b1f5fc18f608c628d5609fb283aafc1bb0974ec5ba90d6f8d5c	PASS
01_HTV_HTS_CORE_DEPENDENCY_AUDIT/01_HTV_フェーズ別/HTV_11_H0DN角度構造・反証・閉鎖_HTV124-135/HTV131_RUN_PACKAGE.zip.sha256	01_HTV_HTS_CORE_DEPENDENCY_AUDIT/01_HTV_フェーズ別/HTV_11_H0DN角度構造・反証・閉鎖_HTV124-135/HTV131_RUN_PACKAGE.zip	76c80e038cbb309008f85825d615c116e7a25b3cbb91a743053bbc8d4abf76b0	76c80e038cbb309008f85825d615c116e7a25b3cbb91a743053bbc8d4abf76b0	PASS
01_HTV_HTS_CORE_DEPENDENCY_AUDIT/01_HTV_フェーズ別/HTV_11_H0DN角度構造・反証・閉鎖_HTV124-135/HTV132_RESULTS_FOR_REVIEW.zip.sha256	01_HTV_HTS_CORE_DEPENDENCY_AUDIT/01_HTV_フェーズ別/HTV_11_H0DN角度構造・反証・閉鎖_HTV124-135/HTV132_RESULTS_FOR_REVIEW.zip	b6a834f0f2225fc2da34e92287b3bcfb86b0390f2baccb05df6bf8f97b8606f2	b6a834f0f2225fc2da34e92287b3bcfb86b0390f2baccb05df6bf8f97b8606f2	PASS
01_HTV_HTS_CORE_DEPENDENCY_AUDIT/01_HTV_フェーズ別/HTV_11_H0DN角度構造・反証・閉鎖_HTV124-135/HTV132_REVIEW_REPORT.md.sha256	01_HTV_HTS_CORE_DEPENDENCY_AUDIT/01_HTV_フェーズ別/HTV_11_H0DN角度構造・反証・閉鎖_HTV124-135/HTV132_REVIEW_REPORT.md	033d7b4b5fb8450cdd6a8dbd98c4606f753cb61f5aee399748aba57766550be9	033d7b4b5fb8450cdd6a8dbd98c4606f753cb61f5aee399748aba57766550be9	PASS
01_HTV_HTS_CORE_DEPENDENCY_AUDIT/01_HTV_フェーズ別/HTV_11_H0DN角度構造・反証・閉鎖_HTV124-135/HTV132_RUN_PACKAGE.zip.sha256	01_HTV_HTS_CORE_DEPENDENCY_AUDIT/01_HTV_フェーズ別/HTV_11_H0DN角度構造・反証・閉鎖_HTV124-135/HTV132_RUN_PACKAGE.zip	801d63d58095f683bada1dc8b5017e9b77b661a0a7a294712af8ca250813e262	801d63d58095f683bada1dc8b5017e9b77b661a0a7a294712af8ca250813e262	PASS
01_HTV_HTS_CORE_DEPENDENCY_AUDIT/01_HTV_フェーズ別/HTV_11_H0DN角度構造・反証・閉鎖_HTV124-135/HTV133_RESULTS_FOR_REVIEW.zip.sha256	01_HTV_HTS_CORE_DEPENDENCY_AUDIT/01_HTV_フェーズ別/HTV_11_H0DN角度構造・反証・閉鎖_HTV124-135/HTV133_RESULTS_FOR_REVIEW.zip	8161af8404d18396c5e90ade284d6dcdd2a32f815fcdd7f77c5291808576e1b6	8161af8404d18396c5e90ade284d6dcdd2a32f815fcdd7f77c5291808576e1b6	PASS
01_HTV_HTS_CORE_DEPENDENCY_AUDIT/01_HTV_フェーズ別/HTV_11_H0DN角度構造・反証・閉鎖_HTV124-135/HTV133_REVIEW_REPORT.md.sha256	01_HTV_HTS_CORE_DEPENDENCY_AUDIT/01_HTV_フェーズ別/HTV_11_H0DN角度構造・反証・閉鎖_HTV124-135/HTV133_REVIEW_REPORT.md	6279bc7afa296f62d5a9f300217c0c69c112decce09625b9beebbedfcaae4e36	6279bc7afa296f62d5a9f300217c0c69c112decce09625b9beebbedfcaae4e36	PASS
01_HTV_HTS_CORE_DEPENDENCY_AUDIT/01_HTV_フェーズ別/HTV_11_H0DN角度構造・反証・閉鎖_HTV124-135/HTV133_REVIEW_REPORT_CORR1.md.sha256	01_HTV_HTS_CORE_DEPENDENCY_AUDIT/01_HTV_フェーズ別/HTV_11_H0DN角度構造・反証・閉鎖_HTV124-135/HTV133_REVIEW_REPORT_CORR1.md	e8e0b3691ef2568f44795137eab3d97353f8eb2dcf5022898b36d12df1490ab1	e8e0b3691ef2568f44795137eab3d97353f8eb2dcf5022898b36d12df1490ab1	PASS
01_HTV_HTS_CORE_DEPENDENCY_AUDIT/01_HTV_フェーズ別/HTV_11_H0DN角度構造・反証・閉鎖_HTV124-135/HTV133_RUN_PACKAGE.zip.sha256	01_HTV_HTS_CORE_DEPENDENCY_AUDIT/01_HTV_フェーズ別/HTV_11_H0DN角度構造・反証・閉鎖_HTV124-135/HTV133_RUN_PACKAGE.zip	ddda69e86e3725a135aee8438ae99f40caca35f99fa94c22a995170fa8398a3e	ddda69e86e3725a135aee8438ae99f40caca35f99fa94c22a995170fa8398a3e	PASS
01_HTV_HTS_CORE_DEPENDENCY_AUDIT/01_HTV_フェーズ別/HTV_11_H0DN角度構造・反証・閉鎖_HTV124-135/HTV134_RESULTS_FOR_REVIEW.zip.sha256	01_HTV_HTS_CORE_DEPENDENCY_AUDIT/01_HTV_フェーズ別/HTV_11_H0DN角度構造・反証・閉鎖_HTV124-135/HTV134_RESULTS_FOR_REVIEW.zip	86ee72c39c1f153b67c79268a21a3a8a6e2500bed9006cebfc5e0f8ae8f6a1db	86ee72c39c1f153b67c79268a21a3a8a6e2500bed9006cebfc5e0f8ae8f6a1db	PASS
01_HTV_HTS_CORE_DEPENDENCY_AUDIT/01_HTV_フェーズ別/HTV_11_H0DN角度構造・反証・閉鎖_HTV124-135/HTV134_REVIEW_REPORT.md.sha256	01_HTV_HTS_CORE_DEPENDENCY_AUDIT/01_HTV_フェーズ別/HTV_11_H0DN角度構造・反証・閉鎖_HTV124-135/HTV134_REVIEW_REPORT.md	d68fc5d92f3f00f61fc8fbb6c4975be9fe4ec983c8e0998089f4667fab7d2ec5	d68fc5d92f3f00f61fc8fbb6c4975be9fe4ec983c8e0998089f4667fab7d2ec5	PASS
01_HTV_HTS_CORE_DEPENDENCY_AUDIT/01_HTV_フェーズ別/HTV_11_H0DN角度構造・反証・閉鎖_HTV124-135/HTV134_RUN_PACKAGE.zip.sha256	01_HTV_HTS_CORE_DEPENDENCY_AUDIT/01_HTV_フェーズ別/HTV_11_H0DN角度構造・反証・閉鎖_HTV124-135/HTV134_RUN_PACKAGE.zip	787c218f758e1ad545f2587bd779aa66202d8274a2d461140ce9c38ee5182af7	787c218f758e1ad545f2587bd779aa66202d8274a2d461140ce9c38ee5182af7	PASS
01_HTV_HTS_CORE_DEPENDENCY_AUDIT/01_HTV_フェーズ別/HTV_11_H0DN角度構造・反証・閉鎖_HTV124-135/HTV135_RESULTS_FOR_REVIEW.zip.sha256	01_HTV_HTS_CORE_DEPENDENCY_AUDIT/01_HTV_フェーズ別/HTV_11_H0DN角度構造・反証・閉鎖_HTV124-135/HTV135_RESULTS_FOR_REVIEW.zip	3f61d608add2910d3c2dea8f4d7acbcfdab75fb2ef1846939295024f41476b0f	3f61d608add2910d3c2dea8f4d7acbcfdab75fb2ef1846939295024f41476b0f	PASS
01_HTV_HTS_CORE_DEPENDENCY_AUDIT/01_HTV_フェーズ別/HTV_11_H0DN角度構造・反証・閉鎖_HTV124-135/HTV135_RESULTS_FOR_REVIEW_CORR1.zip.sha256	01_HTV_HTS_CORE_DEPENDENCY_AUDIT/01_HTV_フェーズ別/HTV_11_H0DN角度構造・反証・閉鎖_HTV124-135/HTV135_RESULTS_FOR_REVIEW_CORR1.zip	143351543174450ed879c6fc063f141c58e18e641f4a40a04cf6515167475f23	143351543174450ed879c6fc063f141c58e18e641f4a40a04cf6515167475f23	PASS
01_HTV_HTS_CORE_DEPENDENCY_AUDIT/01_HTV_フェーズ別/HTV_11_H0DN角度構造・反証・閉鎖_HTV124-135/HTV135_REVIEW_REPORT.md.sha256	01_HTV_HTS_CORE_DEPENDENCY_AUDIT/01_HTV_フェーズ別/HTV_11_H0DN角度構造・反証・閉鎖_HTV124-135/HTV135_REVIEW_REPORT.md	1c90499d5d0e24bde92769219b926b03f94bfdf96253b1d6a42149f98fad5915	1c90499d5d0e24bde92769219b926b03f94bfdf96253b1d6a42149f98fad5915	PASS
01_HTV_HTS_CORE_DEPENDENCY_AUDIT/01_HTV_フェーズ別/HTV_11_H0DN角度構造・反証・閉鎖_HTV124-135/HTV135_RUN_PACKAGE.zip.sha256	01_HTV_HTS_CORE_DEPENDENCY_AUDIT/01_HTV_フェーズ別/HTV_11_H0DN角度構造・反証・閉鎖_HTV124-135/HTV135_RUN_PACKAGE.zip	cb17352233b41e13bb00b8b245424bef1b688580e7cbad43fcdeb11f23c94157	cb17352233b41e13bb00b8b245424bef1b688580e7cbad43fcdeb11f23c94157	PASS
01_HTV_HTS_CORE_DEPENDENCY_AUDIT/01_HTV_フェーズ別/HTV_12_全体再選定・HTS移行_HTV136/HTV136_RESULTS_FOR_REVIEW.zip.sha256	01_HTV_HTS_CORE_DEPENDENCY_AUDIT/01_HTV_フェーズ別/HTV_12_全体再選定・HTS移行_HTV136/HTV136_RESULTS_FOR_REVIEW.zip	22c057d68a7a7756bef7e445be6e006fa340a9543541e0cae561dfea81f08ffe	22c057d68a7a7756bef7e445be6e006fa340a9543541e0cae561dfea81f08ffe	PASS
01_HTV_HTS_CORE_DEPENDENCY_AUDIT/01_HTV_フェーズ別/HTV_12_全体再選定・HTS移行_HTV136/HTV136_RESULTS_FOR_REVIEW_CORR1.zip.sha256	01_HTV_HTS_CORE_DEPENDENCY_AUDIT/01_HTV_フェーズ別/HTV_12_全体再選定・HTS移行_HTV136/HTV136_RESULTS_FOR_REVIEW_CORR1.zip	7770b8dd787705823a5f516af0275fa26db300f4249ce797829ae1c2cc9bb2cf	7770b8dd787705823a5f516af0275fa26db300f4249ce797829ae1c2cc9bb2cf	PASS
01_HTV_HTS_CORE_DEPENDENCY_AUDIT/01_HTV_フェーズ別/HTV_12_全体再選定・HTS移行_HTV136/HTV136_REVIEW_REPORT.md.sha256	01_HTV_HTS_CORE_DEPENDENCY_AUDIT/01_HTV_フェーズ別/HTV_12_全体再選定・HTS移行_HTV136/HTV136_REVIEW_REPORT.md	bd3922b35954ab8dc09d71684760c341885f9c633081e613565b60d95c92ee02	bd3922b35954ab8dc09d71684760c341885f9c633081e613565b60d95c92ee02	PASS
01_HTV_HTS_CORE_DEPENDENCY_AUDIT/01_HTV_フェーズ別/HTV_12_全体再選定・HTS移行_HTV136/HTV136_RUN_PACKAGE.zip.sha256	01_HTV_HTS_CORE_DEPENDENCY_AUDIT/01_HTV_フェーズ別/HTV_12_全体再選定・HTS移行_HTV136/HTV136_RUN_PACKAGE.zip	1f26262be5f66d7523f6943fddeeaefaafd99c6f3c7f90159fb90894741f6e1f	1f26262be5f66d7523f6943fddeeaefaafd99c6f3c7f90159fb90894741f6e1f	PASS
01_HTV_HTS_CORE_DEPENDENCY_AUDIT/02_HTS_フェーズ別/HTS_01_測定概念・authority・dependency基盤_HTS01-05/HTS01_CORR1_STRUCTURAL_AUDIT_PLAN_ONLY_FOR_REVIEW.zip.sha256	01_HTV_HTS_CORE_DEPENDENCY_AUDIT/02_HTS_フェーズ別/HTS_01_測定概念・authority・dependency基盤_HTS01-05/HTS01_CORR1_STRUCTURAL_AUDIT_PLAN_ONLY_FOR_REVIEW.zip	01eb163d4b971a7f3fe6e7c51bc4c16e127d5944b50b2ae085a6b72fa1d40c86	01eb163d4b971a7f3fe6e7c51bc4c16e127d5944b50b2ae085a6b72fa1d40c86	PASS
01_HTV_HTS_CORE_DEPENDENCY_AUDIT/02_HTS_フェーズ別/HTS_01_測定概念・authority・dependency基盤_HTS01-05/HTS01_CORR2_DEPENDENCY_SCHEMA_PLAN_ONLY_FOR_REVIEW.zip.sha256	01_HTV_HTS_CORE_DEPENDENCY_AUDIT/02_HTS_フェーズ別/HTS_01_測定概念・authority・dependency基盤_HTS01-05/HTS01_CORR2_DEPENDENCY_SCHEMA_PLAN_ONLY_FOR_REVIEW.zip	643201eab1684e3317eaff36556732826b9679f561c8127fc7ef1c3a0e50506d	643201eab1684e3317eaff36556732826b9679f561c8127fc7ef1c3a0e50506d	PASS
01_HTV_HTS_CORE_DEPENDENCY_AUDIT/02_HTS_フェーズ別/HTS_01_測定概念・authority・dependency基盤_HTS01-05/HTS01_CORR3A_FINAL_REFERENCE_TYPING_PLAN_ONLY_FOR_REVIEW.zip.sha256	01_HTV_HTS_CORE_DEPENDENCY_AUDIT/02_HTS_フェーズ別/HTS_01_測定概念・authority・dependency基盤_HTS01-05/HTS01_CORR3A_FINAL_REFERENCE_TYPING_PLAN_ONLY_FOR_REVIEW.zip	24a6812462b731914370ca5362d2cef43f14e662e0dbbe53fe28dd286b0c0443	24a6812462b731914370ca5362d2cef43f14e662e0dbbe53fe28dd286b0c0443	PASS
01_HTV_HTS_CORE_DEPENDENCY_AUDIT/02_HTS_フェーズ別/HTS_01_測定概念・authority・dependency基盤_HTS01-05/HTS01_CORR3A_REVIEW_REPORT.md.sha256	01_HTV_HTS_CORE_DEPENDENCY_AUDIT/02_HTS_フェーズ別/HTS_01_測定概念・authority・dependency基盤_HTS01-05/HTS01_CORR3A_REVIEW_REPORT.md	f529a416e3f87099dc793645b83bf5c60ad9338d2ffd7ffd1c76ff73e84909d3	f529a416e3f87099dc793645b83bf5c60ad9338d2ffd7ffd1c76ff73e84909d3	PASS
01_HTV_HTS_CORE_DEPENDENCY_AUDIT/02_HTS_フェーズ別/HTS_01_測定概念・authority・dependency基盤_HTS01-05/HTS01_CORR3_REFERENCE_TYPING_PLAN_ONLY_FOR_REVIEW.zip.sha256	01_HTV_HTS_CORE_DEPENDENCY_AUDIT/02_HTS_フェーズ別/HTS_01_測定概念・authority・dependency基盤_HTS01-05/HTS01_CORR3_REFERENCE_TYPING_PLAN_ONLY_FOR_REVIEW.zip	86bcf7ea81329dffb6af55b978d3559c8b6d5627dc1db37a4b4755f10a534c1f	86bcf7ea81329dffb6af55b978d3559c8b6d5627dc1db37a4b4755f10a534c1f	PASS
01_HTV_HTS_CORE_DEPENDENCY_AUDIT/02_HTS_フェーズ別/HTS_01_測定概念・authority・dependency基盤_HTS01-05/HTS01_PHASE0_PHASE1_BOOTSTRAP_PLAN_ONLY_FOR_REVIEW.zip.sha256	01_HTV_HTS_CORE_DEPENDENCY_AUDIT/02_HTS_フェーズ別/HTS_01_測定概念・authority・dependency基盤_HTS01-05/HTS01_PHASE0_PHASE1_BOOTSTRAP_PLAN_ONLY_FOR_REVIEW.zip	d43a2f02e20d3366f62cd46a99dad5ec4d1b3a2a61f1bd0d00d36ef0ce1b78a8	d43a2f02e20d3366f62cd46a99dad5ec4d1b3a2a61f1bd0d00d36ef0ce1b78a8	PASS
01_HTV_HTS_CORE_DEPENDENCY_AUDIT/02_HTS_フェーズ別/HTS_01_測定概念・authority・dependency基盤_HTS01-05/HTS02_CORR1_GOVERNANCE_REVIEW_STATUS_PLAN_ONLY_FOR_REVIEW.zip.sha256	01_HTV_HTS_CORE_DEPENDENCY_AUDIT/02_HTS_フェーズ別/HTS_01_測定概念・authority・dependency基盤_HTS01-05/HTS02_CORR1_GOVERNANCE_REVIEW_STATUS_PLAN_ONLY_FOR_REVIEW.zip	09c7291237c132dfe44f89cd39dd8e96a34a34e52f06e6de1e7aaf77562a88d4	09c7291237c132dfe44f89cd39dd8e96a34a34e52f06e6de1e7aaf77562a88d4	PASS
01_HTV_HTS_CORE_DEPENDENCY_AUDIT/02_HTS_フェーズ別/HTS_01_測定概念・authority・dependency基盤_HTS01-05/HTS02_CORR1_REVIEW_REPORT.md.sha256	01_HTV_HTS_CORE_DEPENDENCY_AUDIT/02_HTS_フェーズ別/HTS_01_測定概念・authority・dependency基盤_HTS01-05/HTS02_CORR1_REVIEW_REPORT.md	0d91da3339a9e7d1731243c3828328f98f1f1a4f9c8382d065d44ef1862a6dbc	0d91da3339a9e7d1731243c3828328f98f1f1a4f9c8382d065d44ef1862a6dbc	PASS
01_HTV_HTS_CORE_DEPENDENCY_AUDIT/02_HTS_フェーズ別/HTS_01_測定概念・authority・dependency基盤_HTS01-05/HTS02_RESULTS_FOR_REVIEW.zip.sha256	01_HTV_HTS_CORE_DEPENDENCY_AUDIT/02_HTS_フェーズ別/HTS_01_測定概念・authority・dependency基盤_HTS01-05/HTS02_RESULTS_FOR_REVIEW.zip	1bc78e0263dc535aa33e5b345014bc6163e282cf8f43658d7234089ce8fde7dc	1bc78e0263dc535aa33e5b345014bc6163e282cf8f43658d7234089ce8fde7dc	PASS
01_HTV_HTS_CORE_DEPENDENCY_AUDIT/02_HTS_フェーズ別/HTS_01_測定概念・authority・dependency基盤_HTS01-05/HTS02_REVIEW_REPORT.md.sha256	01_HTV_HTS_CORE_DEPENDENCY_AUDIT/02_HTS_フェーズ別/HTS_01_測定概念・authority・dependency基盤_HTS01-05/HTS02_REVIEW_REPORT.md	66615ae6e96ecb8f8082f3f3399e55508787832b153222f29d94c76432a467f8	66615ae6e96ecb8f8082f3f3399e55508787832b153222f29d94c76432a467f8	PASS
01_HTV_HTS_CORE_DEPENDENCY_AUDIT/02_HTS_フェーズ別/HTS_01_測定概念・authority・dependency基盤_HTS01-05/HTS02_RUN_PACKAGE.zip.sha256	01_HTV_HTS_CORE_DEPENDENCY_AUDIT/02_HTS_フェーズ別/HTS_01_測定概念・authority・dependency基盤_HTS01-05/HTS02_RUN_PACKAGE.zip	f5379fe3b16e95261a17543303af574fba606c3fa5352978e6345d7b26164085	f5379fe3b16e95261a17543303af574fba606c3fa5352978e6345d7b26164085	PASS
01_HTV_HTS_CORE_DEPENDENCY_AUDIT/02_HTS_フェーズ別/HTS_01_測定概念・authority・dependency基盤_HTS01-05/HTS03_CORR1_ISOTROPIC_BAO_RATIO_ONTOLOGY_PLAN_ONLY_FOR_REVIEW.zip.sha256	01_HTV_HTS_CORE_DEPENDENCY_AUDIT/02_HTS_フェーズ別/HTS_01_測定概念・authority・dependency基盤_HTS01-05/HTS03_CORR1_ISOTROPIC_BAO_RATIO_ONTOLOGY_PLAN_ONLY_FOR_REVIEW.zip	598c958292a1ae3f4fc7d7bb0bfc5a48e6e7c8f004c193e07ebf034e8985add7	598c958292a1ae3f4fc7d7bb0bfc5a48e6e7c8f004c193e07ebf034e8985add7	PASS
01_HTV_HTS_CORE_DEPENDENCY_AUDIT/02_HTS_フェーズ別/HTS_01_測定概念・authority・dependency基盤_HTS01-05/HTS03_CORR1_REVIEW_REPORT.md.sha256	01_HTV_HTS_CORE_DEPENDENCY_AUDIT/02_HTS_フェーズ別/HTS_01_測定概念・authority・dependency基盤_HTS01-05/HTS03_CORR1_REVIEW_REPORT.md	c163a8942ea25e1c55bfab5a15ef6af711e59c53c4b9fa78f1da4fb796c82290	c163a8942ea25e1c55bfab5a15ef6af711e59c53c4b9fa78f1da4fb796c82290	PASS
01_HTV_HTS_CORE_DEPENDENCY_AUDIT/02_HTS_フェーズ別/HTS_01_測定概念・authority・dependency基盤_HTS01-05/HTS03_RESULTS_FOR_REVIEW.zip.sha256	01_HTV_HTS_CORE_DEPENDENCY_AUDIT/02_HTS_フェーズ別/HTS_01_測定概念・authority・dependency基盤_HTS01-05/HTS03_RESULTS_FOR_REVIEW.zip	75c92e5938cd4cec18240b2bd605a6437c76b94f46294cd5d9174181e444c65d	75c92e5938cd4cec18240b2bd605a6437c76b94f46294cd5d9174181e444c65d	PASS
01_HTV_HTS_CORE_DEPENDENCY_AUDIT/02_HTS_フェーズ別/HTS_01_測定概念・authority・dependency基盤_HTS01-05/HTS03_REVIEW_REPORT.md.sha256	01_HTV_HTS_CORE_DEPENDENCY_AUDIT/02_HTS_フェーズ別/HTS_01_測定概念・authority・dependency基盤_HTS01-05/HTS03_REVIEW_REPORT.md	69de741eed03c2735c726d2b303cbc3cb261a9244ca2d30ce027a2e698d07185	69de741eed03c2735c726d2b303cbc3cb261a9244ca2d30ce027a2e698d07185	PASS
01_HTV_HTS_CORE_DEPENDENCY_AUDIT/02_HTS_フェーズ別/HTS_01_測定概念・authority・dependency基盤_HTS01-05/HTS03_RUN_PACKAGE.zip.sha256	01_HTV_HTS_CORE_DEPENDENCY_AUDIT/02_HTS_フェーズ別/HTS_01_測定概念・authority・dependency基盤_HTS01-05/HTS03_RUN_PACKAGE.zip	6cf1debbb4db87b76e3ae1de266111daa439df177f90f9a28924e092a501d799	6cf1debbb4db87b76e3ae1de266111daa439df177f90f9a28924e092a501d799	PASS
01_HTV_HTS_CORE_DEPENDENCY_AUDIT/02_HTS_フェーズ別/HTS_01_測定概念・authority・dependency基盤_HTS01-05/HTS04_CORR1B_RESULTS_FOR_REVIEW.zip.sha256	01_HTV_HTS_CORE_DEPENDENCY_AUDIT/02_HTS_フェーズ別/HTS_01_測定概念・authority・dependency基盤_HTS01-05/HTS04_CORR1B_RESULTS_FOR_REVIEW.zip	a522352c697d8b6c942b14536dcf19b9ba568dbdaf2a3f788176f6160f361822	a522352c697d8b6c942b14536dcf19b9ba568dbdaf2a3f788176f6160f361822	PASS
01_HTV_HTS_CORE_DEPENDENCY_AUDIT/02_HTS_フェーズ別/HTS_01_測定概念・authority・dependency基盤_HTS01-05/HTS05_CORR1_AUTHORITY_ONLY_GRAPH_MATERIALIZATION_RUN_PACKAGE.zip.sha256	01_HTV_HTS_CORE_DEPENDENCY_AUDIT/02_HTS_フェーズ別/HTS_01_測定概念・authority・dependency基盤_HTS01-05/HTS05_CORR1_AUTHORITY_ONLY_GRAPH_MATERIALIZATION_RUN_PACKAGE.zip	a9490fa5ee02e8fb40af580f8ef7404c38937f1dbc92e1c88cbb5e3000336f08	a9490fa5ee02e8fb40af580f8ef7404c38937f1dbc92e1c88cbb5e3000336f08	PASS
01_HTV_HTS_CORE_DEPENDENCY_AUDIT/02_HTS_フェーズ別/HTS_01_測定概念・authority・dependency基盤_HTS01-05/HTS05_CORR1_FINALIZATION_FAILURE_REVIEW.md.sha256	01_HTV_HTS_CORE_DEPENDENCY_AUDIT/02_HTS_フェーズ別/HTS_01_測定概念・authority・dependency基盤_HTS01-05/HTS05_CORR1_FINALIZATION_FAILURE_REVIEW.md	3a7066d38a87294158ed05e217c01db1ed987330752e3e19adbed4b55e8b5861	3a7066d38a87294158ed05e217c01db1ed987330752e3e19adbed4b55e8b5861	PASS
01_HTV_HTS_CORE_DEPENDENCY_AUDIT/02_HTS_フェーズ別/HTS_01_測定概念・authority・dependency基盤_HTS01-05/HTS05_CORR2_FINALIZATION_SAFE_GRAPH_MATERIALIZATION_RUN_PACKAGE.zip.sha256	01_HTV_HTS_CORE_DEPENDENCY_AUDIT/02_HTS_フェーズ別/HTS_01_測定概念・authority・dependency基盤_HTS01-05/HTS05_CORR2_FINALIZATION_SAFE_GRAPH_MATERIALIZATION_RUN_PACKAGE.zip	3b4a910e9c149ada3a2ce38b1a6254be935d192621b64a9a6c51da1ec47f85ee	3b4a910e9c149ada3a2ce38b1a6254be935d192621b64a9a6c51da1ec47f85ee	PASS
01_HTV_HTS_CORE_DEPENDENCY_AUDIT/02_HTS_フェーズ別/HTS_01_測定概念・authority・dependency基盤_HTS01-05/HTS05_CORR2_RESULTS_FOR_REVIEW.zip.sha256	01_HTV_HTS_CORE_DEPENDENCY_AUDIT/02_HTS_フェーズ別/HTS_01_測定概念・authority・dependency基盤_HTS01-05/HTS05_CORR2_RESULTS_FOR_REVIEW.zip	9b69dc2508bbc1e0d06ca4185adf7b9ad66f0af000536153c320559dbebc5e6f	9b69dc2508bbc1e0d06ca4185adf7b9ad66f0af000536153c320559dbebc5e6f	PASS
01_HTV_HTS_CORE_DEPENDENCY_AUDIT/02_HTS_フェーズ別/HTS_01_測定概念・authority・dependency基盤_HTS01-05/HTS05_CORR2_REVIEW_REPORT.md.sha256	01_HTV_HTS_CORE_DEPENDENCY_AUDIT/02_HTS_フェーズ別/HTS_01_測定概念・authority・dependency基盤_HTS01-05/HTS05_CORR2_REVIEW_REPORT.md	c30dfe7e10592241885838d45c92ca35ffb634ea8a7510afd9ceb1dfe0942479	c30dfe7e10592241885838d45c92ca35ffb634ea8a7510afd9ceb1dfe0942479	PASS
01_HTV_HTS_CORE_DEPENDENCY_AUDIT/02_HTS_フェーズ別/HTS_01_測定概念・authority・dependency基盤_HTS01-05/HTS05_CORR3_GRAPH_EDGE_COVERAGE_EXTENSION_PLAN_ONLY_FOR_REVIEW.zip.sha256	01_HTV_HTS_CORE_DEPENDENCY_AUDIT/02_HTS_フェーズ別/HTS_01_測定概念・authority・dependency基盤_HTS01-05/HTS05_CORR3_GRAPH_EDGE_COVERAGE_EXTENSION_PLAN_ONLY_FOR_REVIEW.zip	6644c5d061254cabf283752e2a8a4b2c5290a106d2d7362c11f82aa985795700	6644c5d061254cabf283752e2a8a4b2c5290a106d2d7362c11f82aa985795700	PASS
01_HTV_HTS_CORE_DEPENDENCY_AUDIT/02_HTS_フェーズ別/HTS_01_測定概念・authority・dependency基盤_HTS01-05/HTS05_CORR3_PLAN_REVIEW_REPORT.md.sha256	01_HTV_HTS_CORE_DEPENDENCY_AUDIT/02_HTS_フェーズ別/HTS_01_測定概念・authority・dependency基盤_HTS01-05/HTS05_CORR3_PLAN_REVIEW_REPORT.md	a97e517e9bc1e2466cd6f2fa6a2fe4b198a2b254e232511f9facfa7076a9eb76	a97e517e9bc1e2466cd6f2fa6a2fe4b198a2b254e232511f9facfa7076a9eb76	PASS
01_HTV_HTS_CORE_DEPENDENCY_AUDIT/02_HTS_フェーズ別/HTS_01_測定概念・authority・dependency基盤_HTS01-05/HTS05_CORR3_RESULTS_FOR_REVIEW.zip.sha256	01_HTV_HTS_CORE_DEPENDENCY_AUDIT/02_HTS_フェーズ別/HTS_01_測定概念・authority・dependency基盤_HTS01-05/HTS05_CORR3_RESULTS_FOR_REVIEW.zip	2432f4102e4329fcfb64d82a67830e6b02c950ce93a9fe9587cb9c775aa8dcd9	2432f4102e4329fcfb64d82a67830e6b02c950ce93a9fe9587cb9c775aa8dcd9	PASS
01_HTV_HTS_CORE_DEPENDENCY_AUDIT/02_HTS_フェーズ別/HTS_01_測定概念・authority・dependency基盤_HTS01-05/HTS05_FAILED_RUN_REVIEW_REPORT.md.sha256	01_HTV_HTS_CORE_DEPENDENCY_AUDIT/02_HTS_フェーズ別/HTS_01_測定概念・authority・dependency基盤_HTS01-05/HTS05_FAILED_RUN_REVIEW_REPORT.md	5f0de7dfacf8473c14729d7ee510898c254277359ed91bd0b47059a9d62f51fa	5f0de7dfacf8473c14729d7ee510898c254277359ed91bd0b47059a9d62f51fa	PASS
01_HTV_HTS_CORE_DEPENDENCY_AUDIT/02_HTS_フェーズ別/HTS_01_測定概念・authority・dependency基盤_HTS01-05/HTS05_RESULTS_FOR_REVIEW.zip.sha256	01_HTV_HTS_CORE_DEPENDENCY_AUDIT/02_HTS_フェーズ別/HTS_01_測定概念・authority・dependency基盤_HTS01-05/HTS05_RESULTS_FOR_REVIEW.zip	ce8655dca402ffeecfeeaba927b2750fd746944fe9e8f33faf8eb3474ac19569	ce8655dca402ffeecfeeaba927b2750fd746944fe9e8f33faf8eb3474ac19569	PASS
01_HTV_HTS_CORE_DEPENDENCY_AUDIT/02_HTS_フェーズ別/HTS_01_測定概念・authority・dependency基盤_HTS01-05/HTS05_RUN_PACKAGE.zip.sha256	01_HTV_HTS_CORE_DEPENDENCY_AUDIT/02_HTS_フェーズ別/HTS_01_測定概念・authority・dependency基盤_HTS01-05/HTS05_RUN_PACKAGE.zip	f7ef6994ae396cd2747d2b69ad599384ab9a130e314617adeb5311310ddc2acc	f7ef6994ae396cd2747d2b69ad599384ab9a130e314617adeb5311310ddc2acc	PASS
01_HTV_HTS_CORE_DEPENDENCY_AUDIT/02_HTS_フェーズ別/HTS_02_local-BAO-BBN・early-scale_bridge_HTS06-18/HTS06_RESULTS_FOR_REVIEW.zip.sha256	01_HTV_HTS_CORE_DEPENDENCY_AUDIT/02_HTS_フェーズ別/HTS_02_local-BAO-BBN・early-scale_bridge_HTS06-18/HTS06_RESULTS_FOR_REVIEW.zip	f9afdd4b77b175cab86a4f14a8d9a9b01d9d5ebca03089dc2ad09bcfddd23180	f9afdd4b77b175cab86a4f14a8d9a9b01d9d5ebca03089dc2ad09bcfddd23180	PASS
01_HTV_HTS_CORE_DEPENDENCY_AUDIT/02_HTS_フェーズ別/HTS_02_local-BAO-BBN・early-scale_bridge_HTS06-18/HTS07_RESULTS_FOR_REVIEW.zip.sha256	01_HTV_HTS_CORE_DEPENDENCY_AUDIT/02_HTS_フェーズ別/HTS_02_local-BAO-BBN・early-scale_bridge_HTS06-18/HTS07_RESULTS_FOR_REVIEW.zip	713877931e421ca1abdaddd4e97e1056d0f060473f8ac55096e3ae892e604844	713877931e421ca1abdaddd4e97e1056d0f060473f8ac55096e3ae892e604844	PASS
01_HTV_HTS_CORE_DEPENDENCY_AUDIT/02_HTS_フェーズ別/HTS_02_local-BAO-BBN・early-scale_bridge_HTS06-18/HTS08_RESULTS_FOR_REVIEW.zip.sha256	01_HTV_HTS_CORE_DEPENDENCY_AUDIT/02_HTS_フェーズ別/HTS_02_local-BAO-BBN・early-scale_bridge_HTS06-18/HTS08_RESULTS_FOR_REVIEW.zip	41893028fde6e745a2370ebb6ebbeefdb9254d415a3728ab8dd1e9917835ce3a	41893028fde6e745a2370ebb6ebbeefdb9254d415a3728ab8dd1e9917835ce3a	PASS
01_HTV_HTS_CORE_DEPENDENCY_AUDIT/02_HTS_フェーズ別/HTS_02_local-BAO-BBN・early-scale_bridge_HTS06-18/HTS09_RESULTS_FOR_REVIEW.zip.sha256	01_HTV_HTS_CORE_DEPENDENCY_AUDIT/02_HTS_フェーズ別/HTS_02_local-BAO-BBN・early-scale_bridge_HTS06-18/HTS09_RESULTS_FOR_REVIEW.zip	96ce20ded8db6d6a7883838b8279893a5674e3eeb63e3a8158cab936507b5505	96ce20ded8db6d6a7883838b8279893a5674e3eeb63e3a8158cab936507b5505	PASS
01_HTV_HTS_CORE_DEPENDENCY_AUDIT/02_HTS_フェーズ別/HTS_02_local-BAO-BBN・early-scale_bridge_HTS06-18/HTS10_RESULTS_FOR_REVIEW.zip.sha256	01_HTV_HTS_CORE_DEPENDENCY_AUDIT/02_HTS_フェーズ別/HTS_02_local-BAO-BBN・early-scale_bridge_HTS06-18/HTS10_RESULTS_FOR_REVIEW.zip	eb0dc006a8a9417155a5e8b66bc2fd6d006051197b0d8e593977bc14ebfd5ac6	eb0dc006a8a9417155a5e8b66bc2fd6d006051197b0d8e593977bc14ebfd5ac6	PASS
01_HTV_HTS_CORE_DEPENDENCY_AUDIT/02_HTS_フェーズ別/HTS_02_local-BAO-BBN・early-scale_bridge_HTS06-18/HTS11_RESULTS_FOR_REVIEW.zip.sha256	01_HTV_HTS_CORE_DEPENDENCY_AUDIT/02_HTS_フェーズ別/HTS_02_local-BAO-BBN・early-scale_bridge_HTS06-18/HTS11_RESULTS_FOR_REVIEW.zip	7a72be7de29bb0e0d51ef7d2444bcb66b916b5cdc848b72351258abb8b6c8b18	7a72be7de29bb0e0d51ef7d2444bcb66b916b5cdc848b72351258abb8b6c8b18	PASS
01_HTV_HTS_CORE_DEPENDENCY_AUDIT/02_HTS_フェーズ別/HTS_02_local-BAO-BBN・early-scale_bridge_HTS06-18/HTS12_RESULTS_FOR_REVIEW.zip.sha256	01_HTV_HTS_CORE_DEPENDENCY_AUDIT/02_HTS_フェーズ別/HTS_02_local-BAO-BBN・early-scale_bridge_HTS06-18/HTS12_RESULTS_FOR_REVIEW.zip	42cf9e1310b81af1bebcb721b3c0fc62a795284dce760567adf2d40b97029c2d	42cf9e1310b81af1bebcb721b3c0fc62a795284dce760567adf2d40b97029c2d	PASS
01_HTV_HTS_CORE_DEPENDENCY_AUDIT/02_HTS_フェーズ別/HTS_02_local-BAO-BBN・early-scale_bridge_HTS06-18/HTS13_RESULTS_FOR_REVIEW.zip.sha256	01_HTV_HTS_CORE_DEPENDENCY_AUDIT/02_HTS_フェーズ別/HTS_02_local-BAO-BBN・early-scale_bridge_HTS06-18/HTS13_RESULTS_FOR_REVIEW.zip	e6ab134ced84b57a4e5cc5f3fc0c3d86e94e4f0e8fc45b1747b735ef71d1c390	e6ab134ced84b57a4e5cc5f3fc0c3d86e94e4f0e8fc45b1747b735ef71d1c390	PASS
01_HTV_HTS_CORE_DEPENDENCY_AUDIT/02_HTS_フェーズ別/HTS_02_local-BAO-BBN・early-scale_bridge_HTS06-18/HTS14_RESULTS_FOR_REVIEW.zip.sha256	01_HTV_HTS_CORE_DEPENDENCY_AUDIT/02_HTS_フェーズ別/HTS_02_local-BAO-BBN・early-scale_bridge_HTS06-18/HTS14_RESULTS_FOR_REVIEW.zip	0380f4ffcc2834e49fcabd813beadae1683ccd3031bfaabd24aaf37dbe915f91	0380f4ffcc2834e49fcabd813beadae1683ccd3031bfaabd24aaf37dbe915f91	PASS
01_HTV_HTS_CORE_DEPENDENCY_AUDIT/02_HTS_フェーズ別/HTS_02_local-BAO-BBN・early-scale_bridge_HTS06-18/HTS15_RESULTS_FOR_REVIEW.zip.sha256	01_HTV_HTS_CORE_DEPENDENCY_AUDIT/02_HTS_フェーズ別/HTS_02_local-BAO-BBN・early-scale_bridge_HTS06-18/HTS15_RESULTS_FOR_REVIEW.zip	34f9cfe300cebdc10909ebfb38438f55c7bf7c79cdad706a9eff8deff16b7d90	34f9cfe300cebdc10909ebfb38438f55c7bf7c79cdad706a9eff8deff16b7d90	PASS
01_HTV_HTS_CORE_DEPENDENCY_AUDIT/02_HTS_フェーズ別/HTS_02_local-BAO-BBN・early-scale_bridge_HTS06-18/HTS16_RESULTS_FOR_REVIEW.zip.sha256	01_HTV_HTS_CORE_DEPENDENCY_AUDIT/02_HTS_フェーズ別/HTS_02_local-BAO-BBN・early-scale_bridge_HTS06-18/HTS16_RESULTS_FOR_REVIEW.zip	7974287b3aedeb45982c9054b0c1f132948275a7024da4271ae06e5416a59082	7974287b3aedeb45982c9054b0c1f132948275a7024da4271ae06e5416a59082	PASS
01_HTV_HTS_CORE_DEPENDENCY_AUDIT/02_HTS_フェーズ別/HTS_02_local-BAO-BBN・early-scale_bridge_HTS06-18/HTS17_RESULTS_FOR_REVIEW.zip.sha256	01_HTV_HTS_CORE_DEPENDENCY_AUDIT/02_HTS_フェーズ別/HTS_02_local-BAO-BBN・early-scale_bridge_HTS06-18/HTS17_RESULTS_FOR_REVIEW.zip	83ad61be04e9a1c1040adcb883d93b1a4ecd10b1a8b087ff849e4ac5865ea9b2	83ad61be04e9a1c1040adcb883d93b1a4ecd10b1a8b087ff849e4ac5865ea9b2	PASS
01_HTV_HTS_CORE_DEPENDENCY_AUDIT/02_HTS_フェーズ別/HTS_02_local-BAO-BBN・early-scale_bridge_HTS06-18/HTS18_RESULTS_FOR_REVIEW.zip.sha256	01_HTV_HTS_CORE_DEPENDENCY_AUDIT/02_HTS_フェーズ別/HTS_02_local-BAO-BBN・early-scale_bridge_HTS06-18/HTS18_RESULTS_FOR_REVIEW.zip	118bb5a717133753e9556f0f0252b2040adbc12eaa74d837779ca0255986e050	118bb5a717133753e9556f0f0252b2040adbc12eaa74d837779ca0255986e050	PASS
01_HTV_HTS_CORE_DEPENDENCY_AUDIT/02_HTS_フェーズ別/HTS_03_CMB_authority・共通軸_HTS19-25/HTS19_RESULTS_FOR_REVIEW.zip.sha256	01_HTV_HTS_CORE_DEPENDENCY_AUDIT/02_HTS_フェーズ別/HTS_03_CMB_authority・共通軸_HTS19-25/HTS19_RESULTS_FOR_REVIEW.zip	2a05016ef3f7f7789ae5ccb3c59b0c5588054d5efc9ea6be97f0059e8937b11a	2a05016ef3f7f7789ae5ccb3c59b0c5588054d5efc9ea6be97f0059e8937b11a	PASS
01_HTV_HTS_CORE_DEPENDENCY_AUDIT/02_HTS_フェーズ別/HTS_03_CMB_authority・共通軸_HTS19-25/HTS20_RESULTS_FOR_REVIEW.zip.sha256	01_HTV_HTS_CORE_DEPENDENCY_AUDIT/02_HTS_フェーズ別/HTS_03_CMB_authority・共通軸_HTS19-25/HTS20_RESULTS_FOR_REVIEW.zip	d65fd550e3b5b7706d46d2fbf006d4a797a294a7414840d9b7b0304ac32de650	d65fd550e3b5b7706d46d2fbf006d4a797a294a7414840d9b7b0304ac32de650	PASS
01_HTV_HTS_CORE_DEPENDENCY_AUDIT/02_HTS_フェーズ別/HTS_03_CMB_authority・共通軸_HTS19-25/HTS21_RESULTS_FOR_REVIEW.zip.sha256	01_HTV_HTS_CORE_DEPENDENCY_AUDIT/02_HTS_フェーズ別/HTS_03_CMB_authority・共通軸_HTS19-25/HTS21_RESULTS_FOR_REVIEW.zip	11c485d9a1620e5e02a6b517e9998cf1311ff7426790eaca5b3a28c0d0018271	11c485d9a1620e5e02a6b517e9998cf1311ff7426790eaca5b3a28c0d0018271	PASS
01_HTV_HTS_CORE_DEPENDENCY_AUDIT/02_HTS_フェーズ別/HTS_03_CMB_authority・共通軸_HTS19-25/HTS22_RESULTS_FOR_REVIEW.zip.sha256	01_HTV_HTS_CORE_DEPENDENCY_AUDIT/02_HTS_フェーズ別/HTS_03_CMB_authority・共通軸_HTS19-25/HTS22_RESULTS_FOR_REVIEW.zip	243e4e904cc03925d77b7ddfa65a5e0208514af3318d34b49dcc13433a26d2a6	243e4e904cc03925d77b7ddfa65a5e0208514af3318d34b49dcc13433a26d2a6	PASS
01_HTV_HTS_CORE_DEPENDENCY_AUDIT/02_HTS_フェーズ別/HTS_03_CMB_authority・共通軸_HTS19-25/HTS23_RESULTS_FOR_REVIEW.zip.sha256	01_HTV_HTS_CORE_DEPENDENCY_AUDIT/02_HTS_フェーズ別/HTS_03_CMB_authority・共通軸_HTS19-25/HTS23_RESULTS_FOR_REVIEW.zip	0e41d80a4e1e804cd09f5b28b9b89a82dc497a2f1dfd174e9d0699d0237d4e8f	0e41d80a4e1e804cd09f5b28b9b89a82dc497a2f1dfd174e9d0699d0237d4e8f	PASS
01_HTV_HTS_CORE_DEPENDENCY_AUDIT/02_HTS_フェーズ別/HTS_03_CMB_authority・共通軸_HTS19-25/HTS24_RESULTS_FOR_REVIEW.zip.sha256	01_HTV_HTS_CORE_DEPENDENCY_AUDIT/02_HTS_フェーズ別/HTS_03_CMB_authority・共通軸_HTS19-25/HTS24_RESULTS_FOR_REVIEW.zip	60b7642119e9318fe5062225ed90fb3f633adcfcb4b49fc475aea46c56fb017b	60b7642119e9318fe5062225ed90fb3f633adcfcb4b49fc475aea46c56fb017b	PASS
01_HTV_HTS_CORE_DEPENDENCY_AUDIT/02_HTS_フェーズ別/HTS_03_CMB_authority・共通軸_HTS19-25/HTS25_RESULTS_FOR_REVIEW.zip.sha256	01_HTV_HTS_CORE_DEPENDENCY_AUDIT/02_HTS_フェーズ別/HTS_03_CMB_authority・共通軸_HTS19-25/HTS25_RESULTS_FOR_REVIEW.zip	77096517e3d83a52ac98593ce25a8aae559a5b6c6c3d7b856b01aa9e135d35c1	77096517e3d83a52ac98593ce25a8aae559a5b6c6c3d7b856b01aa9e135d35c1	PASS
01_HTV_HTS_CORE_DEPENDENCY_AUDIT/02_HTS_フェーズ別/HTS_04_DESI内部幾何・release監査_HTS26-34/HTS26_RESULTS_FOR_REVIEW.zip.sha256	01_HTV_HTS_CORE_DEPENDENCY_AUDIT/02_HTS_フェーズ別/HTS_04_DESI内部幾何・release監査_HTS26-34/HTS26_RESULTS_FOR_REVIEW.zip	c21993d0c0a08ee65ca03f476d96a9928d2a8eaa748c9e18c3ac901997ffb112	c21993d0c0a08ee65ca03f476d96a9928d2a8eaa748c9e18c3ac901997ffb112	PASS
01_HTV_HTS_CORE_DEPENDENCY_AUDIT/02_HTS_フェーズ別/HTS_04_DESI内部幾何・release監査_HTS26-34/HTS27_RESULTS_FOR_REVIEW.zip.sha256	01_HTV_HTS_CORE_DEPENDENCY_AUDIT/02_HTS_フェーズ別/HTS_04_DESI内部幾何・release監査_HTS26-34/HTS27_RESULTS_FOR_REVIEW.zip	816cfb5d92c2c799a46e8b090c73d4fce634a139973418849a71c7acb66fd652	816cfb5d92c2c799a46e8b090c73d4fce634a139973418849a71c7acb66fd652	PASS
01_HTV_HTS_CORE_DEPENDENCY_AUDIT/02_HTS_フェーズ別/HTS_04_DESI内部幾何・release監査_HTS26-34/HTS28_RESULTS_FOR_REVIEW.zip.sha256	01_HTV_HTS_CORE_DEPENDENCY_AUDIT/02_HTS_フェーズ別/HTS_04_DESI内部幾何・release監査_HTS26-34/HTS28_RESULTS_FOR_REVIEW.zip	555b83d5ba5b8dec814d485f0a4f94df94479b190ecf6aabf756d9ccc63fa0d6	555b83d5ba5b8dec814d485f0a4f94df94479b190ecf6aabf756d9ccc63fa0d6	PASS
01_HTV_HTS_CORE_DEPENDENCY_AUDIT/02_HTS_フェーズ別/HTS_04_DESI内部幾何・release監査_HTS26-34/HTS29_RESULTS_FOR_REVIEW.zip.sha256	01_HTV_HTS_CORE_DEPENDENCY_AUDIT/02_HTS_フェーズ別/HTS_04_DESI内部幾何・release監査_HTS26-34/HTS29_RESULTS_FOR_REVIEW.zip	bd26808a43303ff414c463d6aadb8b4ba17581cb4ccaa44865c8f5ce01766d8f	bd26808a43303ff414c463d6aadb8b4ba17581cb4ccaa44865c8f5ce01766d8f	PASS
01_HTV_HTS_CORE_DEPENDENCY_AUDIT/02_HTS_フェーズ別/HTS_04_DESI内部幾何・release監査_HTS26-34/HTS30_RESULTS_FOR_REVIEW.zip.sha256	01_HTV_HTS_CORE_DEPENDENCY_AUDIT/02_HTS_フェーズ別/HTS_04_DESI内部幾何・release監査_HTS26-34/HTS30_RESULTS_FOR_REVIEW.zip	8da8442808ce8d80cd505d324ed218b2704d6201ded302fd3df7a728a422c60a	8da8442808ce8d80cd505d324ed218b2704d6201ded302fd3df7a728a422c60a	PASS
01_HTV_HTS_CORE_DEPENDENCY_AUDIT/02_HTS_フェーズ別/HTS_04_DESI内部幾何・release監査_HTS26-34/HTS31_RESULTS_FOR_REVIEW.zip.sha256	01_HTV_HTS_CORE_DEPENDENCY_AUDIT/02_HTS_フェーズ別/HTS_04_DESI内部幾何・release監査_HTS26-34/HTS31_RESULTS_FOR_REVIEW.zip	d926c976f93168ea08241d8db5472e8ff16001e5ff89a0dd738037edc2ed875e	d926c976f93168ea08241d8db5472e8ff16001e5ff89a0dd738037edc2ed875e	PASS
01_HTV_HTS_CORE_DEPENDENCY_AUDIT/02_HTS_フェーズ別/HTS_04_DESI内部幾何・release監査_HTS26-34/HTS32_RESULTS_FOR_REVIEW.zip.sha256	01_HTV_HTS_CORE_DEPENDENCY_AUDIT/02_HTS_フェーズ別/HTS_04_DESI内部幾何・release監査_HTS26-34/HTS32_RESULTS_FOR_REVIEW.zip	af7565311ff0c71a9d217877a0bcf6d7c1d6c0c81e5a99679398f7e6b311c51c	af7565311ff0c71a9d217877a0bcf6d7c1d6c0c81e5a99679398f7e6b311c51c	PASS
01_HTV_HTS_CORE_DEPENDENCY_AUDIT/02_HTS_フェーズ別/HTS_04_DESI内部幾何・release監査_HTS26-34/HTS33_RESULTS_FOR_REVIEW.zip.sha256	01_HTV_HTS_CORE_DEPENDENCY_AUDIT/02_HTS_フェーズ別/HTS_04_DESI内部幾何・release監査_HTS26-34/HTS33_RESULTS_FOR_REVIEW.zip	4b979f4cd8cc944a3b09dc0a54baaa73367f3aec24d3b4ef0ba767dc575c2a20	4b979f4cd8cc944a3b09dc0a54baaa73367f3aec24d3b4ef0ba767dc575c2a20	PASS
01_HTV_HTS_CORE_DEPENDENCY_AUDIT/02_HTS_フェーズ別/HTS_04_DESI内部幾何・release監査_HTS26-34/HTS34_RESULTS_FOR_REVIEW.zip.sha256	01_HTV_HTS_CORE_DEPENDENCY_AUDIT/02_HTS_フェーズ別/HTS_04_DESI内部幾何・release監査_HTS26-34/HTS34_RESULTS_FOR_REVIEW.zip	a1b78f2c9ee96093c182e92942d606a851a790404ad70f5186a9d6405a66b61a	a1b78f2c9ee96093c182e92942d606a851a790404ad70f5186a9d6405a66b61a	PASS
01_HTV_HTS_CORE_DEPENDENCY_AUDIT/02_HTS_フェーズ別/HTS_05_ACT内部robustness_HTS35-43/HTS35_RESULTS_FOR_REVIEW.zip.sha256	01_HTV_HTS_CORE_DEPENDENCY_AUDIT/02_HTS_フェーズ別/HTS_05_ACT内部robustness_HTS35-43/HTS35_RESULTS_FOR_REVIEW.zip	f403516b7fd154670edeb032594ff3be0c9dcd3bec46fae5090e7f00c025b037	f403516b7fd154670edeb032594ff3be0c9dcd3bec46fae5090e7f00c025b037	PASS
01_HTV_HTS_CORE_DEPENDENCY_AUDIT/02_HTS_フェーズ別/HTS_05_ACT内部robustness_HTS35-43/HTS36_CORR2_RESULTS_FOR_REVIEW.zip.sha256	01_HTV_HTS_CORE_DEPENDENCY_AUDIT/02_HTS_フェーズ別/HTS_05_ACT内部robustness_HTS35-43/HTS36_CORR2_RESULTS_FOR_REVIEW.zip	09874cde025ab93e4812fbd151233cb2337bbf1d61bd461df39c9ad7a4921a20	09874cde025ab93e4812fbd151233cb2337bbf1d61bd461df39c9ad7a4921a20	PASS
01_HTV_HTS_CORE_DEPENDENCY_AUDIT/02_HTS_フェーズ別/HTS_05_ACT内部robustness_HTS35-43/HTS36_LIMITED_CORRECTION_RUN_PACKAGE.zip.sha256	01_HTV_HTS_CORE_DEPENDENCY_AUDIT/02_HTS_フェーズ別/HTS_05_ACT内部robustness_HTS35-43/HTS36_LIMITED_CORRECTION_RUN_PACKAGE.zip	ac8844ed2aed8b27413eb610ab556b346682ef56307b00be1ab43696462818bf	ac8844ed2aed8b27413eb610ab556b346682ef56307b00be1ab43696462818bf	PASS
01_HTV_HTS_CORE_DEPENDENCY_AUDIT/02_HTS_フェーズ別/HTS_05_ACT内部robustness_HTS35-43/HTS36_PREFLIGHT_RESULTS_FOR_REVIEW.zip.sha256	01_HTV_HTS_CORE_DEPENDENCY_AUDIT/02_HTS_フェーズ別/HTS_05_ACT内部robustness_HTS35-43/HTS36_PREFLIGHT_RESULTS_FOR_REVIEW.zip	da86cfda586c6bfac75dd5a2ac05bbf4b473b62f61cde7d530747c45eb033827	da86cfda586c6bfac75dd5a2ac05bbf4b473b62f61cde7d530747c45eb033827	PASS
01_HTV_HTS_CORE_DEPENDENCY_AUDIT/02_HTS_フェーズ別/HTS_05_ACT内部robustness_HTS35-43/HTS36_RESULTS_FOR_REVIEW.zip.sha256	01_HTV_HTS_CORE_DEPENDENCY_AUDIT/02_HTS_フェーズ別/HTS_05_ACT内部robustness_HTS35-43/HTS36_RESULTS_FOR_REVIEW.zip	3f471cac52c724097caaa2d7e0a59d454d198e24c7ac035ceefb80623ce578bf	3f471cac52c724097caaa2d7e0a59d454d198e24c7ac035ceefb80623ce578bf	PASS
01_HTV_HTS_CORE_DEPENDENCY_AUDIT/02_HTS_フェーズ別/HTS_05_ACT内部robustness_HTS35-43/HTS37_PREFLIGHT_RESULTS_FOR_REVIEW.zip.sha256	01_HTV_HTS_CORE_DEPENDENCY_AUDIT/02_HTS_フェーズ別/HTS_05_ACT内部robustness_HTS35-43/HTS37_PREFLIGHT_RESULTS_FOR_REVIEW.zip	6439a9cc624d24e501b2924bcdf0f4aec640f9ef81cd4607f55c0c771ee734bf	6439a9cc624d24e501b2924bcdf0f4aec640f9ef81cd4607f55c0c771ee734bf	PASS
01_HTV_HTS_CORE_DEPENDENCY_AUDIT/02_HTS_フェーズ別/HTS_05_ACT内部robustness_HTS35-43/HTS37_RESULTS_FOR_REVIEW.zip.sha256	01_HTV_HTS_CORE_DEPENDENCY_AUDIT/02_HTS_フェーズ別/HTS_05_ACT内部robustness_HTS35-43/HTS37_RESULTS_FOR_REVIEW.zip	d925158d45bbd93337b806dacdf0e06324b5d26c31478e9b3c20aca1da66a57c	d925158d45bbd93337b806dacdf0e06324b5d26c31478e9b3c20aca1da66a57c	PASS
01_HTV_HTS_CORE_DEPENDENCY_AUDIT/02_HTS_フェーズ別/HTS_05_ACT内部robustness_HTS35-43/HTS37_RUN_PACKAGE.zip.sha256	01_HTV_HTS_CORE_DEPENDENCY_AUDIT/02_HTS_フェーズ別/HTS_05_ACT内部robustness_HTS35-43/HTS37_RUN_PACKAGE.zip	c21703f2bf288ff2d8c6530073279c044d74deedb1c6aa0a07b993c9a9ad8969	c21703f2bf288ff2d8c6530073279c044d74deedb1c6aa0a07b993c9a9ad8969	PASS
01_HTV_HTS_CORE_DEPENDENCY_AUDIT/02_HTS_フェーズ別/HTS_05_ACT内部robustness_HTS35-43/HTS38_PREFLIGHT_RESULTS_FOR_REVIEW.zip.sha256	01_HTV_HTS_CORE_DEPENDENCY_AUDIT/02_HTS_フェーズ別/HTS_05_ACT内部robustness_HTS35-43/HTS38_PREFLIGHT_RESULTS_FOR_REVIEW.zip	3f473581c21e54bcf90f69bcce3f2acb4e428d5e009cf29e190420a4a74ed129	3f473581c21e54bcf90f69bcce3f2acb4e428d5e009cf29e190420a4a74ed129	PASS
01_HTV_HTS_CORE_DEPENDENCY_AUDIT/02_HTS_フェーズ別/HTS_05_ACT内部robustness_HTS35-43/HTS38_RESULTS_FOR_REVIEW.zip.sha256	01_HTV_HTS_CORE_DEPENDENCY_AUDIT/02_HTS_フェーズ別/HTS_05_ACT内部robustness_HTS35-43/HTS38_RESULTS_FOR_REVIEW.zip	2213d63401e7d0a66c013aae46f3b666b01130f5684619397744357f6cd55bc5	2213d63401e7d0a66c013aae46f3b666b01130f5684619397744357f6cd55bc5	PASS
01_HTV_HTS_CORE_DEPENDENCY_AUDIT/02_HTS_フェーズ別/HTS_05_ACT内部robustness_HTS35-43/HTS38_RUN_PACKAGE_CORR2.zip.sha256	01_HTV_HTS_CORE_DEPENDENCY_AUDIT/02_HTS_フェーズ別/HTS_05_ACT内部robustness_HTS35-43/HTS38_RUN_PACKAGE_CORR2.zip	5e59d61224ef4d106f5e1c69c69e5b01714539c460cd83b4dc55567c2eb0d27b	5e59d61224ef4d106f5e1c69c69e5b01714539c460cd83b4dc55567c2eb0d27b	PASS
01_HTV_HTS_CORE_DEPENDENCY_AUDIT/02_HTS_フェーズ別/HTS_05_ACT内部robustness_HTS35-43/HTS39_PREFLIGHT_RESULTS_FOR_REVIEW.zip.sha256	01_HTV_HTS_CORE_DEPENDENCY_AUDIT/02_HTS_フェーズ別/HTS_05_ACT内部robustness_HTS35-43/HTS39_PREFLIGHT_RESULTS_FOR_REVIEW.zip	66a677c5cd0692432f0e3bc84f10b974faf80032586cf4659073dc3949bb5a85	66a677c5cd0692432f0e3bc84f10b974faf80032586cf4659073dc3949bb5a85	PASS
01_HTV_HTS_CORE_DEPENDENCY_AUDIT/02_HTS_フェーズ別/HTS_05_ACT内部robustness_HTS35-43/HTS39_RESULTS_FOR_REVIEW.zip.sha256	01_HTV_HTS_CORE_DEPENDENCY_AUDIT/02_HTS_フェーズ別/HTS_05_ACT内部robustness_HTS35-43/HTS39_RESULTS_FOR_REVIEW.zip	92cc4a7012b69df1ade4b6cebe3b25e7733442baf9ae63fd21e5f2bf132101d9	92cc4a7012b69df1ade4b6cebe3b25e7733442baf9ae63fd21e5f2bf132101d9	PASS
01_HTV_HTS_CORE_DEPENDENCY_AUDIT/02_HTS_フェーズ別/HTS_05_ACT内部robustness_HTS35-43/HTS39_RUN_PACKAGE.zip.sha256	01_HTV_HTS_CORE_DEPENDENCY_AUDIT/02_HTS_フェーズ別/HTS_05_ACT内部robustness_HTS35-43/HTS39_RUN_PACKAGE.zip	747648387bbb9a935f3f8c42dc6762429b3e8f1a5e41ea8a10109e60127cd899	747648387bbb9a935f3f8c42dc6762429b3e8f1a5e41ea8a10109e60127cd899	PASS
01_HTV_HTS_CORE_DEPENDENCY_AUDIT/02_HTS_フェーズ別/HTS_05_ACT内部robustness_HTS35-43/HTS40_PREFLIGHT_RESULTS_FOR_REVIEW.zip.sha256	01_HTV_HTS_CORE_DEPENDENCY_AUDIT/02_HTS_フェーズ別/HTS_05_ACT内部robustness_HTS35-43/HTS40_PREFLIGHT_RESULTS_FOR_REVIEW.zip	eace36cccf3f674db11dd6cd3d619842d5acb907a534bf0e4f2c40155535a32d	eace36cccf3f674db11dd6cd3d619842d5acb907a534bf0e4f2c40155535a32d	PASS
01_HTV_HTS_CORE_DEPENDENCY_AUDIT/02_HTS_フェーズ別/HTS_05_ACT内部robustness_HTS35-43/HTS40_RESULTS_FOR_REVIEW.zip.sha256	01_HTV_HTS_CORE_DEPENDENCY_AUDIT/02_HTS_フェーズ別/HTS_05_ACT内部robustness_HTS35-43/HTS40_RESULTS_FOR_REVIEW.zip	f7a4f2b46599cc0dfed021320aa9a643b1985ec0dd6c3668d2221e7d5e4e443f	f7a4f2b46599cc0dfed021320aa9a643b1985ec0dd6c3668d2221e7d5e4e443f	PASS
01_HTV_HTS_CORE_DEPENDENCY_AUDIT/02_HTS_フェーズ別/HTS_05_ACT内部robustness_HTS35-43/HTS40_RUN_PACKAGE.zip.sha256	01_HTV_HTS_CORE_DEPENDENCY_AUDIT/02_HTS_フェーズ別/HTS_05_ACT内部robustness_HTS35-43/HTS40_RUN_PACKAGE.zip	81a4ce87b437d6886f1b3c0101c9f5df30893c8a644f051be525a13eee8cb940	81a4ce87b437d6886f1b3c0101c9f5df30893c8a644f051be525a13eee8cb940	PASS
01_HTV_HTS_CORE_DEPENDENCY_AUDIT/02_HTS_フェーズ別/HTS_05_ACT内部robustness_HTS35-43/HTS41_CORR3_RESULTS_FOR_REVIEW.zip.sha256	01_HTV_HTS_CORE_DEPENDENCY_AUDIT/02_HTS_フェーズ別/HTS_05_ACT内部robustness_HTS35-43/HTS41_CORR3_RESULTS_FOR_REVIEW.zip	b0bb32dfd23d91314547c4c1646eeb487907d7fffbb293b94eb883961df82d79	b0bb32dfd23d91314547c4c1646eeb487907d7fffbb293b94eb883961df82d79	PASS
01_HTV_HTS_CORE_DEPENDENCY_AUDIT/02_HTS_フェーズ別/HTS_05_ACT内部robustness_HTS35-43/HTS41_PREFLIGHT_RESULTS_FOR_REVIEW.zip.sha256	01_HTV_HTS_CORE_DEPENDENCY_AUDIT/02_HTS_フェーズ別/HTS_05_ACT内部robustness_HTS35-43/HTS41_PREFLIGHT_RESULTS_FOR_REVIEW.zip	9eb8f1a2df0a7ae788c8f5e51641bb17475fdc4f83c3b45c32f00a84543dabf7	9eb8f1a2df0a7ae788c8f5e51641bb17475fdc4f83c3b45c32f00a84543dabf7	PASS
01_HTV_HTS_CORE_DEPENDENCY_AUDIT/02_HTS_フェーズ別/HTS_05_ACT内部robustness_HTS35-43/HTS41_RUN_PACKAGE_CORR3.zip.sha256	01_HTV_HTS_CORE_DEPENDENCY_AUDIT/02_HTS_フェーズ別/HTS_05_ACT内部robustness_HTS35-43/HTS41_RUN_PACKAGE_CORR3.zip	f4f42cec45f2c2d51c235a1fb38617df55b912fb09ff03d8f7e05e03efe2e1f7	f4f42cec45f2c2d51c235a1fb38617df55b912fb09ff03d8f7e05e03efe2e1f7	PASS
01_HTV_HTS_CORE_DEPENDENCY_AUDIT/02_HTS_フェーズ別/HTS_05_ACT内部robustness_HTS35-43/HTS42_CORR1_RESULTS_FOR_REVIEW.zip.sha256	01_HTV_HTS_CORE_DEPENDENCY_AUDIT/02_HTS_フェーズ別/HTS_05_ACT内部robustness_HTS35-43/HTS42_CORR1_RESULTS_FOR_REVIEW.zip	3ac472d43541c039c2fa6a95f08e73b3ebf1bdd816d220c9ddb498acd67a75dd	3ac472d43541c039c2fa6a95f08e73b3ebf1bdd816d220c9ddb498acd67a75dd	PASS
01_HTV_HTS_CORE_DEPENDENCY_AUDIT/02_HTS_フェーズ別/HTS_05_ACT内部robustness_HTS35-43/HTS42_PREFLIGHT_RESULTS_FOR_REVIEW.zip.sha256	01_HTV_HTS_CORE_DEPENDENCY_AUDIT/02_HTS_フェーズ別/HTS_05_ACT内部robustness_HTS35-43/HTS42_PREFLIGHT_RESULTS_FOR_REVIEW.zip	1fd757b328bb87204ef1d580ce1d130db57eafaafbd0106c04570d1be18c81a0	1fd757b328bb87204ef1d580ce1d130db57eafaafbd0106c04570d1be18c81a0	PASS
01_HTV_HTS_CORE_DEPENDENCY_AUDIT/02_HTS_フェーズ別/HTS_05_ACT内部robustness_HTS35-43/HTS42_RESULTS_FOR_REVIEW.zip.sha256	01_HTV_HTS_CORE_DEPENDENCY_AUDIT/02_HTS_フェーズ別/HTS_05_ACT内部robustness_HTS35-43/HTS42_RESULTS_FOR_REVIEW.zip	abbb30df98b333f940be22a3e73590ebc3cc406ffee3a45be649060b4378efaf	abbb30df98b333f940be22a3e73590ebc3cc406ffee3a45be649060b4378efaf	PASS
01_HTV_HTS_CORE_DEPENDENCY_AUDIT/02_HTS_フェーズ別/HTS_05_ACT内部robustness_HTS35-43/HTS42_RUN_PACKAGE.zip.sha256	01_HTV_HTS_CORE_DEPENDENCY_AUDIT/02_HTS_フェーズ別/HTS_05_ACT内部robustness_HTS35-43/HTS42_RUN_PACKAGE.zip	f2d9269bc3248bb1a60ebf3196550a516a3c897d4b1307bec29dea8eba462a3b	f2d9269bc3248bb1a60ebf3196550a516a3c897d4b1307bec29dea8eba462a3b	PASS
01_HTV_HTS_CORE_DEPENDENCY_AUDIT/02_HTS_フェーズ別/HTS_05_ACT内部robustness_HTS35-43/HTS43_CORR1_RESULTS_FOR_REVIEW.zip.sha256	01_HTV_HTS_CORE_DEPENDENCY_AUDIT/02_HTS_フェーズ別/HTS_05_ACT内部robustness_HTS35-43/HTS43_CORR1_RESULTS_FOR_REVIEW.zip	3d7b1c1bd204f4e6a42e18c4df00b6bcb549e48c89ca9b1d828e896080b93217	3d7b1c1bd204f4e6a42e18c4df00b6bcb549e48c89ca9b1d828e896080b93217	PASS
01_HTV_HTS_CORE_DEPENDENCY_AUDIT/02_HTS_フェーズ別/HTS_05_ACT内部robustness_HTS35-43/HTS43_RESULTS_FOR_REVIEW.zip.sha256	01_HTV_HTS_CORE_DEPENDENCY_AUDIT/02_HTS_フェーズ別/HTS_05_ACT内部robustness_HTS35-43/HTS43_RESULTS_FOR_REVIEW.zip	6995ede3a50969d9d8fede69848845630c7964f354e9ae6874673b1ecdf73288	6995ede3a50969d9d8fede69848845630c7964f354e9ae6874673b1ecdf73288	PASS
01_HTV_HTS_CORE_DEPENDENCY_AUDIT/02_HTS_フェーズ別/HTS_05_ACT内部robustness_HTS35-43/HTS43_RUN_PACKAGE.zip.sha256	01_HTV_HTS_CORE_DEPENDENCY_AUDIT/02_HTS_フェーズ別/HTS_05_ACT内部robustness_HTS35-43/HTS43_RUN_PACKAGE.zip	4a45ff84a51ed776e9b3c6edc467cdba93c858756b39a5bded47be3c4b816a6a	4a45ff84a51ed776e9b3c6edc467cdba93c858756b39a5bded47be3c4b816a6a	PASS
01_HTV_HTS_CORE_DEPENDENCY_AUDIT/02_HTS_フェーズ別/HTS_06_SPT_CMB-SPA・DESI・tau・bugfix_HTS44-50/HTS44_CORR1_RESULTS_FOR_REVIEW.zip.sha256	01_HTV_HTS_CORE_DEPENDENCY_AUDIT/02_HTS_フェーズ別/HTS_06_SPT_CMB-SPA・DESI・tau・bugfix_HTS44-50/HTS44_CORR1_RESULTS_FOR_REVIEW.zip	734ba5fbc40d5b49f672003033e56abd5057e63fccd3f8559212e1b4af16141e	734ba5fbc40d5b49f672003033e56abd5057e63fccd3f8559212e1b4af16141e	PASS
01_HTV_HTS_CORE_DEPENDENCY_AUDIT/02_HTS_フェーズ別/HTS_06_SPT_CMB-SPA・DESI・tau・bugfix_HTS44-50/HTS44_MAIN_THREAD_AUDIT_RESULTS.zip.sha256	01_HTV_HTS_CORE_DEPENDENCY_AUDIT/02_HTS_フェーズ別/HTS_06_SPT_CMB-SPA・DESI・tau・bugfix_HTS44-50/HTS44_MAIN_THREAD_AUDIT_RESULTS.zip	080a9d90b4591bd7665cbeaeb825ae11aca48b22e0f00eeb1990ccc15d9a2781	080a9d90b4591bd7665cbeaeb825ae11aca48b22e0f00eeb1990ccc15d9a2781	PASS
01_HTV_HTS_CORE_DEPENDENCY_AUDIT/02_HTS_フェーズ別/HTS_06_SPT_CMB-SPA・DESI・tau・bugfix_HTS44-50/HTS44_PREFLIGHT_RESULTS_FOR_REVIEW.zip.sha256	01_HTV_HTS_CORE_DEPENDENCY_AUDIT/02_HTS_フェーズ別/HTS_06_SPT_CMB-SPA・DESI・tau・bugfix_HTS44-50/HTS44_PREFLIGHT_RESULTS_FOR_REVIEW.zip	00d8d07cbea77ece5aaadb17f1370762efe847d7c1940f55a5d96217a5fbb540	00d8d07cbea77ece5aaadb17f1370762efe847d7c1940f55a5d96217a5fbb540	PASS
01_HTV_HTS_CORE_DEPENDENCY_AUDIT/02_HTS_フェーズ別/HTS_06_SPT_CMB-SPA・DESI・tau・bugfix_HTS44-50/HTS44_RESULTS_FOR_REVIEW.zip.sha256	01_HTV_HTS_CORE_DEPENDENCY_AUDIT/02_HTS_フェーズ別/HTS_06_SPT_CMB-SPA・DESI・tau・bugfix_HTS44-50/HTS44_RESULTS_FOR_REVIEW.zip	8ab3504de959b7578e6f29d42e7f08091dfd1fc7679071339618870e03700027	8ab3504de959b7578e6f29d42e7f08091dfd1fc7679071339618870e03700027	PASS
01_HTV_HTS_CORE_DEPENDENCY_AUDIT/02_HTS_フェーズ別/HTS_06_SPT_CMB-SPA・DESI・tau・bugfix_HTS44-50/HTS44_RUN_PACKAGE.zip.sha256	01_HTV_HTS_CORE_DEPENDENCY_AUDIT/02_HTS_フェーズ別/HTS_06_SPT_CMB-SPA・DESI・tau・bugfix_HTS44-50/HTS44_RUN_PACKAGE.zip	f2cd4c5e494d6052bf1208c6a574b1ee573b8f458036cb48a9961cd47b8766d8	f2cd4c5e494d6052bf1208c6a574b1ee573b8f458036cb48a9961cd47b8766d8	PASS
01_HTV_HTS_CORE_DEPENDENCY_AUDIT/02_HTS_フェーズ別/HTS_06_SPT_CMB-SPA・DESI・tau・bugfix_HTS44-50/HTS45_PREFLIGHT_RESULTS_FOR_REVIEW.zip.sha256	01_HTV_HTS_CORE_DEPENDENCY_AUDIT/02_HTS_フェーズ別/HTS_06_SPT_CMB-SPA・DESI・tau・bugfix_HTS44-50/HTS45_PREFLIGHT_RESULTS_FOR_REVIEW.zip	27fee45124bc7051a378f6b63291cc9e8840b514663e25bcc311f3c4206d7b40	27fee45124bc7051a378f6b63291cc9e8840b514663e25bcc311f3c4206d7b40	PASS
01_HTV_HTS_CORE_DEPENDENCY_AUDIT/02_HTS_フェーズ別/HTS_06_SPT_CMB-SPA・DESI・tau・bugfix_HTS44-50/HTS45_RESULTS_FOR_REVIEW.zip.sha256	01_HTV_HTS_CORE_DEPENDENCY_AUDIT/02_HTS_フェーズ別/HTS_06_SPT_CMB-SPA・DESI・tau・bugfix_HTS44-50/HTS45_RESULTS_FOR_REVIEW.zip	a2dcbccfed1a6a16c938162ea228e76c066432e1983b941b7d3f2a30a6059334	a2dcbccfed1a6a16c938162ea228e76c066432e1983b941b7d3f2a30a6059334	PASS
01_HTV_HTS_CORE_DEPENDENCY_AUDIT/02_HTS_フェーズ別/HTS_06_SPT_CMB-SPA・DESI・tau・bugfix_HTS44-50/HTS45_RUN_PACKAGE.zip.sha256	01_HTV_HTS_CORE_DEPENDENCY_AUDIT/02_HTS_フェーズ別/HTS_06_SPT_CMB-SPA・DESI・tau・bugfix_HTS44-50/HTS45_RUN_PACKAGE.zip	9142dbd348a4aa46736d58e1d5138905a13f354afdca0f0fcf0ebfe14b52bce2	9142dbd348a4aa46736d58e1d5138905a13f354afdca0f0fcf0ebfe14b52bce2	PASS
01_HTV_HTS_CORE_DEPENDENCY_AUDIT/02_HTS_フェーズ別/HTS_06_SPT_CMB-SPA・DESI・tau・bugfix_HTS44-50/HTS46_CORR2_RESULTS_FOR_REVIEW.zip.sha256	01_HTV_HTS_CORE_DEPENDENCY_AUDIT/02_HTS_フェーズ別/HTS_06_SPT_CMB-SPA・DESI・tau・bugfix_HTS44-50/HTS46_CORR2_RESULTS_FOR_REVIEW.zip	4b87412407b3c67a095942e10a9fb25c686cae0e84a90b2b503dcaed64e98a17	4b87412407b3c67a095942e10a9fb25c686cae0e84a90b2b503dcaed64e98a17	PASS
01_HTV_HTS_CORE_DEPENDENCY_AUDIT/02_HTS_フェーズ別/HTS_06_SPT_CMB-SPA・DESI・tau・bugfix_HTS44-50/HTS46_PREFLIGHT_RESULTS_FOR_REVIEW.zip.sha256	01_HTV_HTS_CORE_DEPENDENCY_AUDIT/02_HTS_フェーズ別/HTS_06_SPT_CMB-SPA・DESI・tau・bugfix_HTS44-50/HTS46_PREFLIGHT_RESULTS_FOR_REVIEW.zip	31c5d85a3774d899a1aacb794f819a48d75efa3ea7c2dc106b6a713efc33851e	31c5d85a3774d899a1aacb794f819a48d75efa3ea7c2dc106b6a713efc33851e	PASS
01_HTV_HTS_CORE_DEPENDENCY_AUDIT/02_HTS_フェーズ別/HTS_06_SPT_CMB-SPA・DESI・tau・bugfix_HTS44-50/HTS46_RUN_PACKAGE_CORR2.zip.sha256	01_HTV_HTS_CORE_DEPENDENCY_AUDIT/02_HTS_フェーズ別/HTS_06_SPT_CMB-SPA・DESI・tau・bugfix_HTS44-50/HTS46_RUN_PACKAGE_CORR2.zip	508460b3e0d9d7669ea7f9106cc3b05701ed21c3d09282b0fab232c4e2e67568	508460b3e0d9d7669ea7f9106cc3b05701ed21c3d09282b0fab232c4e2e67568	PASS
01_HTV_HTS_CORE_DEPENDENCY_AUDIT/02_HTS_フェーズ別/HTS_06_SPT_CMB-SPA・DESI・tau・bugfix_HTS44-50/HTS47_PREFLIGHT_RESULTS_FOR_REVIEW.zip.sha256	01_HTV_HTS_CORE_DEPENDENCY_AUDIT/02_HTS_フェーズ別/HTS_06_SPT_CMB-SPA・DESI・tau・bugfix_HTS44-50/HTS47_PREFLIGHT_RESULTS_FOR_REVIEW.zip	f3f8bbd07caedd91dca75d5a54f77cd6f2b8fd21b19a6cc370c97b8aeda78e1c	f3f8bbd07caedd91dca75d5a54f77cd6f2b8fd21b19a6cc370c97b8aeda78e1c	PASS
01_HTV_HTS_CORE_DEPENDENCY_AUDIT/02_HTS_フェーズ別/HTS_06_SPT_CMB-SPA・DESI・tau・bugfix_HTS44-50/HTS47_RESULTS_FOR_REVIEW.zip.sha256	01_HTV_HTS_CORE_DEPENDENCY_AUDIT/02_HTS_フェーズ別/HTS_06_SPT_CMB-SPA・DESI・tau・bugfix_HTS44-50/HTS47_RESULTS_FOR_REVIEW.zip	f39a290cee96c43822d957a7b2ada1201722d9e4b5c71ae8fb64e67c399629d9	f39a290cee96c43822d957a7b2ada1201722d9e4b5c71ae8fb64e67c399629d9	PASS
01_HTV_HTS_CORE_DEPENDENCY_AUDIT/02_HTS_フェーズ別/HTS_06_SPT_CMB-SPA・DESI・tau・bugfix_HTS44-50/HTS47_RUN_PACKAGE.zip.sha256	01_HTV_HTS_CORE_DEPENDENCY_AUDIT/02_HTS_フェーズ別/HTS_06_SPT_CMB-SPA・DESI・tau・bugfix_HTS44-50/HTS47_RUN_PACKAGE.zip	c34baf2c23224db7f204177d25e19d8cb8f18978d52a65a35584d022750fc2ed	c34baf2c23224db7f204177d25e19d8cb8f18978d52a65a35584d022750fc2ed	PASS
01_HTV_HTS_CORE_DEPENDENCY_AUDIT/02_HTS_フェーズ別/HTS_06_SPT_CMB-SPA・DESI・tau・bugfix_HTS44-50/HTS48_CORR1_RESULTS_FOR_REVIEW.zip.sha256	01_HTV_HTS_CORE_DEPENDENCY_AUDIT/02_HTS_フェーズ別/HTS_06_SPT_CMB-SPA・DESI・tau・bugfix_HTS44-50/HTS48_CORR1_RESULTS_FOR_REVIEW.zip	dc3d7d631982687d688e068a44a208029ec1b8caa594785e90f103a1f4d6fe82	dc3d7d631982687d688e068a44a208029ec1b8caa594785e90f103a1f4d6fe82	PASS
01_HTV_HTS_CORE_DEPENDENCY_AUDIT/02_HTS_フェーズ別/HTS_06_SPT_CMB-SPA・DESI・tau・bugfix_HTS44-50/HTS48_PREFLIGHT_RESULTS_FOR_REVIEW.zip.sha256	01_HTV_HTS_CORE_DEPENDENCY_AUDIT/02_HTS_フェーズ別/HTS_06_SPT_CMB-SPA・DESI・tau・bugfix_HTS44-50/HTS48_PREFLIGHT_RESULTS_FOR_REVIEW.zip	161b4cae952fc28f6d791dcdc59f073295c69c2718129fe22208eaaacdb39bda	161b4cae952fc28f6d791dcdc59f073295c69c2718129fe22208eaaacdb39bda	PASS
01_HTV_HTS_CORE_DEPENDENCY_AUDIT/02_HTS_フェーズ別/HTS_06_SPT_CMB-SPA・DESI・tau・bugfix_HTS44-50/HTS48_RUN_PACKAGE_CORR1.zip.sha256	01_HTV_HTS_CORE_DEPENDENCY_AUDIT/02_HTS_フェーズ別/HTS_06_SPT_CMB-SPA・DESI・tau・bugfix_HTS44-50/HTS48_RUN_PACKAGE_CORR1.zip	78358405d565041ce93f9814fdfe038dc5e8360a63fb27e88488d277392c1e41	78358405d565041ce93f9814fdfe038dc5e8360a63fb27e88488d277392c1e41	PASS
01_HTV_HTS_CORE_DEPENDENCY_AUDIT/02_HTS_フェーズ別/HTS_06_SPT_CMB-SPA・DESI・tau・bugfix_HTS44-50/HTS49_PREFLIGHT_RESULTS_FOR_REVIEW.zip.sha256	01_HTV_HTS_CORE_DEPENDENCY_AUDIT/02_HTS_フェーズ別/HTS_06_SPT_CMB-SPA・DESI・tau・bugfix_HTS44-50/HTS49_PREFLIGHT_RESULTS_FOR_REVIEW.zip	bf01302edb4fd3e2661fc8135dff3034a6b425f9eefa37d79077f733248a644f	bf01302edb4fd3e2661fc8135dff3034a6b425f9eefa37d79077f733248a644f	PASS
01_HTV_HTS_CORE_DEPENDENCY_AUDIT/02_HTS_フェーズ別/HTS_06_SPT_CMB-SPA・DESI・tau・bugfix_HTS44-50/HTS49_RESULTS_FOR_REVIEW.zip.sha256	01_HTV_HTS_CORE_DEPENDENCY_AUDIT/02_HTS_フェーズ別/HTS_06_SPT_CMB-SPA・DESI・tau・bugfix_HTS44-50/HTS49_RESULTS_FOR_REVIEW.zip	bfe3fb500e76304c2c300460685cc504973139316a6e344afb88f0eaeb8d36da	bfe3fb500e76304c2c300460685cc504973139316a6e344afb88f0eaeb8d36da	PASS
01_HTV_HTS_CORE_DEPENDENCY_AUDIT/02_HTS_フェーズ別/HTS_06_SPT_CMB-SPA・DESI・tau・bugfix_HTS44-50/HTS49_RUN_PACKAGE.zip.sha256	01_HTV_HTS_CORE_DEPENDENCY_AUDIT/02_HTS_フェーズ別/HTS_06_SPT_CMB-SPA・DESI・tau・bugfix_HTS44-50/HTS49_RUN_PACKAGE.zip	65e30da6109eeccbdf7223a7eace65242b16ac7c349798a65abf8b4e49248ad2	65e30da6109eeccbdf7223a7eace65242b16ac7c349798a65abf8b4e49248ad2	PASS
01_HTV_HTS_CORE_DEPENDENCY_AUDIT/02_HTS_フェーズ別/HTS_06_SPT_CMB-SPA・DESI・tau・bugfix_HTS44-50/HTS50_CORR3_PREFLIGHT_RESULTS_FOR_REVIEW.zip.sha256	01_HTV_HTS_CORE_DEPENDENCY_AUDIT/02_HTS_フェーズ別/HTS_06_SPT_CMB-SPA・DESI・tau・bugfix_HTS44-50/HTS50_CORR3_PREFLIGHT_RESULTS_FOR_REVIEW.zip	c518d79b295d01e16d669886b820d26b5c28cae8ecc3fdd56d52fc209e590368	c518d79b295d01e16d669886b820d26b5c28cae8ecc3fdd56d52fc209e590368	PASS
01_HTV_HTS_CORE_DEPENDENCY_AUDIT/02_HTS_フェーズ別/HTS_06_SPT_CMB-SPA・DESI・tau・bugfix_HTS44-50/HTS50_CORR3_RESULTS_FOR_REVIEW.zip.sha256	01_HTV_HTS_CORE_DEPENDENCY_AUDIT/02_HTS_フェーズ別/HTS_06_SPT_CMB-SPA・DESI・tau・bugfix_HTS44-50/HTS50_CORR3_RESULTS_FOR_REVIEW.zip	26b2086990361ab5693787d2d5f53e68754d156c499d2a7519836a7901e693f2	26b2086990361ab5693787d2d5f53e68754d156c499d2a7519836a7901e693f2	PASS
01_HTV_HTS_CORE_DEPENDENCY_AUDIT/02_HTS_フェーズ別/HTS_06_SPT_CMB-SPA・DESI・tau・bugfix_HTS44-50/HTS50_RUN_PACKAGE_CORR3.zip.sha256	01_HTV_HTS_CORE_DEPENDENCY_AUDIT/02_HTS_フェーズ別/HTS_06_SPT_CMB-SPA・DESI・tau・bugfix_HTS44-50/HTS50_RUN_PACKAGE_CORR3.zip	5d11e75501ad7abb37c50c6c73edb63925fe2166a92ed70cd2f686f42641ba2c	5d11e75501ad7abb37c50c6c73edb63925fe2166a92ed70cd2f686f42641ba2c	PASS
01_HTV_HTS_CORE_DEPENDENCY_AUDIT/02_HTS_フェーズ別/HTS_07_SPT公開release契約・component_geometry_HTS51-55/HTS51_CORR2_PREFLIGHT_RESULTS_FOR_REVIEW.zip.sha256	01_HTV_HTS_CORE_DEPENDENCY_AUDIT/02_HTS_フェーズ別/HTS_07_SPT公開release契約・component_geometry_HTS51-55/HTS51_CORR2_PREFLIGHT_RESULTS_FOR_REVIEW.zip	a54f710f7fdfab10c0533860c597dec55815cc3b1969bd8488c5ce2ec254a6bd	a54f710f7fdfab10c0533860c597dec55815cc3b1969bd8488c5ce2ec254a6bd	PASS
01_HTV_HTS_CORE_DEPENDENCY_AUDIT/02_HTS_フェーズ別/HTS_07_SPT公開release契約・component_geometry_HTS51-55/HTS51_CORR2_RESULTS_FOR_REVIEW.zip.sha256	01_HTV_HTS_CORE_DEPENDENCY_AUDIT/02_HTS_フェーズ別/HTS_07_SPT公開release契約・component_geometry_HTS51-55/HTS51_CORR2_RESULTS_FOR_REVIEW.zip	99f2561e01c5d10d4987f3bb21c869eef0c8c5a331efd9ef05ec54688d5800e4	99f2561e01c5d10d4987f3bb21c869eef0c8c5a331efd9ef05ec54688d5800e4	PASS
01_HTV_HTS_CORE_DEPENDENCY_AUDIT/02_HTS_フェーズ別/HTS_07_SPT公開release契約・component_geometry_HTS51-55/HTS51_RUN_PACKAGE_CORR2.zip.sha256	01_HTV_HTS_CORE_DEPENDENCY_AUDIT/02_HTS_フェーズ別/HTS_07_SPT公開release契約・component_geometry_HTS51-55/HTS51_RUN_PACKAGE_CORR2.zip	a4b49d2ac0cae392d7f3fe2b71c7ef4a690053110ba1cf303de3b883da38721c	a4b49d2ac0cae392d7f3fe2b71c7ef4a690053110ba1cf303de3b883da38721c	PASS
01_HTV_HTS_CORE_DEPENDENCY_AUDIT/02_HTS_フェーズ別/HTS_07_SPT公開release契約・component_geometry_HTS51-55/HTS52_PREFLIGHT_RESULTS_FOR_REVIEW.zip.sha256	01_HTV_HTS_CORE_DEPENDENCY_AUDIT/02_HTS_フェーズ別/HTS_07_SPT公開release契約・component_geometry_HTS51-55/HTS52_PREFLIGHT_RESULTS_FOR_REVIEW.zip	c9015735b373199b6e07410fdd67fa038f50182e78ed2647672bc5a371be7a1e	c9015735b373199b6e07410fdd67fa038f50182e78ed2647672bc5a371be7a1e	PASS
01_HTV_HTS_CORE_DEPENDENCY_AUDIT/02_HTS_フェーズ別/HTS_07_SPT公開release契約・component_geometry_HTS51-55/HTS52_RESULTS_FOR_REVIEW.zip.sha256	01_HTV_HTS_CORE_DEPENDENCY_AUDIT/02_HTS_フェーズ別/HTS_07_SPT公開release契約・component_geometry_HTS51-55/HTS52_RESULTS_FOR_REVIEW.zip	aacec38a38e26f4031d3fd6bffebff6f0e924007796ffc8285719e2a4446a7d1	aacec38a38e26f4031d3fd6bffebff6f0e924007796ffc8285719e2a4446a7d1	PASS
01_HTV_HTS_CORE_DEPENDENCY_AUDIT/02_HTS_フェーズ別/HTS_07_SPT公開release契約・component_geometry_HTS51-55/HTS52_RUN_PACKAGE.zip.sha256	01_HTV_HTS_CORE_DEPENDENCY_AUDIT/02_HTS_フェーズ別/HTS_07_SPT公開release契約・component_geometry_HTS51-55/HTS52_RUN_PACKAGE.zip	579c7de8bba61ece23bdf51d5de2f124e3371ee27b2e2801861929ed1bba595e	579c7de8bba61ece23bdf51d5de2f124e3371ee27b2e2801861929ed1bba595e	PASS
01_HTV_HTS_CORE_DEPENDENCY_AUDIT/02_HTS_フェーズ別/HTS_07_SPT公開release契約・component_geometry_HTS51-55/HTS53_PREFLIGHT_RESULTS_FOR_REVIEW.zip.sha256	01_HTV_HTS_CORE_DEPENDENCY_AUDIT/02_HTS_フェーズ別/HTS_07_SPT公開release契約・component_geometry_HTS51-55/HTS53_PREFLIGHT_RESULTS_FOR_REVIEW.zip	1a4b59160cec6f4d8a38820ed9c57785797cb6465869bc4ecfa7a7ddaee3f9cd	1a4b59160cec6f4d8a38820ed9c57785797cb6465869bc4ecfa7a7ddaee3f9cd	PASS
01_HTV_HTS_CORE_DEPENDENCY_AUDIT/02_HTS_フェーズ別/HTS_07_SPT公開release契約・component_geometry_HTS51-55/HTS53_RESULTS_FOR_REVIEW.zip.sha256	01_HTV_HTS_CORE_DEPENDENCY_AUDIT/02_HTS_フェーズ別/HTS_07_SPT公開release契約・component_geometry_HTS51-55/HTS53_RESULTS_FOR_REVIEW.zip	82ca8aab89f789cb040b86bb548ee90d2fe15ee880258acdb149b1604c665653	82ca8aab89f789cb040b86bb548ee90d2fe15ee880258acdb149b1604c665653	PASS
01_HTV_HTS_CORE_DEPENDENCY_AUDIT/02_HTS_フェーズ別/HTS_07_SPT公開release契約・component_geometry_HTS51-55/HTS53_RUN_PACKAGE.zip.sha256	01_HTV_HTS_CORE_DEPENDENCY_AUDIT/02_HTS_フェーズ別/HTS_07_SPT公開release契約・component_geometry_HTS51-55/HTS53_RUN_PACKAGE.zip	f1230c3afc33dfbec461fe347cf499541876a48b40f92510feea5d1fda9daa6e	f1230c3afc33dfbec461fe347cf499541876a48b40f92510feea5d1fda9daa6e	PASS
01_HTV_HTS_CORE_DEPENDENCY_AUDIT/02_HTS_フェーズ別/HTS_07_SPT公開release契約・component_geometry_HTS51-55/HTS54_PREFLIGHT_RESULTS_FOR_REVIEW.zip.sha256	01_HTV_HTS_CORE_DEPENDENCY_AUDIT/02_HTS_フェーズ別/HTS_07_SPT公開release契約・component_geometry_HTS51-55/HTS54_PREFLIGHT_RESULTS_FOR_REVIEW.zip	3e492f4fda7dda6001a370510194dba753c05215d3d27d6a4313029829bc8224	3e492f4fda7dda6001a370510194dba753c05215d3d27d6a4313029829bc8224	PASS
01_HTV_HTS_CORE_DEPENDENCY_AUDIT/02_HTS_フェーズ別/HTS_07_SPT公開release契約・component_geometry_HTS51-55/HTS54_RESULTS_FOR_REVIEW.zip.sha256	01_HTV_HTS_CORE_DEPENDENCY_AUDIT/02_HTS_フェーズ別/HTS_07_SPT公開release契約・component_geometry_HTS51-55/HTS54_RESULTS_FOR_REVIEW.zip	6ae5695622e40932d1559f0224a3ddc7f8684a8de36f804c8bd3f4e8425f7bc9	6ae5695622e40932d1559f0224a3ddc7f8684a8de36f804c8bd3f4e8425f7bc9	PASS
01_HTV_HTS_CORE_DEPENDENCY_AUDIT/02_HTS_フェーズ別/HTS_07_SPT公開release契約・component_geometry_HTS51-55/HTS54_RUN_PACKAGE.zip.sha256	01_HTV_HTS_CORE_DEPENDENCY_AUDIT/02_HTS_フェーズ別/HTS_07_SPT公開release契約・component_geometry_HTS51-55/HTS54_RUN_PACKAGE.zip	351140644e300c778a0afdb6058f12dc720ceb4744227223a471d666d7e9aa96	351140644e300c778a0afdb6058f12dc720ceb4744227223a471d666d7e9aa96	PASS
01_HTV_HTS_CORE_DEPENDENCY_AUDIT/02_HTS_フェーズ別/HTS_07_SPT公開release契約・component_geometry_HTS51-55/HTS55_PREFLIGHT_RESULTS_FOR_REVIEW.zip.sha256	01_HTV_HTS_CORE_DEPENDENCY_AUDIT/02_HTS_フェーズ別/HTS_07_SPT公開release契約・component_geometry_HTS51-55/HTS55_PREFLIGHT_RESULTS_FOR_REVIEW.zip	f3f61c693a0229f9c11ff8e9f2201b0e37cbf98567c3650085ddaacfcf7e481b	f3f61c693a0229f9c11ff8e9f2201b0e37cbf98567c3650085ddaacfcf7e481b	PASS
01_HTV_HTS_CORE_DEPENDENCY_AUDIT/02_HTS_フェーズ別/HTS_07_SPT公開release契約・component_geometry_HTS51-55/HTS55_RESULTS_FOR_REVIEW.zip.sha256	01_HTV_HTS_CORE_DEPENDENCY_AUDIT/02_HTS_フェーズ別/HTS_07_SPT公開release契約・component_geometry_HTS51-55/HTS55_RESULTS_FOR_REVIEW.zip	2d39832133fdbe85a7c19f7db82713daef476150be5e1d0a303d3f50f230e966	2d39832133fdbe85a7c19f7db82713daef476150be5e1d0a303d3f50f230e966	PASS
01_HTV_HTS_CORE_DEPENDENCY_AUDIT/02_HTS_フェーズ別/HTS_07_SPT公開release契約・component_geometry_HTS51-55/HTS55_RUN_PACKAGE.zip.sha256	01_HTV_HTS_CORE_DEPENDENCY_AUDIT/02_HTS_フェーズ別/HTS_07_SPT公開release契約・component_geometry_HTS51-55/HTS55_RUN_PACKAGE.zip	f20b0361d0129c788ed68a32fb19ea17d44b3ea925afbaa5ae7b67f64fe52eb1	f20b0361d0129c788ed68a32fb19ea17d44b3ea925afbaa5ae7b67f64fe52eb1	PASS
01_HTV_HTS_CORE_DEPENDENCY_AUDIT/02_HTS_フェーズ別/HTS_08_release_posterior_metric・6D条件付きblock・partition幾何_HTS56-67/HTS56_PREFLIGHT_RESULTS_FOR_REVIEW.zip.sha256	01_HTV_HTS_CORE_DEPENDENCY_AUDIT/02_HTS_フェーズ別/HTS_08_release_posterior_metric・6D条件付きblock・partition幾何_HTS56-67/HTS56_PREFLIGHT_RESULTS_FOR_REVIEW.zip	a0ea1c55afc464eb50397bf9a7cba80eade89d74f2bbd9e0a805ded72a7d04f5	a0ea1c55afc464eb50397bf9a7cba80eade89d74f2bbd9e0a805ded72a7d04f5	PASS
01_HTV_HTS_CORE_DEPENDENCY_AUDIT/02_HTS_フェーズ別/HTS_08_release_posterior_metric・6D条件付きblock・partition幾何_HTS56-67/HTS56_RESULTS_FOR_REVIEW.zip.sha256	01_HTV_HTS_CORE_DEPENDENCY_AUDIT/02_HTS_フェーズ別/HTS_08_release_posterior_metric・6D条件付きblock・partition幾何_HTS56-67/HTS56_RESULTS_FOR_REVIEW.zip	e827a81ed8c0b0fd32128213e18bf4b61c78ea583f8e04d2aa3c7a5cf44169dc	e827a81ed8c0b0fd32128213e18bf4b61c78ea583f8e04d2aa3c7a5cf44169dc	PASS
01_HTV_HTS_CORE_DEPENDENCY_AUDIT/02_HTS_フェーズ別/HTS_08_release_posterior_metric・6D条件付きblock・partition幾何_HTS56-67/HTS56_RUN_PACKAGE.zip.sha256	01_HTV_HTS_CORE_DEPENDENCY_AUDIT/02_HTS_フェーズ別/HTS_08_release_posterior_metric・6D条件付きblock・partition幾何_HTS56-67/HTS56_RUN_PACKAGE.zip	594b6d04015d331212b4a2e92de6ded877f9fba1d623eaa754a1b638f4b307ac	594b6d04015d331212b4a2e92de6ded877f9fba1d623eaa754a1b638f4b307ac	PASS
01_HTV_HTS_CORE_DEPENDENCY_AUDIT/02_HTS_フェーズ別/HTS_08_release_posterior_metric・6D条件付きblock・partition幾何_HTS56-67/HTS57_PREFLIGHT_RESULTS_FOR_REVIEW.zip.sha256	01_HTV_HTS_CORE_DEPENDENCY_AUDIT/02_HTS_フェーズ別/HTS_08_release_posterior_metric・6D条件付きblock・partition幾何_HTS56-67/HTS57_PREFLIGHT_RESULTS_FOR_REVIEW.zip	b939ab1e4d890f4e1fdf0eac83e3fbb0059b309ec1fad672415b83fc956ef1a5	b939ab1e4d890f4e1fdf0eac83e3fbb0059b309ec1fad672415b83fc956ef1a5	PASS
01_HTV_HTS_CORE_DEPENDENCY_AUDIT/02_HTS_フェーズ別/HTS_08_release_posterior_metric・6D条件付きblock・partition幾何_HTS56-67/HTS57_RESULTS_FOR_REVIEW.zip.sha256	01_HTV_HTS_CORE_DEPENDENCY_AUDIT/02_HTS_フェーズ別/HTS_08_release_posterior_metric・6D条件付きblock・partition幾何_HTS56-67/HTS57_RESULTS_FOR_REVIEW.zip	9ef3547b2ec854c81cc92633b1f3d3ac0489289cd812ae84e3070eeaade325da	9ef3547b2ec854c81cc92633b1f3d3ac0489289cd812ae84e3070eeaade325da	PASS
01_HTV_HTS_CORE_DEPENDENCY_AUDIT/02_HTS_フェーズ別/HTS_08_release_posterior_metric・6D条件付きblock・partition幾何_HTS56-67/HTS57_RUN_PACKAGE.zip.sha256	01_HTV_HTS_CORE_DEPENDENCY_AUDIT/02_HTS_フェーズ別/HTS_08_release_posterior_metric・6D条件付きblock・partition幾何_HTS56-67/HTS57_RUN_PACKAGE.zip	09a7919f8a1a333845cad282b47a304e4867f1b8054a24a8a08165e141175fdd	09a7919f8a1a333845cad282b47a304e4867f1b8054a24a8a08165e141175fdd	PASS
01_HTV_HTS_CORE_DEPENDENCY_AUDIT/02_HTS_フェーズ別/HTS_08_release_posterior_metric・6D条件付きblock・partition幾何_HTS56-67/HTS58_PREFLIGHT_RESULTS_FOR_REVIEW.zip.sha256	01_HTV_HTS_CORE_DEPENDENCY_AUDIT/02_HTS_フェーズ別/HTS_08_release_posterior_metric・6D条件付きblock・partition幾何_HTS56-67/HTS58_PREFLIGHT_RESULTS_FOR_REVIEW.zip	7f2f75d72882fcc3fd1edae7ca03d1d5f5d88057dda075e0722b5fdc89705b02	7f2f75d72882fcc3fd1edae7ca03d1d5f5d88057dda075e0722b5fdc89705b02	PASS
01_HTV_HTS_CORE_DEPENDENCY_AUDIT/02_HTS_フェーズ別/HTS_08_release_posterior_metric・6D条件付きblock・partition幾何_HTS56-67/HTS58_RESULTS_FOR_REVIEW.zip.sha256	01_HTV_HTS_CORE_DEPENDENCY_AUDIT/02_HTS_フェーズ別/HTS_08_release_posterior_metric・6D条件付きblock・partition幾何_HTS56-67/HTS58_RESULTS_FOR_REVIEW.zip	0404dda2488a448a49c64749a47a036e940ae02ff80f73447b6583819b91145c	0404dda2488a448a49c64749a47a036e940ae02ff80f73447b6583819b91145c	PASS
01_HTV_HTS_CORE_DEPENDENCY_AUDIT/02_HTS_フェーズ別/HTS_08_release_posterior_metric・6D条件付きblock・partition幾何_HTS56-67/HTS58_RUN_PACKAGE.zip.sha256	01_HTV_HTS_CORE_DEPENDENCY_AUDIT/02_HTS_フェーズ別/HTS_08_release_posterior_metric・6D条件付きblock・partition幾何_HTS56-67/HTS58_RUN_PACKAGE.zip	e5bc6baf3610759269328142dcf53a82224c61647d735a5871b85667ccf37d3d	e5bc6baf3610759269328142dcf53a82224c61647d735a5871b85667ccf37d3d	PASS
01_HTV_HTS_CORE_DEPENDENCY_AUDIT/02_HTS_フェーズ別/HTS_08_release_posterior_metric・6D条件付きblock・partition幾何_HTS56-67/HTS59_PREFLIGHT_RESULTS_FOR_REVIEW.zip.sha256	01_HTV_HTS_CORE_DEPENDENCY_AUDIT/02_HTS_フェーズ別/HTS_08_release_posterior_metric・6D条件付きblock・partition幾何_HTS56-67/HTS59_PREFLIGHT_RESULTS_FOR_REVIEW.zip	8518799c9f32e64e92b15f960669fe92cb248f2fb20b3ac1d6ad260e8596285b	8518799c9f32e64e92b15f960669fe92cb248f2fb20b3ac1d6ad260e8596285b	PASS
01_HTV_HTS_CORE_DEPENDENCY_AUDIT/02_HTS_フェーズ別/HTS_08_release_posterior_metric・6D条件付きblock・partition幾何_HTS56-67/HTS59_RESULTS_FOR_REVIEW.zip.sha256	01_HTV_HTS_CORE_DEPENDENCY_AUDIT/02_HTS_フェーズ別/HTS_08_release_posterior_metric・6D条件付きblock・partition幾何_HTS56-67/HTS59_RESULTS_FOR_REVIEW.zip	e61ee6b6cca4dadcb32b9bf7c75c869c1a39927d5ca5638e3542f1467f9b3245	e61ee6b6cca4dadcb32b9bf7c75c869c1a39927d5ca5638e3542f1467f9b3245	PASS
01_HTV_HTS_CORE_DEPENDENCY_AUDIT/02_HTS_フェーズ別/HTS_08_release_posterior_metric・6D条件付きblock・partition幾何_HTS56-67/HTS59_RUN_PACKAGE.zip.sha256	01_HTV_HTS_CORE_DEPENDENCY_AUDIT/02_HTS_フェーズ別/HTS_08_release_posterior_metric・6D条件付きblock・partition幾何_HTS56-67/HTS59_RUN_PACKAGE.zip	1ae073086e87a501355a879f33a178b8dde4e677ea1d97c3ad6252a49e95d072	1ae073086e87a501355a879f33a178b8dde4e677ea1d97c3ad6252a49e95d072	PASS
01_HTV_HTS_CORE_DEPENDENCY_AUDIT/02_HTS_フェーズ別/HTS_08_release_posterior_metric・6D条件付きblock・partition幾何_HTS56-67/HTS60_PREFLIGHT_RESULTS_FOR_REVIEW.zip.sha256	01_HTV_HTS_CORE_DEPENDENCY_AUDIT/02_HTS_フェーズ別/HTS_08_release_posterior_metric・6D条件付きblock・partition幾何_HTS56-67/HTS60_PREFLIGHT_RESULTS_FOR_REVIEW.zip	d2acf2abd2f906c4e701a6bea44d029104f395dca1a35d107148a63eb9300099	d2acf2abd2f906c4e701a6bea44d029104f395dca1a35d107148a63eb9300099	PASS
01_HTV_HTS_CORE_DEPENDENCY_AUDIT/02_HTS_フェーズ別/HTS_08_release_posterior_metric・6D条件付きblock・partition幾何_HTS56-67/HTS60_RESULTS_FOR_REVIEW.zip.sha256	01_HTV_HTS_CORE_DEPENDENCY_AUDIT/02_HTS_フェーズ別/HTS_08_release_posterior_metric・6D条件付きblock・partition幾何_HTS56-67/HTS60_RESULTS_FOR_REVIEW.zip	32249ddf93aeada9defc689d4f270fa2da2cf68a82ba8a014bea39a6e250d617	32249ddf93aeada9defc689d4f270fa2da2cf68a82ba8a014bea39a6e250d617	PASS
01_HTV_HTS_CORE_DEPENDENCY_AUDIT/02_HTS_フェーズ別/HTS_08_release_posterior_metric・6D条件付きblock・partition幾何_HTS56-67/HTS60_RUN_PACKAGE.zip.sha256	01_HTV_HTS_CORE_DEPENDENCY_AUDIT/02_HTS_フェーズ別/HTS_08_release_posterior_metric・6D条件付きblock・partition幾何_HTS56-67/HTS60_RUN_PACKAGE.zip	40d6c1aac966e10961c1359773de9c87a04398bdfc41b253d7684ff8b0cc529d	40d6c1aac966e10961c1359773de9c87a04398bdfc41b253d7684ff8b0cc529d	PASS
01_HTV_HTS_CORE_DEPENDENCY_AUDIT/02_HTS_フェーズ別/HTS_08_release_posterior_metric・6D条件付きblock・partition幾何_HTS56-67/HTS61_PREFLIGHT_RESULTS_FOR_REVIEW.zip.sha256	01_HTV_HTS_CORE_DEPENDENCY_AUDIT/02_HTS_フェーズ別/HTS_08_release_posterior_metric・6D条件付きblock・partition幾何_HTS56-67/HTS61_PREFLIGHT_RESULTS_FOR_REVIEW.zip	186142365ea4f452df1054c360fed704aa2f3248686110aa62ace8693c2e41a5	186142365ea4f452df1054c360fed704aa2f3248686110aa62ace8693c2e41a5	PASS
01_HTV_HTS_CORE_DEPENDENCY_AUDIT/02_HTS_フェーズ別/HTS_08_release_posterior_metric・6D条件付きblock・partition幾何_HTS56-67/HTS61_RESULTS_FOR_REVIEW.zip.sha256	01_HTV_HTS_CORE_DEPENDENCY_AUDIT/02_HTS_フェーズ別/HTS_08_release_posterior_metric・6D条件付きblock・partition幾何_HTS56-67/HTS61_RESULTS_FOR_REVIEW.zip	564de68be594cb25028abaddd1883cc53cf616b8d6b352608b6e5dc13a138e0d	564de68be594cb25028abaddd1883cc53cf616b8d6b352608b6e5dc13a138e0d	PASS
01_HTV_HTS_CORE_DEPENDENCY_AUDIT/02_HTS_フェーズ別/HTS_08_release_posterior_metric・6D条件付きblock・partition幾何_HTS56-67/HTS61_RUN_PACKAGE.zip.sha256	01_HTV_HTS_CORE_DEPENDENCY_AUDIT/02_HTS_フェーズ別/HTS_08_release_posterior_metric・6D条件付きblock・partition幾何_HTS56-67/HTS61_RUN_PACKAGE.zip	abc964efa13495044110d9a720d34eeb7c7009edfb0c8eeaf73d91fb16c8ef4b	abc964efa13495044110d9a720d34eeb7c7009edfb0c8eeaf73d91fb16c8ef4b	PASS
01_HTV_HTS_CORE_DEPENDENCY_AUDIT/02_HTS_フェーズ別/HTS_08_release_posterior_metric・6D条件付きblock・partition幾何_HTS56-67/HTS62_PREFLIGHT_RESULTS_FOR_REVIEW.zip.sha256	01_HTV_HTS_CORE_DEPENDENCY_AUDIT/02_HTS_フェーズ別/HTS_08_release_posterior_metric・6D条件付きblock・partition幾何_HTS56-67/HTS62_PREFLIGHT_RESULTS_FOR_REVIEW.zip	d90fd41cdd8bf711e52a94f95f5c150ecbabc8f30960e1012b430c9b34a9405a	d90fd41cdd8bf711e52a94f95f5c150ecbabc8f30960e1012b430c9b34a9405a	PASS
01_HTV_HTS_CORE_DEPENDENCY_AUDIT/02_HTS_フェーズ別/HTS_08_release_posterior_metric・6D条件付きblock・partition幾何_HTS56-67/HTS62_RESULTS_FOR_REVIEW.zip.sha256	01_HTV_HTS_CORE_DEPENDENCY_AUDIT/02_HTS_フェーズ別/HTS_08_release_posterior_metric・6D条件付きblock・partition幾何_HTS56-67/HTS62_RESULTS_FOR_REVIEW.zip	bc6557b0b6eae13b2553ecbf39ad17c6c6e7c7bf7027c2de2f97827cdbaad936	bc6557b0b6eae13b2553ecbf39ad17c6c6e7c7bf7027c2de2f97827cdbaad936	PASS
01_HTV_HTS_CORE_DEPENDENCY_AUDIT/02_HTS_フェーズ別/HTS_08_release_posterior_metric・6D条件付きblock・partition幾何_HTS56-67/HTS62_RUN_PACKAGE.zip.sha256	01_HTV_HTS_CORE_DEPENDENCY_AUDIT/02_HTS_フェーズ別/HTS_08_release_posterior_metric・6D条件付きblock・partition幾何_HTS56-67/HTS62_RUN_PACKAGE.zip	432b64f0ca987efe03cdc2b1fb287230c5ba6589576849036bbd76227691c67e	432b64f0ca987efe03cdc2b1fb287230c5ba6589576849036bbd76227691c67e	PASS
01_HTV_HTS_CORE_DEPENDENCY_AUDIT/02_HTS_フェーズ別/HTS_08_release_posterior_metric・6D条件付きblock・partition幾何_HTS56-67/HTS63_PREFLIGHT_RESULTS_FOR_REVIEW.zip.sha256	01_HTV_HTS_CORE_DEPENDENCY_AUDIT/02_HTS_フェーズ別/HTS_08_release_posterior_metric・6D条件付きblock・partition幾何_HTS56-67/HTS63_PREFLIGHT_RESULTS_FOR_REVIEW.zip	0e3328254e961b19958f04252809c8751de2ee53437ce846269ea9723965d4c0	0e3328254e961b19958f04252809c8751de2ee53437ce846269ea9723965d4c0	PASS
01_HTV_HTS_CORE_DEPENDENCY_AUDIT/02_HTS_フェーズ別/HTS_08_release_posterior_metric・6D条件付きblock・partition幾何_HTS56-67/HTS63_RESULTS_FOR_REVIEW.zip.sha256	01_HTV_HTS_CORE_DEPENDENCY_AUDIT/02_HTS_フェーズ別/HTS_08_release_posterior_metric・6D条件付きblock・partition幾何_HTS56-67/HTS63_RESULTS_FOR_REVIEW.zip	66edffe6d416957a5ae75f5fc258b784bde0a76edf5feeacd54f328a38a406b7	66edffe6d416957a5ae75f5fc258b784bde0a76edf5feeacd54f328a38a406b7	PASS
01_HTV_HTS_CORE_DEPENDENCY_AUDIT/02_HTS_フェーズ別/HTS_08_release_posterior_metric・6D条件付きblock・partition幾何_HTS56-67/HTS63_RUN_PACKAGE.zip.sha256	01_HTV_HTS_CORE_DEPENDENCY_AUDIT/02_HTS_フェーズ別/HTS_08_release_posterior_metric・6D条件付きblock・partition幾何_HTS56-67/HTS63_RUN_PACKAGE.zip	b4cfbadc6f98772ab7080333e8e18cf2c55301f7fdd662998817a0903a211b14	b4cfbadc6f98772ab7080333e8e18cf2c55301f7fdd662998817a0903a211b14	PASS
01_HTV_HTS_CORE_DEPENDENCY_AUDIT/02_HTS_フェーズ別/HTS_08_release_posterior_metric・6D条件付きblock・partition幾何_HTS56-67/HTS64_PREFLIGHT_RESULTS_FOR_REVIEW.zip.sha256	01_HTV_HTS_CORE_DEPENDENCY_AUDIT/02_HTS_フェーズ別/HTS_08_release_posterior_metric・6D条件付きblock・partition幾何_HTS56-67/HTS64_PREFLIGHT_RESULTS_FOR_REVIEW.zip	2c9422aacb59bf454c212725b348f6351e1e0711e9ecabcd2571fab8d3df725f	2c9422aacb59bf454c212725b348f6351e1e0711e9ecabcd2571fab8d3df725f	PASS
01_HTV_HTS_CORE_DEPENDENCY_AUDIT/02_HTS_フェーズ別/HTS_08_release_posterior_metric・6D条件付きblock・partition幾何_HTS56-67/HTS64_RESULTS_FOR_REVIEW.zip.sha256	01_HTV_HTS_CORE_DEPENDENCY_AUDIT/02_HTS_フェーズ別/HTS_08_release_posterior_metric・6D条件付きblock・partition幾何_HTS56-67/HTS64_RESULTS_FOR_REVIEW.zip	64eedb9fc07abfcd4e2c6f365c403f4d953d674e4a4554751e9ffc27406ab925	64eedb9fc07abfcd4e2c6f365c403f4d953d674e4a4554751e9ffc27406ab925	PASS
01_HTV_HTS_CORE_DEPENDENCY_AUDIT/02_HTS_フェーズ別/HTS_08_release_posterior_metric・6D条件付きblock・partition幾何_HTS56-67/HTS64_RUN_PACKAGE.zip.sha256	01_HTV_HTS_CORE_DEPENDENCY_AUDIT/02_HTS_フェーズ別/HTS_08_release_posterior_metric・6D条件付きblock・partition幾何_HTS56-67/HTS64_RUN_PACKAGE.zip	41dde7225ca1de778fbe7a7b3a9d33cea3cca170e117d10373a9735069e3dbc5	41dde7225ca1de778fbe7a7b3a9d33cea3cca170e117d10373a9735069e3dbc5	PASS
01_HTV_HTS_CORE_DEPENDENCY_AUDIT/02_HTS_フェーズ別/HTS_08_release_posterior_metric・6D条件付きblock・partition幾何_HTS56-67/HTS65_PREFLIGHT_RESULTS_FOR_REVIEW.zip.sha256	01_HTV_HTS_CORE_DEPENDENCY_AUDIT/02_HTS_フェーズ別/HTS_08_release_posterior_metric・6D条件付きblock・partition幾何_HTS56-67/HTS65_PREFLIGHT_RESULTS_FOR_REVIEW.zip	a4b6c71ec739749c6a2d71f2300ffa881f62f71a203137b9347838157f8a5298	a4b6c71ec739749c6a2d71f2300ffa881f62f71a203137b9347838157f8a5298	PASS
01_HTV_HTS_CORE_DEPENDENCY_AUDIT/02_HTS_フェーズ別/HTS_08_release_posterior_metric・6D条件付きblock・partition幾何_HTS56-67/HTS65_RESULTS_FOR_REVIEW.zip.sha256	01_HTV_HTS_CORE_DEPENDENCY_AUDIT/02_HTS_フェーズ別/HTS_08_release_posterior_metric・6D条件付きblock・partition幾何_HTS56-67/HTS65_RESULTS_FOR_REVIEW.zip	d1a74c3714434211848c16488201db8e66c9be1127a3aa235be98cabe8590efd	d1a74c3714434211848c16488201db8e66c9be1127a3aa235be98cabe8590efd	PASS
01_HTV_HTS_CORE_DEPENDENCY_AUDIT/02_HTS_フェーズ別/HTS_08_release_posterior_metric・6D条件付きblock・partition幾何_HTS56-67/HTS65_RUN_PACKAGE.zip.sha256	01_HTV_HTS_CORE_DEPENDENCY_AUDIT/02_HTS_フェーズ別/HTS_08_release_posterior_metric・6D条件付きblock・partition幾何_HTS56-67/HTS65_RUN_PACKAGE.zip	3f9bfc7a22b449b847f099978fec07b05031d8c952a9e629312cab74884c3f7d	3f9bfc7a22b449b847f099978fec07b05031d8c952a9e629312cab74884c3f7d	PASS
01_HTV_HTS_CORE_DEPENDENCY_AUDIT/02_HTS_フェーズ別/HTS_08_release_posterior_metric・6D条件付きblock・partition幾何_HTS56-67/HTS66_CORR_PREFLIGHT_RESULTS_FOR_REVIEW.zip.sha256	01_HTV_HTS_CORE_DEPENDENCY_AUDIT/02_HTS_フェーズ別/HTS_08_release_posterior_metric・6D条件付きblock・partition幾何_HTS56-67/HTS66_CORR_PREFLIGHT_RESULTS_FOR_REVIEW.zip	de67daceec88c1e9b375181c104d104a04bcc80fab29a6faecef00ef88d656d8	de67daceec88c1e9b375181c104d104a04bcc80fab29a6faecef00ef88d656d8	PASS
01_HTV_HTS_CORE_DEPENDENCY_AUDIT/02_HTS_フェーズ別/HTS_08_release_posterior_metric・6D条件付きblock・partition幾何_HTS56-67/HTS66_CORR_RESULTS_FOR_REVIEW.zip.sha256	01_HTV_HTS_CORE_DEPENDENCY_AUDIT/02_HTS_フェーズ別/HTS_08_release_posterior_metric・6D条件付きblock・partition幾何_HTS56-67/HTS66_CORR_RESULTS_FOR_REVIEW.zip	125137a0735f4e5bffe940eb101d3e37e23f4b6d20ac06e115210aa1adee2a82	125137a0735f4e5bffe940eb101d3e37e23f4b6d20ac06e115210aa1adee2a82	PASS
01_HTV_HTS_CORE_DEPENDENCY_AUDIT/02_HTS_フェーズ別/HTS_08_release_posterior_metric・6D条件付きblock・partition幾何_HTS56-67/HTS66_CORR_RUN_PACKAGE.zip.sha256	01_HTV_HTS_CORE_DEPENDENCY_AUDIT/02_HTS_フェーズ別/HTS_08_release_posterior_metric・6D条件付きblock・partition幾何_HTS56-67/HTS66_CORR_RUN_PACKAGE.zip	60bc473db689a8b04625443c75e4b2f3c3b429d7874e1fb9c1b333c6bbdb62e0	60bc473db689a8b04625443c75e4b2f3c3b429d7874e1fb9c1b333c6bbdb62e0	PASS
01_HTV_HTS_CORE_DEPENDENCY_AUDIT/02_HTS_フェーズ別/HTS_08_release_posterior_metric・6D条件付きblock・partition幾何_HTS56-67/HTS66_RESULTS_FOR_REVIEW.zip.sha256	01_HTV_HTS_CORE_DEPENDENCY_AUDIT/02_HTS_フェーズ別/HTS_08_release_posterior_metric・6D条件付きblock・partition幾何_HTS56-67/HTS66_RESULTS_FOR_REVIEW.zip	fade7d45c2f9b3d4ce89c43768cd20eeac11358c4d09b6e0f9722fc5a26540d9	fade7d45c2f9b3d4ce89c43768cd20eeac11358c4d09b6e0f9722fc5a26540d9	PASS
01_HTV_HTS_CORE_DEPENDENCY_AUDIT/02_HTS_フェーズ別/HTS_08_release_posterior_metric・6D条件付きblock・partition幾何_HTS56-67/HTS66_RUN_PACKAGE.zip.sha256	01_HTV_HTS_CORE_DEPENDENCY_AUDIT/02_HTS_フェーズ別/HTS_08_release_posterior_metric・6D条件付きblock・partition幾何_HTS56-67/HTS66_RUN_PACKAGE.zip	208635740125d0d833b358f52685765604307d278c14fef0a7e400cbc5d78294	208635740125d0d833b358f52685765604307d278c14fef0a7e400cbc5d78294	PASS
01_HTV_HTS_CORE_DEPENDENCY_AUDIT/02_HTS_フェーズ別/HTS_08_release_posterior_metric・6D条件付きblock・partition幾何_HTS56-67/HTS67_RESULTS_FOR_REVIEW.zip.sha256	01_HTV_HTS_CORE_DEPENDENCY_AUDIT/02_HTS_フェーズ別/HTS_08_release_posterior_metric・6D条件付きblock・partition幾何_HTS56-67/HTS67_RESULTS_FOR_REVIEW.zip	813952ea7fc58b7271eb3ad8c849e1b4b78c9b4540742b7a754bf9c830921834	813952ea7fc58b7271eb3ad8c849e1b4b78c9b4540742b7a754bf9c830921834	PASS
01_HTV_HTS_CORE_DEPENDENCY_AUDIT/02_HTS_フェーズ別/HTS_08_release_posterior_metric・6D条件付きblock・partition幾何_HTS56-67/HTS67_RUN_PACKAGE.zip.sha256	01_HTV_HTS_CORE_DEPENDENCY_AUDIT/02_HTS_フェーズ別/HTS_08_release_posterior_metric・6D条件付きblock・partition幾何_HTS56-67/HTS67_RUN_PACKAGE.zip	dd9a15179b10dfefd89cd0da2aec50b7262ccbf1cfeae048ed24e9cd3270aee4	dd9a15179b10dfefd89cd0da2aec50b7262ccbf1cfeae048ed24e9cd3270aee4	PASS
01_HTV_HTS_CORE_DEPENDENCY_AUDIT/02_HTS_フェーズ別/HTS_09_TDCOSMO公開chain監査_HTS68/HTS68_CORR2_METHOD_AND_CONTRACT_PATCH_ONLY_PACKAGE.zip.sha256	01_HTV_HTS_CORE_DEPENDENCY_AUDIT/02_HTS_フェーズ別/HTS_09_TDCOSMO公開chain監査_HTS68/HTS68_CORR2_METHOD_AND_CONTRACT_PATCH_ONLY_PACKAGE.zip	e41a2ede7a6e3371dc3d102e7793af815074f76124a14158271fa10c63c48d52	e41a2ede7a6e3371dc3d102e7793af815074f76124a14158271fa10c63c48d52	PASS
01_HTV_HTS_CORE_DEPENDENCY_AUDIT/02_HTS_フェーズ別/HTS_10_全系列統合監査・次段階選定_HTV-HTS68/HTV_HTS_INTEGRATED_STATUS_AUDIT_PACKAGE.zip.sha256	01_HTV_HTS_CORE_DEPENDENCY_AUDIT/02_HTS_フェーズ別/HTS_10_全系列統合監査・次段階選定_HTV-HTS68/HTV_HTS_INTEGRATED_STATUS_AUDIT_PACKAGE.zip	cce2802c97119ca419c28c11e700aa6187749145831ab7c16305c4e5117e0bf2	cce2802c97119ca419c28c11e700aa6187749145831ab7c16305c4e5117e0bf2	PASS
01_HTV_HTS_CORE_DEPENDENCY_AUDIT/03_キャッシュ関連/HTS_CHAIN_CACHE_STORE_INDEX_PACKAGE.zip.sha256	01_HTV_HTS_CORE_DEPENDENCY_AUDIT/03_キャッシュ関連/HTS_CHAIN_CACHE_STORE_INDEX_PACKAGE.zip	a2484df1143bc139b56e2523d4c3fb49d879b4fdba37d51eb4ba820254a430bd	55a1c898999524f515e8baa60f1a655fd4e5722287a742a4fc90a91dfec0672c	MISMATCH
02_TDCOSMO_BLIND_SENTINEL_PROJECT/TDCOSMO_ALTERNATE_IMPLEMENTATION_BRANCH_CLOSEOUT_PACKAGE.zip.sha256	02_TDCOSMO_BLIND_SENTINEL_PROJECT/TDCOSMO_ALTERNATE_IMPLEMENTATION_BRANCH_CLOSEOUT_PACKAGE.zip	db14c464cf0afa95b93ee3162cd7634dcb8d21e87ab25c6584249072727561d2	db14c464cf0afa95b93ee3162cd7634dcb8d21e87ab25c6584249072727561d2	PASS
02_TDCOSMO_BLIND_SENTINEL_PROJECT/TDCOSMO_BLIND_SENTINEL_IMPLEMENTATION_PACKAGE.zip.sha256	02_TDCOSMO_BLIND_SENTINEL_PROJECT/TDCOSMO_BLIND_SENTINEL_IMPLEMENTATION_PACKAGE.zip	e883b98e84ef1161e8a4bbe7af5815950d92d5b47da20f16e37416db3038ad34	e883b98e84ef1161e8a4bbe7af5815950d92d5b47da20f16e37416db3038ad34	PASS
02_TDCOSMO_BLIND_SENTINEL_PROJECT/TDCOSMO_BLIND_TABLE6_EXTENSION_COMPARISON_AUDIT_PACKAGE.zip.sha256	02_TDCOSMO_BLIND_SENTINEL_PROJECT/TDCOSMO_BLIND_TABLE6_EXTENSION_COMPARISON_AUDIT_PACKAGE.zip	83465ddae9726e17dafb17be19432dfef0113b0e97e1e8478add808ed44581fe	83465ddae9726e17dafb17be19432dfef0113b0e97e1e8478add808ed44581fe	PASS
02_TDCOSMO_BLIND_SENTINEL_PROJECT/TDCOSMO_BLIND_TABLE6_EXTENSION_RUN_PACKAGE.zip.sha256	02_TDCOSMO_BLIND_SENTINEL_PROJECT/TDCOSMO_BLIND_TABLE6_EXTENSION_RUN_PACKAGE.zip	02e2d65fb4a5c0ccce115327b3abed3a263e094f338350b6ef88d41c39d9aa4c	02e2d65fb4a5c0ccce115327b3abed3a263e094f338350b6ef88d41c39d9aa4c	PASS
02_TDCOSMO_BLIND_SENTINEL_PROJECT/TDCOSMO_POST_BLIND_COMPARISON_AUDIT/04_RESULTS_FOR_REVIEW/TDCOSMO_BLIND_SENTINEL_COMPARISON_AUDIT_PACKAGE.zip.sha256	02_TDCOSMO_BLIND_SENTINEL_PROJECT/TDCOSMO_POST_BLIND_COMPARISON_AUDIT/04_RESULTS_FOR_REVIEW/TDCOSMO_BLIND_SENTINEL_COMPARISON_AUDIT_PACKAGE.zip	e13f603e2e34078c56b61a5f2a56aec6e4c5310f137499662ff9d2c94cf8783c	e13f603e2e34078c56b61a5f2a56aec6e4c5310f137499662ff9d2c94cf8783c	PASS
