h0dn_row_1based	CID	IDSURVEY	source_directory	raw_SURVEY	used_filter_token	observation_count_for_token	kcor_input_path	kcor_output_path	kcor_output_git_blob_sha1	definition_count	kcor_declared_SURVEY	kcor_filter_name	kcor_MAGSYSTEM	kcor_FILTSYSTEM	kcor_FILTPATH	transmission_basename	public_transmission_path	public_transmission_git_blob_sha1	public_transmission_sha256	mapping_classification	evidence_level	executed_run_lineage
1	2009cz	56	SWIFT	SWIFT	B	13	Pantheon+_Data/2_CALIBRATION/SNANA_kcor/kcor_SWIFT.input	Pantheon+_Data/2_CALIBRATION/SNANA_kcor/kcor_SWIFT_v6_1.fits	457d0064d4ede26b371b74d8e32e366602102c0f	1	SWIFTNEW	UVOT-B	BD17	COUNT	/project2/rkessler/SURVEYS/PS1MD/ROOT/filters/SWIFT	B_UVOT_rev.txt	Pantheon+_Data/2_CALIBRATION/filters/SWIFT/B_UVOT_rev.txt	a19745c0da113289d0bb8b0ad6a796823324a037	0e733cf59b7f780f4a986e36a2a69fdf8331efe5fd7f0b7f03fd09aa71012d7f	PUBLIC_KCOR_TEXT_AND_TRANSMISSION_ASSET_MAPPED	PUBLIC_KCOR_TEXT_AND_TRACKED_ASSET_METADATA	NOT_ESTABLISHED
1	2009cz	56	SWIFT	SWIFT	N	6	Pantheon+_Data/2_CALIBRATION/SNANA_kcor/kcor_SWIFT.input	Pantheon+_Data/2_CALIBRATION/SNANA_kcor/kcor_SWIFT_v6_1.fits	457d0064d4ede26b371b74d8e32e366602102c0f	1	SWIFTNEW	UVOT-N	BD17	COUNT	/project2/rkessler/SURVEYS/PS1MD/ROOT/filters/SWIFT	U_UVOT_rev.txt	Pantheon+_Data/2_CALIBRATION/filters/SWIFT/U_UVOT_rev.txt	42f2fec50304508a31df361f3c27ee54dd40b65c	b24c7b82a64d6aeaeaa2a13ff714392e0d1ef7f082ec680975458671387984c7	PUBLIC_KCOR_TEXT_AND_TRANSMISSION_ASSET_MAPPED	PUBLIC_KCOR_TEXT_AND_TRACKED_ASSET_METADATA	NOT_ESTABLISHED
1	2009cz	56	SWIFT	SWIFT	U	13	Pantheon+_Data/2_CALIBRATION/SNANA_kcor/kcor_SWIFT.input	Pantheon+_Data/2_CALIBRATION/SNANA_kcor/kcor_SWIFT_v6_1.fits	457d0064d4ede26b371b74d8e32e366602102c0f	1	SWIFTNEW	UVOT-U	BD17	COUNT	/project2/rkessler/SURVEYS/PS1MD/ROOT/filters/SWIFT	U_UVOT_rev.txt	Pantheon+_Data/2_CALIBRATION/filters/SWIFT/U_UVOT_rev.txt	42f2fec50304508a31df361f3c27ee54dd40b65c	b24c7b82a64d6aeaeaa2a13ff714392e0d1ef7f082ec680975458671387984c7	PUBLIC_KCOR_TEXT_AND_TRANSMISSION_ASSET_MAPPED	PUBLIC_KCOR_TEXT_AND_TRACKED_ASSET_METADATA	NOT_ESTABLISHED
1	2009cz	56	SWIFT	SWIFT	V	13	Pantheon+_Data/2_CALIBRATION/SNANA_kcor/kcor_SWIFT.input	Pantheon+_Data/2_CALIBRATION/SNANA_kcor/kcor_SWIFT_v6_1.fits	457d0064d4ede26b371b74d8e32e366602102c0f	1	SWIFTNEW	UVOT-V	BD17	COUNT	/project2/rkessler/SURVEYS/PS1MD/ROOT/filters/SWIFT	V_UVOT_rev.txt	Pantheon+_Data/2_CALIBRATION/filters/SWIFT/V_UVOT_rev.txt	cf3336e6dd369718ae84b9f0697ed10159cbef4a	2167055891996afc7891c5bd45fde11a10849dbc327a8a01d2471d5370ad3952	PUBLIC_KCOR_TEXT_AND_TRANSMISSION_ASSET_MAPPED	PUBLIC_KCOR_TEXT_AND_TRACKED_ASSET_METADATA	NOT_ESTABLISHED
1	2009cz	56	SWIFT	SWIFT	W	13	Pantheon+_Data/2_CALIBRATION/SNANA_kcor/kcor_SWIFT.input	Pantheon+_Data/2_CALIBRATION/SNANA_kcor/kcor_SWIFT_v6_1.fits	457d0064d4ede26b371b74d8e32e366602102c0f	1	SWIFTNEW	UVOT-W	BD17	COUNT	/project2/rkessler/SURVEYS/PS1MD/ROOT/filters/SWIFT	U_UVOT_rev.txt	Pantheon+_Data/2_CALIBRATION/filters/SWIFT/U_UVOT_rev.txt	42f2fec50304508a31df361f3c27ee54dd40b65c	b24c7b82a64d6aeaeaa2a13ff714392e0d1ef7f082ec680975458671387984c7	PUBLIC_KCOR_TEXT_AND_TRANSMISSION_ASSET_MAPPED	PUBLIC_KCOR_TEXT_AND_TRACKED_ASSET_METADATA	NOT_ESTABLISHED
1	2009cz	56	SWIFT	SWIFT	X	12	Pantheon+_Data/2_CALIBRATION/SNANA_kcor/kcor_SWIFT.input	Pantheon+_Data/2_CALIBRATION/SNANA_kcor/kcor_SWIFT_v6_1.fits	457d0064d4ede26b371b74d8e32e366602102c0f	1	SWIFTNEW	UVOT-X	BD17	COUNT	/project2/rkessler/SURVEYS/PS1MD/ROOT/filters/SWIFT	U_UVOT_rev.txt	Pantheon+_Data/2_CALIBRATION/filters/SWIFT/U_UVOT_rev.txt	42f2fec50304508a31df361f3c27ee54dd40b65c	b24c7b82a64d6aeaeaa2a13ff714392e0d1ef7f082ec680975458671387984c7	PUBLIC_KCOR_TEXT_AND_TRANSMISSION_ASSET_MAPPED	PUBLIC_KCOR_TEXT_AND_TRACKED_ASSET_METADATA	NOT_ESTABLISHED
2	2009cz	5	CSPDR3_anthony	CSP	B	8	Pantheon+_Data/2_CALIBRATION/SNANA_kcor/kcor_CSPDR3.input	Pantheon+_Data/2_CALIBRATION/SNANA_kcor/kcor_CSPDR3_v6_1.fits	53c8a34af63d0d34fb513767abb2fdd852c26bff	1	CSP	CSP-B	BD17	COUNT	$SNDATA_ROOT/filters/CSP/CSP_TAMU_20180316	B_tel_ccd_atm_ext_1.2.dat	Pantheon+_Data/2_CALIBRATION/filters/CSP_TAMU_20180316/B_tel_ccd_atm_ext_1.2.dat	ed16304ca664fa79abd264a9a8df8794eedb9bb5	df6b951c5ed536c3afb7978185e2b84d68122c4a404efe1df842f3da0e1bef7c	PUBLIC_KCOR_TEXT_AND_TRANSMISSION_ASSET_MAPPED	PUBLIC_KCOR_TEXT_AND_TRACKED_ASSET_METADATA	NOT_ESTABLISHED
2	2009cz	5	CSPDR3_anthony	CSP	H	12	Pantheon+_Data/2_CALIBRATION/SNANA_kcor/kcor_CSPDR3.input	Pantheon+_Data/2_CALIBRATION/SNANA_kcor/kcor_CSPDR3_v6_1.fits	53c8a34af63d0d34fb513767abb2fdd852c26bff	1	CSP	CSP-H	BD17	COUNT	$SNDATA_ROOT/filters/CSP/CSP_TAMU_20180316	H_SWO_TAM_scan_atm.dat	Pantheon+_Data/2_CALIBRATION/filters/CSP_TAMU_20180316/H_SWO_TAM_scan_atm.dat	80f88d19c64aa6896007664497b5696f34a37542	03c70045453ef3990d19ecf4e77298698ad26259fe556bd6a7b96f01bfb32d20	PUBLIC_KCOR_TEXT_AND_TRANSMISSION_ASSET_MAPPED	PUBLIC_KCOR_TEXT_AND_TRACKED_ASSET_METADATA	NOT_ESTABLISHED
2	2009cz	5	CSPDR3_anthony	CSP	J	2	Pantheon+_Data/2_CALIBRATION/SNANA_kcor/kcor_CSPDR3.input	Pantheon+_Data/2_CALIBRATION/SNANA_kcor/kcor_CSPDR3_v6_1.fits	53c8a34af63d0d34fb513767abb2fdd852c26bff	1	CSP	CSP-J	BD17	COUNT	$SNDATA_ROOT/filters/CSP/CSP_TAMU_20180316	Jrc1_SWO_TAM_scan_atm.dat	Pantheon+_Data/2_CALIBRATION/filters/CSP_TAMU_20180316/Jrc1_SWO_TAM_scan_atm.dat	d324d6b806211446ce1dbe3483067dfff78a2dfb	3939c6b4c446c675afb69c561f5875350bc51895e632cd7a206d29f02b5c53ab	PUBLIC_KCOR_TEXT_AND_TRANSMISSION_ASSET_MAPPED	PUBLIC_KCOR_TEXT_AND_TRACKED_ASSET_METADATA	NOT_ESTABLISHED
2	2009cz	5	CSPDR3_anthony	CSP	Y	9	Pantheon+_Data/2_CALIBRATION/SNANA_kcor/kcor_CSPDR3.input	Pantheon+_Data/2_CALIBRATION/SNANA_kcor/kcor_CSPDR3_v6_1.fits	53c8a34af63d0d34fb513767abb2fdd852c26bff	1	CSP	CSP-Y	BD17	COUNT	$SNDATA_ROOT/filters/CSP/CSP_TAMU_20180316	Y_SWO_TAM_scan_atm.dat	Pantheon+_Data/2_CALIBRATION/filters/CSP_TAMU_20180316/Y_SWO_TAM_scan_atm.dat	02e4c0d6dea47ab2bdc195a3aedb5c4d81980939	caa1c6aa2696af7b3567e68101194bf35e08d856b1ec57f58cabce67a91547b4	PUBLIC_KCOR_TEXT_AND_TRANSMISSION_ASSET_MAPPED	PUBLIC_KCOR_TEXT_AND_TRACKED_ASSET_METADATA	NOT_ESTABLISHED
2	2009cz	5	CSPDR3_anthony	CSP	g	8	Pantheon+_Data/2_CALIBRATION/SNANA_kcor/kcor_CSPDR3.input	Pantheon+_Data/2_CALIBRATION/SNANA_kcor/kcor_CSPDR3_v6_1.fits	53c8a34af63d0d34fb513767abb2fdd852c26bff	1	CSP	CSP-g	BD17	COUNT	$SNDATA_ROOT/filters/CSP/CSP_TAMU_20180316	g_tel_ccd_atm_ext_1.2.dat	Pantheon+_Data/2_CALIBRATION/filters/CSP_TAMU_20180316/g_tel_ccd_atm_ext_1.2.dat	d7f525225664050f595970d51755d597899f9d38	e2fb29cced302fb7e19b96f780ea9752835967a9208e5441e3936318e31645d5	PUBLIC_KCOR_TEXT_AND_TRANSMISSION_ASSET_MAPPED	PUBLIC_KCOR_TEXT_AND_TRACKED_ASSET_METADATA	NOT_ESTABLISHED
2	2009cz	5	CSPDR3_anthony	CSP	i	8	Pantheon+_Data/2_CALIBRATION/SNANA_kcor/kcor_CSPDR3.input	Pantheon+_Data/2_CALIBRATION/SNANA_kcor/kcor_CSPDR3_v6_1.fits	53c8a34af63d0d34fb513767abb2fdd852c26bff	1	CSP	CSP-i	BD17	COUNT	$SNDATA_ROOT/filters/CSP/CSP_TAMU_20180316	i_tel_ccd_atm_ext_1.2.dat	Pantheon+_Data/2_CALIBRATION/filters/CSP_TAMU_20180316/i_tel_ccd_atm_ext_1.2.dat	510329b2cae3a935c3dee7e5c34ef62a5d82f1ea	abdd2b0657023e0b1fc3828dbdda1ed4d0ab6ecaaa6428686d415f875876b01c	PUBLIC_KCOR_TEXT_AND_TRANSMISSION_ASSET_MAPPED	PUBLIC_KCOR_TEXT_AND_TRACKED_ASSET_METADATA	NOT_ESTABLISHED
2	2009cz	5	CSPDR3_anthony	CSP	j	10	Pantheon+_Data/2_CALIBRATION/SNANA_kcor/kcor_CSPDR3.input	Pantheon+_Data/2_CALIBRATION/SNANA_kcor/kcor_CSPDR3_v6_1.fits	53c8a34af63d0d34fb513767abb2fdd852c26bff	1	CSP	CSP-j	BD17	COUNT	$SNDATA_ROOT/filters/CSP/CSP_TAMU_20180316	Jrc2_SWO_TAM_scan_atm.dat	Pantheon+_Data/2_CALIBRATION/filters/CSP_TAMU_20180316/Jrc2_SWO_TAM_scan_atm.dat	ab185dde790cb3e9cda01c0d4027447ab9a34e93	a2769e3129803a478c90b8a3a1eb1e3e6d637fcce5ec607828a126d17c167264	PUBLIC_KCOR_TEXT_AND_TRANSMISSION_ASSET_MAPPED	PUBLIC_KCOR_TEXT_AND_TRACKED_ASSET_METADATA	NOT_ESTABLISHED
2	2009cz	5	CSPDR3_anthony	CSP	n	8	Pantheon+_Data/2_CALIBRATION/SNANA_kcor/kcor_CSPDR3.input	Pantheon+_Data/2_CALIBRATION/SNANA_kcor/kcor_CSPDR3_v6_1.fits	53c8a34af63d0d34fb513767abb2fdd852c26bff	1	CSP	CSP-n	BD17	COUNT	$SNDATA_ROOT/filters/CSP/CSP_TAMU_20180316	V_LC9844_tel_ccd_atm_ext_1.2.dat	Pantheon+_Data/2_CALIBRATION/filters/CSP_TAMU_20180316/V_LC9844_tel_ccd_atm_ext_1.2.dat	6541ce8a5f2c14e332f95cba469435f1c8a8fd3c	a26438b594e812b365d2c5b55035ff60cadbe2db4021b3ff9a61cf4c9bf3fe49	PUBLIC_KCOR_TEXT_AND_TRANSMISSION_ASSET_MAPPED	PUBLIC_KCOR_TEXT_AND_TRACKED_ASSET_METADATA	NOT_ESTABLISHED
2	2009cz	5	CSPDR3_anthony	CSP	r	8	Pantheon+_Data/2_CALIBRATION/SNANA_kcor/kcor_CSPDR3.input	Pantheon+_Data/2_CALIBRATION/SNANA_kcor/kcor_CSPDR3_v6_1.fits	53c8a34af63d0d34fb513767abb2fdd852c26bff	1	CSP	CSP-r	BD17	COUNT	$SNDATA_ROOT/filters/CSP/CSP_TAMU_20180316	r_tel_ccd_atm_ext_1.2.dat	Pantheon+_Data/2_CALIBRATION/filters/CSP_TAMU_20180316/r_tel_ccd_atm_ext_1.2.dat	6ca739a4a935e052ce6ae4a96663feeac8250a26	cead2f587b2ff14c0fcd31175ec6b73a477d2ff9767821a02d649167139ae1fd	PUBLIC_KCOR_TEXT_AND_TRANSMISSION_ASSET_MAPPED	PUBLIC_KCOR_TEXT_AND_TRACKED_ASSET_METADATA	NOT_ESTABLISHED
2	2009cz	5	CSPDR3_anthony	CSP	u	8	Pantheon+_Data/2_CALIBRATION/SNANA_kcor/kcor_CSPDR3.input	Pantheon+_Data/2_CALIBRATION/SNANA_kcor/kcor_CSPDR3_v6_1.fits	53c8a34af63d0d34fb513767abb2fdd852c26bff	1	CSP	CSP-u	BD17	COUNT	$SNDATA_ROOT/filters/CSP/CSP_TAMU_20180316	u_tel_ccd_atm_ext_1.2.dat	Pantheon+_Data/2_CALIBRATION/filters/CSP_TAMU_20180316/u_tel_ccd_atm_ext_1.2.dat	9f04c0c265228b8285f1af1686dd77096f2059f0	715cfb4eea7a74abbf7d6365f29a551a0ca9a16dd21d8f32af904d4b580f8790	PUBLIC_KCOR_TEXT_AND_TRANSMISSION_ASSET_MAPPED	PUBLIC_KCOR_TEXT_AND_TRACKED_ASSET_METADATA	NOT_ESTABLISHED
2	2009cz	5	CSPDR3_anthony	CSP	y	2	Pantheon+_Data/2_CALIBRATION/SNANA_kcor/kcor_CSPDR3.input	Pantheon+_Data/2_CALIBRATION/SNANA_kcor/kcor_CSPDR3_v6_1.fits	53c8a34af63d0d34fb513767abb2fdd852c26bff	1	CSP	CSP-y	BD17	COUNT	$SNDATA_ROOT/filters/CSP/CSP_TAMU_20180316	Y_DUP_TAM_scan_atm.dat	Pantheon+_Data/2_CALIBRATION/filters/CSP_TAMU_20180316/Y_DUP_TAM_scan_atm.dat	7261bed97f866ab6093ba12d1069faf05c5d6d6e	478e4ebb2ef4eb838b2d872ddc72c16d66aab72a6ffb040a68775fab50ff3af6	PUBLIC_KCOR_TEXT_AND_TRANSMISSION_ASSET_MAPPED	PUBLIC_KCOR_TEXT_AND_TRACKED_ASSET_METADATA	NOT_ESTABLISHED
5	2007qe	57	KAIT_DS15	KAITM	E	13	Pantheon+_Data/2_CALIBRATION/SNANA_kcor/kcor_KAIT_Mo.input	Pantheon+_Data/2_CALIBRATION/SNANA_kcor/kcor_KAIT_Mo_v6_1.fits	698aa4836a917dfc1569fbccec976db44201110f	1	KAIT	KAIT4-E	BD17	COUNT	$PS1_USERS/dscolnic/Excalibur_dillon/filters/KAIT_2018	B_kait4.txt	Pantheon+_Data/2_CALIBRATION/filters/KAIT_2018/B_kait4.txt	11dc6ff83540087cfc38161bb88566880bc412f7	549e056bc705797206c903422a34de5f089848074dc285326fc9bb39a7ba148e	PUBLIC_KCOR_TEXT_AND_TRANSMISSION_ASSET_MAPPED	PUBLIC_KCOR_TEXT_AND_TRACKED_ASSET_METADATA	NOT_ESTABLISHED
5	2007qe	57	KAIT_DS15	KAITM	F	11	Pantheon+_Data/2_CALIBRATION/SNANA_kcor/kcor_KAIT_Mo.input	Pantheon+_Data/2_CALIBRATION/SNANA_kcor/kcor_KAIT_Mo_v6_1.fits	698aa4836a917dfc1569fbccec976db44201110f	1	KAIT	KAIT4-F	BD17	COUNT	$PS1_USERS/dscolnic/Excalibur_dillon/filters/KAIT_2018	V_kait4.txt	Pantheon+_Data/2_CALIBRATION/filters/KAIT_2018/V_kait4.txt	5fc9f5caf51d26764a56ab880ee09795e271b1d9	e3a6c81d258ebd8682bd836890986a48e483f802098c107d0a3ed7acbd846419	PUBLIC_KCOR_TEXT_AND_TRANSMISSION_ASSET_MAPPED	PUBLIC_KCOR_TEXT_AND_TRACKED_ASSET_METADATA	NOT_ESTABLISHED
5	2007qe	57	KAIT_DS15	KAITM	G	13	Pantheon+_Data/2_CALIBRATION/SNANA_kcor/kcor_KAIT_Mo.input	Pantheon+_Data/2_CALIBRATION/SNANA_kcor/kcor_KAIT_Mo_v6_1.fits	698aa4836a917dfc1569fbccec976db44201110f	1	KAIT	KAIT4-G	BD17	COUNT	$PS1_USERS/dscolnic/Excalibur_dillon/filters/KAIT_2018	R_kait4.txt	Pantheon+_Data/2_CALIBRATION/filters/KAIT_2018/R_kait4.txt	fe26ce9b9c766eae0857dddd52f74c290d36e044	8d0c25563513921c557d8cc0519b9f6eb6dab1168767b4756ed58c128acbae9b	PUBLIC_KCOR_TEXT_AND_TRANSMISSION_ASSET_MAPPED	PUBLIC_KCOR_TEXT_AND_TRACKED_ASSET_METADATA	NOT_ESTABLISHED
5	2007qe	57	KAIT_DS15	KAITM	H	12	Pantheon+_Data/2_CALIBRATION/SNANA_kcor/kcor_KAIT_Mo.input	Pantheon+_Data/2_CALIBRATION/SNANA_kcor/kcor_KAIT_Mo_v6_1.fits	698aa4836a917dfc1569fbccec976db44201110f	1	KAIT	KAIT4-H	BD17	COUNT	$PS1_USERS/dscolnic/Excalibur_dillon/filters/KAIT_2018	I_kait4.txt	Pantheon+_Data/2_CALIBRATION/filters/KAIT_2018/I_kait4.txt	15abcf7e5a25eff12a399998f43590a46a357138	29daef418c998fa264e2b6f4bd03dab5365f480f50a141b30849b4a6973a4be8	PUBLIC_KCOR_TEXT_AND_TRANSMISSION_ASSET_MAPPED	PUBLIC_KCOR_TEXT_AND_TRACKED_ASSET_METADATA	NOT_ESTABLISHED
6	2007qe	64	CfA3_DJ20	PS1_LOWZ_COMBINED(CFA3K)	g	43	Pantheon+_Data/2_CALIBRATION/SNANA_kcor/kcor_PS1_CFA_COMBINED.input	Pantheon+_Data/2_CALIBRATION/SNANA_kcor/kcor_PS1_CFA_COMBINED_v6_1.fits	a5403c58bf24ff2a7e6f5d7de96572784ed788d8	1	CFA3K	CFA41-B/g	BD17	COUNT	PS1/Pantheon/PS1_CFA4	cfa4_B_p1+modtran.dat	Pantheon+_Data/2_CALIBRATION/filters/PS1_CFA4/cfa4_B_p1+modtran.dat	d44226cb58b4489d6399e97ce7a3935de74fa63c	cca7349553217ed6420d7c28cc644fa45d381992215ec8625505746ee9fa446c	PUBLIC_KCOR_TEXT_AND_TRANSMISSION_ASSET_MAPPED	PUBLIC_KCOR_TEXT_AND_TRACKED_ASSET_METADATA	NOT_ESTABLISHED
6	2007qe	64	CfA3_DJ20	PS1_LOWZ_COMBINED(CFA3K)	h	24	Pantheon+_Data/2_CALIBRATION/SNANA_kcor/kcor_PS1_CFA_COMBINED.input	Pantheon+_Data/2_CALIBRATION/SNANA_kcor/kcor_PS1_CFA_COMBINED_v6_1.fits	a5403c58bf24ff2a7e6f5d7de96572784ed788d8	1	CFA3K	CFA41-V/h	BD17	COUNT	PS1/Pantheon/PS1_CFA4	cfa4_V_p1+modtran.dat	Pantheon+_Data/2_CALIBRATION/filters/PS1_CFA4/cfa4_V_p1+modtran.dat	9f4cc89d6fc142d476d9882a445f476715d9616f	351378bba990897cbccaeb80620764b6c8128a39253afc06a944139815b06a4b	PUBLIC_KCOR_TEXT_AND_TRANSMISSION_ASSET_MAPPED	PUBLIC_KCOR_TEXT_AND_TRACKED_ASSET_METADATA	NOT_ESTABLISHED
6	2007qe	64	CfA3_DJ20	PS1_LOWZ_COMBINED(CFA3K)	i	26	Pantheon+_Data/2_CALIBRATION/SNANA_kcor/kcor_PS1_CFA_COMBINED.input	Pantheon+_Data/2_CALIBRATION/SNANA_kcor/kcor_PS1_CFA_COMBINED_v6_1.fits	a5403c58bf24ff2a7e6f5d7de96572784ed788d8	1	CFA3K	CFA41-r/i	BD17	COUNT	PS1/Pantheon/PS1_CFA4	cfa4_r_p1+modtran.dat	Pantheon+_Data/2_CALIBRATION/filters/PS1_CFA4/cfa4_r_p1+modtran.dat	fd1ce7f294d15e085dfa3df747c1c2cdf4088629	741377de882b5c205f994c1b9416c9ea5fa4432bc2d7d88dd50cf5dbbe866c99	PUBLIC_KCOR_TEXT_AND_TRANSMISSION_ASSET_MAPPED	PUBLIC_KCOR_TEXT_AND_TRACKED_ASSET_METADATA	NOT_ESTABLISHED
6	2007qe	64	CfA3_DJ20	PS1_LOWZ_COMBINED(CFA3K)	j	25	Pantheon+_Data/2_CALIBRATION/SNANA_kcor/kcor_PS1_CFA_COMBINED.input	Pantheon+_Data/2_CALIBRATION/SNANA_kcor/kcor_PS1_CFA_COMBINED_v6_1.fits	a5403c58bf24ff2a7e6f5d7de96572784ed788d8	1	CFA3K	CFA41-i/j	BD17	COUNT	PS1/Pantheon/PS1_CFA4	cfa4_i_p1+modtran.dat	Pantheon+_Data/2_CALIBRATION/filters/PS1_CFA4/cfa4_i_p1+modtran.dat	d92f2ebce3a1091a4f135a5974d5339b76db2b3f	796074a658a6f17d58fd4108d84c6fc65caade1c05e578b0530fe4acbdd14f9c	PUBLIC_KCOR_TEXT_AND_TRANSMISSION_ASSET_MAPPED	PUBLIC_KCOR_TEXT_AND_TRACKED_ASSET_METADATA	NOT_ESTABLISHED
14	2007F	51	LOSS	KAIT	A	19	Pantheon+_Data/2_CALIBRATION/SNANA_kcor/kcor_KAIT_Stahl.input	Pantheon+_Data/2_CALIBRATION/SNANA_kcor/kcor_KAIT_Stahl_v6_1.fits	b959bba0fec3bf8811ecc6c8535880180734fa6c	1	KAIT	KAIT3-A	BD17	COUNT	$PS1_USERS/dscolnic/Excalibur_dillon/filters/KAIT_2018	B_kait3.txt	Pantheon+_Data/2_CALIBRATION/filters/KAIT_2018/B_kait3.txt	b8849611cb4e128e0e1d39a152af6f52db1f6822	b7432346ab3a4eeffb33c6c79348fb2c96f8bb857228a90483d74f673c82a340	PUBLIC_KCOR_TEXT_AND_TRANSMISSION_ASSET_MAPPED	PUBLIC_KCOR_TEXT_AND_TRACKED_ASSET_METADATA	NOT_ESTABLISHED
14	2007F	51	LOSS	KAIT	B	22	Pantheon+_Data/2_CALIBRATION/SNANA_kcor/kcor_KAIT_Stahl.input	Pantheon+_Data/2_CALIBRATION/SNANA_kcor/kcor_KAIT_Stahl_v6_1.fits	b959bba0fec3bf8811ecc6c8535880180734fa6c	1	KAIT	KAIT3-B	BD17	COUNT	$PS1_USERS/dscolnic/Excalibur_dillon/filters/KAIT_2018	V_kait3.txt	Pantheon+_Data/2_CALIBRATION/filters/KAIT_2018/V_kait3.txt	1e38a90fcb180bf91567db2b37184a8410b9e018	c0af1f018e3d4d3d60b48c9683827568544e84decdd158e5e2fcd17a5a014171	PUBLIC_KCOR_TEXT_AND_TRANSMISSION_ASSET_MAPPED	PUBLIC_KCOR_TEXT_AND_TRACKED_ASSET_METADATA	NOT_ESTABLISHED
14	2007F	51	LOSS	KAIT	C	23	Pantheon+_Data/2_CALIBRATION/SNANA_kcor/kcor_KAIT_Stahl.input	Pantheon+_Data/2_CALIBRATION/SNANA_kcor/kcor_KAIT_Stahl_v6_1.fits	b959bba0fec3bf8811ecc6c8535880180734fa6c	1	KAIT	KAIT3-C	BD17	COUNT	$PS1_USERS/dscolnic/Excalibur_dillon/filters/KAIT_2018	R_kait3_cut.txt	Pantheon+_Data/2_CALIBRATION/filters/KAIT_2018/R_kait3_cut.txt	dd88c35bb126f55ce3fe4dad4a6114cf9564d786	da441a4e9f0bc12c5311f8b5155fbc2ffa491b41e250cf4db780007adb46a285	PUBLIC_KCOR_TEXT_AND_TRANSMISSION_ASSET_MAPPED	PUBLIC_KCOR_TEXT_AND_TRACKED_ASSET_METADATA	NOT_ESTABLISHED
14	2007F	51	LOSS	KAIT	D	22	Pantheon+_Data/2_CALIBRATION/SNANA_kcor/kcor_KAIT_Stahl.input	Pantheon+_Data/2_CALIBRATION/SNANA_kcor/kcor_KAIT_Stahl_v6_1.fits	b959bba0fec3bf8811ecc6c8535880180734fa6c	1	KAIT	KAIT3-D	BD17	COUNT	$PS1_USERS/dscolnic/Excalibur_dillon/filters/KAIT_2018	I_kait3.txt	Pantheon+_Data/2_CALIBRATION/filters/KAIT_2018/I_kait3.txt	4349a1e9112afc412f0e2f0ae908a1a3c63d0e04	d34a4f4b2f926b95ebb866ccc126691d40880319e74446fa81864714b5c02cc0	PUBLIC_KCOR_TEXT_AND_TRANSMISSION_ASSET_MAPPED	PUBLIC_KCOR_TEXT_AND_TRACKED_ASSET_METADATA	NOT_ESTABLISHED
14	2007F	51	LOSS	KAIT	E	2	Pantheon+_Data/2_CALIBRATION/SNANA_kcor/kcor_KAIT_Stahl.input	Pantheon+_Data/2_CALIBRATION/SNANA_kcor/kcor_KAIT_Stahl_v6_1.fits	b959bba0fec3bf8811ecc6c8535880180734fa6c	1	KAIT	KAIT4-E	BD17	COUNT	$PS1_USERS/dscolnic/Excalibur_dillon/filters/KAIT_2018	B_kait4.txt	Pantheon+_Data/2_CALIBRATION/filters/KAIT_2018/B_kait4.txt	11dc6ff83540087cfc38161bb88566880bc412f7	549e056bc705797206c903422a34de5f089848074dc285326fc9bb39a7ba148e	PUBLIC_KCOR_TEXT_AND_TRANSMISSION_ASSET_MAPPED	PUBLIC_KCOR_TEXT_AND_TRACKED_ASSET_METADATA	NOT_ESTABLISHED
14	2007F	51	LOSS	KAIT	F	2	Pantheon+_Data/2_CALIBRATION/SNANA_kcor/kcor_KAIT_Stahl.input	Pantheon+_Data/2_CALIBRATION/SNANA_kcor/kcor_KAIT_Stahl_v6_1.fits	b959bba0fec3bf8811ecc6c8535880180734fa6c	1	KAIT	KAIT4-F	BD17	COUNT	$PS1_USERS/dscolnic/Excalibur_dillon/filters/KAIT_2018	V_kait4.txt	Pantheon+_Data/2_CALIBRATION/filters/KAIT_2018/V_kait4.txt	5fc9f5caf51d26764a56ab880ee09795e271b1d9	e3a6c81d258ebd8682bd836890986a48e483f802098c107d0a3ed7acbd846419	PUBLIC_KCOR_TEXT_AND_TRANSMISSION_ASSET_MAPPED	PUBLIC_KCOR_TEXT_AND_TRACKED_ASSET_METADATA	NOT_ESTABLISHED
14	2007F	51	LOSS	KAIT	G	2	Pantheon+_Data/2_CALIBRATION/SNANA_kcor/kcor_KAIT_Stahl.input	Pantheon+_Data/2_CALIBRATION/SNANA_kcor/kcor_KAIT_Stahl_v6_1.fits	b959bba0fec3bf8811ecc6c8535880180734fa6c	1	KAIT	KAIT4-G	BD17	COUNT	$PS1_USERS/dscolnic/Excalibur_dillon/filters/KAIT_2018	R_kait4.txt	Pantheon+_Data/2_CALIBRATION/filters/KAIT_2018/R_kait4.txt	fe26ce9b9c766eae0857dddd52f74c290d36e044	8d0c25563513921c557d8cc0519b9f6eb6dab1168767b4756ed58c128acbae9b	PUBLIC_KCOR_TEXT_AND_TRANSMISSION_ASSET_MAPPED	PUBLIC_KCOR_TEXT_AND_TRACKED_ASSET_METADATA	NOT_ESTABLISHED
14	2007F	51	LOSS	KAIT	H	1	Pantheon+_Data/2_CALIBRATION/SNANA_kcor/kcor_KAIT_Stahl.input	Pantheon+_Data/2_CALIBRATION/SNANA_kcor/kcor_KAIT_Stahl_v6_1.fits	b959bba0fec3bf8811ecc6c8535880180734fa6c	1	KAIT	KAIT4-H	BD17	COUNT	$PS1_USERS/dscolnic/Excalibur_dillon/filters/KAIT_2018	I_kait4.txt	Pantheon+_Data/2_CALIBRATION/filters/KAIT_2018/I_kait4.txt	15abcf7e5a25eff12a399998f43590a46a357138	29daef418c998fa264e2b6f4bd03dab5365f480f50a141b30849b4a6973a4be8	PUBLIC_KCOR_TEXT_AND_TRANSMISSION_ASSET_MAPPED	PUBLIC_KCOR_TEXT_AND_TRACKED_ASSET_METADATA	NOT_ESTABLISHED
14	2007F	51	LOSS	KAIT	I	1	Pantheon+_Data/2_CALIBRATION/SNANA_kcor/kcor_KAIT_Stahl.input	Pantheon+_Data/2_CALIBRATION/SNANA_kcor/kcor_KAIT_Stahl_v6_1.fits	b959bba0fec3bf8811ecc6c8535880180734fa6c	1	KAIT	nickel1-I	BD17	COUNT	$PS1_USERS/dscolnic/Excalibur_dillon/filters/KAIT_2018	B_nickel1.txt	Pantheon+_Data/2_CALIBRATION/filters/KAIT_2018/B_nickel1.txt	2c67d9e41e826ea4bfd9b66f2f05d2b855f656f2	f365c798b5c719ed4dee3d4e3a44bd9dfc8d12a8ff1c0fa33e95c08cad94f5c7	PUBLIC_KCOR_TEXT_AND_TRANSMISSION_ASSET_MAPPED	PUBLIC_KCOR_TEXT_AND_TRACKED_ASSET_METADATA	NOT_ESTABLISHED
14	2007F	51	LOSS	KAIT	J	3	Pantheon+_Data/2_CALIBRATION/SNANA_kcor/kcor_KAIT_Stahl.input	Pantheon+_Data/2_CALIBRATION/SNANA_kcor/kcor_KAIT_Stahl_v6_1.fits	b959bba0fec3bf8811ecc6c8535880180734fa6c	1	KAIT	nickel1-J	BD17	COUNT	$PS1_USERS/dscolnic/Excalibur_dillon/filters/KAIT_2018	V_nickel1.txt	Pantheon+_Data/2_CALIBRATION/filters/KAIT_2018/V_nickel1.txt	fdb56d8b7ec3b17e41a3ec054ce6c0d687fa7440	926c164bfd229ce88887788c129647be77f475bff340a77b673b5550f611f5e9	PUBLIC_KCOR_TEXT_AND_TRANSMISSION_ASSET_MAPPED	PUBLIC_KCOR_TEXT_AND_TRACKED_ASSET_METADATA	NOT_ESTABLISHED
14	2007F	51	LOSS	KAIT	K	1	Pantheon+_Data/2_CALIBRATION/SNANA_kcor/kcor_KAIT_Stahl.input	Pantheon+_Data/2_CALIBRATION/SNANA_kcor/kcor_KAIT_Stahl_v6_1.fits	b959bba0fec3bf8811ecc6c8535880180734fa6c	1	KAIT	nickel1-K	BD17	COUNT	$PS1_USERS/dscolnic/Excalibur_dillon/filters/KAIT_2018	R_nickel1.txt	Pantheon+_Data/2_CALIBRATION/filters/KAIT_2018/R_nickel1.txt	af7b347fb460f0943c0c8ce159e5271061a22c5d	2a1e23e610f27ef9f4abc4301d1cfc9ad793a4e7ecc967667ea80603b0742dc1	PUBLIC_KCOR_TEXT_AND_TRANSMISSION_ASSET_MAPPED	PUBLIC_KCOR_TEXT_AND_TRACKED_ASSET_METADATA	NOT_ESTABLISHED
14	2007F	51	LOSS	KAIT	L	2	Pantheon+_Data/2_CALIBRATION/SNANA_kcor/kcor_KAIT_Stahl.input	Pantheon+_Data/2_CALIBRATION/SNANA_kcor/kcor_KAIT_Stahl_v6_1.fits	b959bba0fec3bf8811ecc6c8535880180734fa6c	1	KAIT	nickel1-L	BD17	COUNT	$PS1_USERS/dscolnic/Excalibur_dillon/filters/KAIT_2018	I_nickel1.txt	Pantheon+_Data/2_CALIBRATION/filters/KAIT_2018/I_nickel1.txt	d0b1006f2472fbb5b1048cdc29feec28062e2667	126bb7cbd41ec506d477630b20cad6ec26ff59f6e583c2f54cb32f13133d8469	PUBLIC_KCOR_TEXT_AND_TRANSMISSION_ASSET_MAPPED	PUBLIC_KCOR_TEXT_AND_TRACKED_ASSET_METADATA	NOT_ESTABLISHED
15	2007F	64	CfA3_DJ20	PS1_LOWZ_COMBINED(CFA3K)	g	27	Pantheon+_Data/2_CALIBRATION/SNANA_kcor/kcor_PS1_CFA_COMBINED.input	Pantheon+_Data/2_CALIBRATION/SNANA_kcor/kcor_PS1_CFA_COMBINED_v6_1.fits	a5403c58bf24ff2a7e6f5d7de96572784ed788d8	1	CFA3K	CFA41-B/g	BD17	COUNT	PS1/Pantheon/PS1_CFA4	cfa4_B_p1+modtran.dat	Pantheon+_Data/2_CALIBRATION/filters/PS1_CFA4/cfa4_B_p1+modtran.dat	d44226cb58b4489d6399e97ce7a3935de74fa63c	cca7349553217ed6420d7c28cc644fa45d381992215ec8625505746ee9fa446c	PUBLIC_KCOR_TEXT_AND_TRANSMISSION_ASSET_MAPPED	PUBLIC_KCOR_TEXT_AND_TRACKED_ASSET_METADATA	NOT_ESTABLISHED
15	2007F	64	CfA3_DJ20	PS1_LOWZ_COMBINED(CFA3K)	h	32	Pantheon+_Data/2_CALIBRATION/SNANA_kcor/kcor_PS1_CFA_COMBINED.input	Pantheon+_Data/2_CALIBRATION/SNANA_kcor/kcor_PS1_CFA_COMBINED_v6_1.fits	a5403c58bf24ff2a7e6f5d7de96572784ed788d8	1	CFA3K	CFA41-V/h	BD17	COUNT	PS1/Pantheon/PS1_CFA4	cfa4_V_p1+modtran.dat	Pantheon+_Data/2_CALIBRATION/filters/PS1_CFA4/cfa4_V_p1+modtran.dat	9f4cc89d6fc142d476d9882a445f476715d9616f	351378bba990897cbccaeb80620764b6c8128a39253afc06a944139815b06a4b	PUBLIC_KCOR_TEXT_AND_TRANSMISSION_ASSET_MAPPED	PUBLIC_KCOR_TEXT_AND_TRACKED_ASSET_METADATA	NOT_ESTABLISHED
15	2007F	64	CfA3_DJ20	PS1_LOWZ_COMBINED(CFA3K)	i	34	Pantheon+_Data/2_CALIBRATION/SNANA_kcor/kcor_PS1_CFA_COMBINED.input	Pantheon+_Data/2_CALIBRATION/SNANA_kcor/kcor_PS1_CFA_COMBINED_v6_1.fits	a5403c58bf24ff2a7e6f5d7de96572784ed788d8	1	CFA3K	CFA41-r/i	BD17	COUNT	PS1/Pantheon/PS1_CFA4	cfa4_r_p1+modtran.dat	Pantheon+_Data/2_CALIBRATION/filters/PS1_CFA4/cfa4_r_p1+modtran.dat	fd1ce7f294d15e085dfa3df747c1c2cdf4088629	741377de882b5c205f994c1b9416c9ea5fa4432bc2d7d88dd50cf5dbbe866c99	PUBLIC_KCOR_TEXT_AND_TRANSMISSION_ASSET_MAPPED	PUBLIC_KCOR_TEXT_AND_TRACKED_ASSET_METADATA	NOT_ESTABLISHED
15	2007F	64	CfA3_DJ20	PS1_LOWZ_COMBINED(CFA3K)	j	34	Pantheon+_Data/2_CALIBRATION/SNANA_kcor/kcor_PS1_CFA_COMBINED.input	Pantheon+_Data/2_CALIBRATION/SNANA_kcor/kcor_PS1_CFA_COMBINED_v6_1.fits	a5403c58bf24ff2a7e6f5d7de96572784ed788d8	1	CFA3K	CFA41-i/j	BD17	COUNT	PS1/Pantheon/PS1_CFA4	cfa4_i_p1+modtran.dat	Pantheon+_Data/2_CALIBRATION/filters/PS1_CFA4/cfa4_i_p1+modtran.dat	d92f2ebce3a1091a4f135a5974d5339b76db2b3f	796074a658a6f17d58fd4108d84c6fc65caade1c05e578b0530fe4acbdd14f9c	PUBLIC_KCOR_TEXT_AND_TRANSMISSION_ASSET_MAPPED	PUBLIC_KCOR_TEXT_AND_TRACKED_ASSET_METADATA	NOT_ESTABLISHED
16	2006ac	57	KAIT_DS15	KAITM	A	8	Pantheon+_Data/2_CALIBRATION/SNANA_kcor/kcor_KAIT_Mo.input	Pantheon+_Data/2_CALIBRATION/SNANA_kcor/kcor_KAIT_Mo_v6_1.fits	698aa4836a917dfc1569fbccec976db44201110f	1	KAIT	KAIT3-A	BD17	COUNT	$PS1_USERS/dscolnic/Excalibur_dillon/filters/KAIT_2018	B_kait3.txt	Pantheon+_Data/2_CALIBRATION/filters/KAIT_2018/B_kait3.txt	b8849611cb4e128e0e1d39a152af6f52db1f6822	b7432346ab3a4eeffb33c6c79348fb2c96f8bb857228a90483d74f673c82a340	PUBLIC_KCOR_TEXT_AND_TRANSMISSION_ASSET_MAPPED	PUBLIC_KCOR_TEXT_AND_TRACKED_ASSET_METADATA	NOT_ESTABLISHED
16	2006ac	57	KAIT_DS15	KAITM	B	8	Pantheon+_Data/2_CALIBRATION/SNANA_kcor/kcor_KAIT_Mo.input	Pantheon+_Data/2_CALIBRATION/SNANA_kcor/kcor_KAIT_Mo_v6_1.fits	698aa4836a917dfc1569fbccec976db44201110f	1	KAIT	KAIT3-B	BD17	COUNT	$PS1_USERS/dscolnic/Excalibur_dillon/filters/KAIT_2018	V_kait3.txt	Pantheon+_Data/2_CALIBRATION/filters/KAIT_2018/V_kait3.txt	1e38a90fcb180bf91567db2b37184a8410b9e018	c0af1f018e3d4d3d60b48c9683827568544e84decdd158e5e2fcd17a5a014171	PUBLIC_KCOR_TEXT_AND_TRANSMISSION_ASSET_MAPPED	PUBLIC_KCOR_TEXT_AND_TRACKED_ASSET_METADATA	NOT_ESTABLISHED
16	2006ac	57	KAIT_DS15	KAITM	C	8	Pantheon+_Data/2_CALIBRATION/SNANA_kcor/kcor_KAIT_Mo.input	Pantheon+_Data/2_CALIBRATION/SNANA_kcor/kcor_KAIT_Mo_v6_1.fits	698aa4836a917dfc1569fbccec976db44201110f	1	KAIT	KAIT3-C	BD17	COUNT	$PS1_USERS/dscolnic/Excalibur_dillon/filters/KAIT_2018	R_kait3_cut.txt	Pantheon+_Data/2_CALIBRATION/filters/KAIT_2018/R_kait3_cut.txt	dd88c35bb126f55ce3fe4dad4a6114cf9564d786	da441a4e9f0bc12c5311f8b5155fbc2ffa491b41e250cf4db780007adb46a285	PUBLIC_KCOR_TEXT_AND_TRANSMISSION_ASSET_MAPPED	PUBLIC_KCOR_TEXT_AND_TRACKED_ASSET_METADATA	NOT_ESTABLISHED
16	2006ac	57	KAIT_DS15	KAITM	D	7	Pantheon+_Data/2_CALIBRATION/SNANA_kcor/kcor_KAIT_Mo.input	Pantheon+_Data/2_CALIBRATION/SNANA_kcor/kcor_KAIT_Mo_v6_1.fits	698aa4836a917dfc1569fbccec976db44201110f	1	KAIT	KAIT3-D	BD17	COUNT	$PS1_USERS/dscolnic/Excalibur_dillon/filters/KAIT_2018	I_kait3.txt	Pantheon+_Data/2_CALIBRATION/filters/KAIT_2018/I_kait3.txt	4349a1e9112afc412f0e2f0ae908a1a3c63d0e04	d34a4f4b2f926b95ebb866ccc126691d40880319e74446fa81864714b5c02cc0	PUBLIC_KCOR_TEXT_AND_TRANSMISSION_ASSET_MAPPED	PUBLIC_KCOR_TEXT_AND_TRACKED_ASSET_METADATA	NOT_ESTABLISHED
17	2006ac	64	CfA3_DJ20	PS1_LOWZ_COMBINED(CFA3K)	f	27	Pantheon+_Data/2_CALIBRATION/SNANA_kcor/kcor_PS1_CFA_COMBINED.input	Pantheon+_Data/2_CALIBRATION/SNANA_kcor/kcor_PS1_CFA_COMBINED_v6_1.fits	a5403c58bf24ff2a7e6f5d7de96572784ed788d8	1	CFA3K	CFA41-U/f	BD17	COUNT	PS1/Pantheon/PS1_CFA4	cfa4_U_p1.dat	Pantheon+_Data/2_CALIBRATION/filters/PS1_CFA4/cfa4_U_p1.dat	80b7b875704d4b114c8446f8d9d7f57329c6cd03	00bbc2356c755f8315eb3dff3143576ed56ad2f18ea8870b4ea27e4a6984ee7b	PUBLIC_KCOR_TEXT_AND_TRANSMISSION_ASSET_MAPPED	PUBLIC_KCOR_TEXT_AND_TRACKED_ASSET_METADATA	NOT_ESTABLISHED
17	2006ac	64	CfA3_DJ20	PS1_LOWZ_COMBINED(CFA3K)	g	23	Pantheon+_Data/2_CALIBRATION/SNANA_kcor/kcor_PS1_CFA_COMBINED.input	Pantheon+_Data/2_CALIBRATION/SNANA_kcor/kcor_PS1_CFA_COMBINED_v6_1.fits	a5403c58bf24ff2a7e6f5d7de96572784ed788d8	1	CFA3K	CFA41-B/g	BD17	COUNT	PS1/Pantheon/PS1_CFA4	cfa4_B_p1+modtran.dat	Pantheon+_Data/2_CALIBRATION/filters/PS1_CFA4/cfa4_B_p1+modtran.dat	d44226cb58b4489d6399e97ce7a3935de74fa63c	cca7349553217ed6420d7c28cc644fa45d381992215ec8625505746ee9fa446c	PUBLIC_KCOR_TEXT_AND_TRANSMISSION_ASSET_MAPPED	PUBLIC_KCOR_TEXT_AND_TRACKED_ASSET_METADATA	NOT_ESTABLISHED
17	2006ac	64	CfA3_DJ20	PS1_LOWZ_COMBINED(CFA3K)	h	30	Pantheon+_Data/2_CALIBRATION/SNANA_kcor/kcor_PS1_CFA_COMBINED.input	Pantheon+_Data/2_CALIBRATION/SNANA_kcor/kcor_PS1_CFA_COMBINED_v6_1.fits	a5403c58bf24ff2a7e6f5d7de96572784ed788d8	1	CFA3K	CFA41-V/h	BD17	COUNT	PS1/Pantheon/PS1_CFA4	cfa4_V_p1+modtran.dat	Pantheon+_Data/2_CALIBRATION/filters/PS1_CFA4/cfa4_V_p1+modtran.dat	9f4cc89d6fc142d476d9882a445f476715d9616f	351378bba990897cbccaeb80620764b6c8128a39253afc06a944139815b06a4b	PUBLIC_KCOR_TEXT_AND_TRANSMISSION_ASSET_MAPPED	PUBLIC_KCOR_TEXT_AND_TRACKED_ASSET_METADATA	NOT_ESTABLISHED
17	2006ac	64	CfA3_DJ20	PS1_LOWZ_COMBINED(CFA3K)	i	33	Pantheon+_Data/2_CALIBRATION/SNANA_kcor/kcor_PS1_CFA_COMBINED.input	Pantheon+_Data/2_CALIBRATION/SNANA_kcor/kcor_PS1_CFA_COMBINED_v6_1.fits	a5403c58bf24ff2a7e6f5d7de96572784ed788d8	1	CFA3K	CFA41-r/i	BD17	COUNT	PS1/Pantheon/PS1_CFA4	cfa4_r_p1+modtran.dat	Pantheon+_Data/2_CALIBRATION/filters/PS1_CFA4/cfa4_r_p1+modtran.dat	fd1ce7f294d15e085dfa3df747c1c2cdf4088629	741377de882b5c205f994c1b9416c9ea5fa4432bc2d7d88dd50cf5dbbe866c99	PUBLIC_KCOR_TEXT_AND_TRANSMISSION_ASSET_MAPPED	PUBLIC_KCOR_TEXT_AND_TRACKED_ASSET_METADATA	NOT_ESTABLISHED
17	2006ac	64	CfA3_DJ20	PS1_LOWZ_COMBINED(CFA3K)	j	32	Pantheon+_Data/2_CALIBRATION/SNANA_kcor/kcor_PS1_CFA_COMBINED.input	Pantheon+_Data/2_CALIBRATION/SNANA_kcor/kcor_PS1_CFA_COMBINED_v6_1.fits	a5403c58bf24ff2a7e6f5d7de96572784ed788d8	1	CFA3K	CFA41-i/j	BD17	COUNT	PS1/Pantheon/PS1_CFA4	cfa4_i_p1+modtran.dat	Pantheon+_Data/2_CALIBRATION/filters/PS1_CFA4/cfa4_i_p1+modtran.dat	d92f2ebce3a1091a4f135a5974d5339b76db2b3f	796074a658a6f17d58fd4108d84c6fc65caade1c05e578b0530fe4acbdd14f9c	PUBLIC_KCOR_TEXT_AND_TRANSMISSION_ASSET_MAPPED	PUBLIC_KCOR_TEXT_AND_TRACKED_ASSET_METADATA	NOT_ESTABLISHED
20	2009D	5	CSPDR3_anthony	CSP	B	21	Pantheon+_Data/2_CALIBRATION/SNANA_kcor/kcor_CSPDR3.input	Pantheon+_Data/2_CALIBRATION/SNANA_kcor/kcor_CSPDR3_v6_1.fits	53c8a34af63d0d34fb513767abb2fdd852c26bff	1	CSP	CSP-B	BD17	COUNT	$SNDATA_ROOT/filters/CSP/CSP_TAMU_20180316	B_tel_ccd_atm_ext_1.2.dat	Pantheon+_Data/2_CALIBRATION/filters/CSP_TAMU_20180316/B_tel_ccd_atm_ext_1.2.dat	ed16304ca664fa79abd264a9a8df8794eedb9bb5	df6b951c5ed536c3afb7978185e2b84d68122c4a404efe1df842f3da0e1bef7c	PUBLIC_KCOR_TEXT_AND_TRANSMISSION_ASSET_MAPPED	PUBLIC_KCOR_TEXT_AND_TRACKED_ASSET_METADATA	NOT_ESTABLISHED
20	2009D	5	CSPDR3_anthony	CSP	H	14	Pantheon+_Data/2_CALIBRATION/SNANA_kcor/kcor_CSPDR3.input	Pantheon+_Data/2_CALIBRATION/SNANA_kcor/kcor_CSPDR3_v6_1.fits	53c8a34af63d0d34fb513767abb2fdd852c26bff	1	CSP	CSP-H	BD17	COUNT	$SNDATA_ROOT/filters/CSP/CSP_TAMU_20180316	H_SWO_TAM_scan_atm.dat	Pantheon+_Data/2_CALIBRATION/filters/CSP_TAMU_20180316/H_SWO_TAM_scan_atm.dat	80f88d19c64aa6896007664497b5696f34a37542	03c70045453ef3990d19ecf4e77298698ad26259fe556bd6a7b96f01bfb32d20	PUBLIC_KCOR_TEXT_AND_TRANSMISSION_ASSET_MAPPED	PUBLIC_KCOR_TEXT_AND_TRACKED_ASSET_METADATA	NOT_ESTABLISHED
20	2009D	5	CSPDR3_anthony	CSP	J	6	Pantheon+_Data/2_CALIBRATION/SNANA_kcor/kcor_CSPDR3.input	Pantheon+_Data/2_CALIBRATION/SNANA_kcor/kcor_CSPDR3_v6_1.fits	53c8a34af63d0d34fb513767abb2fdd852c26bff	1	CSP	CSP-J	BD17	COUNT	$SNDATA_ROOT/filters/CSP/CSP_TAMU_20180316	Jrc1_SWO_TAM_scan_atm.dat	Pantheon+_Data/2_CALIBRATION/filters/CSP_TAMU_20180316/Jrc1_SWO_TAM_scan_atm.dat	d324d6b806211446ce1dbe3483067dfff78a2dfb	3939c6b4c446c675afb69c561f5875350bc51895e632cd7a206d29f02b5c53ab	PUBLIC_KCOR_TEXT_AND_TRANSMISSION_ASSET_MAPPED	PUBLIC_KCOR_TEXT_AND_TRACKED_ASSET_METADATA	NOT_ESTABLISHED
20	2009D	5	CSPDR3_anthony	CSP	Y	13	Pantheon+_Data/2_CALIBRATION/SNANA_kcor/kcor_CSPDR3.input	Pantheon+_Data/2_CALIBRATION/SNANA_kcor/kcor_CSPDR3_v6_1.fits	53c8a34af63d0d34fb513767abb2fdd852c26bff	1	CSP	CSP-Y	BD17	COUNT	$SNDATA_ROOT/filters/CSP/CSP_TAMU_20180316	Y_SWO_TAM_scan_atm.dat	Pantheon+_Data/2_CALIBRATION/filters/CSP_TAMU_20180316/Y_SWO_TAM_scan_atm.dat	02e4c0d6dea47ab2bdc195a3aedb5c4d81980939	caa1c6aa2696af7b3567e68101194bf35e08d856b1ec57f58cabce67a91547b4	PUBLIC_KCOR_TEXT_AND_TRANSMISSION_ASSET_MAPPED	PUBLIC_KCOR_TEXT_AND_TRACKED_ASSET_METADATA	NOT_ESTABLISHED
20	2009D	5	CSPDR3_anthony	CSP	g	21	Pantheon+_Data/2_CALIBRATION/SNANA_kcor/kcor_CSPDR3.input	Pantheon+_Data/2_CALIBRATION/SNANA_kcor/kcor_CSPDR3_v6_1.fits	53c8a34af63d0d34fb513767abb2fdd852c26bff	1	CSP	CSP-g	BD17	COUNT	$SNDATA_ROOT/filters/CSP/CSP_TAMU_20180316	g_tel_ccd_atm_ext_1.2.dat	Pantheon+_Data/2_CALIBRATION/filters/CSP_TAMU_20180316/g_tel_ccd_atm_ext_1.2.dat	d7f525225664050f595970d51755d597899f9d38	e2fb29cced302fb7e19b96f780ea9752835967a9208e5441e3936318e31645d5	PUBLIC_KCOR_TEXT_AND_TRANSMISSION_ASSET_MAPPED	PUBLIC_KCOR_TEXT_AND_TRACKED_ASSET_METADATA	NOT_ESTABLISHED
20	2009D	5	CSPDR3_anthony	CSP	i	21	Pantheon+_Data/2_CALIBRATION/SNANA_kcor/kcor_CSPDR3.input	Pantheon+_Data/2_CALIBRATION/SNANA_kcor/kcor_CSPDR3_v6_1.fits	53c8a34af63d0d34fb513767abb2fdd852c26bff	1	CSP	CSP-i	BD17	COUNT	$SNDATA_ROOT/filters/CSP/CSP_TAMU_20180316	i_tel_ccd_atm_ext_1.2.dat	Pantheon+_Data/2_CALIBRATION/filters/CSP_TAMU_20180316/i_tel_ccd_atm_ext_1.2.dat	510329b2cae3a935c3dee7e5c34ef62a5d82f1ea	abdd2b0657023e0b1fc3828dbdda1ed4d0ab6ecaaa6428686d415f875876b01c	PUBLIC_KCOR_TEXT_AND_TRANSMISSION_ASSET_MAPPED	PUBLIC_KCOR_TEXT_AND_TRACKED_ASSET_METADATA	NOT_ESTABLISHED
20	2009D	5	CSPDR3_anthony	CSP	j	12	Pantheon+_Data/2_CALIBRATION/SNANA_kcor/kcor_CSPDR3.input	Pantheon+_Data/2_CALIBRATION/SNANA_kcor/kcor_CSPDR3_v6_1.fits	53c8a34af63d0d34fb513767abb2fdd852c26bff	1	CSP	CSP-j	BD17	COUNT	$SNDATA_ROOT/filters/CSP/CSP_TAMU_20180316	Jrc2_SWO_TAM_scan_atm.dat	Pantheon+_Data/2_CALIBRATION/filters/CSP_TAMU_20180316/Jrc2_SWO_TAM_scan_atm.dat	ab185dde790cb3e9cda01c0d4027447ab9a34e93	a2769e3129803a478c90b8a3a1eb1e3e6d637fcce5ec607828a126d17c167264	PUBLIC_KCOR_TEXT_AND_TRANSMISSION_ASSET_MAPPED	PUBLIC_KCOR_TEXT_AND_TRACKED_ASSET_METADATA	NOT_ESTABLISHED
20	2009D	5	CSPDR3_anthony	CSP	n	21	Pantheon+_Data/2_CALIBRATION/SNANA_kcor/kcor_CSPDR3.input	Pantheon+_Data/2_CALIBRATION/SNANA_kcor/kcor_CSPDR3_v6_1.fits	53c8a34af63d0d34fb513767abb2fdd852c26bff	1	CSP	CSP-n	BD17	COUNT	$SNDATA_ROOT/filters/CSP/CSP_TAMU_20180316	V_LC9844_tel_ccd_atm_ext_1.2.dat	Pantheon+_Data/2_CALIBRATION/filters/CSP_TAMU_20180316/V_LC9844_tel_ccd_atm_ext_1.2.dat	6541ce8a5f2c14e332f95cba469435f1c8a8fd3c	a26438b594e812b365d2c5b55035ff60cadbe2db4021b3ff9a61cf4c9bf3fe49	PUBLIC_KCOR_TEXT_AND_TRANSMISSION_ASSET_MAPPED	PUBLIC_KCOR_TEXT_AND_TRACKED_ASSET_METADATA	NOT_ESTABLISHED
20	2009D	5	CSPDR3_anthony	CSP	r	21	Pantheon+_Data/2_CALIBRATION/SNANA_kcor/kcor_CSPDR3.input	Pantheon+_Data/2_CALIBRATION/SNANA_kcor/kcor_CSPDR3_v6_1.fits	53c8a34af63d0d34fb513767abb2fdd852c26bff	1	CSP	CSP-r	BD17	COUNT	$SNDATA_ROOT/filters/CSP/CSP_TAMU_20180316	r_tel_ccd_atm_ext_1.2.dat	Pantheon+_Data/2_CALIBRATION/filters/CSP_TAMU_20180316/r_tel_ccd_atm_ext_1.2.dat	6ca739a4a935e052ce6ae4a96663feeac8250a26	cead2f587b2ff14c0fcd31175ec6b73a477d2ff9767821a02d649167139ae1fd	PUBLIC_KCOR_TEXT_AND_TRANSMISSION_ASSET_MAPPED	PUBLIC_KCOR_TEXT_AND_TRACKED_ASSET_METADATA	NOT_ESTABLISHED
20	2009D	5	CSPDR3_anthony	CSP	u	20	Pantheon+_Data/2_CALIBRATION/SNANA_kcor/kcor_CSPDR3.input	Pantheon+_Data/2_CALIBRATION/SNANA_kcor/kcor_CSPDR3_v6_1.fits	53c8a34af63d0d34fb513767abb2fdd852c26bff	1	CSP	CSP-u	BD17	COUNT	$SNDATA_ROOT/filters/CSP/CSP_TAMU_20180316	u_tel_ccd_atm_ext_1.2.dat	Pantheon+_Data/2_CALIBRATION/filters/CSP_TAMU_20180316/u_tel_ccd_atm_ext_1.2.dat	9f04c0c265228b8285f1af1686dd77096f2059f0	715cfb4eea7a74abbf7d6365f29a551a0ca9a16dd21d8f32af904d4b580f8790	PUBLIC_KCOR_TEXT_AND_TRANSMISSION_ASSET_MAPPED	PUBLIC_KCOR_TEXT_AND_TRACKED_ASSET_METADATA	NOT_ESTABLISHED
20	2009D	5	CSPDR3_anthony	CSP	y	6	Pantheon+_Data/2_CALIBRATION/SNANA_kcor/kcor_CSPDR3.input	Pantheon+_Data/2_CALIBRATION/SNANA_kcor/kcor_CSPDR3_v6_1.fits	53c8a34af63d0d34fb513767abb2fdd852c26bff	1	CSP	CSP-y	BD17	COUNT	$SNDATA_ROOT/filters/CSP/CSP_TAMU_20180316	Y_DUP_TAM_scan_atm.dat	Pantheon+_Data/2_CALIBRATION/filters/CSP_TAMU_20180316/Y_DUP_TAM_scan_atm.dat	7261bed97f866ab6093ba12d1069faf05c5d6d6e	478e4ebb2ef4eb838b2d872ddc72c16d66aab72a6ffb040a68775fab50ff3af6	PUBLIC_KCOR_TEXT_AND_TRANSMISSION_ASSET_MAPPED	PUBLIC_KCOR_TEXT_AND_TRACKED_ASSET_METADATA	NOT_ESTABLISHED
21	2009D	51	LOSS	KAIT	I	1	Pantheon+_Data/2_CALIBRATION/SNANA_kcor/kcor_KAIT_Stahl.input	Pantheon+_Data/2_CALIBRATION/SNANA_kcor/kcor_KAIT_Stahl_v6_1.fits	b959bba0fec3bf8811ecc6c8535880180734fa6c	1	KAIT	nickel1-I	BD17	COUNT	$PS1_USERS/dscolnic/Excalibur_dillon/filters/KAIT_2018	B_nickel1.txt	Pantheon+_Data/2_CALIBRATION/filters/KAIT_2018/B_nickel1.txt	2c67d9e41e826ea4bfd9b66f2f05d2b855f656f2	f365c798b5c719ed4dee3d4e3a44bd9dfc8d12a8ff1c0fa33e95c08cad94f5c7	PUBLIC_KCOR_TEXT_AND_TRANSMISSION_ASSET_MAPPED	PUBLIC_KCOR_TEXT_AND_TRACKED_ASSET_METADATA	NOT_ESTABLISHED
21	2009D	51	LOSS	KAIT	J	1	Pantheon+_Data/2_CALIBRATION/SNANA_kcor/kcor_KAIT_Stahl.input	Pantheon+_Data/2_CALIBRATION/SNANA_kcor/kcor_KAIT_Stahl_v6_1.fits	b959bba0fec3bf8811ecc6c8535880180734fa6c	1	KAIT	nickel1-J	BD17	COUNT	$PS1_USERS/dscolnic/Excalibur_dillon/filters/KAIT_2018	V_nickel1.txt	Pantheon+_Data/2_CALIBRATION/filters/KAIT_2018/V_nickel1.txt	fdb56d8b7ec3b17e41a3ec054ce6c0d687fa7440	926c164bfd229ce88887788c129647be77f475bff340a77b673b5550f611f5e9	PUBLIC_KCOR_TEXT_AND_TRANSMISSION_ASSET_MAPPED	PUBLIC_KCOR_TEXT_AND_TRACKED_ASSET_METADATA	NOT_ESTABLISHED
21	2009D	51	LOSS	KAIT	K	1	Pantheon+_Data/2_CALIBRATION/SNANA_kcor/kcor_KAIT_Stahl.input	Pantheon+_Data/2_CALIBRATION/SNANA_kcor/kcor_KAIT_Stahl_v6_1.fits	b959bba0fec3bf8811ecc6c8535880180734fa6c	1	KAIT	nickel1-K	BD17	COUNT	$PS1_USERS/dscolnic/Excalibur_dillon/filters/KAIT_2018	R_nickel1.txt	Pantheon+_Data/2_CALIBRATION/filters/KAIT_2018/R_nickel1.txt	af7b347fb460f0943c0c8ce159e5271061a22c5d	2a1e23e610f27ef9f4abc4301d1cfc9ad793a4e7ecc967667ea80603b0742dc1	PUBLIC_KCOR_TEXT_AND_TRANSMISSION_ASSET_MAPPED	PUBLIC_KCOR_TEXT_AND_TRACKED_ASSET_METADATA	NOT_ESTABLISHED
21	2009D	51	LOSS	KAIT	L	1	Pantheon+_Data/2_CALIBRATION/SNANA_kcor/kcor_KAIT_Stahl.input	Pantheon+_Data/2_CALIBRATION/SNANA_kcor/kcor_KAIT_Stahl_v6_1.fits	b959bba0fec3bf8811ecc6c8535880180734fa6c	1	KAIT	nickel1-L	BD17	COUNT	$PS1_USERS/dscolnic/Excalibur_dillon/filters/KAIT_2018	I_nickel1.txt	Pantheon+_Data/2_CALIBRATION/filters/KAIT_2018/I_nickel1.txt	d0b1006f2472fbb5b1048cdc29feec28062e2667	126bb7cbd41ec506d477630b20cad6ec26ff59f6e583c2f54cb32f13133d8469	PUBLIC_KCOR_TEXT_AND_TRANSMISSION_ASSET_MAPPED	PUBLIC_KCOR_TEXT_AND_TRACKED_ASSET_METADATA	NOT_ESTABLISHED
21	2009D	51	LOSS	KAIT	M	1	Pantheon+_Data/2_CALIBRATION/SNANA_kcor/kcor_KAIT_Stahl.input	Pantheon+_Data/2_CALIBRATION/SNANA_kcor/kcor_KAIT_Stahl_v6_1.fits	b959bba0fec3bf8811ecc6c8535880180734fa6c	1	KAIT	nickel2-M	BD17	COUNT	$PS1_USERS/dscolnic/Excalibur_dillon/filters/KAIT_2018	B_nickel2.txt	Pantheon+_Data/2_CALIBRATION/filters/KAIT_2018/B_nickel2.txt	20c9debeb92eff692c080050987e96ace527304e	f31ced2a4b692ca26b4e74d715cf406707288219248602472206822c92ecd174	PUBLIC_KCOR_TEXT_AND_TRANSMISSION_ASSET_MAPPED	PUBLIC_KCOR_TEXT_AND_TRACKED_ASSET_METADATA	NOT_ESTABLISHED
21	2009D	51	LOSS	KAIT	N	2	Pantheon+_Data/2_CALIBRATION/SNANA_kcor/kcor_KAIT_Stahl.input	Pantheon+_Data/2_CALIBRATION/SNANA_kcor/kcor_KAIT_Stahl_v6_1.fits	b959bba0fec3bf8811ecc6c8535880180734fa6c	1	KAIT	nickel2-N	BD17	COUNT	$PS1_USERS/dscolnic/Excalibur_dillon/filters/KAIT_2018	V_nickel2.txt	Pantheon+_Data/2_CALIBRATION/filters/KAIT_2018/V_nickel2.txt	5c20ae1acde29f444c19dc7dead32c8d335ba306	80dc5ca1f182a6704405deace63bda927e2045d1a8b3a9c72447d577e302f2c2	PUBLIC_KCOR_TEXT_AND_TRANSMISSION_ASSET_MAPPED	PUBLIC_KCOR_TEXT_AND_TRACKED_ASSET_METADATA	NOT_ESTABLISHED
21	2009D	51	LOSS	KAIT	O	2	Pantheon+_Data/2_CALIBRATION/SNANA_kcor/kcor_KAIT_Stahl.input	Pantheon+_Data/2_CALIBRATION/SNANA_kcor/kcor_KAIT_Stahl_v6_1.fits	b959bba0fec3bf8811ecc6c8535880180734fa6c	1	KAIT	nickel2-O	BD17	COUNT	$PS1_USERS/dscolnic/Excalibur_dillon/filters/KAIT_2018	R_nickel2.txt	Pantheon+_Data/2_CALIBRATION/filters/KAIT_2018/R_nickel2.txt	0590ad338e06ce7df0487853ff78650ec2aa77e0	2553887b4cfceb552498a951f9b4a98505d644ffc84d6c4d4c864f3d30765cfc	PUBLIC_KCOR_TEXT_AND_TRANSMISSION_ASSET_MAPPED	PUBLIC_KCOR_TEXT_AND_TRACKED_ASSET_METADATA	NOT_ESTABLISHED
21	2009D	51	LOSS	KAIT	P	2	Pantheon+_Data/2_CALIBRATION/SNANA_kcor/kcor_KAIT_Stahl.input	Pantheon+_Data/2_CALIBRATION/SNANA_kcor/kcor_KAIT_Stahl_v6_1.fits	b959bba0fec3bf8811ecc6c8535880180734fa6c	1	KAIT	nickel2-P	BD17	COUNT	$PS1_USERS/dscolnic/Excalibur_dillon/filters/KAIT_2018	I_nickel2.txt	Pantheon+_Data/2_CALIBRATION/filters/KAIT_2018/I_nickel2.txt	056a062414b6da9a77cdaa661cbbde91978fa5e6	98038de424c8f95c7c611bc8033e10942b1e4999886519fd9f35765ba49ad9c5	PUBLIC_KCOR_TEXT_AND_TRANSMISSION_ASSET_MAPPED	PUBLIC_KCOR_TEXT_AND_TRACKED_ASSET_METADATA	NOT_ESTABLISHED
22	2009D	65	PS1_LOWZ_COMBINED_TEXT_DS17	PS1_LOWZ_COMBINED(CFA4p1)	l	15	Pantheon+_Data/2_CALIBRATION/SNANA_kcor/kcor_PS1_CFA_COMBINED.input	Pantheon+_Data/2_CALIBRATION/SNANA_kcor/kcor_PS1_CFA_COMBINED_v6_1.fits	a5403c58bf24ff2a7e6f5d7de96572784ed788d8	1	CFA4p1	CFA41-B/l	BD17	COUNT	PS1/Pantheon/PS1_CFA4	cfa4_B_p1+modtran.dat	Pantheon+_Data/2_CALIBRATION/filters/PS1_CFA4/cfa4_B_p1+modtran.dat	d44226cb58b4489d6399e97ce7a3935de74fa63c	cca7349553217ed6420d7c28cc644fa45d381992215ec8625505746ee9fa446c	PUBLIC_KCOR_TEXT_AND_TRANSMISSION_ASSET_MAPPED	PUBLIC_KCOR_TEXT_AND_TRACKED_ASSET_METADATA	NOT_ESTABLISHED
22	2009D	65	PS1_LOWZ_COMBINED_TEXT_DS17	PS1_LOWZ_COMBINED(CFA4p1)	m	18	Pantheon+_Data/2_CALIBRATION/SNANA_kcor/kcor_PS1_CFA_COMBINED.input	Pantheon+_Data/2_CALIBRATION/SNANA_kcor/kcor_PS1_CFA_COMBINED_v6_1.fits	a5403c58bf24ff2a7e6f5d7de96572784ed788d8	1	CFA4p1	CFA41-V/m	BD17	COUNT	PS1/Pantheon/PS1_CFA4	cfa4_V_p1+modtran.dat	Pantheon+_Data/2_CALIBRATION/filters/PS1_CFA4/cfa4_V_p1+modtran.dat	9f4cc89d6fc142d476d9882a445f476715d9616f	351378bba990897cbccaeb80620764b6c8128a39253afc06a944139815b06a4b	PUBLIC_KCOR_TEXT_AND_TRANSMISSION_ASSET_MAPPED	PUBLIC_KCOR_TEXT_AND_TRACKED_ASSET_METADATA	NOT_ESTABLISHED
22	2009D	65	PS1_LOWZ_COMBINED_TEXT_DS17	PS1_LOWZ_COMBINED(CFA4p1)	n	17	Pantheon+_Data/2_CALIBRATION/SNANA_kcor/kcor_PS1_CFA_COMBINED.input	Pantheon+_Data/2_CALIBRATION/SNANA_kcor/kcor_PS1_CFA_COMBINED_v6_1.fits	a5403c58bf24ff2a7e6f5d7de96572784ed788d8	1	CFA4p1	CFA41-r/n	BD17	COUNT	PS1/Pantheon/PS1_CFA4	cfa4_r_p1+modtran.dat	Pantheon+_Data/2_CALIBRATION/filters/PS1_CFA4/cfa4_r_p1+modtran.dat	fd1ce7f294d15e085dfa3df747c1c2cdf4088629	741377de882b5c205f994c1b9416c9ea5fa4432bc2d7d88dd50cf5dbbe866c99	PUBLIC_KCOR_TEXT_AND_TRANSMISSION_ASSET_MAPPED	PUBLIC_KCOR_TEXT_AND_TRACKED_ASSET_METADATA	NOT_ESTABLISHED
22	2009D	65	PS1_LOWZ_COMBINED_TEXT_DS17	PS1_LOWZ_COMBINED(CFA4p1)	o	18	Pantheon+_Data/2_CALIBRATION/SNANA_kcor/kcor_PS1_CFA_COMBINED.input	Pantheon+_Data/2_CALIBRATION/SNANA_kcor/kcor_PS1_CFA_COMBINED_v6_1.fits	a5403c58bf24ff2a7e6f5d7de96572784ed788d8	1	CFA4p1	CFA41-i/o	BD17	COUNT	PS1/Pantheon/PS1_CFA4	cfa4_i_p1+modtran.dat	Pantheon+_Data/2_CALIBRATION/filters/PS1_CFA4/cfa4_i_p1+modtran.dat	d92f2ebce3a1091a4f135a5974d5339b76db2b3f	796074a658a6f17d58fd4108d84c6fc65caade1c05e578b0530fe4acbdd14f9c	PUBLIC_KCOR_TEXT_AND_TRANSMISSION_ASSET_MAPPED	PUBLIC_KCOR_TEXT_AND_TRACKED_ASSET_METADATA	NOT_ESTABLISHED
28	2007cq	56	SWIFT	SWIFT	B	12	Pantheon+_Data/2_CALIBRATION/SNANA_kcor/kcor_SWIFT.input	Pantheon+_Data/2_CALIBRATION/SNANA_kcor/kcor_SWIFT_v6_1.fits	457d0064d4ede26b371b74d8e32e366602102c0f	1	SWIFTNEW	UVOT-B	BD17	COUNT	/project2/rkessler/SURVEYS/PS1MD/ROOT/filters/SWIFT	B_UVOT_rev.txt	Pantheon+_Data/2_CALIBRATION/filters/SWIFT/B_UVOT_rev.txt	a19745c0da113289d0bb8b0ad6a796823324a037	0e733cf59b7f780f4a986e36a2a69fdf8331efe5fd7f0b7f03fd09aa71012d7f	PUBLIC_KCOR_TEXT_AND_TRANSMISSION_ASSET_MAPPED	PUBLIC_KCOR_TEXT_AND_TRACKED_ASSET_METADATA	NOT_ESTABLISHED
28	2007cq	56	SWIFT	SWIFT	N	8	Pantheon+_Data/2_CALIBRATION/SNANA_kcor/kcor_SWIFT.input	Pantheon+_Data/2_CALIBRATION/SNANA_kcor/kcor_SWIFT_v6_1.fits	457d0064d4ede26b371b74d8e32e366602102c0f	1	SWIFTNEW	UVOT-N	BD17	COUNT	/project2/rkessler/SURVEYS/PS1MD/ROOT/filters/SWIFT	U_UVOT_rev.txt	Pantheon+_Data/2_CALIBRATION/filters/SWIFT/U_UVOT_rev.txt	42f2fec50304508a31df361f3c27ee54dd40b65c	b24c7b82a64d6aeaeaa2a13ff714392e0d1ef7f082ec680975458671387984c7	PUBLIC_KCOR_TEXT_AND_TRANSMISSION_ASSET_MAPPED	PUBLIC_KCOR_TEXT_AND_TRACKED_ASSET_METADATA	NOT_ESTABLISHED
28	2007cq	56	SWIFT	SWIFT	U	12	Pantheon+_Data/2_CALIBRATION/SNANA_kcor/kcor_SWIFT.input	Pantheon+_Data/2_CALIBRATION/SNANA_kcor/kcor_SWIFT_v6_1.fits	457d0064d4ede26b371b74d8e32e366602102c0f	1	SWIFTNEW	UVOT-U	BD17	COUNT	/project2/rkessler/SURVEYS/PS1MD/ROOT/filters/SWIFT	U_UVOT_rev.txt	Pantheon+_Data/2_CALIBRATION/filters/SWIFT/U_UVOT_rev.txt	42f2fec50304508a31df361f3c27ee54dd40b65c	b24c7b82a64d6aeaeaa2a13ff714392e0d1ef7f082ec680975458671387984c7	PUBLIC_KCOR_TEXT_AND_TRANSMISSION_ASSET_MAPPED	PUBLIC_KCOR_TEXT_AND_TRACKED_ASSET_METADATA	NOT_ESTABLISHED
28	2007cq	56	SWIFT	SWIFT	V	12	Pantheon+_Data/2_CALIBRATION/SNANA_kcor/kcor_SWIFT.input	Pantheon+_Data/2_CALIBRATION/SNANA_kcor/kcor_SWIFT_v6_1.fits	457d0064d4ede26b371b74d8e32e366602102c0f	1	SWIFTNEW	UVOT-V	BD17	COUNT	/project2/rkessler/SURVEYS/PS1MD/ROOT/filters/SWIFT	V_UVOT_rev.txt	Pantheon+_Data/2_CALIBRATION/filters/SWIFT/V_UVOT_rev.txt	cf3336e6dd369718ae84b9f0697ed10159cbef4a	2167055891996afc7891c5bd45fde11a10849dbc327a8a01d2471d5370ad3952	PUBLIC_KCOR_TEXT_AND_TRANSMISSION_ASSET_MAPPED	PUBLIC_KCOR_TEXT_AND_TRACKED_ASSET_METADATA	NOT_ESTABLISHED
28	2007cq	56	SWIFT	SWIFT	W	12	Pantheon+_Data/2_CALIBRATION/SNANA_kcor/kcor_SWIFT.input	Pantheon+_Data/2_CALIBRATION/SNANA_kcor/kcor_SWIFT_v6_1.fits	457d0064d4ede26b371b74d8e32e366602102c0f	1	SWIFTNEW	UVOT-W	BD17	COUNT	/project2/rkessler/SURVEYS/PS1MD/ROOT/filters/SWIFT	U_UVOT_rev.txt	Pantheon+_Data/2_CALIBRATION/filters/SWIFT/U_UVOT_rev.txt	42f2fec50304508a31df361f3c27ee54dd40b65c	b24c7b82a64d6aeaeaa2a13ff714392e0d1ef7f082ec680975458671387984c7	PUBLIC_KCOR_TEXT_AND_TRANSMISSION_ASSET_MAPPED	PUBLIC_KCOR_TEXT_AND_TRACKED_ASSET_METADATA	NOT_ESTABLISHED
28	2007cq	56	SWIFT	SWIFT	X	8	Pantheon+_Data/2_CALIBRATION/SNANA_kcor/kcor_SWIFT.input	Pantheon+_Data/2_CALIBRATION/SNANA_kcor/kcor_SWIFT_v6_1.fits	457d0064d4ede26b371b74d8e32e366602102c0f	1	SWIFTNEW	UVOT-X	BD17	COUNT	/project2/rkessler/SURVEYS/PS1MD/ROOT/filters/SWIFT	U_UVOT_rev.txt	Pantheon+_Data/2_CALIBRATION/filters/SWIFT/U_UVOT_rev.txt	42f2fec50304508a31df361f3c27ee54dd40b65c	b24c7b82a64d6aeaeaa2a13ff714392e0d1ef7f082ec680975458671387984c7	PUBLIC_KCOR_TEXT_AND_TRANSMISSION_ASSET_MAPPED	PUBLIC_KCOR_TEXT_AND_TRACKED_ASSET_METADATA	NOT_ESTABLISHED
29	2007cq	64	CfA3_DJ20	PS1_LOWZ_COMBINED(CFA3K)	g	26	Pantheon+_Data/2_CALIBRATION/SNANA_kcor/kcor_PS1_CFA_COMBINED.input	Pantheon+_Data/2_CALIBRATION/SNANA_kcor/kcor_PS1_CFA_COMBINED_v6_1.fits	a5403c58bf24ff2a7e6f5d7de96572784ed788d8	1	CFA3K	CFA41-B/g	BD17	COUNT	PS1/Pantheon/PS1_CFA4	cfa4_B_p1+modtran.dat	Pantheon+_Data/2_CALIBRATION/filters/PS1_CFA4/cfa4_B_p1+modtran.dat	d44226cb58b4489d6399e97ce7a3935de74fa63c	cca7349553217ed6420d7c28cc644fa45d381992215ec8625505746ee9fa446c	PUBLIC_KCOR_TEXT_AND_TRANSMISSION_ASSET_MAPPED	PUBLIC_KCOR_TEXT_AND_TRACKED_ASSET_METADATA	NOT_ESTABLISHED
29	2007cq	64	CfA3_DJ20	PS1_LOWZ_COMBINED(CFA3K)	h	29	Pantheon+_Data/2_CALIBRATION/SNANA_kcor/kcor_PS1_CFA_COMBINED.input	Pantheon+_Data/2_CALIBRATION/SNANA_kcor/kcor_PS1_CFA_COMBINED_v6_1.fits	a5403c58bf24ff2a7e6f5d7de96572784ed788d8	1	CFA3K	CFA41-V/h	BD17	COUNT	PS1/Pantheon/PS1_CFA4	cfa4_V_p1+modtran.dat	Pantheon+_Data/2_CALIBRATION/filters/PS1_CFA4/cfa4_V_p1+modtran.dat	9f4cc89d6fc142d476d9882a445f476715d9616f	351378bba990897cbccaeb80620764b6c8128a39253afc06a944139815b06a4b	PUBLIC_KCOR_TEXT_AND_TRANSMISSION_ASSET_MAPPED	PUBLIC_KCOR_TEXT_AND_TRACKED_ASSET_METADATA	NOT_ESTABLISHED
29	2007cq	64	CfA3_DJ20	PS1_LOWZ_COMBINED(CFA3K)	i	29	Pantheon+_Data/2_CALIBRATION/SNANA_kcor/kcor_PS1_CFA_COMBINED.input	Pantheon+_Data/2_CALIBRATION/SNANA_kcor/kcor_PS1_CFA_COMBINED_v6_1.fits	a5403c58bf24ff2a7e6f5d7de96572784ed788d8	1	CFA3K	CFA41-r/i	BD17	COUNT	PS1/Pantheon/PS1_CFA4	cfa4_r_p1+modtran.dat	Pantheon+_Data/2_CALIBRATION/filters/PS1_CFA4/cfa4_r_p1+modtran.dat	fd1ce7f294d15e085dfa3df747c1c2cdf4088629	741377de882b5c205f994c1b9416c9ea5fa4432bc2d7d88dd50cf5dbbe866c99	PUBLIC_KCOR_TEXT_AND_TRANSMISSION_ASSET_MAPPED	PUBLIC_KCOR_TEXT_AND_TRACKED_ASSET_METADATA	NOT_ESTABLISHED
29	2007cq	64	CfA3_DJ20	PS1_LOWZ_COMBINED(CFA3K)	j	27	Pantheon+_Data/2_CALIBRATION/SNANA_kcor/kcor_PS1_CFA_COMBINED.input	Pantheon+_Data/2_CALIBRATION/SNANA_kcor/kcor_PS1_CFA_COMBINED_v6_1.fits	a5403c58bf24ff2a7e6f5d7de96572784ed788d8	1	CFA3K	CFA41-i/j	BD17	COUNT	PS1/Pantheon/PS1_CFA4	cfa4_i_p1+modtran.dat	Pantheon+_Data/2_CALIBRATION/filters/PS1_CFA4/cfa4_i_p1+modtran.dat	d92f2ebce3a1091a4f135a5974d5339b76db2b3f	796074a658a6f17d58fd4108d84c6fc65caade1c05e578b0530fe4acbdd14f9c	PUBLIC_KCOR_TEXT_AND_TRANSMISSION_ASSET_MAPPED	PUBLIC_KCOR_TEXT_AND_TRACKED_ASSET_METADATA	NOT_ESTABLISHED
31	2007cq	57	KAIT_DS15	KAITM	E	22	Pantheon+_Data/2_CALIBRATION/SNANA_kcor/kcor_KAIT_Mo.input	Pantheon+_Data/2_CALIBRATION/SNANA_kcor/kcor_KAIT_Mo_v6_1.fits	698aa4836a917dfc1569fbccec976db44201110f	1	KAIT	KAIT4-E	BD17	COUNT	$PS1_USERS/dscolnic/Excalibur_dillon/filters/KAIT_2018	B_kait4.txt	Pantheon+_Data/2_CALIBRATION/filters/KAIT_2018/B_kait4.txt	11dc6ff83540087cfc38161bb88566880bc412f7	549e056bc705797206c903422a34de5f089848074dc285326fc9bb39a7ba148e	PUBLIC_KCOR_TEXT_AND_TRANSMISSION_ASSET_MAPPED	PUBLIC_KCOR_TEXT_AND_TRACKED_ASSET_METADATA	NOT_ESTABLISHED
31	2007cq	57	KAIT_DS15	KAITM	F	23	Pantheon+_Data/2_CALIBRATION/SNANA_kcor/kcor_KAIT_Mo.input	Pantheon+_Data/2_CALIBRATION/SNANA_kcor/kcor_KAIT_Mo_v6_1.fits	698aa4836a917dfc1569fbccec976db44201110f	1	KAIT	KAIT4-F	BD17	COUNT	$PS1_USERS/dscolnic/Excalibur_dillon/filters/KAIT_2018	V_kait4.txt	Pantheon+_Data/2_CALIBRATION/filters/KAIT_2018/V_kait4.txt	5fc9f5caf51d26764a56ab880ee09795e271b1d9	e3a6c81d258ebd8682bd836890986a48e483f802098c107d0a3ed7acbd846419	PUBLIC_KCOR_TEXT_AND_TRANSMISSION_ASSET_MAPPED	PUBLIC_KCOR_TEXT_AND_TRACKED_ASSET_METADATA	NOT_ESTABLISHED
31	2007cq	57	KAIT_DS15	KAITM	G	23	Pantheon+_Data/2_CALIBRATION/SNANA_kcor/kcor_KAIT_Mo.input	Pantheon+_Data/2_CALIBRATION/SNANA_kcor/kcor_KAIT_Mo_v6_1.fits	698aa4836a917dfc1569fbccec976db44201110f	1	KAIT	KAIT4-G	BD17	COUNT	$PS1_USERS/dscolnic/Excalibur_dillon/filters/KAIT_2018	R_kait4.txt	Pantheon+_Data/2_CALIBRATION/filters/KAIT_2018/R_kait4.txt	fe26ce9b9c766eae0857dddd52f74c290d36e044	8d0c25563513921c557d8cc0519b9f6eb6dab1168767b4756ed58c128acbae9b	PUBLIC_KCOR_TEXT_AND_TRANSMISSION_ASSET_MAPPED	PUBLIC_KCOR_TEXT_AND_TRACKED_ASSET_METADATA	NOT_ESTABLISHED
31	2007cq	57	KAIT_DS15	KAITM	H	23	Pantheon+_Data/2_CALIBRATION/SNANA_kcor/kcor_KAIT_Mo.input	Pantheon+_Data/2_CALIBRATION/SNANA_kcor/kcor_KAIT_Mo_v6_1.fits	698aa4836a917dfc1569fbccec976db44201110f	1	KAIT	KAIT4-H	BD17	COUNT	$PS1_USERS/dscolnic/Excalibur_dillon/filters/KAIT_2018	I_kait4.txt	Pantheon+_Data/2_CALIBRATION/filters/KAIT_2018/I_kait4.txt	15abcf7e5a25eff12a399998f43590a46a357138	29daef418c998fa264e2b6f4bd03dab5365f480f50a141b30849b4a6973a4be8	PUBLIC_KCOR_TEXT_AND_TRANSMISSION_ASSET_MAPPED	PUBLIC_KCOR_TEXT_AND_TRACKED_ASSET_METADATA	NOT_ESTABLISHED
40	2005M	57	KAIT_DS15	KAITM	A	19	Pantheon+_Data/2_CALIBRATION/SNANA_kcor/kcor_KAIT_Mo.input	Pantheon+_Data/2_CALIBRATION/SNANA_kcor/kcor_KAIT_Mo_v6_1.fits	698aa4836a917dfc1569fbccec976db44201110f	1	KAIT	KAIT3-A	BD17	COUNT	$PS1_USERS/dscolnic/Excalibur_dillon/filters/KAIT_2018	B_kait3.txt	Pantheon+_Data/2_CALIBRATION/filters/KAIT_2018/B_kait3.txt	b8849611cb4e128e0e1d39a152af6f52db1f6822	b7432346ab3a4eeffb33c6c79348fb2c96f8bb857228a90483d74f673c82a340	PUBLIC_KCOR_TEXT_AND_TRANSMISSION_ASSET_MAPPED	PUBLIC_KCOR_TEXT_AND_TRACKED_ASSET_METADATA	NOT_ESTABLISHED
40	2005M	57	KAIT_DS15	KAITM	B	20	Pantheon+_Data/2_CALIBRATION/SNANA_kcor/kcor_KAIT_Mo.input	Pantheon+_Data/2_CALIBRATION/SNANA_kcor/kcor_KAIT_Mo_v6_1.fits	698aa4836a917dfc1569fbccec976db44201110f	1	KAIT	KAIT3-B	BD17	COUNT	$PS1_USERS/dscolnic/Excalibur_dillon/filters/KAIT_2018	V_kait3.txt	Pantheon+_Data/2_CALIBRATION/filters/KAIT_2018/V_kait3.txt	1e38a90fcb180bf91567db2b37184a8410b9e018	c0af1f018e3d4d3d60b48c9683827568544e84decdd158e5e2fcd17a5a014171	PUBLIC_KCOR_TEXT_AND_TRANSMISSION_ASSET_MAPPED	PUBLIC_KCOR_TEXT_AND_TRACKED_ASSET_METADATA	NOT_ESTABLISHED
40	2005M	57	KAIT_DS15	KAITM	C	20	Pantheon+_Data/2_CALIBRATION/SNANA_kcor/kcor_KAIT_Mo.input	Pantheon+_Data/2_CALIBRATION/SNANA_kcor/kcor_KAIT_Mo_v6_1.fits	698aa4836a917dfc1569fbccec976db44201110f	1	KAIT	KAIT3-C	BD17	COUNT	$PS1_USERS/dscolnic/Excalibur_dillon/filters/KAIT_2018	R_kait3_cut.txt	Pantheon+_Data/2_CALIBRATION/filters/KAIT_2018/R_kait3_cut.txt	dd88c35bb126f55ce3fe4dad4a6114cf9564d786	da441a4e9f0bc12c5311f8b5155fbc2ffa491b41e250cf4db780007adb46a285	PUBLIC_KCOR_TEXT_AND_TRANSMISSION_ASSET_MAPPED	PUBLIC_KCOR_TEXT_AND_TRACKED_ASSET_METADATA	NOT_ESTABLISHED
40	2005M	57	KAIT_DS15	KAITM	D	20	Pantheon+_Data/2_CALIBRATION/SNANA_kcor/kcor_KAIT_Mo.input	Pantheon+_Data/2_CALIBRATION/SNANA_kcor/kcor_KAIT_Mo_v6_1.fits	698aa4836a917dfc1569fbccec976db44201110f	1	KAIT	KAIT3-D	BD17	COUNT	$PS1_USERS/dscolnic/Excalibur_dillon/filters/KAIT_2018	I_kait3.txt	Pantheon+_Data/2_CALIBRATION/filters/KAIT_2018/I_kait3.txt	4349a1e9112afc412f0e2f0ae908a1a3c63d0e04	d34a4f4b2f926b95ebb866ccc126691d40880319e74446fa81864714b5c02cc0	PUBLIC_KCOR_TEXT_AND_TRANSMISSION_ASSET_MAPPED	PUBLIC_KCOR_TEXT_AND_TRACKED_ASSET_METADATA	NOT_ESTABLISHED
41	2005M	5	CSPDR3_anthony	CSP	B	55	Pantheon+_Data/2_CALIBRATION/SNANA_kcor/kcor_CSPDR3.input	Pantheon+_Data/2_CALIBRATION/SNANA_kcor/kcor_CSPDR3_v6_1.fits	53c8a34af63d0d34fb513767abb2fdd852c26bff	1	CSP	CSP-B	BD17	COUNT	$SNDATA_ROOT/filters/CSP/CSP_TAMU_20180316	B_tel_ccd_atm_ext_1.2.dat	Pantheon+_Data/2_CALIBRATION/filters/CSP_TAMU_20180316/B_tel_ccd_atm_ext_1.2.dat	ed16304ca664fa79abd264a9a8df8794eedb9bb5	df6b951c5ed536c3afb7978185e2b84d68122c4a404efe1df842f3da0e1bef7c	PUBLIC_KCOR_TEXT_AND_TRANSMISSION_ASSET_MAPPED	PUBLIC_KCOR_TEXT_AND_TRACKED_ASSET_METADATA	NOT_ESTABLISHED
41	2005M	5	CSPDR3_anthony	CSP	H	20	Pantheon+_Data/2_CALIBRATION/SNANA_kcor/kcor_CSPDR3.input	Pantheon+_Data/2_CALIBRATION/SNANA_kcor/kcor_CSPDR3_v6_1.fits	53c8a34af63d0d34fb513767abb2fdd852c26bff	1	CSP	CSP-H	BD17	COUNT	$SNDATA_ROOT/filters/CSP/CSP_TAMU_20180316	H_SWO_TAM_scan_atm.dat	Pantheon+_Data/2_CALIBRATION/filters/CSP_TAMU_20180316/H_SWO_TAM_scan_atm.dat	80f88d19c64aa6896007664497b5696f34a37542	03c70045453ef3990d19ecf4e77298698ad26259fe556bd6a7b96f01bfb32d20	PUBLIC_KCOR_TEXT_AND_TRANSMISSION_ASSET_MAPPED	PUBLIC_KCOR_TEXT_AND_TRACKED_ASSET_METADATA	NOT_ESTABLISHED
41	2005M	5	CSPDR3_anthony	CSP	J	21	Pantheon+_Data/2_CALIBRATION/SNANA_kcor/kcor_CSPDR3.input	Pantheon+_Data/2_CALIBRATION/SNANA_kcor/kcor_CSPDR3_v6_1.fits	53c8a34af63d0d34fb513767abb2fdd852c26bff	1	CSP	CSP-J	BD17	COUNT	$SNDATA_ROOT/filters/CSP/CSP_TAMU_20180316	Jrc1_SWO_TAM_scan_atm.dat	Pantheon+_Data/2_CALIBRATION/filters/CSP_TAMU_20180316/Jrc1_SWO_TAM_scan_atm.dat	d324d6b806211446ce1dbe3483067dfff78a2dfb	3939c6b4c446c675afb69c561f5875350bc51895e632cd7a206d29f02b5c53ab	PUBLIC_KCOR_TEXT_AND_TRANSMISSION_ASSET_MAPPED	PUBLIC_KCOR_TEXT_AND_TRACKED_ASSET_METADATA	NOT_ESTABLISHED
41	2005M	5	CSPDR3_anthony	CSP	g	59	Pantheon+_Data/2_CALIBRATION/SNANA_kcor/kcor_CSPDR3.input	Pantheon+_Data/2_CALIBRATION/SNANA_kcor/kcor_CSPDR3_v6_1.fits	53c8a34af63d0d34fb513767abb2fdd852c26bff	1	CSP	CSP-g	BD17	COUNT	$SNDATA_ROOT/filters/CSP/CSP_TAMU_20180316	g_tel_ccd_atm_ext_1.2.dat	Pantheon+_Data/2_CALIBRATION/filters/CSP_TAMU_20180316/g_tel_ccd_atm_ext_1.2.dat	d7f525225664050f595970d51755d597899f9d38	e2fb29cced302fb7e19b96f780ea9752835967a9208e5441e3936318e31645d5	PUBLIC_KCOR_TEXT_AND_TRANSMISSION_ASSET_MAPPED	PUBLIC_KCOR_TEXT_AND_TRACKED_ASSET_METADATA	NOT_ESTABLISHED
41	2005M	5	CSPDR3_anthony	CSP	i	55	Pantheon+_Data/2_CALIBRATION/SNANA_kcor/kcor_CSPDR3.input	Pantheon+_Data/2_CALIBRATION/SNANA_kcor/kcor_CSPDR3_v6_1.fits	53c8a34af63d0d34fb513767abb2fdd852c26bff	1	CSP	CSP-i	BD17	COUNT	$SNDATA_ROOT/filters/CSP/CSP_TAMU_20180316	i_tel_ccd_atm_ext_1.2.dat	Pantheon+_Data/2_CALIBRATION/filters/CSP_TAMU_20180316/i_tel_ccd_atm_ext_1.2.dat	510329b2cae3a935c3dee7e5c34ef62a5d82f1ea	abdd2b0657023e0b1fc3828dbdda1ed4d0ab6ecaaa6428686d415f875876b01c	PUBLIC_KCOR_TEXT_AND_TRANSMISSION_ASSET_MAPPED	PUBLIC_KCOR_TEXT_AND_TRACKED_ASSET_METADATA	NOT_ESTABLISHED
41	2005M	5	CSPDR3_anthony	CSP	m	57	Pantheon+_Data/2_CALIBRATION/SNANA_kcor/kcor_CSPDR3.input	Pantheon+_Data/2_CALIBRATION/SNANA_kcor/kcor_CSPDR3_v6_1.fits	53c8a34af63d0d34fb513767abb2fdd852c26bff	1	CSP	CSP-m	BD17	COUNT	$SNDATA_ROOT/filters/CSP/CSP_TAMU_20180316	V_LC3014_tel_ccd_atm_ext_1.2.dat	Pantheon+_Data/2_CALIBRATION/filters/CSP_TAMU_20180316/V_LC3014_tel_ccd_atm_ext_1.2.dat	42c7a88eb4c31528bf4ab37d0179893cf8323699	3ed876b1257d9b7f237780fb01fb543c8f5ea17eb33a1a960279d31fca4e2ecb	PUBLIC_KCOR_TEXT_AND_TRANSMISSION_ASSET_MAPPED	PUBLIC_KCOR_TEXT_AND_TRACKED_ASSET_METADATA	NOT_ESTABLISHED
41	2005M	5	CSPDR3_anthony	CSP	r	56	Pantheon+_Data/2_CALIBRATION/SNANA_kcor/kcor_CSPDR3.input	Pantheon+_Data/2_CALIBRATION/SNANA_kcor/kcor_CSPDR3_v6_1.fits	53c8a34af63d0d34fb513767abb2fdd852c26bff	1	CSP	CSP-r	BD17	COUNT	$SNDATA_ROOT/filters/CSP/CSP_TAMU_20180316	r_tel_ccd_atm_ext_1.2.dat	Pantheon+_Data/2_CALIBRATION/filters/CSP_TAMU_20180316/r_tel_ccd_atm_ext_1.2.dat	6ca739a4a935e052ce6ae4a96663feeac8250a26	cead2f587b2ff14c0fcd31175ec6b73a477d2ff9767821a02d649167139ae1fd	PUBLIC_KCOR_TEXT_AND_TRANSMISSION_ASSET_MAPPED	PUBLIC_KCOR_TEXT_AND_TRACKED_ASSET_METADATA	NOT_ESTABLISHED
41	2005M	5	CSPDR3_anthony	CSP	u	38	Pantheon+_Data/2_CALIBRATION/SNANA_kcor/kcor_CSPDR3.input	Pantheon+_Data/2_CALIBRATION/SNANA_kcor/kcor_CSPDR3_v6_1.fits	53c8a34af63d0d34fb513767abb2fdd852c26bff	1	CSP	CSP-u	BD17	COUNT	$SNDATA_ROOT/filters/CSP/CSP_TAMU_20180316	u_tel_ccd_atm_ext_1.2.dat	Pantheon+_Data/2_CALIBRATION/filters/CSP_TAMU_20180316/u_tel_ccd_atm_ext_1.2.dat	9f04c0c265228b8285f1af1686dd77096f2059f0	715cfb4eea7a74abbf7d6365f29a551a0ca9a16dd21d8f32af904d4b580f8790	PUBLIC_KCOR_TEXT_AND_TRANSMISSION_ASSET_MAPPED	PUBLIC_KCOR_TEXT_AND_TRACKED_ASSET_METADATA	NOT_ESTABLISHED
41	2005M	5	CSPDR3_anthony	CSP	y	20	Pantheon+_Data/2_CALIBRATION/SNANA_kcor/kcor_CSPDR3.input	Pantheon+_Data/2_CALIBRATION/SNANA_kcor/kcor_CSPDR3_v6_1.fits	53c8a34af63d0d34fb513767abb2fdd852c26bff	1	CSP	CSP-y	BD17	COUNT	$SNDATA_ROOT/filters/CSP/CSP_TAMU_20180316	Y_DUP_TAM_scan_atm.dat	Pantheon+_Data/2_CALIBRATION/filters/CSP_TAMU_20180316/Y_DUP_TAM_scan_atm.dat	7261bed97f866ab6093ba12d1069faf05c5d6d6e	478e4ebb2ef4eb838b2d872ddc72c16d66aab72a6ffb040a68775fab50ff3af6	PUBLIC_KCOR_TEXT_AND_TRANSMISSION_ASSET_MAPPED	PUBLIC_KCOR_TEXT_AND_TRACKED_ASSET_METADATA	NOT_ESTABLISHED
42	2005M	64	CfA3_DJ20	PS1_LOWZ_COMBINED(CFA3K)	f	6	Pantheon+_Data/2_CALIBRATION/SNANA_kcor/kcor_PS1_CFA_COMBINED.input	Pantheon+_Data/2_CALIBRATION/SNANA_kcor/kcor_PS1_CFA_COMBINED_v6_1.fits	a5403c58bf24ff2a7e6f5d7de96572784ed788d8	1	CFA3K	CFA41-U/f	BD17	COUNT	PS1/Pantheon/PS1_CFA4	cfa4_U_p1.dat	Pantheon+_Data/2_CALIBRATION/filters/PS1_CFA4/cfa4_U_p1.dat	80b7b875704d4b114c8446f8d9d7f57329c6cd03	00bbc2356c755f8315eb3dff3143576ed56ad2f18ea8870b4ea27e4a6984ee7b	PUBLIC_KCOR_TEXT_AND_TRANSMISSION_ASSET_MAPPED	PUBLIC_KCOR_TEXT_AND_TRACKED_ASSET_METADATA	NOT_ESTABLISHED
42	2005M	64	CfA3_DJ20	PS1_LOWZ_COMBINED(CFA3K)	g	4	Pantheon+_Data/2_CALIBRATION/SNANA_kcor/kcor_PS1_CFA_COMBINED.input	Pantheon+_Data/2_CALIBRATION/SNANA_kcor/kcor_PS1_CFA_COMBINED_v6_1.fits	a5403c58bf24ff2a7e6f5d7de96572784ed788d8	1	CFA3K	CFA41-B/g	BD17	COUNT	PS1/Pantheon/PS1_CFA4	cfa4_B_p1+modtran.dat	Pantheon+_Data/2_CALIBRATION/filters/PS1_CFA4/cfa4_B_p1+modtran.dat	d44226cb58b4489d6399e97ce7a3935de74fa63c	cca7349553217ed6420d7c28cc644fa45d381992215ec8625505746ee9fa446c	PUBLIC_KCOR_TEXT_AND_TRANSMISSION_ASSET_MAPPED	PUBLIC_KCOR_TEXT_AND_TRACKED_ASSET_METADATA	NOT_ESTABLISHED
42	2005M	64	CfA3_DJ20	PS1_LOWZ_COMBINED(CFA3K)	h	6	Pantheon+_Data/2_CALIBRATION/SNANA_kcor/kcor_PS1_CFA_COMBINED.input	Pantheon+_Data/2_CALIBRATION/SNANA_kcor/kcor_PS1_CFA_COMBINED_v6_1.fits	a5403c58bf24ff2a7e6f5d7de96572784ed788d8	1	CFA3K	CFA41-V/h	BD17	COUNT	PS1/Pantheon/PS1_CFA4	cfa4_V_p1+modtran.dat	Pantheon+_Data/2_CALIBRATION/filters/PS1_CFA4/cfa4_V_p1+modtran.dat	9f4cc89d6fc142d476d9882a445f476715d9616f	351378bba990897cbccaeb80620764b6c8128a39253afc06a944139815b06a4b	PUBLIC_KCOR_TEXT_AND_TRANSMISSION_ASSET_MAPPED	PUBLIC_KCOR_TEXT_AND_TRACKED_ASSET_METADATA	NOT_ESTABLISHED
42	2005M	64	CfA3_DJ20	PS1_LOWZ_COMBINED(CFA3K)	i	5	Pantheon+_Data/2_CALIBRATION/SNANA_kcor/kcor_PS1_CFA_COMBINED.input	Pantheon+_Data/2_CALIBRATION/SNANA_kcor/kcor_PS1_CFA_COMBINED_v6_1.fits	a5403c58bf24ff2a7e6f5d7de96572784ed788d8	1	CFA3K	CFA41-r/i	BD17	COUNT	PS1/Pantheon/PS1_CFA4	cfa4_r_p1+modtran.dat	Pantheon+_Data/2_CALIBRATION/filters/PS1_CFA4/cfa4_r_p1+modtran.dat	fd1ce7f294d15e085dfa3df747c1c2cdf4088629	741377de882b5c205f994c1b9416c9ea5fa4432bc2d7d88dd50cf5dbbe866c99	PUBLIC_KCOR_TEXT_AND_TRANSMISSION_ASSET_MAPPED	PUBLIC_KCOR_TEXT_AND_TRACKED_ASSET_METADATA	NOT_ESTABLISHED
42	2005M	64	CfA3_DJ20	PS1_LOWZ_COMBINED(CFA3K)	j	5	Pantheon+_Data/2_CALIBRATION/SNANA_kcor/kcor_PS1_CFA_COMBINED.input	Pantheon+_Data/2_CALIBRATION/SNANA_kcor/kcor_PS1_CFA_COMBINED_v6_1.fits	a5403c58bf24ff2a7e6f5d7de96572784ed788d8	1	CFA3K	CFA41-i/j	BD17	COUNT	PS1/Pantheon/PS1_CFA4	cfa4_i_p1+modtran.dat	Pantheon+_Data/2_CALIBRATION/filters/PS1_CFA4/cfa4_i_p1+modtran.dat	d92f2ebce3a1091a4f135a5974d5339b76db2b3f	796074a658a6f17d58fd4108d84c6fc65caade1c05e578b0530fe4acbdd14f9c	PUBLIC_KCOR_TEXT_AND_TRANSMISSION_ASSET_MAPPED	PUBLIC_KCOR_TEXT_AND_TRACKED_ASSET_METADATA	NOT_ESTABLISHED
45	1999gp	62	PS1_LOWZ_COMBINED_TEXT_DS17	PS1_LOWZ_COMBINED(CFA2)	G	11	Pantheon+_Data/2_CALIBRATION/SNANA_kcor/kcor_PS1_CFA_COMBINED.input	Pantheon+_Data/2_CALIBRATION/SNANA_kcor/kcor_PS1_CFA_COMBINED_v6_1.fits	a5403c58bf24ff2a7e6f5d7de96572784ed788d8	1	CFA2	Bessell-U/G	BD17	COUNT	PS1/Pantheon/SNLS3-Landolt	sux-shifted.dat_5A	Pantheon+_Data/2_CALIBRATION/filters/SNLS3-Landolt/sux-shifted.dat_5A	590149e445dbef9aaaed6131598d79ad5e9194fd	ec4302aeac7f3ff55906febfd80393e037c2d842a2abbbf2140d4c9197a286ea	PUBLIC_KCOR_TEXT_AND_TRANSMISSION_ASSET_MAPPED	PUBLIC_KCOR_TEXT_AND_TRACKED_ASSET_METADATA	NOT_ESTABLISHED
45	1999gp	62	PS1_LOWZ_COMBINED_TEXT_DS17	PS1_LOWZ_COMBINED(CFA2)	H	47	Pantheon+_Data/2_CALIBRATION/SNANA_kcor/kcor_PS1_CFA_COMBINED.input	Pantheon+_Data/2_CALIBRATION/SNANA_kcor/kcor_PS1_CFA_COMBINED_v6_1.fits	a5403c58bf24ff2a7e6f5d7de96572784ed788d8	1	CFA2	Bessell-B/H	BD17	COUNT	PS1/Pantheon/SNLS3-Landolt	sb-shifted.dat_5A	Pantheon+_Data/2_CALIBRATION/filters/SNLS3-Landolt/sb-shifted.dat_5A	3a1b812e8f5f9dfccd4df633847184a276fb5583	255e8b6cc1e9b06232239ff8345e01641297e34433cb77a93254ecedb60fa54f	PUBLIC_KCOR_TEXT_AND_TRANSMISSION_ASSET_MAPPED	PUBLIC_KCOR_TEXT_AND_TRACKED_ASSET_METADATA	NOT_ESTABLISHED
45	1999gp	62	PS1_LOWZ_COMBINED_TEXT_DS17	PS1_LOWZ_COMBINED(CFA2)	I	49	Pantheon+_Data/2_CALIBRATION/SNANA_kcor/kcor_PS1_CFA_COMBINED.input	Pantheon+_Data/2_CALIBRATION/SNANA_kcor/kcor_PS1_CFA_COMBINED_v6_1.fits	a5403c58bf24ff2a7e6f5d7de96572784ed788d8	1	CFA2	Bessell-V/I	BD17	COUNT	PS1/Pantheon/SNLS3-Landolt	sv-shifted.dat_5A	Pantheon+_Data/2_CALIBRATION/filters/SNLS3-Landolt/sv-shifted.dat_5A	cb04c9245dffeebf383e51efa527c4f4b1b582b4	78f29d10df13a28eb932a3f71b113d34682f733d2e4cd7c926fd975511ad33ea	PUBLIC_KCOR_TEXT_AND_TRANSMISSION_ASSET_MAPPED	PUBLIC_KCOR_TEXT_AND_TRACKED_ASSET_METADATA	NOT_ESTABLISHED
45	1999gp	62	PS1_LOWZ_COMBINED_TEXT_DS17	PS1_LOWZ_COMBINED(CFA2)	J	44	Pantheon+_Data/2_CALIBRATION/SNANA_kcor/kcor_PS1_CFA_COMBINED.input	Pantheon+_Data/2_CALIBRATION/SNANA_kcor/kcor_PS1_CFA_COMBINED_v6_1.fits	a5403c58bf24ff2a7e6f5d7de96572784ed788d8	1	CFA2	Bessell-R/J	BD17	COUNT	PS1/Pantheon/SNLS3-Landolt	sr-shifted.dat_5A	Pantheon+_Data/2_CALIBRATION/filters/SNLS3-Landolt/sr-shifted.dat_5A	5269955afc6804f376ede82a3621e7f12497cdb3	fed89b4b904386e78db65114497e0a3eb09e2cd4d05ab4736182dccb86efb92e	PUBLIC_KCOR_TEXT_AND_TRANSMISSION_ASSET_MAPPED	PUBLIC_KCOR_TEXT_AND_TRACKED_ASSET_METADATA	NOT_ESTABLISHED
45	1999gp	62	PS1_LOWZ_COMBINED_TEXT_DS17	PS1_LOWZ_COMBINED(CFA2)	K	39	Pantheon+_Data/2_CALIBRATION/SNANA_kcor/kcor_PS1_CFA_COMBINED.input	Pantheon+_Data/2_CALIBRATION/SNANA_kcor/kcor_PS1_CFA_COMBINED_v6_1.fits	a5403c58bf24ff2a7e6f5d7de96572784ed788d8	1	CFA2	Bessell-I/K	BD17	COUNT	PS1/Pantheon/SNLS3-Landolt	si-shifted.dat_5A	Pantheon+_Data/2_CALIBRATION/filters/SNLS3-Landolt/si-shifted.dat_5A	03d1d1af02572e6a9b0fc6b833d34282d34f5571	813a23bd2bbccbbd95f24cce99aa34836b95a491ead55d43b9d67744c4bb42ae	PUBLIC_KCOR_TEXT_AND_TRANSMISSION_ASSET_MAPPED	PUBLIC_KCOR_TEXT_AND_TRACKED_ASSET_METADATA	NOT_ESTABLISHED
46	1999gp	57	KAIT_DS15	KAITM	e	23	Pantheon+_Data/2_CALIBRATION/SNANA_kcor/kcor_KAIT_Mo.input	Pantheon+_Data/2_CALIBRATION/SNANA_kcor/kcor_KAIT_Mo_v6_1.fits	698aa4836a917dfc1569fbccec976db44201110f	1	KAIT	KAIT2-e	BD17	COUNT	$PS1_USERS/dscolnic/Excalibur_dillon/filters/KAIT_2018	B_kait2_shifted.txt	Pantheon+_Data/2_CALIBRATION/filters/KAIT_2018/B_kait2_shifted.txt	e5b42f2c18aadbe4517c2ea8ead42d9e14393f11	028814b25cc7b7ee51ea357dc6dd431112e5a41850b0d5fbc0e0df26f2d30265	PUBLIC_KCOR_TEXT_AND_TRANSMISSION_ASSET_MAPPED	PUBLIC_KCOR_TEXT_AND_TRACKED_ASSET_METADATA	NOT_ESTABLISHED
46	1999gp	57	KAIT_DS15	KAITM	f	23	Pantheon+_Data/2_CALIBRATION/SNANA_kcor/kcor_KAIT_Mo.input	Pantheon+_Data/2_CALIBRATION/SNANA_kcor/kcor_KAIT_Mo_v6_1.fits	698aa4836a917dfc1569fbccec976db44201110f	1	KAIT	KAIT2-f	BD17	COUNT	$PS1_USERS/dscolnic/Excalibur_dillon/filters/KAIT_2018	V_kait2_shifted.txt	Pantheon+_Data/2_CALIBRATION/filters/KAIT_2018/V_kait2_shifted.txt	d7f84300c46032c22f1ac8df6399d871add0c564	f3431d329221c73cfe00e7f43bcb9dc8ebf32c42a972c30e0860c3dd2d32d1d5	PUBLIC_KCOR_TEXT_AND_TRANSMISSION_ASSET_MAPPED	PUBLIC_KCOR_TEXT_AND_TRACKED_ASSET_METADATA	NOT_ESTABLISHED
46	1999gp	57	KAIT_DS15	KAITM	g	21	Pantheon+_Data/2_CALIBRATION/SNANA_kcor/kcor_KAIT_Mo.input	Pantheon+_Data/2_CALIBRATION/SNANA_kcor/kcor_KAIT_Mo_v6_1.fits	698aa4836a917dfc1569fbccec976db44201110f	1	KAIT	KAIT2-g	BD17	COUNT	$PS1_USERS/dscolnic/Excalibur_dillon/filters/KAIT_2018	R_kait2_shifted.txt	Pantheon+_Data/2_CALIBRATION/filters/KAIT_2018/R_kait2_shifted.txt	c23a9a03c1b55c5e05f35b33e953e354bf5837c6	ea62c4bfa311da61ffef86d904e43e3e461ed72575ffa6d108ade27b3946f0a0	PUBLIC_KCOR_TEXT_AND_TRANSMISSION_ASSET_MAPPED	PUBLIC_KCOR_TEXT_AND_TRACKED_ASSET_METADATA	NOT_ESTABLISHED
46	1999gp	57	KAIT_DS15	KAITM	h	20	Pantheon+_Data/2_CALIBRATION/SNANA_kcor/kcor_KAIT_Mo.input	Pantheon+_Data/2_CALIBRATION/SNANA_kcor/kcor_KAIT_Mo_v6_1.fits	698aa4836a917dfc1569fbccec976db44201110f	1	KAIT	KAIT2-h	BD17	COUNT	$PS1_USERS/dscolnic/Excalibur_dillon/filters/KAIT_2018	I_kait2_shifted.txt	Pantheon+_Data/2_CALIBRATION/filters/KAIT_2018/I_kait2_shifted.txt	692e2a778fec1a9a921f0461c1642e9182edd622	544c150fed2621bd78811ffb867b79ae72e35ffb525d819ce16eecc499af0f99	PUBLIC_KCOR_TEXT_AND_TRANSMISSION_ASSET_MAPPED	PUBLIC_KCOR_TEXT_AND_TRACKED_ASSET_METADATA	NOT_ESTABLISHED
50	2007co	57	KAIT_DS15	KAITM	E	22	Pantheon+_Data/2_CALIBRATION/SNANA_kcor/kcor_KAIT_Mo.input	Pantheon+_Data/2_CALIBRATION/SNANA_kcor/kcor_KAIT_Mo_v6_1.fits	698aa4836a917dfc1569fbccec976db44201110f	1	KAIT	KAIT4-E	BD17	COUNT	$PS1_USERS/dscolnic/Excalibur_dillon/filters/KAIT_2018	B_kait4.txt	Pantheon+_Data/2_CALIBRATION/filters/KAIT_2018/B_kait4.txt	11dc6ff83540087cfc38161bb88566880bc412f7	549e056bc705797206c903422a34de5f089848074dc285326fc9bb39a7ba148e	PUBLIC_KCOR_TEXT_AND_TRANSMISSION_ASSET_MAPPED	PUBLIC_KCOR_TEXT_AND_TRACKED_ASSET_METADATA	NOT_ESTABLISHED
50	2007co	57	KAIT_DS15	KAITM	F	24	Pantheon+_Data/2_CALIBRATION/SNANA_kcor/kcor_KAIT_Mo.input	Pantheon+_Data/2_CALIBRATION/SNANA_kcor/kcor_KAIT_Mo_v6_1.fits	698aa4836a917dfc1569fbccec976db44201110f	1	KAIT	KAIT4-F	BD17	COUNT	$PS1_USERS/dscolnic/Excalibur_dillon/filters/KAIT_2018	V_kait4.txt	Pantheon+_Data/2_CALIBRATION/filters/KAIT_2018/V_kait4.txt	5fc9f5caf51d26764a56ab880ee09795e271b1d9	e3a6c81d258ebd8682bd836890986a48e483f802098c107d0a3ed7acbd846419	PUBLIC_KCOR_TEXT_AND_TRANSMISSION_ASSET_MAPPED	PUBLIC_KCOR_TEXT_AND_TRACKED_ASSET_METADATA	NOT_ESTABLISHED
50	2007co	57	KAIT_DS15	KAITM	G	24	Pantheon+_Data/2_CALIBRATION/SNANA_kcor/kcor_KAIT_Mo.input	Pantheon+_Data/2_CALIBRATION/SNANA_kcor/kcor_KAIT_Mo_v6_1.fits	698aa4836a917dfc1569fbccec976db44201110f	1	KAIT	KAIT4-G	BD17	COUNT	$PS1_USERS/dscolnic/Excalibur_dillon/filters/KAIT_2018	R_kait4.txt	Pantheon+_Data/2_CALIBRATION/filters/KAIT_2018/R_kait4.txt	fe26ce9b9c766eae0857dddd52f74c290d36e044	8d0c25563513921c557d8cc0519b9f6eb6dab1168767b4756ed58c128acbae9b	PUBLIC_KCOR_TEXT_AND_TRANSMISSION_ASSET_MAPPED	PUBLIC_KCOR_TEXT_AND_TRACKED_ASSET_METADATA	NOT_ESTABLISHED
50	2007co	57	KAIT_DS15	KAITM	H	24	Pantheon+_Data/2_CALIBRATION/SNANA_kcor/kcor_KAIT_Mo.input	Pantheon+_Data/2_CALIBRATION/SNANA_kcor/kcor_KAIT_Mo_v6_1.fits	698aa4836a917dfc1569fbccec976db44201110f	1	KAIT	KAIT4-H	BD17	COUNT	$PS1_USERS/dscolnic/Excalibur_dillon/filters/KAIT_2018	I_kait4.txt	Pantheon+_Data/2_CALIBRATION/filters/KAIT_2018/I_kait4.txt	15abcf7e5a25eff12a399998f43590a46a357138	29daef418c998fa264e2b6f4bd03dab5365f480f50a141b30849b4a6973a4be8	PUBLIC_KCOR_TEXT_AND_TRANSMISSION_ASSET_MAPPED	PUBLIC_KCOR_TEXT_AND_TRACKED_ASSET_METADATA	NOT_ESTABLISHED
51	2007co	56	SWIFT	SWIFT	B	10	Pantheon+_Data/2_CALIBRATION/SNANA_kcor/kcor_SWIFT.input	Pantheon+_Data/2_CALIBRATION/SNANA_kcor/kcor_SWIFT_v6_1.fits	457d0064d4ede26b371b74d8e32e366602102c0f	1	SWIFTNEW	UVOT-B	BD17	COUNT	/project2/rkessler/SURVEYS/PS1MD/ROOT/filters/SWIFT	B_UVOT_rev.txt	Pantheon+_Data/2_CALIBRATION/filters/SWIFT/B_UVOT_rev.txt	a19745c0da113289d0bb8b0ad6a796823324a037	0e733cf59b7f780f4a986e36a2a69fdf8331efe5fd7f0b7f03fd09aa71012d7f	PUBLIC_KCOR_TEXT_AND_TRANSMISSION_ASSET_MAPPED	PUBLIC_KCOR_TEXT_AND_TRACKED_ASSET_METADATA	NOT_ESTABLISHED
51	2007co	56	SWIFT	SWIFT	U	10	Pantheon+_Data/2_CALIBRATION/SNANA_kcor/kcor_SWIFT.input	Pantheon+_Data/2_CALIBRATION/SNANA_kcor/kcor_SWIFT_v6_1.fits	457d0064d4ede26b371b74d8e32e366602102c0f	1	SWIFTNEW	UVOT-U	BD17	COUNT	/project2/rkessler/SURVEYS/PS1MD/ROOT/filters/SWIFT	U_UVOT_rev.txt	Pantheon+_Data/2_CALIBRATION/filters/SWIFT/U_UVOT_rev.txt	42f2fec50304508a31df361f3c27ee54dd40b65c	b24c7b82a64d6aeaeaa2a13ff714392e0d1ef7f082ec680975458671387984c7	PUBLIC_KCOR_TEXT_AND_TRANSMISSION_ASSET_MAPPED	PUBLIC_KCOR_TEXT_AND_TRACKED_ASSET_METADATA	NOT_ESTABLISHED
51	2007co	56	SWIFT	SWIFT	V	10	Pantheon+_Data/2_CALIBRATION/SNANA_kcor/kcor_SWIFT.input	Pantheon+_Data/2_CALIBRATION/SNANA_kcor/kcor_SWIFT_v6_1.fits	457d0064d4ede26b371b74d8e32e366602102c0f	1	SWIFTNEW	UVOT-V	BD17	COUNT	/project2/rkessler/SURVEYS/PS1MD/ROOT/filters/SWIFT	V_UVOT_rev.txt	Pantheon+_Data/2_CALIBRATION/filters/SWIFT/V_UVOT_rev.txt	cf3336e6dd369718ae84b9f0697ed10159cbef4a	2167055891996afc7891c5bd45fde11a10849dbc327a8a01d2471d5370ad3952	PUBLIC_KCOR_TEXT_AND_TRANSMISSION_ASSET_MAPPED	PUBLIC_KCOR_TEXT_AND_TRACKED_ASSET_METADATA	NOT_ESTABLISHED
51	2007co	56	SWIFT	SWIFT	W	9	Pantheon+_Data/2_CALIBRATION/SNANA_kcor/kcor_SWIFT.input	Pantheon+_Data/2_CALIBRATION/SNANA_kcor/kcor_SWIFT_v6_1.fits	457d0064d4ede26b371b74d8e32e366602102c0f	1	SWIFTNEW	UVOT-W	BD17	COUNT	/project2/rkessler/SURVEYS/PS1MD/ROOT/filters/SWIFT	U_UVOT_rev.txt	Pantheon+_Data/2_CALIBRATION/filters/SWIFT/U_UVOT_rev.txt	42f2fec50304508a31df361f3c27ee54dd40b65c	b24c7b82a64d6aeaeaa2a13ff714392e0d1ef7f082ec680975458671387984c7	PUBLIC_KCOR_TEXT_AND_TRANSMISSION_ASSET_MAPPED	PUBLIC_KCOR_TEXT_AND_TRACKED_ASSET_METADATA	NOT_ESTABLISHED
51	2007co	56	SWIFT	SWIFT	X	5	Pantheon+_Data/2_CALIBRATION/SNANA_kcor/kcor_SWIFT.input	Pantheon+_Data/2_CALIBRATION/SNANA_kcor/kcor_SWIFT_v6_1.fits	457d0064d4ede26b371b74d8e32e366602102c0f	1	SWIFTNEW	UVOT-X	BD17	COUNT	/project2/rkessler/SURVEYS/PS1MD/ROOT/filters/SWIFT	U_UVOT_rev.txt	Pantheon+_Data/2_CALIBRATION/filters/SWIFT/U_UVOT_rev.txt	42f2fec50304508a31df361f3c27ee54dd40b65c	b24c7b82a64d6aeaeaa2a13ff714392e0d1ef7f082ec680975458671387984c7	PUBLIC_KCOR_TEXT_AND_TRANSMISSION_ASSET_MAPPED	PUBLIC_KCOR_TEXT_AND_TRACKED_ASSET_METADATA	NOT_ESTABLISHED
52	2007co	64	CfA3_DJ20	PS1_LOWZ_COMBINED(CFA3K)	f	19	Pantheon+_Data/2_CALIBRATION/SNANA_kcor/kcor_PS1_CFA_COMBINED.input	Pantheon+_Data/2_CALIBRATION/SNANA_kcor/kcor_PS1_CFA_COMBINED_v6_1.fits	a5403c58bf24ff2a7e6f5d7de96572784ed788d8	1	CFA3K	CFA41-U/f	BD17	COUNT	PS1/Pantheon/PS1_CFA4	cfa4_U_p1.dat	Pantheon+_Data/2_CALIBRATION/filters/PS1_CFA4/cfa4_U_p1.dat	80b7b875704d4b114c8446f8d9d7f57329c6cd03	00bbc2356c755f8315eb3dff3143576ed56ad2f18ea8870b4ea27e4a6984ee7b	PUBLIC_KCOR_TEXT_AND_TRANSMISSION_ASSET_MAPPED	PUBLIC_KCOR_TEXT_AND_TRACKED_ASSET_METADATA	NOT_ESTABLISHED
52	2007co	64	CfA3_DJ20	PS1_LOWZ_COMBINED(CFA3K)	g	23	Pantheon+_Data/2_CALIBRATION/SNANA_kcor/kcor_PS1_CFA_COMBINED.input	Pantheon+_Data/2_CALIBRATION/SNANA_kcor/kcor_PS1_CFA_COMBINED_v6_1.fits	a5403c58bf24ff2a7e6f5d7de96572784ed788d8	1	CFA3K	CFA41-B/g	BD17	COUNT	PS1/Pantheon/PS1_CFA4	cfa4_B_p1+modtran.dat	Pantheon+_Data/2_CALIBRATION/filters/PS1_CFA4/cfa4_B_p1+modtran.dat	d44226cb58b4489d6399e97ce7a3935de74fa63c	cca7349553217ed6420d7c28cc644fa45d381992215ec8625505746ee9fa446c	PUBLIC_KCOR_TEXT_AND_TRANSMISSION_ASSET_MAPPED	PUBLIC_KCOR_TEXT_AND_TRACKED_ASSET_METADATA	NOT_ESTABLISHED
52	2007co	64	CfA3_DJ20	PS1_LOWZ_COMBINED(CFA3K)	h	28	Pantheon+_Data/2_CALIBRATION/SNANA_kcor/kcor_PS1_CFA_COMBINED.input	Pantheon+_Data/2_CALIBRATION/SNANA_kcor/kcor_PS1_CFA_COMBINED_v6_1.fits	a5403c58bf24ff2a7e6f5d7de96572784ed788d8	1	CFA3K	CFA41-V/h	BD17	COUNT	PS1/Pantheon/PS1_CFA4	cfa4_V_p1+modtran.dat	Pantheon+_Data/2_CALIBRATION/filters/PS1_CFA4/cfa4_V_p1+modtran.dat	9f4cc89d6fc142d476d9882a445f476715d9616f	351378bba990897cbccaeb80620764b6c8128a39253afc06a944139815b06a4b	PUBLIC_KCOR_TEXT_AND_TRANSMISSION_ASSET_MAPPED	PUBLIC_KCOR_TEXT_AND_TRACKED_ASSET_METADATA	NOT_ESTABLISHED
52	2007co	64	CfA3_DJ20	PS1_LOWZ_COMBINED(CFA3K)	i	27	Pantheon+_Data/2_CALIBRATION/SNANA_kcor/kcor_PS1_CFA_COMBINED.input	Pantheon+_Data/2_CALIBRATION/SNANA_kcor/kcor_PS1_CFA_COMBINED_v6_1.fits	a5403c58bf24ff2a7e6f5d7de96572784ed788d8	1	CFA3K	CFA41-r/i	BD17	COUNT	PS1/Pantheon/PS1_CFA4	cfa4_r_p1+modtran.dat	Pantheon+_Data/2_CALIBRATION/filters/PS1_CFA4/cfa4_r_p1+modtran.dat	fd1ce7f294d15e085dfa3df747c1c2cdf4088629	741377de882b5c205f994c1b9416c9ea5fa4432bc2d7d88dd50cf5dbbe866c99	PUBLIC_KCOR_TEXT_AND_TRANSMISSION_ASSET_MAPPED	PUBLIC_KCOR_TEXT_AND_TRACKED_ASSET_METADATA	NOT_ESTABLISHED
52	2007co	64	CfA3_DJ20	PS1_LOWZ_COMBINED(CFA3K)	j	25	Pantheon+_Data/2_CALIBRATION/SNANA_kcor/kcor_PS1_CFA_COMBINED.input	Pantheon+_Data/2_CALIBRATION/SNANA_kcor/kcor_PS1_CFA_COMBINED_v6_1.fits	a5403c58bf24ff2a7e6f5d7de96572784ed788d8	1	CFA3K	CFA41-i/j	BD17	COUNT	PS1/Pantheon/PS1_CFA4	cfa4_i_p1+modtran.dat	Pantheon+_Data/2_CALIBRATION/filters/PS1_CFA4/cfa4_i_p1+modtran.dat	d92f2ebce3a1091a4f135a5974d5339b76db2b3f	796074a658a6f17d58fd4108d84c6fc65caade1c05e578b0530fe4acbdd14f9c	PUBLIC_KCOR_TEXT_AND_TRANSMISSION_ASSET_MAPPED	PUBLIC_KCOR_TEXT_AND_TRACKED_ASSET_METADATA	NOT_ESTABLISHED
54	2005na	5	CSPDR3_anthony	CSP	B	26	Pantheon+_Data/2_CALIBRATION/SNANA_kcor/kcor_CSPDR3.input	Pantheon+_Data/2_CALIBRATION/SNANA_kcor/kcor_CSPDR3_v6_1.fits	53c8a34af63d0d34fb513767abb2fdd852c26bff	1	CSP	CSP-B	BD17	COUNT	$SNDATA_ROOT/filters/CSP/CSP_TAMU_20180316	B_tel_ccd_atm_ext_1.2.dat	Pantheon+_Data/2_CALIBRATION/filters/CSP_TAMU_20180316/B_tel_ccd_atm_ext_1.2.dat	ed16304ca664fa79abd264a9a8df8794eedb9bb5	df6b951c5ed536c3afb7978185e2b84d68122c4a404efe1df842f3da0e1bef7c	PUBLIC_KCOR_TEXT_AND_TRANSMISSION_ASSET_MAPPED	PUBLIC_KCOR_TEXT_AND_TRACKED_ASSET_METADATA	NOT_ESTABLISHED
54	2005na	5	CSPDR3_anthony	CSP	H	9	Pantheon+_Data/2_CALIBRATION/SNANA_kcor/kcor_CSPDR3.input	Pantheon+_Data/2_CALIBRATION/SNANA_kcor/kcor_CSPDR3_v6_1.fits	53c8a34af63d0d34fb513767abb2fdd852c26bff	1	CSP	CSP-H	BD17	COUNT	$SNDATA_ROOT/filters/CSP/CSP_TAMU_20180316	H_SWO_TAM_scan_atm.dat	Pantheon+_Data/2_CALIBRATION/filters/CSP_TAMU_20180316/H_SWO_TAM_scan_atm.dat	80f88d19c64aa6896007664497b5696f34a37542	03c70045453ef3990d19ecf4e77298698ad26259fe556bd6a7b96f01bfb32d20	PUBLIC_KCOR_TEXT_AND_TRANSMISSION_ASSET_MAPPED	PUBLIC_KCOR_TEXT_AND_TRACKED_ASSET_METADATA	NOT_ESTABLISHED
54	2005na	5	CSPDR3_anthony	CSP	J	5	Pantheon+_Data/2_CALIBRATION/SNANA_kcor/kcor_CSPDR3.input	Pantheon+_Data/2_CALIBRATION/SNANA_kcor/kcor_CSPDR3_v6_1.fits	53c8a34af63d0d34fb513767abb2fdd852c26bff	1	CSP	CSP-J	BD17	COUNT	$SNDATA_ROOT/filters/CSP/CSP_TAMU_20180316	Jrc1_SWO_TAM_scan_atm.dat	Pantheon+_Data/2_CALIBRATION/filters/CSP_TAMU_20180316/Jrc1_SWO_TAM_scan_atm.dat	d324d6b806211446ce1dbe3483067dfff78a2dfb	3939c6b4c446c675afb69c561f5875350bc51895e632cd7a206d29f02b5c53ab	PUBLIC_KCOR_TEXT_AND_TRANSMISSION_ASSET_MAPPED	PUBLIC_KCOR_TEXT_AND_TRACKED_ASSET_METADATA	NOT_ESTABLISHED
54	2005na	5	CSPDR3_anthony	CSP	Y	6	Pantheon+_Data/2_CALIBRATION/SNANA_kcor/kcor_CSPDR3.input	Pantheon+_Data/2_CALIBRATION/SNANA_kcor/kcor_CSPDR3_v6_1.fits	53c8a34af63d0d34fb513767abb2fdd852c26bff	1	CSP	CSP-Y	BD17	COUNT	$SNDATA_ROOT/filters/CSP/CSP_TAMU_20180316	Y_SWO_TAM_scan_atm.dat	Pantheon+_Data/2_CALIBRATION/filters/CSP_TAMU_20180316/Y_SWO_TAM_scan_atm.dat	02e4c0d6dea47ab2bdc195a3aedb5c4d81980939	caa1c6aa2696af7b3567e68101194bf35e08d856b1ec57f58cabce67a91547b4	PUBLIC_KCOR_TEXT_AND_TRANSMISSION_ASSET_MAPPED	PUBLIC_KCOR_TEXT_AND_TRACKED_ASSET_METADATA	NOT_ESTABLISHED
54	2005na	5	CSPDR3_anthony	CSP	g	25	Pantheon+_Data/2_CALIBRATION/SNANA_kcor/kcor_CSPDR3.input	Pantheon+_Data/2_CALIBRATION/SNANA_kcor/kcor_CSPDR3_v6_1.fits	53c8a34af63d0d34fb513767abb2fdd852c26bff	1	CSP	CSP-g	BD17	COUNT	$SNDATA_ROOT/filters/CSP/CSP_TAMU_20180316	g_tel_ccd_atm_ext_1.2.dat	Pantheon+_Data/2_CALIBRATION/filters/CSP_TAMU_20180316/g_tel_ccd_atm_ext_1.2.dat	d7f525225664050f595970d51755d597899f9d38	e2fb29cced302fb7e19b96f780ea9752835967a9208e5441e3936318e31645d5	PUBLIC_KCOR_TEXT_AND_TRANSMISSION_ASSET_MAPPED	PUBLIC_KCOR_TEXT_AND_TRACKED_ASSET_METADATA	NOT_ESTABLISHED
54	2005na	5	CSPDR3_anthony	CSP	i	27	Pantheon+_Data/2_CALIBRATION/SNANA_kcor/kcor_CSPDR3.input	Pantheon+_Data/2_CALIBRATION/SNANA_kcor/kcor_CSPDR3_v6_1.fits	53c8a34af63d0d34fb513767abb2fdd852c26bff	1	CSP	CSP-i	BD17	COUNT	$SNDATA_ROOT/filters/CSP/CSP_TAMU_20180316	i_tel_ccd_atm_ext_1.2.dat	Pantheon+_Data/2_CALIBRATION/filters/CSP_TAMU_20180316/i_tel_ccd_atm_ext_1.2.dat	510329b2cae3a935c3dee7e5c34ef62a5d82f1ea	abdd2b0657023e0b1fc3828dbdda1ed4d0ab6ecaaa6428686d415f875876b01c	PUBLIC_KCOR_TEXT_AND_TRANSMISSION_ASSET_MAPPED	PUBLIC_KCOR_TEXT_AND_TRACKED_ASSET_METADATA	NOT_ESTABLISHED
54	2005na	5	CSPDR3_anthony	CSP	m	5	Pantheon+_Data/2_CALIBRATION/SNANA_kcor/kcor_CSPDR3.input	Pantheon+_Data/2_CALIBRATION/SNANA_kcor/kcor_CSPDR3_v6_1.fits	53c8a34af63d0d34fb513767abb2fdd852c26bff	1	CSP	CSP-m	BD17	COUNT	$SNDATA_ROOT/filters/CSP/CSP_TAMU_20180316	V_LC3014_tel_ccd_atm_ext_1.2.dat	Pantheon+_Data/2_CALIBRATION/filters/CSP_TAMU_20180316/V_LC3014_tel_ccd_atm_ext_1.2.dat	42c7a88eb4c31528bf4ab37d0179893cf8323699	3ed876b1257d9b7f237780fb01fb543c8f5ea17eb33a1a960279d31fca4e2ecb	PUBLIC_KCOR_TEXT_AND_TRANSMISSION_ASSET_MAPPED	PUBLIC_KCOR_TEXT_AND_TRACKED_ASSET_METADATA	NOT_ESTABLISHED
54	2005na	5	CSPDR3_anthony	CSP	n	19	Pantheon+_Data/2_CALIBRATION/SNANA_kcor/kcor_CSPDR3.input	Pantheon+_Data/2_CALIBRATION/SNANA_kcor/kcor_CSPDR3_v6_1.fits	53c8a34af63d0d34fb513767abb2fdd852c26bff	1	CSP	CSP-n	BD17	COUNT	$SNDATA_ROOT/filters/CSP/CSP_TAMU_20180316	V_LC9844_tel_ccd_atm_ext_1.2.dat	Pantheon+_Data/2_CALIBRATION/filters/CSP_TAMU_20180316/V_LC9844_tel_ccd_atm_ext_1.2.dat	6541ce8a5f2c14e332f95cba469435f1c8a8fd3c	a26438b594e812b365d2c5b55035ff60cadbe2db4021b3ff9a61cf4c9bf3fe49	PUBLIC_KCOR_TEXT_AND_TRANSMISSION_ASSET_MAPPED	PUBLIC_KCOR_TEXT_AND_TRACKED_ASSET_METADATA	NOT_ESTABLISHED
54	2005na	5	CSPDR3_anthony	CSP	r	27	Pantheon+_Data/2_CALIBRATION/SNANA_kcor/kcor_CSPDR3.input	Pantheon+_Data/2_CALIBRATION/SNANA_kcor/kcor_CSPDR3_v6_1.fits	53c8a34af63d0d34fb513767abb2fdd852c26bff	1	CSP	CSP-r	BD17	COUNT	$SNDATA_ROOT/filters/CSP/CSP_TAMU_20180316	r_tel_ccd_atm_ext_1.2.dat	Pantheon+_Data/2_CALIBRATION/filters/CSP_TAMU_20180316/r_tel_ccd_atm_ext_1.2.dat	6ca739a4a935e052ce6ae4a96663feeac8250a26	cead2f587b2ff14c0fcd31175ec6b73a477d2ff9767821a02d649167139ae1fd	PUBLIC_KCOR_TEXT_AND_TRANSMISSION_ASSET_MAPPED	PUBLIC_KCOR_TEXT_AND_TRACKED_ASSET_METADATA	NOT_ESTABLISHED
54	2005na	5	CSPDR3_anthony	CSP	u	16	Pantheon+_Data/2_CALIBRATION/SNANA_kcor/kcor_CSPDR3.input	Pantheon+_Data/2_CALIBRATION/SNANA_kcor/kcor_CSPDR3_v6_1.fits	53c8a34af63d0d34fb513767abb2fdd852c26bff	1	CSP	CSP-u	BD17	COUNT	$SNDATA_ROOT/filters/CSP/CSP_TAMU_20180316	u_tel_ccd_atm_ext_1.2.dat	Pantheon+_Data/2_CALIBRATION/filters/CSP_TAMU_20180316/u_tel_ccd_atm_ext_1.2.dat	9f04c0c265228b8285f1af1686dd77096f2059f0	715cfb4eea7a74abbf7d6365f29a551a0ca9a16dd21d8f32af904d4b580f8790	PUBLIC_KCOR_TEXT_AND_TRANSMISSION_ASSET_MAPPED	PUBLIC_KCOR_TEXT_AND_TRACKED_ASSET_METADATA	NOT_ESTABLISHED
54	2005na	5	CSPDR3_anthony	CSP	y	5	Pantheon+_Data/2_CALIBRATION/SNANA_kcor/kcor_CSPDR3.input	Pantheon+_Data/2_CALIBRATION/SNANA_kcor/kcor_CSPDR3_v6_1.fits	53c8a34af63d0d34fb513767abb2fdd852c26bff	1	CSP	CSP-y	BD17	COUNT	$SNDATA_ROOT/filters/CSP/CSP_TAMU_20180316	Y_DUP_TAM_scan_atm.dat	Pantheon+_Data/2_CALIBRATION/filters/CSP_TAMU_20180316/Y_DUP_TAM_scan_atm.dat	7261bed97f866ab6093ba12d1069faf05c5d6d6e	478e4ebb2ef4eb838b2d872ddc72c16d66aab72a6ffb040a68775fab50ff3af6	PUBLIC_KCOR_TEXT_AND_TRANSMISSION_ASSET_MAPPED	PUBLIC_KCOR_TEXT_AND_TRACKED_ASSET_METADATA	NOT_ESTABLISHED
55	2005na	64	CfA3_DJ20	PS1_LOWZ_COMBINED(CFA3K)	f	13	Pantheon+_Data/2_CALIBRATION/SNANA_kcor/kcor_PS1_CFA_COMBINED.input	Pantheon+_Data/2_CALIBRATION/SNANA_kcor/kcor_PS1_CFA_COMBINED_v6_1.fits	a5403c58bf24ff2a7e6f5d7de96572784ed788d8	1	CFA3K	CFA41-U/f	BD17	COUNT	PS1/Pantheon/PS1_CFA4	cfa4_U_p1.dat	Pantheon+_Data/2_CALIBRATION/filters/PS1_CFA4/cfa4_U_p1.dat	80b7b875704d4b114c8446f8d9d7f57329c6cd03	00bbc2356c755f8315eb3dff3143576ed56ad2f18ea8870b4ea27e4a6984ee7b	PUBLIC_KCOR_TEXT_AND_TRANSMISSION_ASSET_MAPPED	PUBLIC_KCOR_TEXT_AND_TRACKED_ASSET_METADATA	NOT_ESTABLISHED
55	2005na	64	CfA3_DJ20	PS1_LOWZ_COMBINED(CFA3K)	g	13	Pantheon+_Data/2_CALIBRATION/SNANA_kcor/kcor_PS1_CFA_COMBINED.input	Pantheon+_Data/2_CALIBRATION/SNANA_kcor/kcor_PS1_CFA_COMBINED_v6_1.fits	a5403c58bf24ff2a7e6f5d7de96572784ed788d8	1	CFA3K	CFA41-B/g	BD17	COUNT	PS1/Pantheon/PS1_CFA4	cfa4_B_p1+modtran.dat	Pantheon+_Data/2_CALIBRATION/filters/PS1_CFA4/cfa4_B_p1+modtran.dat	d44226cb58b4489d6399e97ce7a3935de74fa63c	cca7349553217ed6420d7c28cc644fa45d381992215ec8625505746ee9fa446c	PUBLIC_KCOR_TEXT_AND_TRANSMISSION_ASSET_MAPPED	PUBLIC_KCOR_TEXT_AND_TRACKED_ASSET_METADATA	NOT_ESTABLISHED
55	2005na	64	CfA3_DJ20	PS1_LOWZ_COMBINED(CFA3K)	h	21	Pantheon+_Data/2_CALIBRATION/SNANA_kcor/kcor_PS1_CFA_COMBINED.input	Pantheon+_Data/2_CALIBRATION/SNANA_kcor/kcor_PS1_CFA_COMBINED_v6_1.fits	a5403c58bf24ff2a7e6f5d7de96572784ed788d8	1	CFA3K	CFA41-V/h	BD17	COUNT	PS1/Pantheon/PS1_CFA4	cfa4_V_p1+modtran.dat	Pantheon+_Data/2_CALIBRATION/filters/PS1_CFA4/cfa4_V_p1+modtran.dat	9f4cc89d6fc142d476d9882a445f476715d9616f	351378bba990897cbccaeb80620764b6c8128a39253afc06a944139815b06a4b	PUBLIC_KCOR_TEXT_AND_TRANSMISSION_ASSET_MAPPED	PUBLIC_KCOR_TEXT_AND_TRACKED_ASSET_METADATA	NOT_ESTABLISHED
55	2005na	64	CfA3_DJ20	PS1_LOWZ_COMBINED(CFA3K)	i	23	Pantheon+_Data/2_CALIBRATION/SNANA_kcor/kcor_PS1_CFA_COMBINED.input	Pantheon+_Data/2_CALIBRATION/SNANA_kcor/kcor_PS1_CFA_COMBINED_v6_1.fits	a5403c58bf24ff2a7e6f5d7de96572784ed788d8	1	CFA3K	CFA41-r/i	BD17	COUNT	PS1/Pantheon/PS1_CFA4	cfa4_r_p1+modtran.dat	Pantheon+_Data/2_CALIBRATION/filters/PS1_CFA4/cfa4_r_p1+modtran.dat	fd1ce7f294d15e085dfa3df747c1c2cdf4088629	741377de882b5c205f994c1b9416c9ea5fa4432bc2d7d88dd50cf5dbbe866c99	PUBLIC_KCOR_TEXT_AND_TRANSMISSION_ASSET_MAPPED	PUBLIC_KCOR_TEXT_AND_TRACKED_ASSET_METADATA	NOT_ESTABLISHED
55	2005na	64	CfA3_DJ20	PS1_LOWZ_COMBINED(CFA3K)	j	22	Pantheon+_Data/2_CALIBRATION/SNANA_kcor/kcor_PS1_CFA_COMBINED.input	Pantheon+_Data/2_CALIBRATION/SNANA_kcor/kcor_PS1_CFA_COMBINED_v6_1.fits	a5403c58bf24ff2a7e6f5d7de96572784ed788d8	1	CFA3K	CFA41-i/j	BD17	COUNT	PS1/Pantheon/PS1_CFA4	cfa4_i_p1+modtran.dat	Pantheon+_Data/2_CALIBRATION/filters/PS1_CFA4/cfa4_i_p1+modtran.dat	d92f2ebce3a1091a4f135a5974d5339b76db2b3f	796074a658a6f17d58fd4108d84c6fc65caade1c05e578b0530fe4acbdd14f9c	PUBLIC_KCOR_TEXT_AND_TRANSMISSION_ASSET_MAPPED	PUBLIC_KCOR_TEXT_AND_TRACKED_ASSET_METADATA	NOT_ESTABLISHED
56	2005na	57	KAIT_DS15	KAITM	A	16	Pantheon+_Data/2_CALIBRATION/SNANA_kcor/kcor_KAIT_Mo.input	Pantheon+_Data/2_CALIBRATION/SNANA_kcor/kcor_KAIT_Mo_v6_1.fits	698aa4836a917dfc1569fbccec976db44201110f	1	KAIT	KAIT3-A	BD17	COUNT	$PS1_USERS/dscolnic/Excalibur_dillon/filters/KAIT_2018	B_kait3.txt	Pantheon+_Data/2_CALIBRATION/filters/KAIT_2018/B_kait3.txt	b8849611cb4e128e0e1d39a152af6f52db1f6822	b7432346ab3a4eeffb33c6c79348fb2c96f8bb857228a90483d74f673c82a340	PUBLIC_KCOR_TEXT_AND_TRANSMISSION_ASSET_MAPPED	PUBLIC_KCOR_TEXT_AND_TRACKED_ASSET_METADATA	NOT_ESTABLISHED
56	2005na	57	KAIT_DS15	KAITM	B	15	Pantheon+_Data/2_CALIBRATION/SNANA_kcor/kcor_KAIT_Mo.input	Pantheon+_Data/2_CALIBRATION/SNANA_kcor/kcor_KAIT_Mo_v6_1.fits	698aa4836a917dfc1569fbccec976db44201110f	1	KAIT	KAIT3-B	BD17	COUNT	$PS1_USERS/dscolnic/Excalibur_dillon/filters/KAIT_2018	V_kait3.txt	Pantheon+_Data/2_CALIBRATION/filters/KAIT_2018/V_kait3.txt	1e38a90fcb180bf91567db2b37184a8410b9e018	c0af1f018e3d4d3d60b48c9683827568544e84decdd158e5e2fcd17a5a014171	PUBLIC_KCOR_TEXT_AND_TRANSMISSION_ASSET_MAPPED	PUBLIC_KCOR_TEXT_AND_TRACKED_ASSET_METADATA	NOT_ESTABLISHED
56	2005na	57	KAIT_DS15	KAITM	C	15	Pantheon+_Data/2_CALIBRATION/SNANA_kcor/kcor_KAIT_Mo.input	Pantheon+_Data/2_CALIBRATION/SNANA_kcor/kcor_KAIT_Mo_v6_1.fits	698aa4836a917dfc1569fbccec976db44201110f	1	KAIT	KAIT3-C	BD17	COUNT	$PS1_USERS/dscolnic/Excalibur_dillon/filters/KAIT_2018	R_kait3_cut.txt	Pantheon+_Data/2_CALIBRATION/filters/KAIT_2018/R_kait3_cut.txt	dd88c35bb126f55ce3fe4dad4a6114cf9564d786	da441a4e9f0bc12c5311f8b5155fbc2ffa491b41e250cf4db780007adb46a285	PUBLIC_KCOR_TEXT_AND_TRANSMISSION_ASSET_MAPPED	PUBLIC_KCOR_TEXT_AND_TRACKED_ASSET_METADATA	NOT_ESTABLISHED
56	2005na	57	KAIT_DS15	KAITM	D	15	Pantheon+_Data/2_CALIBRATION/SNANA_kcor/kcor_KAIT_Mo.input	Pantheon+_Data/2_CALIBRATION/SNANA_kcor/kcor_KAIT_Mo_v6_1.fits	698aa4836a917dfc1569fbccec976db44201110f	1	KAIT	KAIT3-D	BD17	COUNT	$PS1_USERS/dscolnic/Excalibur_dillon/filters/KAIT_2018	I_kait3.txt	Pantheon+_Data/2_CALIBRATION/filters/KAIT_2018/I_kait3.txt	4349a1e9112afc412f0e2f0ae908a1a3c63d0e04	d34a4f4b2f926b95ebb866ccc126691d40880319e74446fa81864714b5c02cc0	PUBLIC_KCOR_TEXT_AND_TRANSMISSION_ASSET_MAPPED	PUBLIC_KCOR_TEXT_AND_TRACKED_ASSET_METADATA	NOT_ESTABLISHED
56	2005na	57	KAIT_DS15	KAITM	I	2	Pantheon+_Data/2_CALIBRATION/SNANA_kcor/kcor_KAIT_Mo.input	Pantheon+_Data/2_CALIBRATION/SNANA_kcor/kcor_KAIT_Mo_v6_1.fits	698aa4836a917dfc1569fbccec976db44201110f	1	KAIT	nickel1-I	BD17	COUNT	$PS1_USERS/dscolnic/Excalibur_dillon/filters/KAIT_2018	B_nickel1.txt	Pantheon+_Data/2_CALIBRATION/filters/KAIT_2018/B_nickel1.txt	2c67d9e41e826ea4bfd9b66f2f05d2b855f656f2	f365c798b5c719ed4dee3d4e3a44bd9dfc8d12a8ff1c0fa33e95c08cad94f5c7	PUBLIC_KCOR_TEXT_AND_TRANSMISSION_ASSET_MAPPED	PUBLIC_KCOR_TEXT_AND_TRACKED_ASSET_METADATA	NOT_ESTABLISHED
56	2005na	57	KAIT_DS15	KAITM	J	2	Pantheon+_Data/2_CALIBRATION/SNANA_kcor/kcor_KAIT_Mo.input	Pantheon+_Data/2_CALIBRATION/SNANA_kcor/kcor_KAIT_Mo_v6_1.fits	698aa4836a917dfc1569fbccec976db44201110f	1	KAIT	nickel1-J	BD17	COUNT	$PS1_USERS/dscolnic/Excalibur_dillon/filters/KAIT_2018	V_nickel1.txt	Pantheon+_Data/2_CALIBRATION/filters/KAIT_2018/V_nickel1.txt	fdb56d8b7ec3b17e41a3ec054ce6c0d687fa7440	926c164bfd229ce88887788c129647be77f475bff340a77b673b5550f611f5e9	PUBLIC_KCOR_TEXT_AND_TRANSMISSION_ASSET_MAPPED	PUBLIC_KCOR_TEXT_AND_TRACKED_ASSET_METADATA	NOT_ESTABLISHED
56	2005na	57	KAIT_DS15	KAITM	K	2	Pantheon+_Data/2_CALIBRATION/SNANA_kcor/kcor_KAIT_Mo.input	Pantheon+_Data/2_CALIBRATION/SNANA_kcor/kcor_KAIT_Mo_v6_1.fits	698aa4836a917dfc1569fbccec976db44201110f	1	KAIT	nickel1-K	BD17	COUNT	$PS1_USERS/dscolnic/Excalibur_dillon/filters/KAIT_2018	R_nickel1.txt	Pantheon+_Data/2_CALIBRATION/filters/KAIT_2018/R_nickel1.txt	af7b347fb460f0943c0c8ce159e5271061a22c5d	2a1e23e610f27ef9f4abc4301d1cfc9ad793a4e7ecc967667ea80603b0742dc1	PUBLIC_KCOR_TEXT_AND_TRANSMISSION_ASSET_MAPPED	PUBLIC_KCOR_TEXT_AND_TRACKED_ASSET_METADATA	NOT_ESTABLISHED
56	2005na	57	KAIT_DS15	KAITM	L	1	Pantheon+_Data/2_CALIBRATION/SNANA_kcor/kcor_KAIT_Mo.input	Pantheon+_Data/2_CALIBRATION/SNANA_kcor/kcor_KAIT_Mo_v6_1.fits	698aa4836a917dfc1569fbccec976db44201110f	1	KAIT	nickel1-L	BD17	COUNT	$PS1_USERS/dscolnic/Excalibur_dillon/filters/KAIT_2018	I_nickel1.txt	Pantheon+_Data/2_CALIBRATION/filters/KAIT_2018/I_nickel1.txt	d0b1006f2472fbb5b1048cdc29feec28062e2667	126bb7cbd41ec506d477630b20cad6ec26ff59f6e583c2f54cb32f13133d8469	PUBLIC_KCOR_TEXT_AND_TRANSMISSION_ASSET_MAPPED	PUBLIC_KCOR_TEXT_AND_TRACKED_ASSET_METADATA	NOT_ESTABLISHED
61	2005eq	57	KAIT_DS15	KAITM	A	20	Pantheon+_Data/2_CALIBRATION/SNANA_kcor/kcor_KAIT_Mo.input	Pantheon+_Data/2_CALIBRATION/SNANA_kcor/kcor_KAIT_Mo_v6_1.fits	698aa4836a917dfc1569fbccec976db44201110f	1	KAIT	KAIT3-A	BD17	COUNT	$PS1_USERS/dscolnic/Excalibur_dillon/filters/KAIT_2018	B_kait3.txt	Pantheon+_Data/2_CALIBRATION/filters/KAIT_2018/B_kait3.txt	b8849611cb4e128e0e1d39a152af6f52db1f6822	b7432346ab3a4eeffb33c6c79348fb2c96f8bb857228a90483d74f673c82a340	PUBLIC_KCOR_TEXT_AND_TRANSMISSION_ASSET_MAPPED	PUBLIC_KCOR_TEXT_AND_TRACKED_ASSET_METADATA	NOT_ESTABLISHED
61	2005eq	57	KAIT_DS15	KAITM	B	21	Pantheon+_Data/2_CALIBRATION/SNANA_kcor/kcor_KAIT_Mo.input	Pantheon+_Data/2_CALIBRATION/SNANA_kcor/kcor_KAIT_Mo_v6_1.fits	698aa4836a917dfc1569fbccec976db44201110f	1	KAIT	KAIT3-B	BD17	COUNT	$PS1_USERS/dscolnic/Excalibur_dillon/filters/KAIT_2018	V_kait3.txt	Pantheon+_Data/2_CALIBRATION/filters/KAIT_2018/V_kait3.txt	1e38a90fcb180bf91567db2b37184a8410b9e018	c0af1f018e3d4d3d60b48c9683827568544e84decdd158e5e2fcd17a5a014171	PUBLIC_KCOR_TEXT_AND_TRANSMISSION_ASSET_MAPPED	PUBLIC_KCOR_TEXT_AND_TRACKED_ASSET_METADATA	NOT_ESTABLISHED
61	2005eq	57	KAIT_DS15	KAITM	C	21	Pantheon+_Data/2_CALIBRATION/SNANA_kcor/kcor_KAIT_Mo.input	Pantheon+_Data/2_CALIBRATION/SNANA_kcor/kcor_KAIT_Mo_v6_1.fits	698aa4836a917dfc1569fbccec976db44201110f	1	KAIT	KAIT3-C	BD17	COUNT	$PS1_USERS/dscolnic/Excalibur_dillon/filters/KAIT_2018	R_kait3_cut.txt	Pantheon+_Data/2_CALIBRATION/filters/KAIT_2018/R_kait3_cut.txt	dd88c35bb126f55ce3fe4dad4a6114cf9564d786	da441a4e9f0bc12c5311f8b5155fbc2ffa491b41e250cf4db780007adb46a285	PUBLIC_KCOR_TEXT_AND_TRANSMISSION_ASSET_MAPPED	PUBLIC_KCOR_TEXT_AND_TRACKED_ASSET_METADATA	NOT_ESTABLISHED
61	2005eq	57	KAIT_DS15	KAITM	D	21	Pantheon+_Data/2_CALIBRATION/SNANA_kcor/kcor_KAIT_Mo.input	Pantheon+_Data/2_CALIBRATION/SNANA_kcor/kcor_KAIT_Mo_v6_1.fits	698aa4836a917dfc1569fbccec976db44201110f	1	KAIT	KAIT3-D	BD17	COUNT	$PS1_USERS/dscolnic/Excalibur_dillon/filters/KAIT_2018	I_kait3.txt	Pantheon+_Data/2_CALIBRATION/filters/KAIT_2018/I_kait3.txt	4349a1e9112afc412f0e2f0ae908a1a3c63d0e04	d34a4f4b2f926b95ebb866ccc126691d40880319e74446fa81864714b5c02cc0	PUBLIC_KCOR_TEXT_AND_TRANSMISSION_ASSET_MAPPED	PUBLIC_KCOR_TEXT_AND_TRACKED_ASSET_METADATA	NOT_ESTABLISHED
61	2005eq	57	KAIT_DS15	KAITM	I	1	Pantheon+_Data/2_CALIBRATION/SNANA_kcor/kcor_KAIT_Mo.input	Pantheon+_Data/2_CALIBRATION/SNANA_kcor/kcor_KAIT_Mo_v6_1.fits	698aa4836a917dfc1569fbccec976db44201110f	1	KAIT	nickel1-I	BD17	COUNT	$PS1_USERS/dscolnic/Excalibur_dillon/filters/KAIT_2018	B_nickel1.txt	Pantheon+_Data/2_CALIBRATION/filters/KAIT_2018/B_nickel1.txt	2c67d9e41e826ea4bfd9b66f2f05d2b855f656f2	f365c798b5c719ed4dee3d4e3a44bd9dfc8d12a8ff1c0fa33e95c08cad94f5c7	PUBLIC_KCOR_TEXT_AND_TRANSMISSION_ASSET_MAPPED	PUBLIC_KCOR_TEXT_AND_TRACKED_ASSET_METADATA	NOT_ESTABLISHED
61	2005eq	57	KAIT_DS15	KAITM	J	1	Pantheon+_Data/2_CALIBRATION/SNANA_kcor/kcor_KAIT_Mo.input	Pantheon+_Data/2_CALIBRATION/SNANA_kcor/kcor_KAIT_Mo_v6_1.fits	698aa4836a917dfc1569fbccec976db44201110f	1	KAIT	nickel1-J	BD17	COUNT	$PS1_USERS/dscolnic/Excalibur_dillon/filters/KAIT_2018	V_nickel1.txt	Pantheon+_Data/2_CALIBRATION/filters/KAIT_2018/V_nickel1.txt	fdb56d8b7ec3b17e41a3ec054ce6c0d687fa7440	926c164bfd229ce88887788c129647be77f475bff340a77b673b5550f611f5e9	PUBLIC_KCOR_TEXT_AND_TRANSMISSION_ASSET_MAPPED	PUBLIC_KCOR_TEXT_AND_TRACKED_ASSET_METADATA	NOT_ESTABLISHED
61	2005eq	57	KAIT_DS15	KAITM	K	1	Pantheon+_Data/2_CALIBRATION/SNANA_kcor/kcor_KAIT_Mo.input	Pantheon+_Data/2_CALIBRATION/SNANA_kcor/kcor_KAIT_Mo_v6_1.fits	698aa4836a917dfc1569fbccec976db44201110f	1	KAIT	nickel1-K	BD17	COUNT	$PS1_USERS/dscolnic/Excalibur_dillon/filters/KAIT_2018	R_nickel1.txt	Pantheon+_Data/2_CALIBRATION/filters/KAIT_2018/R_nickel1.txt	af7b347fb460f0943c0c8ce159e5271061a22c5d	2a1e23e610f27ef9f4abc4301d1cfc9ad793a4e7ecc967667ea80603b0742dc1	PUBLIC_KCOR_TEXT_AND_TRANSMISSION_ASSET_MAPPED	PUBLIC_KCOR_TEXT_AND_TRACKED_ASSET_METADATA	NOT_ESTABLISHED
61	2005eq	57	KAIT_DS15	KAITM	L	1	Pantheon+_Data/2_CALIBRATION/SNANA_kcor/kcor_KAIT_Mo.input	Pantheon+_Data/2_CALIBRATION/SNANA_kcor/kcor_KAIT_Mo_v6_1.fits	698aa4836a917dfc1569fbccec976db44201110f	1	KAIT	nickel1-L	BD17	COUNT	$PS1_USERS/dscolnic/Excalibur_dillon/filters/KAIT_2018	I_nickel1.txt	Pantheon+_Data/2_CALIBRATION/filters/KAIT_2018/I_nickel1.txt	d0b1006f2472fbb5b1048cdc29feec28062e2667	126bb7cbd41ec506d477630b20cad6ec26ff59f6e583c2f54cb32f13133d8469	PUBLIC_KCOR_TEXT_AND_TRANSMISSION_ASSET_MAPPED	PUBLIC_KCOR_TEXT_AND_TRACKED_ASSET_METADATA	NOT_ESTABLISHED
62	2005eq	5	CSPDR3_anthony	CSP	B	27	Pantheon+_Data/2_CALIBRATION/SNANA_kcor/kcor_CSPDR3.input	Pantheon+_Data/2_CALIBRATION/SNANA_kcor/kcor_CSPDR3_v6_1.fits	53c8a34af63d0d34fb513767abb2fdd852c26bff	1	CSP	CSP-B	BD17	COUNT	$SNDATA_ROOT/filters/CSP/CSP_TAMU_20180316	B_tel_ccd_atm_ext_1.2.dat	Pantheon+_Data/2_CALIBRATION/filters/CSP_TAMU_20180316/B_tel_ccd_atm_ext_1.2.dat	ed16304ca664fa79abd264a9a8df8794eedb9bb5	df6b951c5ed536c3afb7978185e2b84d68122c4a404efe1df842f3da0e1bef7c	PUBLIC_KCOR_TEXT_AND_TRANSMISSION_ASSET_MAPPED	PUBLIC_KCOR_TEXT_AND_TRACKED_ASSET_METADATA	NOT_ESTABLISHED
62	2005eq	5	CSPDR3_anthony	CSP	H	13	Pantheon+_Data/2_CALIBRATION/SNANA_kcor/kcor_CSPDR3.input	Pantheon+_Data/2_CALIBRATION/SNANA_kcor/kcor_CSPDR3_v6_1.fits	53c8a34af63d0d34fb513767abb2fdd852c26bff	1	CSP	CSP-H	BD17	COUNT	$SNDATA_ROOT/filters/CSP/CSP_TAMU_20180316	H_SWO_TAM_scan_atm.dat	Pantheon+_Data/2_CALIBRATION/filters/CSP_TAMU_20180316/H_SWO_TAM_scan_atm.dat	80f88d19c64aa6896007664497b5696f34a37542	03c70045453ef3990d19ecf4e77298698ad26259fe556bd6a7b96f01bfb32d20	PUBLIC_KCOR_TEXT_AND_TRANSMISSION_ASSET_MAPPED	PUBLIC_KCOR_TEXT_AND_TRACKED_ASSET_METADATA	NOT_ESTABLISHED
62	2005eq	5	CSPDR3_anthony	CSP	J	19	Pantheon+_Data/2_CALIBRATION/SNANA_kcor/kcor_CSPDR3.input	Pantheon+_Data/2_CALIBRATION/SNANA_kcor/kcor_CSPDR3_v6_1.fits	53c8a34af63d0d34fb513767abb2fdd852c26bff	1	CSP	CSP-J	BD17	COUNT	$SNDATA_ROOT/filters/CSP/CSP_TAMU_20180316	Jrc1_SWO_TAM_scan_atm.dat	Pantheon+_Data/2_CALIBRATION/filters/CSP_TAMU_20180316/Jrc1_SWO_TAM_scan_atm.dat	d324d6b806211446ce1dbe3483067dfff78a2dfb	3939c6b4c446c675afb69c561f5875350bc51895e632cd7a206d29f02b5c53ab	PUBLIC_KCOR_TEXT_AND_TRANSMISSION_ASSET_MAPPED	PUBLIC_KCOR_TEXT_AND_TRACKED_ASSET_METADATA	NOT_ESTABLISHED
62	2005eq	5	CSPDR3_anthony	CSP	Y	25	Pantheon+_Data/2_CALIBRATION/SNANA_kcor/kcor_CSPDR3.input	Pantheon+_Data/2_CALIBRATION/SNANA_kcor/kcor_CSPDR3_v6_1.fits	53c8a34af63d0d34fb513767abb2fdd852c26bff	1	CSP	CSP-Y	BD17	COUNT	$SNDATA_ROOT/filters/CSP/CSP_TAMU_20180316	Y_SWO_TAM_scan_atm.dat	Pantheon+_Data/2_CALIBRATION/filters/CSP_TAMU_20180316/Y_SWO_TAM_scan_atm.dat	02e4c0d6dea47ab2bdc195a3aedb5c4d81980939	caa1c6aa2696af7b3567e68101194bf35e08d856b1ec57f58cabce67a91547b4	PUBLIC_KCOR_TEXT_AND_TRANSMISSION_ASSET_MAPPED	PUBLIC_KCOR_TEXT_AND_TRACKED_ASSET_METADATA	NOT_ESTABLISHED
62	2005eq	5	CSPDR3_anthony	CSP	g	27	Pantheon+_Data/2_CALIBRATION/SNANA_kcor/kcor_CSPDR3.input	Pantheon+_Data/2_CALIBRATION/SNANA_kcor/kcor_CSPDR3_v6_1.fits	53c8a34af63d0d34fb513767abb2fdd852c26bff	1	CSP	CSP-g	BD17	COUNT	$SNDATA_ROOT/filters/CSP/CSP_TAMU_20180316	g_tel_ccd_atm_ext_1.2.dat	Pantheon+_Data/2_CALIBRATION/filters/CSP_TAMU_20180316/g_tel_ccd_atm_ext_1.2.dat	d7f525225664050f595970d51755d597899f9d38	e2fb29cced302fb7e19b96f780ea9752835967a9208e5441e3936318e31645d5	PUBLIC_KCOR_TEXT_AND_TRANSMISSION_ASSET_MAPPED	PUBLIC_KCOR_TEXT_AND_TRACKED_ASSET_METADATA	NOT_ESTABLISHED
62	2005eq	5	CSPDR3_anthony	CSP	i	27	Pantheon+_Data/2_CALIBRATION/SNANA_kcor/kcor_CSPDR3.input	Pantheon+_Data/2_CALIBRATION/SNANA_kcor/kcor_CSPDR3_v6_1.fits	53c8a34af63d0d34fb513767abb2fdd852c26bff	1	CSP	CSP-i	BD17	COUNT	$SNDATA_ROOT/filters/CSP/CSP_TAMU_20180316	i_tel_ccd_atm_ext_1.2.dat	Pantheon+_Data/2_CALIBRATION/filters/CSP_TAMU_20180316/i_tel_ccd_atm_ext_1.2.dat	510329b2cae3a935c3dee7e5c34ef62a5d82f1ea	abdd2b0657023e0b1fc3828dbdda1ed4d0ab6ecaaa6428686d415f875876b01c	PUBLIC_KCOR_TEXT_AND_TRANSMISSION_ASSET_MAPPED	PUBLIC_KCOR_TEXT_AND_TRACKED_ASSET_METADATA	NOT_ESTABLISHED
62	2005eq	5	CSPDR3_anthony	CSP	m	26	Pantheon+_Data/2_CALIBRATION/SNANA_kcor/kcor_CSPDR3.input	Pantheon+_Data/2_CALIBRATION/SNANA_kcor/kcor_CSPDR3_v6_1.fits	53c8a34af63d0d34fb513767abb2fdd852c26bff	1	CSP	CSP-m	BD17	COUNT	$SNDATA_ROOT/filters/CSP/CSP_TAMU_20180316	V_LC3014_tel_ccd_atm_ext_1.2.dat	Pantheon+_Data/2_CALIBRATION/filters/CSP_TAMU_20180316/V_LC3014_tel_ccd_atm_ext_1.2.dat	42c7a88eb4c31528bf4ab37d0179893cf8323699	3ed876b1257d9b7f237780fb01fb543c8f5ea17eb33a1a960279d31fca4e2ecb	PUBLIC_KCOR_TEXT_AND_TRANSMISSION_ASSET_MAPPED	PUBLIC_KCOR_TEXT_AND_TRACKED_ASSET_METADATA	NOT_ESTABLISHED
62	2005eq	5	CSPDR3_anthony	CSP	r	27	Pantheon+_Data/2_CALIBRATION/SNANA_kcor/kcor_CSPDR3.input	Pantheon+_Data/2_CALIBRATION/SNANA_kcor/kcor_CSPDR3_v6_1.fits	53c8a34af63d0d34fb513767abb2fdd852c26bff	1	CSP	CSP-r	BD17	COUNT	$SNDATA_ROOT/filters/CSP/CSP_TAMU_20180316	r_tel_ccd_atm_ext_1.2.dat	Pantheon+_Data/2_CALIBRATION/filters/CSP_TAMU_20180316/r_tel_ccd_atm_ext_1.2.dat	6ca739a4a935e052ce6ae4a96663feeac8250a26	cead2f587b2ff14c0fcd31175ec6b73a477d2ff9767821a02d649167139ae1fd	PUBLIC_KCOR_TEXT_AND_TRANSMISSION_ASSET_MAPPED	PUBLIC_KCOR_TEXT_AND_TRACKED_ASSET_METADATA	NOT_ESTABLISHED
62	2005eq	5	CSPDR3_anthony	CSP	u	19	Pantheon+_Data/2_CALIBRATION/SNANA_kcor/kcor_CSPDR3.input	Pantheon+_Data/2_CALIBRATION/SNANA_kcor/kcor_CSPDR3_v6_1.fits	53c8a34af63d0d34fb513767abb2fdd852c26bff	1	CSP	CSP-u	BD17	COUNT	$SNDATA_ROOT/filters/CSP/CSP_TAMU_20180316	u_tel_ccd_atm_ext_1.2.dat	Pantheon+_Data/2_CALIBRATION/filters/CSP_TAMU_20180316/u_tel_ccd_atm_ext_1.2.dat	9f04c0c265228b8285f1af1686dd77096f2059f0	715cfb4eea7a74abbf7d6365f29a551a0ca9a16dd21d8f32af904d4b580f8790	PUBLIC_KCOR_TEXT_AND_TRANSMISSION_ASSET_MAPPED	PUBLIC_KCOR_TEXT_AND_TRACKED_ASSET_METADATA	NOT_ESTABLISHED
62	2005eq	5	CSPDR3_anthony	CSP	y	1	Pantheon+_Data/2_CALIBRATION/SNANA_kcor/kcor_CSPDR3.input	Pantheon+_Data/2_CALIBRATION/SNANA_kcor/kcor_CSPDR3_v6_1.fits	53c8a34af63d0d34fb513767abb2fdd852c26bff	1	CSP	CSP-y	BD17	COUNT	$SNDATA_ROOT/filters/CSP/CSP_TAMU_20180316	Y_DUP_TAM_scan_atm.dat	Pantheon+_Data/2_CALIBRATION/filters/CSP_TAMU_20180316/Y_DUP_TAM_scan_atm.dat	7261bed97f866ab6093ba12d1069faf05c5d6d6e	478e4ebb2ef4eb838b2d872ddc72c16d66aab72a6ffb040a68775fab50ff3af6	PUBLIC_KCOR_TEXT_AND_TRANSMISSION_ASSET_MAPPED	PUBLIC_KCOR_TEXT_AND_TRACKED_ASSET_METADATA	NOT_ESTABLISHED
63	2005eq	64	CfA3_DJ20	PS1_LOWZ_COMBINED(CFA3K)	f	22	Pantheon+_Data/2_CALIBRATION/SNANA_kcor/kcor_PS1_CFA_COMBINED.input	Pantheon+_Data/2_CALIBRATION/SNANA_kcor/kcor_PS1_CFA_COMBINED_v6_1.fits	a5403c58bf24ff2a7e6f5d7de96572784ed788d8	1	CFA3K	CFA41-U/f	BD17	COUNT	PS1/Pantheon/PS1_CFA4	cfa4_U_p1.dat	Pantheon+_Data/2_CALIBRATION/filters/PS1_CFA4/cfa4_U_p1.dat	80b7b875704d4b114c8446f8d9d7f57329c6cd03	00bbc2356c755f8315eb3dff3143576ed56ad2f18ea8870b4ea27e4a6984ee7b	PUBLIC_KCOR_TEXT_AND_TRANSMISSION_ASSET_MAPPED	PUBLIC_KCOR_TEXT_AND_TRACKED_ASSET_METADATA	NOT_ESTABLISHED
63	2005eq	64	CfA3_DJ20	PS1_LOWZ_COMBINED(CFA3K)	g	24	Pantheon+_Data/2_CALIBRATION/SNANA_kcor/kcor_PS1_CFA_COMBINED.input	Pantheon+_Data/2_CALIBRATION/SNANA_kcor/kcor_PS1_CFA_COMBINED_v6_1.fits	a5403c58bf24ff2a7e6f5d7de96572784ed788d8	1	CFA3K	CFA41-B/g	BD17	COUNT	PS1/Pantheon/PS1_CFA4	cfa4_B_p1+modtran.dat	Pantheon+_Data/2_CALIBRATION/filters/PS1_CFA4/cfa4_B_p1+modtran.dat	d44226cb58b4489d6399e97ce7a3935de74fa63c	cca7349553217ed6420d7c28cc644fa45d381992215ec8625505746ee9fa446c	PUBLIC_KCOR_TEXT_AND_TRANSMISSION_ASSET_MAPPED	PUBLIC_KCOR_TEXT_AND_TRACKED_ASSET_METADATA	NOT_ESTABLISHED
63	2005eq	64	CfA3_DJ20	PS1_LOWZ_COMBINED(CFA3K)	h	33	Pantheon+_Data/2_CALIBRATION/SNANA_kcor/kcor_PS1_CFA_COMBINED.input	Pantheon+_Data/2_CALIBRATION/SNANA_kcor/kcor_PS1_CFA_COMBINED_v6_1.fits	a5403c58bf24ff2a7e6f5d7de96572784ed788d8	1	CFA3K	CFA41-V/h	BD17	COUNT	PS1/Pantheon/PS1_CFA4	cfa4_V_p1+modtran.dat	Pantheon+_Data/2_CALIBRATION/filters/PS1_CFA4/cfa4_V_p1+modtran.dat	9f4cc89d6fc142d476d9882a445f476715d9616f	351378bba990897cbccaeb80620764b6c8128a39253afc06a944139815b06a4b	PUBLIC_KCOR_TEXT_AND_TRANSMISSION_ASSET_MAPPED	PUBLIC_KCOR_TEXT_AND_TRACKED_ASSET_METADATA	NOT_ESTABLISHED
63	2005eq	64	CfA3_DJ20	PS1_LOWZ_COMBINED(CFA3K)	i	32	Pantheon+_Data/2_CALIBRATION/SNANA_kcor/kcor_PS1_CFA_COMBINED.input	Pantheon+_Data/2_CALIBRATION/SNANA_kcor/kcor_PS1_CFA_COMBINED_v6_1.fits	a5403c58bf24ff2a7e6f5d7de96572784ed788d8	1	CFA3K	CFA41-r/i	BD17	COUNT	PS1/Pantheon/PS1_CFA4	cfa4_r_p1+modtran.dat	Pantheon+_Data/2_CALIBRATION/filters/PS1_CFA4/cfa4_r_p1+modtran.dat	fd1ce7f294d15e085dfa3df747c1c2cdf4088629	741377de882b5c205f994c1b9416c9ea5fa4432bc2d7d88dd50cf5dbbe866c99	PUBLIC_KCOR_TEXT_AND_TRANSMISSION_ASSET_MAPPED	PUBLIC_KCOR_TEXT_AND_TRACKED_ASSET_METADATA	NOT_ESTABLISHED
63	2005eq	64	CfA3_DJ20	PS1_LOWZ_COMBINED(CFA3K)	j	30	Pantheon+_Data/2_CALIBRATION/SNANA_kcor/kcor_PS1_CFA_COMBINED.input	Pantheon+_Data/2_CALIBRATION/SNANA_kcor/kcor_PS1_CFA_COMBINED_v6_1.fits	a5403c58bf24ff2a7e6f5d7de96572784ed788d8	1	CFA3K	CFA41-i/j	BD17	COUNT	PS1/Pantheon/PS1_CFA4	cfa4_i_p1+modtran.dat	Pantheon+_Data/2_CALIBRATION/filters/PS1_CFA4/cfa4_i_p1+modtran.dat	d92f2ebce3a1091a4f135a5974d5339b76db2b3f	796074a658a6f17d58fd4108d84c6fc65caade1c05e578b0530fe4acbdd14f9c	PUBLIC_KCOR_TEXT_AND_TRANSMISSION_ASSET_MAPPED	PUBLIC_KCOR_TEXT_AND_TRACKED_ASSET_METADATA	NOT_ESTABLISHED
64	2009ad	65	PS1_LOWZ_COMBINED_TEXT_DS17	PS1_LOWZ_COMBINED(CFA4p1)	l	18	Pantheon+_Data/2_CALIBRATION/SNANA_kcor/kcor_PS1_CFA_COMBINED.input	Pantheon+_Data/2_CALIBRATION/SNANA_kcor/kcor_PS1_CFA_COMBINED_v6_1.fits	a5403c58bf24ff2a7e6f5d7de96572784ed788d8	1	CFA4p1	CFA41-B/l	BD17	COUNT	PS1/Pantheon/PS1_CFA4	cfa4_B_p1+modtran.dat	Pantheon+_Data/2_CALIBRATION/filters/PS1_CFA4/cfa4_B_p1+modtran.dat	d44226cb58b4489d6399e97ce7a3935de74fa63c	cca7349553217ed6420d7c28cc644fa45d381992215ec8625505746ee9fa446c	PUBLIC_KCOR_TEXT_AND_TRANSMISSION_ASSET_MAPPED	PUBLIC_KCOR_TEXT_AND_TRACKED_ASSET_METADATA	NOT_ESTABLISHED
64	2009ad	65	PS1_LOWZ_COMBINED_TEXT_DS17	PS1_LOWZ_COMBINED(CFA4p1)	m	19	Pantheon+_Data/2_CALIBRATION/SNANA_kcor/kcor_PS1_CFA_COMBINED.input	Pantheon+_Data/2_CALIBRATION/SNANA_kcor/kcor_PS1_CFA_COMBINED_v6_1.fits	a5403c58bf24ff2a7e6f5d7de96572784ed788d8	1	CFA4p1	CFA41-V/m	BD17	COUNT	PS1/Pantheon/PS1_CFA4	cfa4_V_p1+modtran.dat	Pantheon+_Data/2_CALIBRATION/filters/PS1_CFA4/cfa4_V_p1+modtran.dat	9f4cc89d6fc142d476d9882a445f476715d9616f	351378bba990897cbccaeb80620764b6c8128a39253afc06a944139815b06a4b	PUBLIC_KCOR_TEXT_AND_TRANSMISSION_ASSET_MAPPED	PUBLIC_KCOR_TEXT_AND_TRACKED_ASSET_METADATA	NOT_ESTABLISHED
64	2009ad	65	PS1_LOWZ_COMBINED_TEXT_DS17	PS1_LOWZ_COMBINED(CFA4p1)	n	18	Pantheon+_Data/2_CALIBRATION/SNANA_kcor/kcor_PS1_CFA_COMBINED.input	Pantheon+_Data/2_CALIBRATION/SNANA_kcor/kcor_PS1_CFA_COMBINED_v6_1.fits	a5403c58bf24ff2a7e6f5d7de96572784ed788d8	1	CFA4p1	CFA41-r/n	BD17	COUNT	PS1/Pantheon/PS1_CFA4	cfa4_r_p1+modtran.dat	Pantheon+_Data/2_CALIBRATION/filters/PS1_CFA4/cfa4_r_p1+modtran.dat	fd1ce7f294d15e085dfa3df747c1c2cdf4088629	741377de882b5c205f994c1b9416c9ea5fa4432bc2d7d88dd50cf5dbbe866c99	PUBLIC_KCOR_TEXT_AND_TRANSMISSION_ASSET_MAPPED	PUBLIC_KCOR_TEXT_AND_TRACKED_ASSET_METADATA	NOT_ESTABLISHED
64	2009ad	65	PS1_LOWZ_COMBINED_TEXT_DS17	PS1_LOWZ_COMBINED(CFA4p1)	o	19	Pantheon+_Data/2_CALIBRATION/SNANA_kcor/kcor_PS1_CFA_COMBINED.input	Pantheon+_Data/2_CALIBRATION/SNANA_kcor/kcor_PS1_CFA_COMBINED_v6_1.fits	a5403c58bf24ff2a7e6f5d7de96572784ed788d8	1	CFA4p1	CFA41-i/o	BD17	COUNT	PS1/Pantheon/PS1_CFA4	cfa4_i_p1+modtran.dat	Pantheon+_Data/2_CALIBRATION/filters/PS1_CFA4/cfa4_i_p1+modtran.dat	d92f2ebce3a1091a4f135a5974d5339b76db2b3f	796074a658a6f17d58fd4108d84c6fc65caade1c05e578b0530fe4acbdd14f9c	PUBLIC_KCOR_TEXT_AND_TRANSMISSION_ASSET_MAPPED	PUBLIC_KCOR_TEXT_AND_TRACKED_ASSET_METADATA	NOT_ESTABLISHED
65	2009ad	5	CSPDR3_anthony	CSP	B	12	Pantheon+_Data/2_CALIBRATION/SNANA_kcor/kcor_CSPDR3.input	Pantheon+_Data/2_CALIBRATION/SNANA_kcor/kcor_CSPDR3_v6_1.fits	53c8a34af63d0d34fb513767abb2fdd852c26bff	1	CSP	CSP-B	BD17	COUNT	$SNDATA_ROOT/filters/CSP/CSP_TAMU_20180316	B_tel_ccd_atm_ext_1.2.dat	Pantheon+_Data/2_CALIBRATION/filters/CSP_TAMU_20180316/B_tel_ccd_atm_ext_1.2.dat	ed16304ca664fa79abd264a9a8df8794eedb9bb5	df6b951c5ed536c3afb7978185e2b84d68122c4a404efe1df842f3da0e1bef7c	PUBLIC_KCOR_TEXT_AND_TRANSMISSION_ASSET_MAPPED	PUBLIC_KCOR_TEXT_AND_TRACKED_ASSET_METADATA	NOT_ESTABLISHED
65	2009ad	5	CSPDR3_anthony	CSP	H	17	Pantheon+_Data/2_CALIBRATION/SNANA_kcor/kcor_CSPDR3.input	Pantheon+_Data/2_CALIBRATION/SNANA_kcor/kcor_CSPDR3_v6_1.fits	53c8a34af63d0d34fb513767abb2fdd852c26bff	1	CSP	CSP-H	BD17	COUNT	$SNDATA_ROOT/filters/CSP/CSP_TAMU_20180316	H_SWO_TAM_scan_atm.dat	Pantheon+_Data/2_CALIBRATION/filters/CSP_TAMU_20180316/H_SWO_TAM_scan_atm.dat	80f88d19c64aa6896007664497b5696f34a37542	03c70045453ef3990d19ecf4e77298698ad26259fe556bd6a7b96f01bfb32d20	PUBLIC_KCOR_TEXT_AND_TRANSMISSION_ASSET_MAPPED	PUBLIC_KCOR_TEXT_AND_TRACKED_ASSET_METADATA	NOT_ESTABLISHED
65	2009ad	5	CSPDR3_anthony	CSP	Y	22	Pantheon+_Data/2_CALIBRATION/SNANA_kcor/kcor_CSPDR3.input	Pantheon+_Data/2_CALIBRATION/SNANA_kcor/kcor_CSPDR3_v6_1.fits	53c8a34af63d0d34fb513767abb2fdd852c26bff	1	CSP	CSP-Y	BD17	COUNT	$SNDATA_ROOT/filters/CSP/CSP_TAMU_20180316	Y_SWO_TAM_scan_atm.dat	Pantheon+_Data/2_CALIBRATION/filters/CSP_TAMU_20180316/Y_SWO_TAM_scan_atm.dat	02e4c0d6dea47ab2bdc195a3aedb5c4d81980939	caa1c6aa2696af7b3567e68101194bf35e08d856b1ec57f58cabce67a91547b4	PUBLIC_KCOR_TEXT_AND_TRANSMISSION_ASSET_MAPPED	PUBLIC_KCOR_TEXT_AND_TRACKED_ASSET_METADATA	NOT_ESTABLISHED
65	2009ad	5	CSPDR3_anthony	CSP	g	12	Pantheon+_Data/2_CALIBRATION/SNANA_kcor/kcor_CSPDR3.input	Pantheon+_Data/2_CALIBRATION/SNANA_kcor/kcor_CSPDR3_v6_1.fits	53c8a34af63d0d34fb513767abb2fdd852c26bff	1	CSP	CSP-g	BD17	COUNT	$SNDATA_ROOT/filters/CSP/CSP_TAMU_20180316	g_tel_ccd_atm_ext_1.2.dat	Pantheon+_Data/2_CALIBRATION/filters/CSP_TAMU_20180316/g_tel_ccd_atm_ext_1.2.dat	d7f525225664050f595970d51755d597899f9d38	e2fb29cced302fb7e19b96f780ea9752835967a9208e5441e3936318e31645d5	PUBLIC_KCOR_TEXT_AND_TRANSMISSION_ASSET_MAPPED	PUBLIC_KCOR_TEXT_AND_TRACKED_ASSET_METADATA	NOT_ESTABLISHED
65	2009ad	5	CSPDR3_anthony	CSP	i	12	Pantheon+_Data/2_CALIBRATION/SNANA_kcor/kcor_CSPDR3.input	Pantheon+_Data/2_CALIBRATION/SNANA_kcor/kcor_CSPDR3_v6_1.fits	53c8a34af63d0d34fb513767abb2fdd852c26bff	1	CSP	CSP-i	BD17	COUNT	$SNDATA_ROOT/filters/CSP/CSP_TAMU_20180316	i_tel_ccd_atm_ext_1.2.dat	Pantheon+_Data/2_CALIBRATION/filters/CSP_TAMU_20180316/i_tel_ccd_atm_ext_1.2.dat	510329b2cae3a935c3dee7e5c34ef62a5d82f1ea	abdd2b0657023e0b1fc3828dbdda1ed4d0ab6ecaaa6428686d415f875876b01c	PUBLIC_KCOR_TEXT_AND_TRANSMISSION_ASSET_MAPPED	PUBLIC_KCOR_TEXT_AND_TRACKED_ASSET_METADATA	NOT_ESTABLISHED
65	2009ad	5	CSPDR3_anthony	CSP	j	17	Pantheon+_Data/2_CALIBRATION/SNANA_kcor/kcor_CSPDR3.input	Pantheon+_Data/2_CALIBRATION/SNANA_kcor/kcor_CSPDR3_v6_1.fits	53c8a34af63d0d34fb513767abb2fdd852c26bff	1	CSP	CSP-j	BD17	COUNT	$SNDATA_ROOT/filters/CSP/CSP_TAMU_20180316	Jrc2_SWO_TAM_scan_atm.dat	Pantheon+_Data/2_CALIBRATION/filters/CSP_TAMU_20180316/Jrc2_SWO_TAM_scan_atm.dat	ab185dde790cb3e9cda01c0d4027447ab9a34e93	a2769e3129803a478c90b8a3a1eb1e3e6d637fcce5ec607828a126d17c167264	PUBLIC_KCOR_TEXT_AND_TRANSMISSION_ASSET_MAPPED	PUBLIC_KCOR_TEXT_AND_TRACKED_ASSET_METADATA	NOT_ESTABLISHED
65	2009ad	5	CSPDR3_anthony	CSP	n	12	Pantheon+_Data/2_CALIBRATION/SNANA_kcor/kcor_CSPDR3.input	Pantheon+_Data/2_CALIBRATION/SNANA_kcor/kcor_CSPDR3_v6_1.fits	53c8a34af63d0d34fb513767abb2fdd852c26bff	1	CSP	CSP-n	BD17	COUNT	$SNDATA_ROOT/filters/CSP/CSP_TAMU_20180316	V_LC9844_tel_ccd_atm_ext_1.2.dat	Pantheon+_Data/2_CALIBRATION/filters/CSP_TAMU_20180316/V_LC9844_tel_ccd_atm_ext_1.2.dat	6541ce8a5f2c14e332f95cba469435f1c8a8fd3c	a26438b594e812b365d2c5b55035ff60cadbe2db4021b3ff9a61cf4c9bf3fe49	PUBLIC_KCOR_TEXT_AND_TRANSMISSION_ASSET_MAPPED	PUBLIC_KCOR_TEXT_AND_TRACKED_ASSET_METADATA	NOT_ESTABLISHED
65	2009ad	5	CSPDR3_anthony	CSP	r	12	Pantheon+_Data/2_CALIBRATION/SNANA_kcor/kcor_CSPDR3.input	Pantheon+_Data/2_CALIBRATION/SNANA_kcor/kcor_CSPDR3_v6_1.fits	53c8a34af63d0d34fb513767abb2fdd852c26bff	1	CSP	CSP-r	BD17	COUNT	$SNDATA_ROOT/filters/CSP/CSP_TAMU_20180316	r_tel_ccd_atm_ext_1.2.dat	Pantheon+_Data/2_CALIBRATION/filters/CSP_TAMU_20180316/r_tel_ccd_atm_ext_1.2.dat	6ca739a4a935e052ce6ae4a96663feeac8250a26	cead2f587b2ff14c0fcd31175ec6b73a477d2ff9767821a02d649167139ae1fd	PUBLIC_KCOR_TEXT_AND_TRANSMISSION_ASSET_MAPPED	PUBLIC_KCOR_TEXT_AND_TRACKED_ASSET_METADATA	NOT_ESTABLISHED
65	2009ad	5	CSPDR3_anthony	CSP	u	12	Pantheon+_Data/2_CALIBRATION/SNANA_kcor/kcor_CSPDR3.input	Pantheon+_Data/2_CALIBRATION/SNANA_kcor/kcor_CSPDR3_v6_1.fits	53c8a34af63d0d34fb513767abb2fdd852c26bff	1	CSP	CSP-u	BD17	COUNT	$SNDATA_ROOT/filters/CSP/CSP_TAMU_20180316	u_tel_ccd_atm_ext_1.2.dat	Pantheon+_Data/2_CALIBRATION/filters/CSP_TAMU_20180316/u_tel_ccd_atm_ext_1.2.dat	9f04c0c265228b8285f1af1686dd77096f2059f0	715cfb4eea7a74abbf7d6365f29a551a0ca9a16dd21d8f32af904d4b580f8790	PUBLIC_KCOR_TEXT_AND_TRANSMISSION_ASSET_MAPPED	PUBLIC_KCOR_TEXT_AND_TRACKED_ASSET_METADATA	NOT_ESTABLISHED
66	2008ar	57	KAIT_DS15	KAITM	E	19	Pantheon+_Data/2_CALIBRATION/SNANA_kcor/kcor_KAIT_Mo.input	Pantheon+_Data/2_CALIBRATION/SNANA_kcor/kcor_KAIT_Mo_v6_1.fits	698aa4836a917dfc1569fbccec976db44201110f	1	KAIT	KAIT4-E	BD17	COUNT	$PS1_USERS/dscolnic/Excalibur_dillon/filters/KAIT_2018	B_kait4.txt	Pantheon+_Data/2_CALIBRATION/filters/KAIT_2018/B_kait4.txt	11dc6ff83540087cfc38161bb88566880bc412f7	549e056bc705797206c903422a34de5f089848074dc285326fc9bb39a7ba148e	PUBLIC_KCOR_TEXT_AND_TRANSMISSION_ASSET_MAPPED	PUBLIC_KCOR_TEXT_AND_TRACKED_ASSET_METADATA	NOT_ESTABLISHED
66	2008ar	57	KAIT_DS15	KAITM	F	18	Pantheon+_Data/2_CALIBRATION/SNANA_kcor/kcor_KAIT_Mo.input	Pantheon+_Data/2_CALIBRATION/SNANA_kcor/kcor_KAIT_Mo_v6_1.fits	698aa4836a917dfc1569fbccec976db44201110f	1	KAIT	KAIT4-F	BD17	COUNT	$PS1_USERS/dscolnic/Excalibur_dillon/filters/KAIT_2018	V_kait4.txt	Pantheon+_Data/2_CALIBRATION/filters/KAIT_2018/V_kait4.txt	5fc9f5caf51d26764a56ab880ee09795e271b1d9	e3a6c81d258ebd8682bd836890986a48e483f802098c107d0a3ed7acbd846419	PUBLIC_KCOR_TEXT_AND_TRANSMISSION_ASSET_MAPPED	PUBLIC_KCOR_TEXT_AND_TRACKED_ASSET_METADATA	NOT_ESTABLISHED
66	2008ar	57	KAIT_DS15	KAITM	G	19	Pantheon+_Data/2_CALIBRATION/SNANA_kcor/kcor_KAIT_Mo.input	Pantheon+_Data/2_CALIBRATION/SNANA_kcor/kcor_KAIT_Mo_v6_1.fits	698aa4836a917dfc1569fbccec976db44201110f	1	KAIT	KAIT4-G	BD17	COUNT	$PS1_USERS/dscolnic/Excalibur_dillon/filters/KAIT_2018	R_kait4.txt	Pantheon+_Data/2_CALIBRATION/filters/KAIT_2018/R_kait4.txt	fe26ce9b9c766eae0857dddd52f74c290d36e044	8d0c25563513921c557d8cc0519b9f6eb6dab1168767b4756ed58c128acbae9b	PUBLIC_KCOR_TEXT_AND_TRANSMISSION_ASSET_MAPPED	PUBLIC_KCOR_TEXT_AND_TRACKED_ASSET_METADATA	NOT_ESTABLISHED
66	2008ar	57	KAIT_DS15	KAITM	H	16	Pantheon+_Data/2_CALIBRATION/SNANA_kcor/kcor_KAIT_Mo.input	Pantheon+_Data/2_CALIBRATION/SNANA_kcor/kcor_KAIT_Mo_v6_1.fits	698aa4836a917dfc1569fbccec976db44201110f	1	KAIT	KAIT4-H	BD17	COUNT	$PS1_USERS/dscolnic/Excalibur_dillon/filters/KAIT_2018	I_kait4.txt	Pantheon+_Data/2_CALIBRATION/filters/KAIT_2018/I_kait4.txt	15abcf7e5a25eff12a399998f43590a46a357138	29daef418c998fa264e2b6f4bd03dab5365f480f50a141b30849b4a6973a4be8	PUBLIC_KCOR_TEXT_AND_TRANSMISSION_ASSET_MAPPED	PUBLIC_KCOR_TEXT_AND_TRACKED_ASSET_METADATA	NOT_ESTABLISHED
67	2008ar	5	CSPDR3_anthony	CSP	B	18	Pantheon+_Data/2_CALIBRATION/SNANA_kcor/kcor_CSPDR3.input	Pantheon+_Data/2_CALIBRATION/SNANA_kcor/kcor_CSPDR3_v6_1.fits	53c8a34af63d0d34fb513767abb2fdd852c26bff	1	CSP	CSP-B	BD17	COUNT	$SNDATA_ROOT/filters/CSP/CSP_TAMU_20180316	B_tel_ccd_atm_ext_1.2.dat	Pantheon+_Data/2_CALIBRATION/filters/CSP_TAMU_20180316/B_tel_ccd_atm_ext_1.2.dat	ed16304ca664fa79abd264a9a8df8794eedb9bb5	df6b951c5ed536c3afb7978185e2b84d68122c4a404efe1df842f3da0e1bef7c	PUBLIC_KCOR_TEXT_AND_TRANSMISSION_ASSET_MAPPED	PUBLIC_KCOR_TEXT_AND_TRACKED_ASSET_METADATA	NOT_ESTABLISHED
67	2008ar	5	CSPDR3_anthony	CSP	H	7	Pantheon+_Data/2_CALIBRATION/SNANA_kcor/kcor_CSPDR3.input	Pantheon+_Data/2_CALIBRATION/SNANA_kcor/kcor_CSPDR3_v6_1.fits	53c8a34af63d0d34fb513767abb2fdd852c26bff	1	CSP	CSP-H	BD17	COUNT	$SNDATA_ROOT/filters/CSP/CSP_TAMU_20180316	H_SWO_TAM_scan_atm.dat	Pantheon+_Data/2_CALIBRATION/filters/CSP_TAMU_20180316/H_SWO_TAM_scan_atm.dat	80f88d19c64aa6896007664497b5696f34a37542	03c70045453ef3990d19ecf4e77298698ad26259fe556bd6a7b96f01bfb32d20	PUBLIC_KCOR_TEXT_AND_TRANSMISSION_ASSET_MAPPED	PUBLIC_KCOR_TEXT_AND_TRACKED_ASSET_METADATA	NOT_ESTABLISHED
67	2008ar	5	CSPDR3_anthony	CSP	J	7	Pantheon+_Data/2_CALIBRATION/SNANA_kcor/kcor_CSPDR3.input	Pantheon+_Data/2_CALIBRATION/SNANA_kcor/kcor_CSPDR3_v6_1.fits	53c8a34af63d0d34fb513767abb2fdd852c26bff	1	CSP	CSP-J	BD17	COUNT	$SNDATA_ROOT/filters/CSP/CSP_TAMU_20180316	Jrc1_SWO_TAM_scan_atm.dat	Pantheon+_Data/2_CALIBRATION/filters/CSP_TAMU_20180316/Jrc1_SWO_TAM_scan_atm.dat	d324d6b806211446ce1dbe3483067dfff78a2dfb	3939c6b4c446c675afb69c561f5875350bc51895e632cd7a206d29f02b5c53ab	PUBLIC_KCOR_TEXT_AND_TRANSMISSION_ASSET_MAPPED	PUBLIC_KCOR_TEXT_AND_TRACKED_ASSET_METADATA	NOT_ESTABLISHED
67	2008ar	5	CSPDR3_anthony	CSP	Y	16	Pantheon+_Data/2_CALIBRATION/SNANA_kcor/kcor_CSPDR3.input	Pantheon+_Data/2_CALIBRATION/SNANA_kcor/kcor_CSPDR3_v6_1.fits	53c8a34af63d0d34fb513767abb2fdd852c26bff	1	CSP	CSP-Y	BD17	COUNT	$SNDATA_ROOT/filters/CSP/CSP_TAMU_20180316	Y_SWO_TAM_scan_atm.dat	Pantheon+_Data/2_CALIBRATION/filters/CSP_TAMU_20180316/Y_SWO_TAM_scan_atm.dat	02e4c0d6dea47ab2bdc195a3aedb5c4d81980939	caa1c6aa2696af7b3567e68101194bf35e08d856b1ec57f58cabce67a91547b4	PUBLIC_KCOR_TEXT_AND_TRANSMISSION_ASSET_MAPPED	PUBLIC_KCOR_TEXT_AND_TRACKED_ASSET_METADATA	NOT_ESTABLISHED
67	2008ar	5	CSPDR3_anthony	CSP	g	18	Pantheon+_Data/2_CALIBRATION/SNANA_kcor/kcor_CSPDR3.input	Pantheon+_Data/2_CALIBRATION/SNANA_kcor/kcor_CSPDR3_v6_1.fits	53c8a34af63d0d34fb513767abb2fdd852c26bff	1	CSP	CSP-g	BD17	COUNT	$SNDATA_ROOT/filters/CSP/CSP_TAMU_20180316	g_tel_ccd_atm_ext_1.2.dat	Pantheon+_Data/2_CALIBRATION/filters/CSP_TAMU_20180316/g_tel_ccd_atm_ext_1.2.dat	d7f525225664050f595970d51755d597899f9d38	e2fb29cced302fb7e19b96f780ea9752835967a9208e5441e3936318e31645d5	PUBLIC_KCOR_TEXT_AND_TRANSMISSION_ASSET_MAPPED	PUBLIC_KCOR_TEXT_AND_TRACKED_ASSET_METADATA	NOT_ESTABLISHED
67	2008ar	5	CSPDR3_anthony	CSP	i	18	Pantheon+_Data/2_CALIBRATION/SNANA_kcor/kcor_CSPDR3.input	Pantheon+_Data/2_CALIBRATION/SNANA_kcor/kcor_CSPDR3_v6_1.fits	53c8a34af63d0d34fb513767abb2fdd852c26bff	1	CSP	CSP-i	BD17	COUNT	$SNDATA_ROOT/filters/CSP/CSP_TAMU_20180316	i_tel_ccd_atm_ext_1.2.dat	Pantheon+_Data/2_CALIBRATION/filters/CSP_TAMU_20180316/i_tel_ccd_atm_ext_1.2.dat	510329b2cae3a935c3dee7e5c34ef62a5d82f1ea	abdd2b0657023e0b1fc3828dbdda1ed4d0ab6ecaaa6428686d415f875876b01c	PUBLIC_KCOR_TEXT_AND_TRANSMISSION_ASSET_MAPPED	PUBLIC_KCOR_TEXT_AND_TRACKED_ASSET_METADATA	NOT_ESTABLISHED
67	2008ar	5	CSPDR3_anthony	CSP	n	18	Pantheon+_Data/2_CALIBRATION/SNANA_kcor/kcor_CSPDR3.input	Pantheon+_Data/2_CALIBRATION/SNANA_kcor/kcor_CSPDR3_v6_1.fits	53c8a34af63d0d34fb513767abb2fdd852c26bff	1	CSP	CSP-n	BD17	COUNT	$SNDATA_ROOT/filters/CSP/CSP_TAMU_20180316	V_LC9844_tel_ccd_atm_ext_1.2.dat	Pantheon+_Data/2_CALIBRATION/filters/CSP_TAMU_20180316/V_LC9844_tel_ccd_atm_ext_1.2.dat	6541ce8a5f2c14e332f95cba469435f1c8a8fd3c	a26438b594e812b365d2c5b55035ff60cadbe2db4021b3ff9a61cf4c9bf3fe49	PUBLIC_KCOR_TEXT_AND_TRANSMISSION_ASSET_MAPPED	PUBLIC_KCOR_TEXT_AND_TRACKED_ASSET_METADATA	NOT_ESTABLISHED
67	2008ar	5	CSPDR3_anthony	CSP	r	18	Pantheon+_Data/2_CALIBRATION/SNANA_kcor/kcor_CSPDR3.input	Pantheon+_Data/2_CALIBRATION/SNANA_kcor/kcor_CSPDR3_v6_1.fits	53c8a34af63d0d34fb513767abb2fdd852c26bff	1	CSP	CSP-r	BD17	COUNT	$SNDATA_ROOT/filters/CSP/CSP_TAMU_20180316	r_tel_ccd_atm_ext_1.2.dat	Pantheon+_Data/2_CALIBRATION/filters/CSP_TAMU_20180316/r_tel_ccd_atm_ext_1.2.dat	6ca739a4a935e052ce6ae4a96663feeac8250a26	cead2f587b2ff14c0fcd31175ec6b73a477d2ff9767821a02d649167139ae1fd	PUBLIC_KCOR_TEXT_AND_TRANSMISSION_ASSET_MAPPED	PUBLIC_KCOR_TEXT_AND_TRACKED_ASSET_METADATA	NOT_ESTABLISHED
67	2008ar	5	CSPDR3_anthony	CSP	u	8	Pantheon+_Data/2_CALIBRATION/SNANA_kcor/kcor_CSPDR3.input	Pantheon+_Data/2_CALIBRATION/SNANA_kcor/kcor_CSPDR3_v6_1.fits	53c8a34af63d0d34fb513767abb2fdd852c26bff	1	CSP	CSP-u	BD17	COUNT	$SNDATA_ROOT/filters/CSP/CSP_TAMU_20180316	u_tel_ccd_atm_ext_1.2.dat	Pantheon+_Data/2_CALIBRATION/filters/CSP_TAMU_20180316/u_tel_ccd_atm_ext_1.2.dat	9f04c0c265228b8285f1af1686dd77096f2059f0	715cfb4eea7a74abbf7d6365f29a551a0ca9a16dd21d8f32af904d4b580f8790	PUBLIC_KCOR_TEXT_AND_TRANSMISSION_ASSET_MAPPED	PUBLIC_KCOR_TEXT_AND_TRACKED_ASSET_METADATA	NOT_ESTABLISHED
67	2008ar	5	CSPDR3_anthony	CSP	y	4	Pantheon+_Data/2_CALIBRATION/SNANA_kcor/kcor_CSPDR3.input	Pantheon+_Data/2_CALIBRATION/SNANA_kcor/kcor_CSPDR3_v6_1.fits	53c8a34af63d0d34fb513767abb2fdd852c26bff	1	CSP	CSP-y	BD17	COUNT	$SNDATA_ROOT/filters/CSP/CSP_TAMU_20180316	Y_DUP_TAM_scan_atm.dat	Pantheon+_Data/2_CALIBRATION/filters/CSP_TAMU_20180316/Y_DUP_TAM_scan_atm.dat	7261bed97f866ab6093ba12d1069faf05c5d6d6e	478e4ebb2ef4eb838b2d872ddc72c16d66aab72a6ffb040a68775fab50ff3af6	PUBLIC_KCOR_TEXT_AND_TRANSMISSION_ASSET_MAPPED	PUBLIC_KCOR_TEXT_AND_TRACKED_ASSET_METADATA	NOT_ESTABLISHED
68	2008ar	65	PS1_LOWZ_COMBINED_TEXT_DS17	PS1_LOWZ_COMBINED(CFA4p1)	l	24	Pantheon+_Data/2_CALIBRATION/SNANA_kcor/kcor_PS1_CFA_COMBINED.input	Pantheon+_Data/2_CALIBRATION/SNANA_kcor/kcor_PS1_CFA_COMBINED_v6_1.fits	a5403c58bf24ff2a7e6f5d7de96572784ed788d8	1	CFA4p1	CFA41-B/l	BD17	COUNT	PS1/Pantheon/PS1_CFA4	cfa4_B_p1+modtran.dat	Pantheon+_Data/2_CALIBRATION/filters/PS1_CFA4/cfa4_B_p1+modtran.dat	d44226cb58b4489d6399e97ce7a3935de74fa63c	cca7349553217ed6420d7c28cc644fa45d381992215ec8625505746ee9fa446c	PUBLIC_KCOR_TEXT_AND_TRANSMISSION_ASSET_MAPPED	PUBLIC_KCOR_TEXT_AND_TRACKED_ASSET_METADATA	NOT_ESTABLISHED
68	2008ar	65	PS1_LOWZ_COMBINED_TEXT_DS17	PS1_LOWZ_COMBINED(CFA4p1)	m	24	Pantheon+_Data/2_CALIBRATION/SNANA_kcor/kcor_PS1_CFA_COMBINED.input	Pantheon+_Data/2_CALIBRATION/SNANA_kcor/kcor_PS1_CFA_COMBINED_v6_1.fits	a5403c58bf24ff2a7e6f5d7de96572784ed788d8	1	CFA4p1	CFA41-V/m	BD17	COUNT	PS1/Pantheon/PS1_CFA4	cfa4_V_p1+modtran.dat	Pantheon+_Data/2_CALIBRATION/filters/PS1_CFA4/cfa4_V_p1+modtran.dat	9f4cc89d6fc142d476d9882a445f476715d9616f	351378bba990897cbccaeb80620764b6c8128a39253afc06a944139815b06a4b	PUBLIC_KCOR_TEXT_AND_TRANSMISSION_ASSET_MAPPED	PUBLIC_KCOR_TEXT_AND_TRACKED_ASSET_METADATA	NOT_ESTABLISHED
68	2008ar	65	PS1_LOWZ_COMBINED_TEXT_DS17	PS1_LOWZ_COMBINED(CFA4p1)	n	28	Pantheon+_Data/2_CALIBRATION/SNANA_kcor/kcor_PS1_CFA_COMBINED.input	Pantheon+_Data/2_CALIBRATION/SNANA_kcor/kcor_PS1_CFA_COMBINED_v6_1.fits	a5403c58bf24ff2a7e6f5d7de96572784ed788d8	1	CFA4p1	CFA41-r/n	BD17	COUNT	PS1/Pantheon/PS1_CFA4	cfa4_r_p1+modtran.dat	Pantheon+_Data/2_CALIBRATION/filters/PS1_CFA4/cfa4_r_p1+modtran.dat	fd1ce7f294d15e085dfa3df747c1c2cdf4088629	741377de882b5c205f994c1b9416c9ea5fa4432bc2d7d88dd50cf5dbbe866c99	PUBLIC_KCOR_TEXT_AND_TRANSMISSION_ASSET_MAPPED	PUBLIC_KCOR_TEXT_AND_TRACKED_ASSET_METADATA	NOT_ESTABLISHED
68	2008ar	65	PS1_LOWZ_COMBINED_TEXT_DS17	PS1_LOWZ_COMBINED(CFA4p1)	o	28	Pantheon+_Data/2_CALIBRATION/SNANA_kcor/kcor_PS1_CFA_COMBINED.input	Pantheon+_Data/2_CALIBRATION/SNANA_kcor/kcor_PS1_CFA_COMBINED_v6_1.fits	a5403c58bf24ff2a7e6f5d7de96572784ed788d8	1	CFA4p1	CFA41-i/o	BD17	COUNT	PS1/Pantheon/PS1_CFA4	cfa4_i_p1+modtran.dat	Pantheon+_Data/2_CALIBRATION/filters/PS1_CFA4/cfa4_i_p1+modtran.dat	d92f2ebce3a1091a4f135a5974d5339b76db2b3f	796074a658a6f17d58fd4108d84c6fc65caade1c05e578b0530fe4acbdd14f9c	PUBLIC_KCOR_TEXT_AND_TRANSMISSION_ASSET_MAPPED	PUBLIC_KCOR_TEXT_AND_TRACKED_ASSET_METADATA	NOT_ESTABLISHED
81	2004ef	57	KAIT_DS15	KAITM	A	22	Pantheon+_Data/2_CALIBRATION/SNANA_kcor/kcor_KAIT_Mo.input	Pantheon+_Data/2_CALIBRATION/SNANA_kcor/kcor_KAIT_Mo_v6_1.fits	698aa4836a917dfc1569fbccec976db44201110f	1	KAIT	KAIT3-A	BD17	COUNT	$PS1_USERS/dscolnic/Excalibur_dillon/filters/KAIT_2018	B_kait3.txt	Pantheon+_Data/2_CALIBRATION/filters/KAIT_2018/B_kait3.txt	b8849611cb4e128e0e1d39a152af6f52db1f6822	b7432346ab3a4eeffb33c6c79348fb2c96f8bb857228a90483d74f673c82a340	PUBLIC_KCOR_TEXT_AND_TRANSMISSION_ASSET_MAPPED	PUBLIC_KCOR_TEXT_AND_TRACKED_ASSET_METADATA	NOT_ESTABLISHED
81	2004ef	57	KAIT_DS15	KAITM	B	22	Pantheon+_Data/2_CALIBRATION/SNANA_kcor/kcor_KAIT_Mo.input	Pantheon+_Data/2_CALIBRATION/SNANA_kcor/kcor_KAIT_Mo_v6_1.fits	698aa4836a917dfc1569fbccec976db44201110f	1	KAIT	KAIT3-B	BD17	COUNT	$PS1_USERS/dscolnic/Excalibur_dillon/filters/KAIT_2018	V_kait3.txt	Pantheon+_Data/2_CALIBRATION/filters/KAIT_2018/V_kait3.txt	1e38a90fcb180bf91567db2b37184a8410b9e018	c0af1f018e3d4d3d60b48c9683827568544e84decdd158e5e2fcd17a5a014171	PUBLIC_KCOR_TEXT_AND_TRANSMISSION_ASSET_MAPPED	PUBLIC_KCOR_TEXT_AND_TRACKED_ASSET_METADATA	NOT_ESTABLISHED
81	2004ef	57	KAIT_DS15	KAITM	C	22	Pantheon+_Data/2_CALIBRATION/SNANA_kcor/kcor_KAIT_Mo.input	Pantheon+_Data/2_CALIBRATION/SNANA_kcor/kcor_KAIT_Mo_v6_1.fits	698aa4836a917dfc1569fbccec976db44201110f	1	KAIT	KAIT3-C	BD17	COUNT	$PS1_USERS/dscolnic/Excalibur_dillon/filters/KAIT_2018	R_kait3_cut.txt	Pantheon+_Data/2_CALIBRATION/filters/KAIT_2018/R_kait3_cut.txt	dd88c35bb126f55ce3fe4dad4a6114cf9564d786	da441a4e9f0bc12c5311f8b5155fbc2ffa491b41e250cf4db780007adb46a285	PUBLIC_KCOR_TEXT_AND_TRANSMISSION_ASSET_MAPPED	PUBLIC_KCOR_TEXT_AND_TRACKED_ASSET_METADATA	NOT_ESTABLISHED
81	2004ef	57	KAIT_DS15	KAITM	D	23	Pantheon+_Data/2_CALIBRATION/SNANA_kcor/kcor_KAIT_Mo.input	Pantheon+_Data/2_CALIBRATION/SNANA_kcor/kcor_KAIT_Mo_v6_1.fits	698aa4836a917dfc1569fbccec976db44201110f	1	KAIT	KAIT3-D	BD17	COUNT	$PS1_USERS/dscolnic/Excalibur_dillon/filters/KAIT_2018	I_kait3.txt	Pantheon+_Data/2_CALIBRATION/filters/KAIT_2018/I_kait3.txt	4349a1e9112afc412f0e2f0ae908a1a3c63d0e04	d34a4f4b2f926b95ebb866ccc126691d40880319e74446fa81864714b5c02cc0	PUBLIC_KCOR_TEXT_AND_TRANSMISSION_ASSET_MAPPED	PUBLIC_KCOR_TEXT_AND_TRACKED_ASSET_METADATA	NOT_ESTABLISHED
81	2004ef	57	KAIT_DS15	KAITM	I	2	Pantheon+_Data/2_CALIBRATION/SNANA_kcor/kcor_KAIT_Mo.input	Pantheon+_Data/2_CALIBRATION/SNANA_kcor/kcor_KAIT_Mo_v6_1.fits	698aa4836a917dfc1569fbccec976db44201110f	1	KAIT	nickel1-I	BD17	COUNT	$PS1_USERS/dscolnic/Excalibur_dillon/filters/KAIT_2018	B_nickel1.txt	Pantheon+_Data/2_CALIBRATION/filters/KAIT_2018/B_nickel1.txt	2c67d9e41e826ea4bfd9b66f2f05d2b855f656f2	f365c798b5c719ed4dee3d4e3a44bd9dfc8d12a8ff1c0fa33e95c08cad94f5c7	PUBLIC_KCOR_TEXT_AND_TRANSMISSION_ASSET_MAPPED	PUBLIC_KCOR_TEXT_AND_TRACKED_ASSET_METADATA	NOT_ESTABLISHED
81	2004ef	57	KAIT_DS15	KAITM	J	2	Pantheon+_Data/2_CALIBRATION/SNANA_kcor/kcor_KAIT_Mo.input	Pantheon+_Data/2_CALIBRATION/SNANA_kcor/kcor_KAIT_Mo_v6_1.fits	698aa4836a917dfc1569fbccec976db44201110f	1	KAIT	nickel1-J	BD17	COUNT	$PS1_USERS/dscolnic/Excalibur_dillon/filters/KAIT_2018	V_nickel1.txt	Pantheon+_Data/2_CALIBRATION/filters/KAIT_2018/V_nickel1.txt	fdb56d8b7ec3b17e41a3ec054ce6c0d687fa7440	926c164bfd229ce88887788c129647be77f475bff340a77b673b5550f611f5e9	PUBLIC_KCOR_TEXT_AND_TRANSMISSION_ASSET_MAPPED	PUBLIC_KCOR_TEXT_AND_TRACKED_ASSET_METADATA	NOT_ESTABLISHED
81	2004ef	57	KAIT_DS15	KAITM	K	2	Pantheon+_Data/2_CALIBRATION/SNANA_kcor/kcor_KAIT_Mo.input	Pantheon+_Data/2_CALIBRATION/SNANA_kcor/kcor_KAIT_Mo_v6_1.fits	698aa4836a917dfc1569fbccec976db44201110f	1	KAIT	nickel1-K	BD17	COUNT	$PS1_USERS/dscolnic/Excalibur_dillon/filters/KAIT_2018	R_nickel1.txt	Pantheon+_Data/2_CALIBRATION/filters/KAIT_2018/R_nickel1.txt	af7b347fb460f0943c0c8ce159e5271061a22c5d	2a1e23e610f27ef9f4abc4301d1cfc9ad793a4e7ecc967667ea80603b0742dc1	PUBLIC_KCOR_TEXT_AND_TRANSMISSION_ASSET_MAPPED	PUBLIC_KCOR_TEXT_AND_TRACKED_ASSET_METADATA	NOT_ESTABLISHED
81	2004ef	57	KAIT_DS15	KAITM	L	2	Pantheon+_Data/2_CALIBRATION/SNANA_kcor/kcor_KAIT_Mo.input	Pantheon+_Data/2_CALIBRATION/SNANA_kcor/kcor_KAIT_Mo_v6_1.fits	698aa4836a917dfc1569fbccec976db44201110f	1	KAIT	nickel1-L	BD17	COUNT	$PS1_USERS/dscolnic/Excalibur_dillon/filters/KAIT_2018	I_nickel1.txt	Pantheon+_Data/2_CALIBRATION/filters/KAIT_2018/I_nickel1.txt	d0b1006f2472fbb5b1048cdc29feec28062e2667	126bb7cbd41ec506d477630b20cad6ec26ff59f6e583c2f54cb32f13133d8469	PUBLIC_KCOR_TEXT_AND_TRANSMISSION_ASSET_MAPPED	PUBLIC_KCOR_TEXT_AND_TRACKED_ASSET_METADATA	NOT_ESTABLISHED
82	2004ef	5	CSPDR3_anthony	CSP	B	42	Pantheon+_Data/2_CALIBRATION/SNANA_kcor/kcor_CSPDR3.input	Pantheon+_Data/2_CALIBRATION/SNANA_kcor/kcor_CSPDR3_v6_1.fits	53c8a34af63d0d34fb513767abb2fdd852c26bff	1	CSP	CSP-B	BD17	COUNT	$SNDATA_ROOT/filters/CSP/CSP_TAMU_20180316	B_tel_ccd_atm_ext_1.2.dat	Pantheon+_Data/2_CALIBRATION/filters/CSP_TAMU_20180316/B_tel_ccd_atm_ext_1.2.dat	ed16304ca664fa79abd264a9a8df8794eedb9bb5	df6b951c5ed536c3afb7978185e2b84d68122c4a404efe1df842f3da0e1bef7c	PUBLIC_KCOR_TEXT_AND_TRANSMISSION_ASSET_MAPPED	PUBLIC_KCOR_TEXT_AND_TRACKED_ASSET_METADATA	NOT_ESTABLISHED
82	2004ef	5	CSPDR3_anthony	CSP	H	5	Pantheon+_Data/2_CALIBRATION/SNANA_kcor/kcor_CSPDR3.input	Pantheon+_Data/2_CALIBRATION/SNANA_kcor/kcor_CSPDR3_v6_1.fits	53c8a34af63d0d34fb513767abb2fdd852c26bff	1	CSP	CSP-H	BD17	COUNT	$SNDATA_ROOT/filters/CSP/CSP_TAMU_20180316	H_SWO_TAM_scan_atm.dat	Pantheon+_Data/2_CALIBRATION/filters/CSP_TAMU_20180316/H_SWO_TAM_scan_atm.dat	80f88d19c64aa6896007664497b5696f34a37542	03c70045453ef3990d19ecf4e77298698ad26259fe556bd6a7b96f01bfb32d20	PUBLIC_KCOR_TEXT_AND_TRANSMISSION_ASSET_MAPPED	PUBLIC_KCOR_TEXT_AND_TRACKED_ASSET_METADATA	NOT_ESTABLISHED
82	2004ef	5	CSPDR3_anthony	CSP	J	6	Pantheon+_Data/2_CALIBRATION/SNANA_kcor/kcor_CSPDR3.input	Pantheon+_Data/2_CALIBRATION/SNANA_kcor/kcor_CSPDR3_v6_1.fits	53c8a34af63d0d34fb513767abb2fdd852c26bff	1	CSP	CSP-J	BD17	COUNT	$SNDATA_ROOT/filters/CSP/CSP_TAMU_20180316	Jrc1_SWO_TAM_scan_atm.dat	Pantheon+_Data/2_CALIBRATION/filters/CSP_TAMU_20180316/Jrc1_SWO_TAM_scan_atm.dat	d324d6b806211446ce1dbe3483067dfff78a2dfb	3939c6b4c446c675afb69c561f5875350bc51895e632cd7a206d29f02b5c53ab	PUBLIC_KCOR_TEXT_AND_TRANSMISSION_ASSET_MAPPED	PUBLIC_KCOR_TEXT_AND_TRACKED_ASSET_METADATA	NOT_ESTABLISHED
82	2004ef	5	CSPDR3_anthony	CSP	g	47	Pantheon+_Data/2_CALIBRATION/SNANA_kcor/kcor_CSPDR3.input	Pantheon+_Data/2_CALIBRATION/SNANA_kcor/kcor_CSPDR3_v6_1.fits	53c8a34af63d0d34fb513767abb2fdd852c26bff	1	CSP	CSP-g	BD17	COUNT	$SNDATA_ROOT/filters/CSP/CSP_TAMU_20180316	g_tel_ccd_atm_ext_1.2.dat	Pantheon+_Data/2_CALIBRATION/filters/CSP_TAMU_20180316/g_tel_ccd_atm_ext_1.2.dat	d7f525225664050f595970d51755d597899f9d38	e2fb29cced302fb7e19b96f780ea9752835967a9208e5441e3936318e31645d5	PUBLIC_KCOR_TEXT_AND_TRANSMISSION_ASSET_MAPPED	PUBLIC_KCOR_TEXT_AND_TRACKED_ASSET_METADATA	NOT_ESTABLISHED
82	2004ef	5	CSPDR3_anthony	CSP	i	47	Pantheon+_Data/2_CALIBRATION/SNANA_kcor/kcor_CSPDR3.input	Pantheon+_Data/2_CALIBRATION/SNANA_kcor/kcor_CSPDR3_v6_1.fits	53c8a34af63d0d34fb513767abb2fdd852c26bff	1	CSP	CSP-i	BD17	COUNT	$SNDATA_ROOT/filters/CSP/CSP_TAMU_20180316	i_tel_ccd_atm_ext_1.2.dat	Pantheon+_Data/2_CALIBRATION/filters/CSP_TAMU_20180316/i_tel_ccd_atm_ext_1.2.dat	510329b2cae3a935c3dee7e5c34ef62a5d82f1ea	abdd2b0657023e0b1fc3828dbdda1ed4d0ab6ecaaa6428686d415f875876b01c	PUBLIC_KCOR_TEXT_AND_TRANSMISSION_ASSET_MAPPED	PUBLIC_KCOR_TEXT_AND_TRACKED_ASSET_METADATA	NOT_ESTABLISHED
82	2004ef	5	CSPDR3_anthony	CSP	m	44	Pantheon+_Data/2_CALIBRATION/SNANA_kcor/kcor_CSPDR3.input	Pantheon+_Data/2_CALIBRATION/SNANA_kcor/kcor_CSPDR3_v6_1.fits	53c8a34af63d0d34fb513767abb2fdd852c26bff	1	CSP	CSP-m	BD17	COUNT	$SNDATA_ROOT/filters/CSP/CSP_TAMU_20180316	V_LC3014_tel_ccd_atm_ext_1.2.dat	Pantheon+_Data/2_CALIBRATION/filters/CSP_TAMU_20180316/V_LC3014_tel_ccd_atm_ext_1.2.dat	42c7a88eb4c31528bf4ab37d0179893cf8323699	3ed876b1257d9b7f237780fb01fb543c8f5ea17eb33a1a960279d31fca4e2ecb	PUBLIC_KCOR_TEXT_AND_TRANSMISSION_ASSET_MAPPED	PUBLIC_KCOR_TEXT_AND_TRACKED_ASSET_METADATA	NOT_ESTABLISHED
82	2004ef	5	CSPDR3_anthony	CSP	r	47	Pantheon+_Data/2_CALIBRATION/SNANA_kcor/kcor_CSPDR3.input	Pantheon+_Data/2_CALIBRATION/SNANA_kcor/kcor_CSPDR3_v6_1.fits	53c8a34af63d0d34fb513767abb2fdd852c26bff	1	CSP	CSP-r	BD17	COUNT	$SNDATA_ROOT/filters/CSP/CSP_TAMU_20180316	r_tel_ccd_atm_ext_1.2.dat	Pantheon+_Data/2_CALIBRATION/filters/CSP_TAMU_20180316/r_tel_ccd_atm_ext_1.2.dat	6ca739a4a935e052ce6ae4a96663feeac8250a26	cead2f587b2ff14c0fcd31175ec6b73a477d2ff9767821a02d649167139ae1fd	PUBLIC_KCOR_TEXT_AND_TRANSMISSION_ASSET_MAPPED	PUBLIC_KCOR_TEXT_AND_TRACKED_ASSET_METADATA	NOT_ESTABLISHED
82	2004ef	5	CSPDR3_anthony	CSP	u	34	Pantheon+_Data/2_CALIBRATION/SNANA_kcor/kcor_CSPDR3.input	Pantheon+_Data/2_CALIBRATION/SNANA_kcor/kcor_CSPDR3_v6_1.fits	53c8a34af63d0d34fb513767abb2fdd852c26bff	1	CSP	CSP-u	BD17	COUNT	$SNDATA_ROOT/filters/CSP/CSP_TAMU_20180316	u_tel_ccd_atm_ext_1.2.dat	Pantheon+_Data/2_CALIBRATION/filters/CSP_TAMU_20180316/u_tel_ccd_atm_ext_1.2.dat	9f04c0c265228b8285f1af1686dd77096f2059f0	715cfb4eea7a74abbf7d6365f29a551a0ca9a16dd21d8f32af904d4b580f8790	PUBLIC_KCOR_TEXT_AND_TRANSMISSION_ASSET_MAPPED	PUBLIC_KCOR_TEXT_AND_TRACKED_ASSET_METADATA	NOT_ESTABLISHED
82	2004ef	5	CSPDR3_anthony	CSP	y	6	Pantheon+_Data/2_CALIBRATION/SNANA_kcor/kcor_CSPDR3.input	Pantheon+_Data/2_CALIBRATION/SNANA_kcor/kcor_CSPDR3_v6_1.fits	53c8a34af63d0d34fb513767abb2fdd852c26bff	1	CSP	CSP-y	BD17	COUNT	$SNDATA_ROOT/filters/CSP/CSP_TAMU_20180316	Y_DUP_TAM_scan_atm.dat	Pantheon+_Data/2_CALIBRATION/filters/CSP_TAMU_20180316/Y_DUP_TAM_scan_atm.dat	7261bed97f866ab6093ba12d1069faf05c5d6d6e	478e4ebb2ef4eb838b2d872ddc72c16d66aab72a6ffb040a68775fab50ff3af6	PUBLIC_KCOR_TEXT_AND_TRANSMISSION_ASSET_MAPPED	PUBLIC_KCOR_TEXT_AND_TRACKED_ASSET_METADATA	NOT_ESTABLISHED
83	2004ef	64	CfA3_DJ20	PS1_LOWZ_COMBINED(CFA3K)	f	1	Pantheon+_Data/2_CALIBRATION/SNANA_kcor/kcor_PS1_CFA_COMBINED.input	Pantheon+_Data/2_CALIBRATION/SNANA_kcor/kcor_PS1_CFA_COMBINED_v6_1.fits	a5403c58bf24ff2a7e6f5d7de96572784ed788d8	1	CFA3K	CFA41-U/f	BD17	COUNT	PS1/Pantheon/PS1_CFA4	cfa4_U_p1.dat	Pantheon+_Data/2_CALIBRATION/filters/PS1_CFA4/cfa4_U_p1.dat	80b7b875704d4b114c8446f8d9d7f57329c6cd03	00bbc2356c755f8315eb3dff3143576ed56ad2f18ea8870b4ea27e4a6984ee7b	PUBLIC_KCOR_TEXT_AND_TRANSMISSION_ASSET_MAPPED	PUBLIC_KCOR_TEXT_AND_TRACKED_ASSET_METADATA	NOT_ESTABLISHED
83	2004ef	64	CfA3_DJ20	PS1_LOWZ_COMBINED(CFA3K)	g	8	Pantheon+_Data/2_CALIBRATION/SNANA_kcor/kcor_PS1_CFA_COMBINED.input	Pantheon+_Data/2_CALIBRATION/SNANA_kcor/kcor_PS1_CFA_COMBINED_v6_1.fits	a5403c58bf24ff2a7e6f5d7de96572784ed788d8	1	CFA3K	CFA41-B/g	BD17	COUNT	PS1/Pantheon/PS1_CFA4	cfa4_B_p1+modtran.dat	Pantheon+_Data/2_CALIBRATION/filters/PS1_CFA4/cfa4_B_p1+modtran.dat	d44226cb58b4489d6399e97ce7a3935de74fa63c	cca7349553217ed6420d7c28cc644fa45d381992215ec8625505746ee9fa446c	PUBLIC_KCOR_TEXT_AND_TRANSMISSION_ASSET_MAPPED	PUBLIC_KCOR_TEXT_AND_TRACKED_ASSET_METADATA	NOT_ESTABLISHED
83	2004ef	64	CfA3_DJ20	PS1_LOWZ_COMBINED(CFA3K)	h	9	Pantheon+_Data/2_CALIBRATION/SNANA_kcor/kcor_PS1_CFA_COMBINED.input	Pantheon+_Data/2_CALIBRATION/SNANA_kcor/kcor_PS1_CFA_COMBINED_v6_1.fits	a5403c58bf24ff2a7e6f5d7de96572784ed788d8	1	CFA3K	CFA41-V/h	BD17	COUNT	PS1/Pantheon/PS1_CFA4	cfa4_V_p1+modtran.dat	Pantheon+_Data/2_CALIBRATION/filters/PS1_CFA4/cfa4_V_p1+modtran.dat	9f4cc89d6fc142d476d9882a445f476715d9616f	351378bba990897cbccaeb80620764b6c8128a39253afc06a944139815b06a4b	PUBLIC_KCOR_TEXT_AND_TRANSMISSION_ASSET_MAPPED	PUBLIC_KCOR_TEXT_AND_TRACKED_ASSET_METADATA	NOT_ESTABLISHED
83	2004ef	64	CfA3_DJ20	PS1_LOWZ_COMBINED(CFA3K)	i	7	Pantheon+_Data/2_CALIBRATION/SNANA_kcor/kcor_PS1_CFA_COMBINED.input	Pantheon+_Data/2_CALIBRATION/SNANA_kcor/kcor_PS1_CFA_COMBINED_v6_1.fits	a5403c58bf24ff2a7e6f5d7de96572784ed788d8	1	CFA3K	CFA41-r/i	BD17	COUNT	PS1/Pantheon/PS1_CFA4	cfa4_r_p1+modtran.dat	Pantheon+_Data/2_CALIBRATION/filters/PS1_CFA4/cfa4_r_p1+modtran.dat	fd1ce7f294d15e085dfa3df747c1c2cdf4088629	741377de882b5c205f994c1b9416c9ea5fa4432bc2d7d88dd50cf5dbbe866c99	PUBLIC_KCOR_TEXT_AND_TRANSMISSION_ASSET_MAPPED	PUBLIC_KCOR_TEXT_AND_TRACKED_ASSET_METADATA	NOT_ESTABLISHED
83	2004ef	64	CfA3_DJ20	PS1_LOWZ_COMBINED(CFA3K)	j	7	Pantheon+_Data/2_CALIBRATION/SNANA_kcor/kcor_PS1_CFA_COMBINED.input	Pantheon+_Data/2_CALIBRATION/SNANA_kcor/kcor_PS1_CFA_COMBINED_v6_1.fits	a5403c58bf24ff2a7e6f5d7de96572784ed788d8	1	CFA3K	CFA41-i/j	BD17	COUNT	PS1/Pantheon/PS1_CFA4	cfa4_i_p1+modtran.dat	Pantheon+_Data/2_CALIBRATION/filters/PS1_CFA4/cfa4_i_p1+modtran.dat	d92f2ebce3a1091a4f135a5974d5339b76db2b3f	796074a658a6f17d58fd4108d84c6fc65caade1c05e578b0530fe4acbdd14f9c	PUBLIC_KCOR_TEXT_AND_TRANSMISSION_ASSET_MAPPED	PUBLIC_KCOR_TEXT_AND_TRACKED_ASSET_METADATA	NOT_ESTABLISHED
87	2008gg	51	LOSS	KAIT	E	10	Pantheon+_Data/2_CALIBRATION/SNANA_kcor/kcor_KAIT_Stahl.input	Pantheon+_Data/2_CALIBRATION/SNANA_kcor/kcor_KAIT_Stahl_v6_1.fits	b959bba0fec3bf8811ecc6c8535880180734fa6c	1	KAIT	KAIT4-E	BD17	COUNT	$PS1_USERS/dscolnic/Excalibur_dillon/filters/KAIT_2018	B_kait4.txt	Pantheon+_Data/2_CALIBRATION/filters/KAIT_2018/B_kait4.txt	11dc6ff83540087cfc38161bb88566880bc412f7	549e056bc705797206c903422a34de5f089848074dc285326fc9bb39a7ba148e	PUBLIC_KCOR_TEXT_AND_TRANSMISSION_ASSET_MAPPED	PUBLIC_KCOR_TEXT_AND_TRACKED_ASSET_METADATA	NOT_ESTABLISHED
87	2008gg	51	LOSS	KAIT	F	15	Pantheon+_Data/2_CALIBRATION/SNANA_kcor/kcor_KAIT_Stahl.input	Pantheon+_Data/2_CALIBRATION/SNANA_kcor/kcor_KAIT_Stahl_v6_1.fits	b959bba0fec3bf8811ecc6c8535880180734fa6c	1	KAIT	KAIT4-F	BD17	COUNT	$PS1_USERS/dscolnic/Excalibur_dillon/filters/KAIT_2018	V_kait4.txt	Pantheon+_Data/2_CALIBRATION/filters/KAIT_2018/V_kait4.txt	5fc9f5caf51d26764a56ab880ee09795e271b1d9	e3a6c81d258ebd8682bd836890986a48e483f802098c107d0a3ed7acbd846419	PUBLIC_KCOR_TEXT_AND_TRANSMISSION_ASSET_MAPPED	PUBLIC_KCOR_TEXT_AND_TRACKED_ASSET_METADATA	NOT_ESTABLISHED
87	2008gg	51	LOSS	KAIT	G	13	Pantheon+_Data/2_CALIBRATION/SNANA_kcor/kcor_KAIT_Stahl.input	Pantheon+_Data/2_CALIBRATION/SNANA_kcor/kcor_KAIT_Stahl_v6_1.fits	b959bba0fec3bf8811ecc6c8535880180734fa6c	1	KAIT	KAIT4-G	BD17	COUNT	$PS1_USERS/dscolnic/Excalibur_dillon/filters/KAIT_2018	R_kait4.txt	Pantheon+_Data/2_CALIBRATION/filters/KAIT_2018/R_kait4.txt	fe26ce9b9c766eae0857dddd52f74c290d36e044	8d0c25563513921c557d8cc0519b9f6eb6dab1168767b4756ed58c128acbae9b	PUBLIC_KCOR_TEXT_AND_TRANSMISSION_ASSET_MAPPED	PUBLIC_KCOR_TEXT_AND_TRACKED_ASSET_METADATA	NOT_ESTABLISHED
87	2008gg	51	LOSS	KAIT	H	9	Pantheon+_Data/2_CALIBRATION/SNANA_kcor/kcor_KAIT_Stahl.input	Pantheon+_Data/2_CALIBRATION/SNANA_kcor/kcor_KAIT_Stahl_v6_1.fits	b959bba0fec3bf8811ecc6c8535880180734fa6c	1	KAIT	KAIT4-H	BD17	COUNT	$PS1_USERS/dscolnic/Excalibur_dillon/filters/KAIT_2018	I_kait4.txt	Pantheon+_Data/2_CALIBRATION/filters/KAIT_2018/I_kait4.txt	15abcf7e5a25eff12a399998f43590a46a357138	29daef418c998fa264e2b6f4bd03dab5365f480f50a141b30849b4a6973a4be8	PUBLIC_KCOR_TEXT_AND_TRANSMISSION_ASSET_MAPPED	PUBLIC_KCOR_TEXT_AND_TRACKED_ASSET_METADATA	NOT_ESTABLISHED
87	2008gg	51	LOSS	KAIT	I	2	Pantheon+_Data/2_CALIBRATION/SNANA_kcor/kcor_KAIT_Stahl.input	Pantheon+_Data/2_CALIBRATION/SNANA_kcor/kcor_KAIT_Stahl_v6_1.fits	b959bba0fec3bf8811ecc6c8535880180734fa6c	1	KAIT	nickel1-I	BD17	COUNT	$PS1_USERS/dscolnic/Excalibur_dillon/filters/KAIT_2018	B_nickel1.txt	Pantheon+_Data/2_CALIBRATION/filters/KAIT_2018/B_nickel1.txt	2c67d9e41e826ea4bfd9b66f2f05d2b855f656f2	f365c798b5c719ed4dee3d4e3a44bd9dfc8d12a8ff1c0fa33e95c08cad94f5c7	PUBLIC_KCOR_TEXT_AND_TRANSMISSION_ASSET_MAPPED	PUBLIC_KCOR_TEXT_AND_TRACKED_ASSET_METADATA	NOT_ESTABLISHED
87	2008gg	51	LOSS	KAIT	J	2	Pantheon+_Data/2_CALIBRATION/SNANA_kcor/kcor_KAIT_Stahl.input	Pantheon+_Data/2_CALIBRATION/SNANA_kcor/kcor_KAIT_Stahl_v6_1.fits	b959bba0fec3bf8811ecc6c8535880180734fa6c	1	KAIT	nickel1-J	BD17	COUNT	$PS1_USERS/dscolnic/Excalibur_dillon/filters/KAIT_2018	V_nickel1.txt	Pantheon+_Data/2_CALIBRATION/filters/KAIT_2018/V_nickel1.txt	fdb56d8b7ec3b17e41a3ec054ce6c0d687fa7440	926c164bfd229ce88887788c129647be77f475bff340a77b673b5550f611f5e9	PUBLIC_KCOR_TEXT_AND_TRANSMISSION_ASSET_MAPPED	PUBLIC_KCOR_TEXT_AND_TRACKED_ASSET_METADATA	NOT_ESTABLISHED
87	2008gg	51	LOSS	KAIT	K	2	Pantheon+_Data/2_CALIBRATION/SNANA_kcor/kcor_KAIT_Stahl.input	Pantheon+_Data/2_CALIBRATION/SNANA_kcor/kcor_KAIT_Stahl_v6_1.fits	b959bba0fec3bf8811ecc6c8535880180734fa6c	1	KAIT	nickel1-K	BD17	COUNT	$PS1_USERS/dscolnic/Excalibur_dillon/filters/KAIT_2018	R_nickel1.txt	Pantheon+_Data/2_CALIBRATION/filters/KAIT_2018/R_nickel1.txt	af7b347fb460f0943c0c8ce159e5271061a22c5d	2a1e23e610f27ef9f4abc4301d1cfc9ad793a4e7ecc967667ea80603b0742dc1	PUBLIC_KCOR_TEXT_AND_TRANSMISSION_ASSET_MAPPED	PUBLIC_KCOR_TEXT_AND_TRACKED_ASSET_METADATA	NOT_ESTABLISHED
87	2008gg	51	LOSS	KAIT	L	2	Pantheon+_Data/2_CALIBRATION/SNANA_kcor/kcor_KAIT_Stahl.input	Pantheon+_Data/2_CALIBRATION/SNANA_kcor/kcor_KAIT_Stahl_v6_1.fits	b959bba0fec3bf8811ecc6c8535880180734fa6c	1	KAIT	nickel1-L	BD17	COUNT	$PS1_USERS/dscolnic/Excalibur_dillon/filters/KAIT_2018	I_nickel1.txt	Pantheon+_Data/2_CALIBRATION/filters/KAIT_2018/I_nickel1.txt	d0b1006f2472fbb5b1048cdc29feec28062e2667	126bb7cbd41ec506d477630b20cad6ec26ff59f6e583c2f54cb32f13133d8469	PUBLIC_KCOR_TEXT_AND_TRANSMISSION_ASSET_MAPPED	PUBLIC_KCOR_TEXT_AND_TRACKED_ASSET_METADATA	NOT_ESTABLISHED
88	2008gg	5	CSPDR3_anthony	CSP	B	26	Pantheon+_Data/2_CALIBRATION/SNANA_kcor/kcor_CSPDR3.input	Pantheon+_Data/2_CALIBRATION/SNANA_kcor/kcor_CSPDR3_v6_1.fits	53c8a34af63d0d34fb513767abb2fdd852c26bff	1	CSP	CSP-B	BD17	COUNT	$SNDATA_ROOT/filters/CSP/CSP_TAMU_20180316	B_tel_ccd_atm_ext_1.2.dat	Pantheon+_Data/2_CALIBRATION/filters/CSP_TAMU_20180316/B_tel_ccd_atm_ext_1.2.dat	ed16304ca664fa79abd264a9a8df8794eedb9bb5	df6b951c5ed536c3afb7978185e2b84d68122c4a404efe1df842f3da0e1bef7c	PUBLIC_KCOR_TEXT_AND_TRANSMISSION_ASSET_MAPPED	PUBLIC_KCOR_TEXT_AND_TRACKED_ASSET_METADATA	NOT_ESTABLISHED
88	2008gg	5	CSPDR3_anthony	CSP	H	14	Pantheon+_Data/2_CALIBRATION/SNANA_kcor/kcor_CSPDR3.input	Pantheon+_Data/2_CALIBRATION/SNANA_kcor/kcor_CSPDR3_v6_1.fits	53c8a34af63d0d34fb513767abb2fdd852c26bff	1	CSP	CSP-H	BD17	COUNT	$SNDATA_ROOT/filters/CSP/CSP_TAMU_20180316	H_SWO_TAM_scan_atm.dat	Pantheon+_Data/2_CALIBRATION/filters/CSP_TAMU_20180316/H_SWO_TAM_scan_atm.dat	80f88d19c64aa6896007664497b5696f34a37542	03c70045453ef3990d19ecf4e77298698ad26259fe556bd6a7b96f01bfb32d20	PUBLIC_KCOR_TEXT_AND_TRANSMISSION_ASSET_MAPPED	PUBLIC_KCOR_TEXT_AND_TRACKED_ASSET_METADATA	NOT_ESTABLISHED
88	2008gg	5	CSPDR3_anthony	CSP	J	12	Pantheon+_Data/2_CALIBRATION/SNANA_kcor/kcor_CSPDR3.input	Pantheon+_Data/2_CALIBRATION/SNANA_kcor/kcor_CSPDR3_v6_1.fits	53c8a34af63d0d34fb513767abb2fdd852c26bff	1	CSP	CSP-J	BD17	COUNT	$SNDATA_ROOT/filters/CSP/CSP_TAMU_20180316	Jrc1_SWO_TAM_scan_atm.dat	Pantheon+_Data/2_CALIBRATION/filters/CSP_TAMU_20180316/Jrc1_SWO_TAM_scan_atm.dat	d324d6b806211446ce1dbe3483067dfff78a2dfb	3939c6b4c446c675afb69c561f5875350bc51895e632cd7a206d29f02b5c53ab	PUBLIC_KCOR_TEXT_AND_TRANSMISSION_ASSET_MAPPED	PUBLIC_KCOR_TEXT_AND_TRACKED_ASSET_METADATA	NOT_ESTABLISHED
88	2008gg	5	CSPDR3_anthony	CSP	Y	20	Pantheon+_Data/2_CALIBRATION/SNANA_kcor/kcor_CSPDR3.input	Pantheon+_Data/2_CALIBRATION/SNANA_kcor/kcor_CSPDR3_v6_1.fits	53c8a34af63d0d34fb513767abb2fdd852c26bff	1	CSP	CSP-Y	BD17	COUNT	$SNDATA_ROOT/filters/CSP/CSP_TAMU_20180316	Y_SWO_TAM_scan_atm.dat	Pantheon+_Data/2_CALIBRATION/filters/CSP_TAMU_20180316/Y_SWO_TAM_scan_atm.dat	02e4c0d6dea47ab2bdc195a3aedb5c4d81980939	caa1c6aa2696af7b3567e68101194bf35e08d856b1ec57f58cabce67a91547b4	PUBLIC_KCOR_TEXT_AND_TRANSMISSION_ASSET_MAPPED	PUBLIC_KCOR_TEXT_AND_TRACKED_ASSET_METADATA	NOT_ESTABLISHED
88	2008gg	5	CSPDR3_anthony	CSP	g	26	Pantheon+_Data/2_CALIBRATION/SNANA_kcor/kcor_CSPDR3.input	Pantheon+_Data/2_CALIBRATION/SNANA_kcor/kcor_CSPDR3_v6_1.fits	53c8a34af63d0d34fb513767abb2fdd852c26bff	1	CSP	CSP-g	BD17	COUNT	$SNDATA_ROOT/filters/CSP/CSP_TAMU_20180316	g_tel_ccd_atm_ext_1.2.dat	Pantheon+_Data/2_CALIBRATION/filters/CSP_TAMU_20180316/g_tel_ccd_atm_ext_1.2.dat	d7f525225664050f595970d51755d597899f9d38	e2fb29cced302fb7e19b96f780ea9752835967a9208e5441e3936318e31645d5	PUBLIC_KCOR_TEXT_AND_TRANSMISSION_ASSET_MAPPED	PUBLIC_KCOR_TEXT_AND_TRACKED_ASSET_METADATA	NOT_ESTABLISHED
88	2008gg	5	CSPDR3_anthony	CSP	i	26	Pantheon+_Data/2_CALIBRATION/SNANA_kcor/kcor_CSPDR3.input	Pantheon+_Data/2_CALIBRATION/SNANA_kcor/kcor_CSPDR3_v6_1.fits	53c8a34af63d0d34fb513767abb2fdd852c26bff	1	CSP	CSP-i	BD17	COUNT	$SNDATA_ROOT/filters/CSP/CSP_TAMU_20180316	i_tel_ccd_atm_ext_1.2.dat	Pantheon+_Data/2_CALIBRATION/filters/CSP_TAMU_20180316/i_tel_ccd_atm_ext_1.2.dat	510329b2cae3a935c3dee7e5c34ef62a5d82f1ea	abdd2b0657023e0b1fc3828dbdda1ed4d0ab6ecaaa6428686d415f875876b01c	PUBLIC_KCOR_TEXT_AND_TRANSMISSION_ASSET_MAPPED	PUBLIC_KCOR_TEXT_AND_TRACKED_ASSET_METADATA	NOT_ESTABLISHED
88	2008gg	5	CSPDR3_anthony	CSP	n	26	Pantheon+_Data/2_CALIBRATION/SNANA_kcor/kcor_CSPDR3.input	Pantheon+_Data/2_CALIBRATION/SNANA_kcor/kcor_CSPDR3_v6_1.fits	53c8a34af63d0d34fb513767abb2fdd852c26bff	1	CSP	CSP-n	BD17	COUNT	$SNDATA_ROOT/filters/CSP/CSP_TAMU_20180316	V_LC9844_tel_ccd_atm_ext_1.2.dat	Pantheon+_Data/2_CALIBRATION/filters/CSP_TAMU_20180316/V_LC9844_tel_ccd_atm_ext_1.2.dat	6541ce8a5f2c14e332f95cba469435f1c8a8fd3c	a26438b594e812b365d2c5b55035ff60cadbe2db4021b3ff9a61cf4c9bf3fe49	PUBLIC_KCOR_TEXT_AND_TRANSMISSION_ASSET_MAPPED	PUBLIC_KCOR_TEXT_AND_TRACKED_ASSET_METADATA	NOT_ESTABLISHED
88	2008gg	5	CSPDR3_anthony	CSP	r	26	Pantheon+_Data/2_CALIBRATION/SNANA_kcor/kcor_CSPDR3.input	Pantheon+_Data/2_CALIBRATION/SNANA_kcor/kcor_CSPDR3_v6_1.fits	53c8a34af63d0d34fb513767abb2fdd852c26bff	1	CSP	CSP-r	BD17	COUNT	$SNDATA_ROOT/filters/CSP/CSP_TAMU_20180316	r_tel_ccd_atm_ext_1.2.dat	Pantheon+_Data/2_CALIBRATION/filters/CSP_TAMU_20180316/r_tel_ccd_atm_ext_1.2.dat	6ca739a4a935e052ce6ae4a96663feeac8250a26	cead2f587b2ff14c0fcd31175ec6b73a477d2ff9767821a02d649167139ae1fd	PUBLIC_KCOR_TEXT_AND_TRANSMISSION_ASSET_MAPPED	PUBLIC_KCOR_TEXT_AND_TRACKED_ASSET_METADATA	NOT_ESTABLISHED
88	2008gg	5	CSPDR3_anthony	CSP	u	18	Pantheon+_Data/2_CALIBRATION/SNANA_kcor/kcor_CSPDR3.input	Pantheon+_Data/2_CALIBRATION/SNANA_kcor/kcor_CSPDR3_v6_1.fits	53c8a34af63d0d34fb513767abb2fdd852c26bff	1	CSP	CSP-u	BD17	COUNT	$SNDATA_ROOT/filters/CSP/CSP_TAMU_20180316	u_tel_ccd_atm_ext_1.2.dat	Pantheon+_Data/2_CALIBRATION/filters/CSP_TAMU_20180316/u_tel_ccd_atm_ext_1.2.dat	9f04c0c265228b8285f1af1686dd77096f2059f0	715cfb4eea7a74abbf7d6365f29a551a0ca9a16dd21d8f32af904d4b580f8790	PUBLIC_KCOR_TEXT_AND_TRANSMISSION_ASSET_MAPPED	PUBLIC_KCOR_TEXT_AND_TRACKED_ASSET_METADATA	NOT_ESTABLISHED
88	2008gg	5	CSPDR3_anthony	CSP	y	4	Pantheon+_Data/2_CALIBRATION/SNANA_kcor/kcor_CSPDR3.input	Pantheon+_Data/2_CALIBRATION/SNANA_kcor/kcor_CSPDR3_v6_1.fits	53c8a34af63d0d34fb513767abb2fdd852c26bff	1	CSP	CSP-y	BD17	COUNT	$SNDATA_ROOT/filters/CSP/CSP_TAMU_20180316	Y_DUP_TAM_scan_atm.dat	Pantheon+_Data/2_CALIBRATION/filters/CSP_TAMU_20180316/Y_DUP_TAM_scan_atm.dat	7261bed97f866ab6093ba12d1069faf05c5d6d6e	478e4ebb2ef4eb838b2d872ddc72c16d66aab72a6ffb040a68775fab50ff3af6	PUBLIC_KCOR_TEXT_AND_TRANSMISSION_ASSET_MAPPED	PUBLIC_KCOR_TEXT_AND_TRACKED_ASSET_METADATA	NOT_ESTABLISHED
90	2007bd	51	LOSS	KAIT	A	2	Pantheon+_Data/2_CALIBRATION/SNANA_kcor/kcor_KAIT_Stahl.input	Pantheon+_Data/2_CALIBRATION/SNANA_kcor/kcor_KAIT_Stahl_v6_1.fits	b959bba0fec3bf8811ecc6c8535880180734fa6c	1	KAIT	KAIT3-A	BD17	COUNT	$PS1_USERS/dscolnic/Excalibur_dillon/filters/KAIT_2018	B_kait3.txt	Pantheon+_Data/2_CALIBRATION/filters/KAIT_2018/B_kait3.txt	b8849611cb4e128e0e1d39a152af6f52db1f6822	b7432346ab3a4eeffb33c6c79348fb2c96f8bb857228a90483d74f673c82a340	PUBLIC_KCOR_TEXT_AND_TRANSMISSION_ASSET_MAPPED	PUBLIC_KCOR_TEXT_AND_TRACKED_ASSET_METADATA	NOT_ESTABLISHED
90	2007bd	51	LOSS	KAIT	B	2	Pantheon+_Data/2_CALIBRATION/SNANA_kcor/kcor_KAIT_Stahl.input	Pantheon+_Data/2_CALIBRATION/SNANA_kcor/kcor_KAIT_Stahl_v6_1.fits	b959bba0fec3bf8811ecc6c8535880180734fa6c	1	KAIT	KAIT3-B	BD17	COUNT	$PS1_USERS/dscolnic/Excalibur_dillon/filters/KAIT_2018	V_kait3.txt	Pantheon+_Data/2_CALIBRATION/filters/KAIT_2018/V_kait3.txt	1e38a90fcb180bf91567db2b37184a8410b9e018	c0af1f018e3d4d3d60b48c9683827568544e84decdd158e5e2fcd17a5a014171	PUBLIC_KCOR_TEXT_AND_TRANSMISSION_ASSET_MAPPED	PUBLIC_KCOR_TEXT_AND_TRACKED_ASSET_METADATA	NOT_ESTABLISHED
90	2007bd	51	LOSS	KAIT	C	2	Pantheon+_Data/2_CALIBRATION/SNANA_kcor/kcor_KAIT_Stahl.input	Pantheon+_Data/2_CALIBRATION/SNANA_kcor/kcor_KAIT_Stahl_v6_1.fits	b959bba0fec3bf8811ecc6c8535880180734fa6c	1	KAIT	KAIT3-C	BD17	COUNT	$PS1_USERS/dscolnic/Excalibur_dillon/filters/KAIT_2018	R_kait3_cut.txt	Pantheon+_Data/2_CALIBRATION/filters/KAIT_2018/R_kait3_cut.txt	dd88c35bb126f55ce3fe4dad4a6114cf9564d786	da441a4e9f0bc12c5311f8b5155fbc2ffa491b41e250cf4db780007adb46a285	PUBLIC_KCOR_TEXT_AND_TRANSMISSION_ASSET_MAPPED	PUBLIC_KCOR_TEXT_AND_TRACKED_ASSET_METADATA	NOT_ESTABLISHED
90	2007bd	51	LOSS	KAIT	D	2	Pantheon+_Data/2_CALIBRATION/SNANA_kcor/kcor_KAIT_Stahl.input	Pantheon+_Data/2_CALIBRATION/SNANA_kcor/kcor_KAIT_Stahl_v6_1.fits	b959bba0fec3bf8811ecc6c8535880180734fa6c	1	KAIT	KAIT3-D	BD17	COUNT	$PS1_USERS/dscolnic/Excalibur_dillon/filters/KAIT_2018	I_kait3.txt	Pantheon+_Data/2_CALIBRATION/filters/KAIT_2018/I_kait3.txt	4349a1e9112afc412f0e2f0ae908a1a3c63d0e04	d34a4f4b2f926b95ebb866ccc126691d40880319e74446fa81864714b5c02cc0	PUBLIC_KCOR_TEXT_AND_TRANSMISSION_ASSET_MAPPED	PUBLIC_KCOR_TEXT_AND_TRACKED_ASSET_METADATA	NOT_ESTABLISHED
90	2007bd	51	LOSS	KAIT	F	1	Pantheon+_Data/2_CALIBRATION/SNANA_kcor/kcor_KAIT_Stahl.input	Pantheon+_Data/2_CALIBRATION/SNANA_kcor/kcor_KAIT_Stahl_v6_1.fits	b959bba0fec3bf8811ecc6c8535880180734fa6c	1	KAIT	KAIT4-F	BD17	COUNT	$PS1_USERS/dscolnic/Excalibur_dillon/filters/KAIT_2018	V_kait4.txt	Pantheon+_Data/2_CALIBRATION/filters/KAIT_2018/V_kait4.txt	5fc9f5caf51d26764a56ab880ee09795e271b1d9	e3a6c81d258ebd8682bd836890986a48e483f802098c107d0a3ed7acbd846419	PUBLIC_KCOR_TEXT_AND_TRANSMISSION_ASSET_MAPPED	PUBLIC_KCOR_TEXT_AND_TRACKED_ASSET_METADATA	NOT_ESTABLISHED
90	2007bd	51	LOSS	KAIT	I	2	Pantheon+_Data/2_CALIBRATION/SNANA_kcor/kcor_KAIT_Stahl.input	Pantheon+_Data/2_CALIBRATION/SNANA_kcor/kcor_KAIT_Stahl_v6_1.fits	b959bba0fec3bf8811ecc6c8535880180734fa6c	1	KAIT	nickel1-I	BD17	COUNT	$PS1_USERS/dscolnic/Excalibur_dillon/filters/KAIT_2018	B_nickel1.txt	Pantheon+_Data/2_CALIBRATION/filters/KAIT_2018/B_nickel1.txt	2c67d9e41e826ea4bfd9b66f2f05d2b855f656f2	f365c798b5c719ed4dee3d4e3a44bd9dfc8d12a8ff1c0fa33e95c08cad94f5c7	PUBLIC_KCOR_TEXT_AND_TRANSMISSION_ASSET_MAPPED	PUBLIC_KCOR_TEXT_AND_TRACKED_ASSET_METADATA	NOT_ESTABLISHED
90	2007bd	51	LOSS	KAIT	J	3	Pantheon+_Data/2_CALIBRATION/SNANA_kcor/kcor_KAIT_Stahl.input	Pantheon+_Data/2_CALIBRATION/SNANA_kcor/kcor_KAIT_Stahl_v6_1.fits	b959bba0fec3bf8811ecc6c8535880180734fa6c	1	KAIT	nickel1-J	BD17	COUNT	$PS1_USERS/dscolnic/Excalibur_dillon/filters/KAIT_2018	V_nickel1.txt	Pantheon+_Data/2_CALIBRATION/filters/KAIT_2018/V_nickel1.txt	fdb56d8b7ec3b17e41a3ec054ce6c0d687fa7440	926c164bfd229ce88887788c129647be77f475bff340a77b673b5550f611f5e9	PUBLIC_KCOR_TEXT_AND_TRANSMISSION_ASSET_MAPPED	PUBLIC_KCOR_TEXT_AND_TRACKED_ASSET_METADATA	NOT_ESTABLISHED
90	2007bd	51	LOSS	KAIT	K	3	Pantheon+_Data/2_CALIBRATION/SNANA_kcor/kcor_KAIT_Stahl.input	Pantheon+_Data/2_CALIBRATION/SNANA_kcor/kcor_KAIT_Stahl_v6_1.fits	b959bba0fec3bf8811ecc6c8535880180734fa6c	1	KAIT	nickel1-K	BD17	COUNT	$PS1_USERS/dscolnic/Excalibur_dillon/filters/KAIT_2018	R_nickel1.txt	Pantheon+_Data/2_CALIBRATION/filters/KAIT_2018/R_nickel1.txt	af7b347fb460f0943c0c8ce159e5271061a22c5d	2a1e23e610f27ef9f4abc4301d1cfc9ad793a4e7ecc967667ea80603b0742dc1	PUBLIC_KCOR_TEXT_AND_TRANSMISSION_ASSET_MAPPED	PUBLIC_KCOR_TEXT_AND_TRACKED_ASSET_METADATA	NOT_ESTABLISHED
90	2007bd	51	LOSS	KAIT	L	3	Pantheon+_Data/2_CALIBRATION/SNANA_kcor/kcor_KAIT_Stahl.input	Pantheon+_Data/2_CALIBRATION/SNANA_kcor/kcor_KAIT_Stahl_v6_1.fits	b959bba0fec3bf8811ecc6c8535880180734fa6c	1	KAIT	nickel1-L	BD17	COUNT	$PS1_USERS/dscolnic/Excalibur_dillon/filters/KAIT_2018	I_nickel1.txt	Pantheon+_Data/2_CALIBRATION/filters/KAIT_2018/I_nickel1.txt	d0b1006f2472fbb5b1048cdc29feec28062e2667	126bb7cbd41ec506d477630b20cad6ec26ff59f6e583c2f54cb32f13133d8469	PUBLIC_KCOR_TEXT_AND_TRANSMISSION_ASSET_MAPPED	PUBLIC_KCOR_TEXT_AND_TRACKED_ASSET_METADATA	NOT_ESTABLISHED
91	2007bd	5	CSPDR3_anthony	CSP	B	12	Pantheon+_Data/2_CALIBRATION/SNANA_kcor/kcor_CSPDR3.input	Pantheon+_Data/2_CALIBRATION/SNANA_kcor/kcor_CSPDR3_v6_1.fits	53c8a34af63d0d34fb513767abb2fdd852c26bff	1	CSP	CSP-B	BD17	COUNT	$SNDATA_ROOT/filters/CSP/CSP_TAMU_20180316	B_tel_ccd_atm_ext_1.2.dat	Pantheon+_Data/2_CALIBRATION/filters/CSP_TAMU_20180316/B_tel_ccd_atm_ext_1.2.dat	ed16304ca664fa79abd264a9a8df8794eedb9bb5	df6b951c5ed536c3afb7978185e2b84d68122c4a404efe1df842f3da0e1bef7c	PUBLIC_KCOR_TEXT_AND_TRANSMISSION_ASSET_MAPPED	PUBLIC_KCOR_TEXT_AND_TRACKED_ASSET_METADATA	NOT_ESTABLISHED
91	2007bd	5	CSPDR3_anthony	CSP	H	9	Pantheon+_Data/2_CALIBRATION/SNANA_kcor/kcor_CSPDR3.input	Pantheon+_Data/2_CALIBRATION/SNANA_kcor/kcor_CSPDR3_v6_1.fits	53c8a34af63d0d34fb513767abb2fdd852c26bff	1	CSP	CSP-H	BD17	COUNT	$SNDATA_ROOT/filters/CSP/CSP_TAMU_20180316	H_SWO_TAM_scan_atm.dat	Pantheon+_Data/2_CALIBRATION/filters/CSP_TAMU_20180316/H_SWO_TAM_scan_atm.dat	80f88d19c64aa6896007664497b5696f34a37542	03c70045453ef3990d19ecf4e77298698ad26259fe556bd6a7b96f01bfb32d20	PUBLIC_KCOR_TEXT_AND_TRANSMISSION_ASSET_MAPPED	PUBLIC_KCOR_TEXT_AND_TRACKED_ASSET_METADATA	NOT_ESTABLISHED
91	2007bd	5	CSPDR3_anthony	CSP	J	10	Pantheon+_Data/2_CALIBRATION/SNANA_kcor/kcor_CSPDR3.input	Pantheon+_Data/2_CALIBRATION/SNANA_kcor/kcor_CSPDR3_v6_1.fits	53c8a34af63d0d34fb513767abb2fdd852c26bff	1	CSP	CSP-J	BD17	COUNT	$SNDATA_ROOT/filters/CSP/CSP_TAMU_20180316	Jrc1_SWO_TAM_scan_atm.dat	Pantheon+_Data/2_CALIBRATION/filters/CSP_TAMU_20180316/Jrc1_SWO_TAM_scan_atm.dat	d324d6b806211446ce1dbe3483067dfff78a2dfb	3939c6b4c446c675afb69c561f5875350bc51895e632cd7a206d29f02b5c53ab	PUBLIC_KCOR_TEXT_AND_TRANSMISSION_ASSET_MAPPED	PUBLIC_KCOR_TEXT_AND_TRACKED_ASSET_METADATA	NOT_ESTABLISHED
91	2007bd	5	CSPDR3_anthony	CSP	Y	20	Pantheon+_Data/2_CALIBRATION/SNANA_kcor/kcor_CSPDR3.input	Pantheon+_Data/2_CALIBRATION/SNANA_kcor/kcor_CSPDR3_v6_1.fits	53c8a34af63d0d34fb513767abb2fdd852c26bff	1	CSP	CSP-Y	BD17	COUNT	$SNDATA_ROOT/filters/CSP/CSP_TAMU_20180316	Y_SWO_TAM_scan_atm.dat	Pantheon+_Data/2_CALIBRATION/filters/CSP_TAMU_20180316/Y_SWO_TAM_scan_atm.dat	02e4c0d6dea47ab2bdc195a3aedb5c4d81980939	caa1c6aa2696af7b3567e68101194bf35e08d856b1ec57f58cabce67a91547b4	PUBLIC_KCOR_TEXT_AND_TRANSMISSION_ASSET_MAPPED	PUBLIC_KCOR_TEXT_AND_TRACKED_ASSET_METADATA	NOT_ESTABLISHED
91	2007bd	5	CSPDR3_anthony	CSP	g	12	Pantheon+_Data/2_CALIBRATION/SNANA_kcor/kcor_CSPDR3.input	Pantheon+_Data/2_CALIBRATION/SNANA_kcor/kcor_CSPDR3_v6_1.fits	53c8a34af63d0d34fb513767abb2fdd852c26bff	1	CSP	CSP-g	BD17	COUNT	$SNDATA_ROOT/filters/CSP/CSP_TAMU_20180316	g_tel_ccd_atm_ext_1.2.dat	Pantheon+_Data/2_CALIBRATION/filters/CSP_TAMU_20180316/g_tel_ccd_atm_ext_1.2.dat	d7f525225664050f595970d51755d597899f9d38	e2fb29cced302fb7e19b96f780ea9752835967a9208e5441e3936318e31645d5	PUBLIC_KCOR_TEXT_AND_TRANSMISSION_ASSET_MAPPED	PUBLIC_KCOR_TEXT_AND_TRACKED_ASSET_METADATA	NOT_ESTABLISHED
91	2007bd	5	CSPDR3_anthony	CSP	i	12	Pantheon+_Data/2_CALIBRATION/SNANA_kcor/kcor_CSPDR3.input	Pantheon+_Data/2_CALIBRATION/SNANA_kcor/kcor_CSPDR3_v6_1.fits	53c8a34af63d0d34fb513767abb2fdd852c26bff	1	CSP	CSP-i	BD17	COUNT	$SNDATA_ROOT/filters/CSP/CSP_TAMU_20180316	i_tel_ccd_atm_ext_1.2.dat	Pantheon+_Data/2_CALIBRATION/filters/CSP_TAMU_20180316/i_tel_ccd_atm_ext_1.2.dat	510329b2cae3a935c3dee7e5c34ef62a5d82f1ea	abdd2b0657023e0b1fc3828dbdda1ed4d0ab6ecaaa6428686d415f875876b01c	PUBLIC_KCOR_TEXT_AND_TRANSMISSION_ASSET_MAPPED	PUBLIC_KCOR_TEXT_AND_TRACKED_ASSET_METADATA	NOT_ESTABLISHED
91	2007bd	5	CSPDR3_anthony	CSP	n	12	Pantheon+_Data/2_CALIBRATION/SNANA_kcor/kcor_CSPDR3.input	Pantheon+_Data/2_CALIBRATION/SNANA_kcor/kcor_CSPDR3_v6_1.fits	53c8a34af63d0d34fb513767abb2fdd852c26bff	1	CSP	CSP-n	BD17	COUNT	$SNDATA_ROOT/filters/CSP/CSP_TAMU_20180316	V_LC9844_tel_ccd_atm_ext_1.2.dat	Pantheon+_Data/2_CALIBRATION/filters/CSP_TAMU_20180316/V_LC9844_tel_ccd_atm_ext_1.2.dat	6541ce8a5f2c14e332f95cba469435f1c8a8fd3c	a26438b594e812b365d2c5b55035ff60cadbe2db4021b3ff9a61cf4c9bf3fe49	PUBLIC_KCOR_TEXT_AND_TRANSMISSION_ASSET_MAPPED	PUBLIC_KCOR_TEXT_AND_TRACKED_ASSET_METADATA	NOT_ESTABLISHED
91	2007bd	5	CSPDR3_anthony	CSP	r	12	Pantheon+_Data/2_CALIBRATION/SNANA_kcor/kcor_CSPDR3.input	Pantheon+_Data/2_CALIBRATION/SNANA_kcor/kcor_CSPDR3_v6_1.fits	53c8a34af63d0d34fb513767abb2fdd852c26bff	1	CSP	CSP-r	BD17	COUNT	$SNDATA_ROOT/filters/CSP/CSP_TAMU_20180316	r_tel_ccd_atm_ext_1.2.dat	Pantheon+_Data/2_CALIBRATION/filters/CSP_TAMU_20180316/r_tel_ccd_atm_ext_1.2.dat	6ca739a4a935e052ce6ae4a96663feeac8250a26	cead2f587b2ff14c0fcd31175ec6b73a477d2ff9767821a02d649167139ae1fd	PUBLIC_KCOR_TEXT_AND_TRANSMISSION_ASSET_MAPPED	PUBLIC_KCOR_TEXT_AND_TRACKED_ASSET_METADATA	NOT_ESTABLISHED
91	2007bd	5	CSPDR3_anthony	CSP	u	8	Pantheon+_Data/2_CALIBRATION/SNANA_kcor/kcor_CSPDR3.input	Pantheon+_Data/2_CALIBRATION/SNANA_kcor/kcor_CSPDR3_v6_1.fits	53c8a34af63d0d34fb513767abb2fdd852c26bff	1	CSP	CSP-u	BD17	COUNT	$SNDATA_ROOT/filters/CSP/CSP_TAMU_20180316	u_tel_ccd_atm_ext_1.2.dat	Pantheon+_Data/2_CALIBRATION/filters/CSP_TAMU_20180316/u_tel_ccd_atm_ext_1.2.dat	9f04c0c265228b8285f1af1686dd77096f2059f0	715cfb4eea7a74abbf7d6365f29a551a0ca9a16dd21d8f32af904d4b580f8790	PUBLIC_KCOR_TEXT_AND_TRANSMISSION_ASSET_MAPPED	PUBLIC_KCOR_TEXT_AND_TRACKED_ASSET_METADATA	NOT_ESTABLISHED
91	2007bd	5	CSPDR3_anthony	CSP	y	3	Pantheon+_Data/2_CALIBRATION/SNANA_kcor/kcor_CSPDR3.input	Pantheon+_Data/2_CALIBRATION/SNANA_kcor/kcor_CSPDR3_v6_1.fits	53c8a34af63d0d34fb513767abb2fdd852c26bff	1	CSP	CSP-y	BD17	COUNT	$SNDATA_ROOT/filters/CSP/CSP_TAMU_20180316	Y_DUP_TAM_scan_atm.dat	Pantheon+_Data/2_CALIBRATION/filters/CSP_TAMU_20180316/Y_DUP_TAM_scan_atm.dat	7261bed97f866ab6093ba12d1069faf05c5d6d6e	478e4ebb2ef4eb838b2d872ddc72c16d66aab72a6ffb040a68775fab50ff3af6	PUBLIC_KCOR_TEXT_AND_TRANSMISSION_ASSET_MAPPED	PUBLIC_KCOR_TEXT_AND_TRACKED_ASSET_METADATA	NOT_ESTABLISHED
92	2007bd	64	CfA3_DJ20	PS1_LOWZ_COMBINED(CFA3K)	g	10	Pantheon+_Data/2_CALIBRATION/SNANA_kcor/kcor_PS1_CFA_COMBINED.input	Pantheon+_Data/2_CALIBRATION/SNANA_kcor/kcor_PS1_CFA_COMBINED_v6_1.fits	a5403c58bf24ff2a7e6f5d7de96572784ed788d8	1	CFA3K	CFA41-B/g	BD17	COUNT	PS1/Pantheon/PS1_CFA4	cfa4_B_p1+modtran.dat	Pantheon+_Data/2_CALIBRATION/filters/PS1_CFA4/cfa4_B_p1+modtran.dat	d44226cb58b4489d6399e97ce7a3935de74fa63c	cca7349553217ed6420d7c28cc644fa45d381992215ec8625505746ee9fa446c	PUBLIC_KCOR_TEXT_AND_TRANSMISSION_ASSET_MAPPED	PUBLIC_KCOR_TEXT_AND_TRACKED_ASSET_METADATA	NOT_ESTABLISHED
92	2007bd	64	CfA3_DJ20	PS1_LOWZ_COMBINED(CFA3K)	h	12	Pantheon+_Data/2_CALIBRATION/SNANA_kcor/kcor_PS1_CFA_COMBINED.input	Pantheon+_Data/2_CALIBRATION/SNANA_kcor/kcor_PS1_CFA_COMBINED_v6_1.fits	a5403c58bf24ff2a7e6f5d7de96572784ed788d8	1	CFA3K	CFA41-V/h	BD17	COUNT	PS1/Pantheon/PS1_CFA4	cfa4_V_p1+modtran.dat	Pantheon+_Data/2_CALIBRATION/filters/PS1_CFA4/cfa4_V_p1+modtran.dat	9f4cc89d6fc142d476d9882a445f476715d9616f	351378bba990897cbccaeb80620764b6c8128a39253afc06a944139815b06a4b	PUBLIC_KCOR_TEXT_AND_TRANSMISSION_ASSET_MAPPED	PUBLIC_KCOR_TEXT_AND_TRACKED_ASSET_METADATA	NOT_ESTABLISHED
92	2007bd	64	CfA3_DJ20	PS1_LOWZ_COMBINED(CFA3K)	i	12	Pantheon+_Data/2_CALIBRATION/SNANA_kcor/kcor_PS1_CFA_COMBINED.input	Pantheon+_Data/2_CALIBRATION/SNANA_kcor/kcor_PS1_CFA_COMBINED_v6_1.fits	a5403c58bf24ff2a7e6f5d7de96572784ed788d8	1	CFA3K	CFA41-r/i	BD17	COUNT	PS1/Pantheon/PS1_CFA4	cfa4_r_p1+modtran.dat	Pantheon+_Data/2_CALIBRATION/filters/PS1_CFA4/cfa4_r_p1+modtran.dat	fd1ce7f294d15e085dfa3df747c1c2cdf4088629	741377de882b5c205f994c1b9416c9ea5fa4432bc2d7d88dd50cf5dbbe866c99	PUBLIC_KCOR_TEXT_AND_TRANSMISSION_ASSET_MAPPED	PUBLIC_KCOR_TEXT_AND_TRACKED_ASSET_METADATA	NOT_ESTABLISHED
92	2007bd	64	CfA3_DJ20	PS1_LOWZ_COMBINED(CFA3K)	j	12	Pantheon+_Data/2_CALIBRATION/SNANA_kcor/kcor_PS1_CFA_COMBINED.input	Pantheon+_Data/2_CALIBRATION/SNANA_kcor/kcor_PS1_CFA_COMBINED_v6_1.fits	a5403c58bf24ff2a7e6f5d7de96572784ed788d8	1	CFA3K	CFA41-i/j	BD17	COUNT	PS1/Pantheon/PS1_CFA4	cfa4_i_p1+modtran.dat	Pantheon+_Data/2_CALIBRATION/filters/PS1_CFA4/cfa4_i_p1+modtran.dat	d92f2ebce3a1091a4f135a5974d5339b76db2b3f	796074a658a6f17d58fd4108d84c6fc65caade1c05e578b0530fe4acbdd14f9c	PUBLIC_KCOR_TEXT_AND_TRANSMISSION_ASSET_MAPPED	PUBLIC_KCOR_TEXT_AND_TRACKED_ASSET_METADATA	NOT_ESTABLISHED
97	2006en	57	KAIT_DS15	KAITM	A	14	Pantheon+_Data/2_CALIBRATION/SNANA_kcor/kcor_KAIT_Mo.input	Pantheon+_Data/2_CALIBRATION/SNANA_kcor/kcor_KAIT_Mo_v6_1.fits	698aa4836a917dfc1569fbccec976db44201110f	1	KAIT	KAIT3-A	BD17	COUNT	$PS1_USERS/dscolnic/Excalibur_dillon/filters/KAIT_2018	B_kait3.txt	Pantheon+_Data/2_CALIBRATION/filters/KAIT_2018/B_kait3.txt	b8849611cb4e128e0e1d39a152af6f52db1f6822	b7432346ab3a4eeffb33c6c79348fb2c96f8bb857228a90483d74f673c82a340	PUBLIC_KCOR_TEXT_AND_TRANSMISSION_ASSET_MAPPED	PUBLIC_KCOR_TEXT_AND_TRACKED_ASSET_METADATA	NOT_ESTABLISHED
97	2006en	57	KAIT_DS15	KAITM	B	18	Pantheon+_Data/2_CALIBRATION/SNANA_kcor/kcor_KAIT_Mo.input	Pantheon+_Data/2_CALIBRATION/SNANA_kcor/kcor_KAIT_Mo_v6_1.fits	698aa4836a917dfc1569fbccec976db44201110f	1	KAIT	KAIT3-B	BD17	COUNT	$PS1_USERS/dscolnic/Excalibur_dillon/filters/KAIT_2018	V_kait3.txt	Pantheon+_Data/2_CALIBRATION/filters/KAIT_2018/V_kait3.txt	1e38a90fcb180bf91567db2b37184a8410b9e018	c0af1f018e3d4d3d60b48c9683827568544e84decdd158e5e2fcd17a5a014171	PUBLIC_KCOR_TEXT_AND_TRANSMISSION_ASSET_MAPPED	PUBLIC_KCOR_TEXT_AND_TRACKED_ASSET_METADATA	NOT_ESTABLISHED
97	2006en	57	KAIT_DS15	KAITM	C	15	Pantheon+_Data/2_CALIBRATION/SNANA_kcor/kcor_KAIT_Mo.input	Pantheon+_Data/2_CALIBRATION/SNANA_kcor/kcor_KAIT_Mo_v6_1.fits	698aa4836a917dfc1569fbccec976db44201110f	1	KAIT	KAIT3-C	BD17	COUNT	$PS1_USERS/dscolnic/Excalibur_dillon/filters/KAIT_2018	R_kait3_cut.txt	Pantheon+_Data/2_CALIBRATION/filters/KAIT_2018/R_kait3_cut.txt	dd88c35bb126f55ce3fe4dad4a6114cf9564d786	da441a4e9f0bc12c5311f8b5155fbc2ffa491b41e250cf4db780007adb46a285	PUBLIC_KCOR_TEXT_AND_TRANSMISSION_ASSET_MAPPED	PUBLIC_KCOR_TEXT_AND_TRACKED_ASSET_METADATA	NOT_ESTABLISHED
97	2006en	57	KAIT_DS15	KAITM	D	18	Pantheon+_Data/2_CALIBRATION/SNANA_kcor/kcor_KAIT_Mo.input	Pantheon+_Data/2_CALIBRATION/SNANA_kcor/kcor_KAIT_Mo_v6_1.fits	698aa4836a917dfc1569fbccec976db44201110f	1	KAIT	KAIT3-D	BD17	COUNT	$PS1_USERS/dscolnic/Excalibur_dillon/filters/KAIT_2018	I_kait3.txt	Pantheon+_Data/2_CALIBRATION/filters/KAIT_2018/I_kait3.txt	4349a1e9112afc412f0e2f0ae908a1a3c63d0e04	d34a4f4b2f926b95ebb866ccc126691d40880319e74446fa81864714b5c02cc0	PUBLIC_KCOR_TEXT_AND_TRANSMISSION_ASSET_MAPPED	PUBLIC_KCOR_TEXT_AND_TRACKED_ASSET_METADATA	NOT_ESTABLISHED
98	2006en	64	CfA3_DJ20	PS1_LOWZ_COMBINED(CFA3K)	g	8	Pantheon+_Data/2_CALIBRATION/SNANA_kcor/kcor_PS1_CFA_COMBINED.input	Pantheon+_Data/2_CALIBRATION/SNANA_kcor/kcor_PS1_CFA_COMBINED_v6_1.fits	a5403c58bf24ff2a7e6f5d7de96572784ed788d8	1	CFA3K	CFA41-B/g	BD17	COUNT	PS1/Pantheon/PS1_CFA4	cfa4_B_p1+modtran.dat	Pantheon+_Data/2_CALIBRATION/filters/PS1_CFA4/cfa4_B_p1+modtran.dat	d44226cb58b4489d6399e97ce7a3935de74fa63c	cca7349553217ed6420d7c28cc644fa45d381992215ec8625505746ee9fa446c	PUBLIC_KCOR_TEXT_AND_TRANSMISSION_ASSET_MAPPED	PUBLIC_KCOR_TEXT_AND_TRACKED_ASSET_METADATA	NOT_ESTABLISHED
98	2006en	64	CfA3_DJ20	PS1_LOWZ_COMBINED(CFA3K)	h	16	Pantheon+_Data/2_CALIBRATION/SNANA_kcor/kcor_PS1_CFA_COMBINED.input	Pantheon+_Data/2_CALIBRATION/SNANA_kcor/kcor_PS1_CFA_COMBINED_v6_1.fits	a5403c58bf24ff2a7e6f5d7de96572784ed788d8	1	CFA3K	CFA41-V/h	BD17	COUNT	PS1/Pantheon/PS1_CFA4	cfa4_V_p1+modtran.dat	Pantheon+_Data/2_CALIBRATION/filters/PS1_CFA4/cfa4_V_p1+modtran.dat	9f4cc89d6fc142d476d9882a445f476715d9616f	351378bba990897cbccaeb80620764b6c8128a39253afc06a944139815b06a4b	PUBLIC_KCOR_TEXT_AND_TRANSMISSION_ASSET_MAPPED	PUBLIC_KCOR_TEXT_AND_TRACKED_ASSET_METADATA	NOT_ESTABLISHED
98	2006en	64	CfA3_DJ20	PS1_LOWZ_COMBINED(CFA3K)	i	17	Pantheon+_Data/2_CALIBRATION/SNANA_kcor/kcor_PS1_CFA_COMBINED.input	Pantheon+_Data/2_CALIBRATION/SNANA_kcor/kcor_PS1_CFA_COMBINED_v6_1.fits	a5403c58bf24ff2a7e6f5d7de96572784ed788d8	1	CFA3K	CFA41-r/i	BD17	COUNT	PS1/Pantheon/PS1_CFA4	cfa4_r_p1+modtran.dat	Pantheon+_Data/2_CALIBRATION/filters/PS1_CFA4/cfa4_r_p1+modtran.dat	fd1ce7f294d15e085dfa3df747c1c2cdf4088629	741377de882b5c205f994c1b9416c9ea5fa4432bc2d7d88dd50cf5dbbe866c99	PUBLIC_KCOR_TEXT_AND_TRANSMISSION_ASSET_MAPPED	PUBLIC_KCOR_TEXT_AND_TRACKED_ASSET_METADATA	NOT_ESTABLISHED
98	2006en	64	CfA3_DJ20	PS1_LOWZ_COMBINED(CFA3K)	j	17	Pantheon+_Data/2_CALIBRATION/SNANA_kcor/kcor_PS1_CFA_COMBINED.input	Pantheon+_Data/2_CALIBRATION/SNANA_kcor/kcor_PS1_CFA_COMBINED_v6_1.fits	a5403c58bf24ff2a7e6f5d7de96572784ed788d8	1	CFA3K	CFA41-i/j	BD17	COUNT	PS1/Pantheon/PS1_CFA4	cfa4_i_p1+modtran.dat	Pantheon+_Data/2_CALIBRATION/filters/PS1_CFA4/cfa4_i_p1+modtran.dat	d92f2ebce3a1091a4f135a5974d5339b76db2b3f	796074a658a6f17d58fd4108d84c6fc65caade1c05e578b0530fe4acbdd14f9c	PUBLIC_KCOR_TEXT_AND_TRANSMISSION_ASSET_MAPPED	PUBLIC_KCOR_TEXT_AND_TRACKED_ASSET_METADATA	NOT_ESTABLISHED
109	2004as	57	KAIT_DS15	KAITM	A	20	Pantheon+_Data/2_CALIBRATION/SNANA_kcor/kcor_KAIT_Mo.input	Pantheon+_Data/2_CALIBRATION/SNANA_kcor/kcor_KAIT_Mo_v6_1.fits	698aa4836a917dfc1569fbccec976db44201110f	1	KAIT	KAIT3-A	BD17	COUNT	$PS1_USERS/dscolnic/Excalibur_dillon/filters/KAIT_2018	B_kait3.txt	Pantheon+_Data/2_CALIBRATION/filters/KAIT_2018/B_kait3.txt	b8849611cb4e128e0e1d39a152af6f52db1f6822	b7432346ab3a4eeffb33c6c79348fb2c96f8bb857228a90483d74f673c82a340	PUBLIC_KCOR_TEXT_AND_TRANSMISSION_ASSET_MAPPED	PUBLIC_KCOR_TEXT_AND_TRACKED_ASSET_METADATA	NOT_ESTABLISHED
109	2004as	57	KAIT_DS15	KAITM	B	21	Pantheon+_Data/2_CALIBRATION/SNANA_kcor/kcor_KAIT_Mo.input	Pantheon+_Data/2_CALIBRATION/SNANA_kcor/kcor_KAIT_Mo_v6_1.fits	698aa4836a917dfc1569fbccec976db44201110f	1	KAIT	KAIT3-B	BD17	COUNT	$PS1_USERS/dscolnic/Excalibur_dillon/filters/KAIT_2018	V_kait3.txt	Pantheon+_Data/2_CALIBRATION/filters/KAIT_2018/V_kait3.txt	1e38a90fcb180bf91567db2b37184a8410b9e018	c0af1f018e3d4d3d60b48c9683827568544e84decdd158e5e2fcd17a5a014171	PUBLIC_KCOR_TEXT_AND_TRANSMISSION_ASSET_MAPPED	PUBLIC_KCOR_TEXT_AND_TRACKED_ASSET_METADATA	NOT_ESTABLISHED
109	2004as	57	KAIT_DS15	KAITM	C	21	Pantheon+_Data/2_CALIBRATION/SNANA_kcor/kcor_KAIT_Mo.input	Pantheon+_Data/2_CALIBRATION/SNANA_kcor/kcor_KAIT_Mo_v6_1.fits	698aa4836a917dfc1569fbccec976db44201110f	1	KAIT	KAIT3-C	BD17	COUNT	$PS1_USERS/dscolnic/Excalibur_dillon/filters/KAIT_2018	R_kait3_cut.txt	Pantheon+_Data/2_CALIBRATION/filters/KAIT_2018/R_kait3_cut.txt	dd88c35bb126f55ce3fe4dad4a6114cf9564d786	da441a4e9f0bc12c5311f8b5155fbc2ffa491b41e250cf4db780007adb46a285	PUBLIC_KCOR_TEXT_AND_TRANSMISSION_ASSET_MAPPED	PUBLIC_KCOR_TEXT_AND_TRACKED_ASSET_METADATA	NOT_ESTABLISHED
109	2004as	57	KAIT_DS15	KAITM	D	21	Pantheon+_Data/2_CALIBRATION/SNANA_kcor/kcor_KAIT_Mo.input	Pantheon+_Data/2_CALIBRATION/SNANA_kcor/kcor_KAIT_Mo_v6_1.fits	698aa4836a917dfc1569fbccec976db44201110f	1	KAIT	KAIT3-D	BD17	COUNT	$PS1_USERS/dscolnic/Excalibur_dillon/filters/KAIT_2018	I_kait3.txt	Pantheon+_Data/2_CALIBRATION/filters/KAIT_2018/I_kait3.txt	4349a1e9112afc412f0e2f0ae908a1a3c63d0e04	d34a4f4b2f926b95ebb866ccc126691d40880319e74446fa81864714b5c02cc0	PUBLIC_KCOR_TEXT_AND_TRANSMISSION_ASSET_MAPPED	PUBLIC_KCOR_TEXT_AND_TRACKED_ASSET_METADATA	NOT_ESTABLISHED
109	2004as	57	KAIT_DS15	KAITM	I	2	Pantheon+_Data/2_CALIBRATION/SNANA_kcor/kcor_KAIT_Mo.input	Pantheon+_Data/2_CALIBRATION/SNANA_kcor/kcor_KAIT_Mo_v6_1.fits	698aa4836a917dfc1569fbccec976db44201110f	1	KAIT	nickel1-I	BD17	COUNT	$PS1_USERS/dscolnic/Excalibur_dillon/filters/KAIT_2018	B_nickel1.txt	Pantheon+_Data/2_CALIBRATION/filters/KAIT_2018/B_nickel1.txt	2c67d9e41e826ea4bfd9b66f2f05d2b855f656f2	f365c798b5c719ed4dee3d4e3a44bd9dfc8d12a8ff1c0fa33e95c08cad94f5c7	PUBLIC_KCOR_TEXT_AND_TRANSMISSION_ASSET_MAPPED	PUBLIC_KCOR_TEXT_AND_TRACKED_ASSET_METADATA	NOT_ESTABLISHED
109	2004as	57	KAIT_DS15	KAITM	J	2	Pantheon+_Data/2_CALIBRATION/SNANA_kcor/kcor_KAIT_Mo.input	Pantheon+_Data/2_CALIBRATION/SNANA_kcor/kcor_KAIT_Mo_v6_1.fits	698aa4836a917dfc1569fbccec976db44201110f	1	KAIT	nickel1-J	BD17	COUNT	$PS1_USERS/dscolnic/Excalibur_dillon/filters/KAIT_2018	V_nickel1.txt	Pantheon+_Data/2_CALIBRATION/filters/KAIT_2018/V_nickel1.txt	fdb56d8b7ec3b17e41a3ec054ce6c0d687fa7440	926c164bfd229ce88887788c129647be77f475bff340a77b673b5550f611f5e9	PUBLIC_KCOR_TEXT_AND_TRANSMISSION_ASSET_MAPPED	PUBLIC_KCOR_TEXT_AND_TRACKED_ASSET_METADATA	NOT_ESTABLISHED
109	2004as	57	KAIT_DS15	KAITM	K	2	Pantheon+_Data/2_CALIBRATION/SNANA_kcor/kcor_KAIT_Mo.input	Pantheon+_Data/2_CALIBRATION/SNANA_kcor/kcor_KAIT_Mo_v6_1.fits	698aa4836a917dfc1569fbccec976db44201110f	1	KAIT	nickel1-K	BD17	COUNT	$PS1_USERS/dscolnic/Excalibur_dillon/filters/KAIT_2018	R_nickel1.txt	Pantheon+_Data/2_CALIBRATION/filters/KAIT_2018/R_nickel1.txt	af7b347fb460f0943c0c8ce159e5271061a22c5d	2a1e23e610f27ef9f4abc4301d1cfc9ad793a4e7ecc967667ea80603b0742dc1	PUBLIC_KCOR_TEXT_AND_TRANSMISSION_ASSET_MAPPED	PUBLIC_KCOR_TEXT_AND_TRACKED_ASSET_METADATA	NOT_ESTABLISHED
109	2004as	57	KAIT_DS15	KAITM	L	2	Pantheon+_Data/2_CALIBRATION/SNANA_kcor/kcor_KAIT_Mo.input	Pantheon+_Data/2_CALIBRATION/SNANA_kcor/kcor_KAIT_Mo_v6_1.fits	698aa4836a917dfc1569fbccec976db44201110f	1	KAIT	nickel1-L	BD17	COUNT	$PS1_USERS/dscolnic/Excalibur_dillon/filters/KAIT_2018	I_nickel1.txt	Pantheon+_Data/2_CALIBRATION/filters/KAIT_2018/I_nickel1.txt	d0b1006f2472fbb5b1048cdc29feec28062e2667	126bb7cbd41ec506d477630b20cad6ec26ff59f6e583c2f54cb32f13133d8469	PUBLIC_KCOR_TEXT_AND_TRANSMISSION_ASSET_MAPPED	PUBLIC_KCOR_TEXT_AND_TRACKED_ASSET_METADATA	NOT_ESTABLISHED
110	2004as	63	CfA3_DJ20	PS1_LOWZ_COMBINED(CFA3S)	a	3	Pantheon+_Data/2_CALIBRATION/SNANA_kcor/kcor_PS1_CFA_COMBINED.input	Pantheon+_Data/2_CALIBRATION/SNANA_kcor/kcor_PS1_CFA_COMBINED_v6_1.fits	a5403c58bf24ff2a7e6f5d7de96572784ed788d8	1	CFA3S	CFA3S-U/a	BD17	COUNT	PS1/Pantheon/CFA3_native	SNLS3_4shooter2_U.dat	Pantheon+_Data/2_CALIBRATION/filters/CFA3_native/SNLS3_4shooter2_U.dat	3bda03457f2cb27f8d5e78941cde2fb21b3fe741	9f29f941ccaa0702b052e168af3b1294b410b102c520b546c8d460020a789586	PUBLIC_KCOR_TEXT_AND_TRANSMISSION_ASSET_MAPPED	PUBLIC_KCOR_TEXT_AND_TRACKED_ASSET_METADATA	NOT_ESTABLISHED
110	2004as	63	CfA3_DJ20	PS1_LOWZ_COMBINED(CFA3S)	b	9	Pantheon+_Data/2_CALIBRATION/SNANA_kcor/kcor_PS1_CFA_COMBINED.input	Pantheon+_Data/2_CALIBRATION/SNANA_kcor/kcor_PS1_CFA_COMBINED_v6_1.fits	a5403c58bf24ff2a7e6f5d7de96572784ed788d8	1	CFA3S	CFA3S-B/b	BD17	COUNT	PS1/Pantheon/CFA3_native	SNLS3_4shooter2_B.dat	Pantheon+_Data/2_CALIBRATION/filters/CFA3_native/SNLS3_4shooter2_B.dat	2c3fb72d45ce921c4d6d035d7fc6a601e76f8069	7ec2d31f29a6e2cefd251a8d9fa5ac4648e5dd9ccf5327c48ba1e5dfe7db0845	PUBLIC_KCOR_TEXT_AND_TRANSMISSION_ASSET_MAPPED	PUBLIC_KCOR_TEXT_AND_TRACKED_ASSET_METADATA	NOT_ESTABLISHED
110	2004as	63	CfA3_DJ20	PS1_LOWZ_COMBINED(CFA3S)	c	14	Pantheon+_Data/2_CALIBRATION/SNANA_kcor/kcor_PS1_CFA_COMBINED.input	Pantheon+_Data/2_CALIBRATION/SNANA_kcor/kcor_PS1_CFA_COMBINED_v6_1.fits	a5403c58bf24ff2a7e6f5d7de96572784ed788d8	1	CFA3S	CFA3S-V/c	BD17	COUNT	PS1/Pantheon/CFA3_native	SNLS3_4shooter2_V.dat	Pantheon+_Data/2_CALIBRATION/filters/CFA3_native/SNLS3_4shooter2_V.dat	5bb3ea124b44882990253973900e3b3514a647ec	869887950a19f904463efea7b1a3f44e2bba7570199205232a16d920ac53f0c7	PUBLIC_KCOR_TEXT_AND_TRANSMISSION_ASSET_MAPPED	PUBLIC_KCOR_TEXT_AND_TRACKED_ASSET_METADATA	NOT_ESTABLISHED
110	2004as	63	CfA3_DJ20	PS1_LOWZ_COMBINED(CFA3S)	d	15	Pantheon+_Data/2_CALIBRATION/SNANA_kcor/kcor_PS1_CFA_COMBINED.input	Pantheon+_Data/2_CALIBRATION/SNANA_kcor/kcor_PS1_CFA_COMBINED_v6_1.fits	a5403c58bf24ff2a7e6f5d7de96572784ed788d8	1	CFA3S	CFA3S-R/d	BD17	COUNT	PS1/Pantheon/CFA3_native	SNLS3_4shooter2_R.dat	Pantheon+_Data/2_CALIBRATION/filters/CFA3_native/SNLS3_4shooter2_R.dat	b60c445452727f3e8803d8d9c9242969b48335a6	b7528a9fec3db661fdb1d1deb4e2be9b37c8f51ca8ba1ff2703d21a7a99bdbfb	PUBLIC_KCOR_TEXT_AND_TRANSMISSION_ASSET_MAPPED	PUBLIC_KCOR_TEXT_AND_TRACKED_ASSET_METADATA	NOT_ESTABLISHED
110	2004as	63	CfA3_DJ20	PS1_LOWZ_COMBINED(CFA3S)	e	10	Pantheon+_Data/2_CALIBRATION/SNANA_kcor/kcor_PS1_CFA_COMBINED.input	Pantheon+_Data/2_CALIBRATION/SNANA_kcor/kcor_PS1_CFA_COMBINED_v6_1.fits	a5403c58bf24ff2a7e6f5d7de96572784ed788d8	1	CFA3S	CFA3S-I/e	BD17	COUNT	PS1/Pantheon/CFA3_native	SNLS3_4shooter2_I.dat	Pantheon+_Data/2_CALIBRATION/filters/CFA3_native/SNLS3_4shooter2_I.dat	911c29f6691153e5a3deb7f06d9198843c6e6ec6	8b43e1271c760e8d0fff93a08f254f2e16f50d4701e3da1783f57046e7ab83e7	PUBLIC_KCOR_TEXT_AND_TRANSMISSION_ASSET_MAPPED	PUBLIC_KCOR_TEXT_AND_TRACKED_ASSET_METADATA	NOT_ESTABLISHED
113	2005iq	64	CfA3_DJ20	PS1_LOWZ_COMBINED(CFA3K)	f	7	Pantheon+_Data/2_CALIBRATION/SNANA_kcor/kcor_PS1_CFA_COMBINED.input	Pantheon+_Data/2_CALIBRATION/SNANA_kcor/kcor_PS1_CFA_COMBINED_v6_1.fits	a5403c58bf24ff2a7e6f5d7de96572784ed788d8	1	CFA3K	CFA41-U/f	BD17	COUNT	PS1/Pantheon/PS1_CFA4	cfa4_U_p1.dat	Pantheon+_Data/2_CALIBRATION/filters/PS1_CFA4/cfa4_U_p1.dat	80b7b875704d4b114c8446f8d9d7f57329c6cd03	00bbc2356c755f8315eb3dff3143576ed56ad2f18ea8870b4ea27e4a6984ee7b	PUBLIC_KCOR_TEXT_AND_TRANSMISSION_ASSET_MAPPED	PUBLIC_KCOR_TEXT_AND_TRACKED_ASSET_METADATA	NOT_ESTABLISHED
113	2005iq	64	CfA3_DJ20	PS1_LOWZ_COMBINED(CFA3K)	g	15	Pantheon+_Data/2_CALIBRATION/SNANA_kcor/kcor_PS1_CFA_COMBINED.input	Pantheon+_Data/2_CALIBRATION/SNANA_kcor/kcor_PS1_CFA_COMBINED_v6_1.fits	a5403c58bf24ff2a7e6f5d7de96572784ed788d8	1	CFA3K	CFA41-B/g	BD17	COUNT	PS1/Pantheon/PS1_CFA4	cfa4_B_p1+modtran.dat	Pantheon+_Data/2_CALIBRATION/filters/PS1_CFA4/cfa4_B_p1+modtran.dat	d44226cb58b4489d6399e97ce7a3935de74fa63c	cca7349553217ed6420d7c28cc644fa45d381992215ec8625505746ee9fa446c	PUBLIC_KCOR_TEXT_AND_TRANSMISSION_ASSET_MAPPED	PUBLIC_KCOR_TEXT_AND_TRACKED_ASSET_METADATA	NOT_ESTABLISHED
113	2005iq	64	CfA3_DJ20	PS1_LOWZ_COMBINED(CFA3K)	h	14	Pantheon+_Data/2_CALIBRATION/SNANA_kcor/kcor_PS1_CFA_COMBINED.input	Pantheon+_Data/2_CALIBRATION/SNANA_kcor/kcor_PS1_CFA_COMBINED_v6_1.fits	a5403c58bf24ff2a7e6f5d7de96572784ed788d8	1	CFA3K	CFA41-V/h	BD17	COUNT	PS1/Pantheon/PS1_CFA4	cfa4_V_p1+modtran.dat	Pantheon+_Data/2_CALIBRATION/filters/PS1_CFA4/cfa4_V_p1+modtran.dat	9f4cc89d6fc142d476d9882a445f476715d9616f	351378bba990897cbccaeb80620764b6c8128a39253afc06a944139815b06a4b	PUBLIC_KCOR_TEXT_AND_TRANSMISSION_ASSET_MAPPED	PUBLIC_KCOR_TEXT_AND_TRACKED_ASSET_METADATA	NOT_ESTABLISHED
113	2005iq	64	CfA3_DJ20	PS1_LOWZ_COMBINED(CFA3K)	i	15	Pantheon+_Data/2_CALIBRATION/SNANA_kcor/kcor_PS1_CFA_COMBINED.input	Pantheon+_Data/2_CALIBRATION/SNANA_kcor/kcor_PS1_CFA_COMBINED_v6_1.fits	a5403c58bf24ff2a7e6f5d7de96572784ed788d8	1	CFA3K	CFA41-r/i	BD17	COUNT	PS1/Pantheon/PS1_CFA4	cfa4_r_p1+modtran.dat	Pantheon+_Data/2_CALIBRATION/filters/PS1_CFA4/cfa4_r_p1+modtran.dat	fd1ce7f294d15e085dfa3df747c1c2cdf4088629	741377de882b5c205f994c1b9416c9ea5fa4432bc2d7d88dd50cf5dbbe866c99	PUBLIC_KCOR_TEXT_AND_TRANSMISSION_ASSET_MAPPED	PUBLIC_KCOR_TEXT_AND_TRACKED_ASSET_METADATA	NOT_ESTABLISHED
113	2005iq	64	CfA3_DJ20	PS1_LOWZ_COMBINED(CFA3K)	j	16	Pantheon+_Data/2_CALIBRATION/SNANA_kcor/kcor_PS1_CFA_COMBINED.input	Pantheon+_Data/2_CALIBRATION/SNANA_kcor/kcor_PS1_CFA_COMBINED_v6_1.fits	a5403c58bf24ff2a7e6f5d7de96572784ed788d8	1	CFA3K	CFA41-i/j	BD17	COUNT	PS1/Pantheon/PS1_CFA4	cfa4_i_p1+modtran.dat	Pantheon+_Data/2_CALIBRATION/filters/PS1_CFA4/cfa4_i_p1+modtran.dat	d92f2ebce3a1091a4f135a5974d5339b76db2b3f	796074a658a6f17d58fd4108d84c6fc65caade1c05e578b0530fe4acbdd14f9c	PUBLIC_KCOR_TEXT_AND_TRANSMISSION_ASSET_MAPPED	PUBLIC_KCOR_TEXT_AND_TRACKED_ASSET_METADATA	NOT_ESTABLISHED
114	2005iq	5	CSPDR3_anthony	CSP	B	18	Pantheon+_Data/2_CALIBRATION/SNANA_kcor/kcor_CSPDR3.input	Pantheon+_Data/2_CALIBRATION/SNANA_kcor/kcor_CSPDR3_v6_1.fits	53c8a34af63d0d34fb513767abb2fdd852c26bff	1	CSP	CSP-B	BD17	COUNT	$SNDATA_ROOT/filters/CSP/CSP_TAMU_20180316	B_tel_ccd_atm_ext_1.2.dat	Pantheon+_Data/2_CALIBRATION/filters/CSP_TAMU_20180316/B_tel_ccd_atm_ext_1.2.dat	ed16304ca664fa79abd264a9a8df8794eedb9bb5	df6b951c5ed536c3afb7978185e2b84d68122c4a404efe1df842f3da0e1bef7c	PUBLIC_KCOR_TEXT_AND_TRANSMISSION_ASSET_MAPPED	PUBLIC_KCOR_TEXT_AND_TRACKED_ASSET_METADATA	NOT_ESTABLISHED
114	2005iq	5	CSPDR3_anthony	CSP	H	12	Pantheon+_Data/2_CALIBRATION/SNANA_kcor/kcor_CSPDR3.input	Pantheon+_Data/2_CALIBRATION/SNANA_kcor/kcor_CSPDR3_v6_1.fits	53c8a34af63d0d34fb513767abb2fdd852c26bff	1	CSP	CSP-H	BD17	COUNT	$SNDATA_ROOT/filters/CSP/CSP_TAMU_20180316	H_SWO_TAM_scan_atm.dat	Pantheon+_Data/2_CALIBRATION/filters/CSP_TAMU_20180316/H_SWO_TAM_scan_atm.dat	80f88d19c64aa6896007664497b5696f34a37542	03c70045453ef3990d19ecf4e77298698ad26259fe556bd6a7b96f01bfb32d20	PUBLIC_KCOR_TEXT_AND_TRANSMISSION_ASSET_MAPPED	PUBLIC_KCOR_TEXT_AND_TRACKED_ASSET_METADATA	NOT_ESTABLISHED
114	2005iq	5	CSPDR3_anthony	CSP	J	12	Pantheon+_Data/2_CALIBRATION/SNANA_kcor/kcor_CSPDR3.input	Pantheon+_Data/2_CALIBRATION/SNANA_kcor/kcor_CSPDR3_v6_1.fits	53c8a34af63d0d34fb513767abb2fdd852c26bff	1	CSP	CSP-J	BD17	COUNT	$SNDATA_ROOT/filters/CSP/CSP_TAMU_20180316	Jrc1_SWO_TAM_scan_atm.dat	Pantheon+_Data/2_CALIBRATION/filters/CSP_TAMU_20180316/Jrc1_SWO_TAM_scan_atm.dat	d324d6b806211446ce1dbe3483067dfff78a2dfb	3939c6b4c446c675afb69c561f5875350bc51895e632cd7a206d29f02b5c53ab	PUBLIC_KCOR_TEXT_AND_TRANSMISSION_ASSET_MAPPED	PUBLIC_KCOR_TEXT_AND_TRACKED_ASSET_METADATA	NOT_ESTABLISHED
114	2005iq	5	CSPDR3_anthony	CSP	Y	21	Pantheon+_Data/2_CALIBRATION/SNANA_kcor/kcor_CSPDR3.input	Pantheon+_Data/2_CALIBRATION/SNANA_kcor/kcor_CSPDR3_v6_1.fits	53c8a34af63d0d34fb513767abb2fdd852c26bff	1	CSP	CSP-Y	BD17	COUNT	$SNDATA_ROOT/filters/CSP/CSP_TAMU_20180316	Y_SWO_TAM_scan_atm.dat	Pantheon+_Data/2_CALIBRATION/filters/CSP_TAMU_20180316/Y_SWO_TAM_scan_atm.dat	02e4c0d6dea47ab2bdc195a3aedb5c4d81980939	caa1c6aa2696af7b3567e68101194bf35e08d856b1ec57f58cabce67a91547b4	PUBLIC_KCOR_TEXT_AND_TRANSMISSION_ASSET_MAPPED	PUBLIC_KCOR_TEXT_AND_TRACKED_ASSET_METADATA	NOT_ESTABLISHED
114	2005iq	5	CSPDR3_anthony	CSP	g	20	Pantheon+_Data/2_CALIBRATION/SNANA_kcor/kcor_CSPDR3.input	Pantheon+_Data/2_CALIBRATION/SNANA_kcor/kcor_CSPDR3_v6_1.fits	53c8a34af63d0d34fb513767abb2fdd852c26bff	1	CSP	CSP-g	BD17	COUNT	$SNDATA_ROOT/filters/CSP/CSP_TAMU_20180316	g_tel_ccd_atm_ext_1.2.dat	Pantheon+_Data/2_CALIBRATION/filters/CSP_TAMU_20180316/g_tel_ccd_atm_ext_1.2.dat	d7f525225664050f595970d51755d597899f9d38	e2fb29cced302fb7e19b96f780ea9752835967a9208e5441e3936318e31645d5	PUBLIC_KCOR_TEXT_AND_TRANSMISSION_ASSET_MAPPED	PUBLIC_KCOR_TEXT_AND_TRACKED_ASSET_METADATA	NOT_ESTABLISHED
114	2005iq	5	CSPDR3_anthony	CSP	i	19	Pantheon+_Data/2_CALIBRATION/SNANA_kcor/kcor_CSPDR3.input	Pantheon+_Data/2_CALIBRATION/SNANA_kcor/kcor_CSPDR3_v6_1.fits	53c8a34af63d0d34fb513767abb2fdd852c26bff	1	CSP	CSP-i	BD17	COUNT	$SNDATA_ROOT/filters/CSP/CSP_TAMU_20180316	i_tel_ccd_atm_ext_1.2.dat	Pantheon+_Data/2_CALIBRATION/filters/CSP_TAMU_20180316/i_tel_ccd_atm_ext_1.2.dat	510329b2cae3a935c3dee7e5c34ef62a5d82f1ea	abdd2b0657023e0b1fc3828dbdda1ed4d0ab6ecaaa6428686d415f875876b01c	PUBLIC_KCOR_TEXT_AND_TRANSMISSION_ASSET_MAPPED	PUBLIC_KCOR_TEXT_AND_TRACKED_ASSET_METADATA	NOT_ESTABLISHED
114	2005iq	5	CSPDR3_anthony	CSP	m	18	Pantheon+_Data/2_CALIBRATION/SNANA_kcor/kcor_CSPDR3.input	Pantheon+_Data/2_CALIBRATION/SNANA_kcor/kcor_CSPDR3_v6_1.fits	53c8a34af63d0d34fb513767abb2fdd852c26bff	1	CSP	CSP-m	BD17	COUNT	$SNDATA_ROOT/filters/CSP/CSP_TAMU_20180316	V_LC3014_tel_ccd_atm_ext_1.2.dat	Pantheon+_Data/2_CALIBRATION/filters/CSP_TAMU_20180316/V_LC3014_tel_ccd_atm_ext_1.2.dat	42c7a88eb4c31528bf4ab37d0179893cf8323699	3ed876b1257d9b7f237780fb01fb543c8f5ea17eb33a1a960279d31fca4e2ecb	PUBLIC_KCOR_TEXT_AND_TRANSMISSION_ASSET_MAPPED	PUBLIC_KCOR_TEXT_AND_TRACKED_ASSET_METADATA	NOT_ESTABLISHED
114	2005iq	5	CSPDR3_anthony	CSP	r	20	Pantheon+_Data/2_CALIBRATION/SNANA_kcor/kcor_CSPDR3.input	Pantheon+_Data/2_CALIBRATION/SNANA_kcor/kcor_CSPDR3_v6_1.fits	53c8a34af63d0d34fb513767abb2fdd852c26bff	1	CSP	CSP-r	BD17	COUNT	$SNDATA_ROOT/filters/CSP/CSP_TAMU_20180316	r_tel_ccd_atm_ext_1.2.dat	Pantheon+_Data/2_CALIBRATION/filters/CSP_TAMU_20180316/r_tel_ccd_atm_ext_1.2.dat	6ca739a4a935e052ce6ae4a96663feeac8250a26	cead2f587b2ff14c0fcd31175ec6b73a477d2ff9767821a02d649167139ae1fd	PUBLIC_KCOR_TEXT_AND_TRANSMISSION_ASSET_MAPPED	PUBLIC_KCOR_TEXT_AND_TRACKED_ASSET_METADATA	NOT_ESTABLISHED
114	2005iq	5	CSPDR3_anthony	CSP	u	14	Pantheon+_Data/2_CALIBRATION/SNANA_kcor/kcor_CSPDR3.input	Pantheon+_Data/2_CALIBRATION/SNANA_kcor/kcor_CSPDR3_v6_1.fits	53c8a34af63d0d34fb513767abb2fdd852c26bff	1	CSP	CSP-u	BD17	COUNT	$SNDATA_ROOT/filters/CSP/CSP_TAMU_20180316	u_tel_ccd_atm_ext_1.2.dat	Pantheon+_Data/2_CALIBRATION/filters/CSP_TAMU_20180316/u_tel_ccd_atm_ext_1.2.dat	9f04c0c265228b8285f1af1686dd77096f2059f0	715cfb4eea7a74abbf7d6365f29a551a0ca9a16dd21d8f32af904d4b580f8790	PUBLIC_KCOR_TEXT_AND_TRANSMISSION_ASSET_MAPPED	PUBLIC_KCOR_TEXT_AND_TRACKED_ASSET_METADATA	NOT_ESTABLISHED
120	2006gr	57	KAIT_DS15	KAITM	A	18	Pantheon+_Data/2_CALIBRATION/SNANA_kcor/kcor_KAIT_Mo.input	Pantheon+_Data/2_CALIBRATION/SNANA_kcor/kcor_KAIT_Mo_v6_1.fits	698aa4836a917dfc1569fbccec976db44201110f	1	KAIT	KAIT3-A	BD17	COUNT	$PS1_USERS/dscolnic/Excalibur_dillon/filters/KAIT_2018	B_kait3.txt	Pantheon+_Data/2_CALIBRATION/filters/KAIT_2018/B_kait3.txt	b8849611cb4e128e0e1d39a152af6f52db1f6822	b7432346ab3a4eeffb33c6c79348fb2c96f8bb857228a90483d74f673c82a340	PUBLIC_KCOR_TEXT_AND_TRANSMISSION_ASSET_MAPPED	PUBLIC_KCOR_TEXT_AND_TRACKED_ASSET_METADATA	NOT_ESTABLISHED
120	2006gr	57	KAIT_DS15	KAITM	B	18	Pantheon+_Data/2_CALIBRATION/SNANA_kcor/kcor_KAIT_Mo.input	Pantheon+_Data/2_CALIBRATION/SNANA_kcor/kcor_KAIT_Mo_v6_1.fits	698aa4836a917dfc1569fbccec976db44201110f	1	KAIT	KAIT3-B	BD17	COUNT	$PS1_USERS/dscolnic/Excalibur_dillon/filters/KAIT_2018	V_kait3.txt	Pantheon+_Data/2_CALIBRATION/filters/KAIT_2018/V_kait3.txt	1e38a90fcb180bf91567db2b37184a8410b9e018	c0af1f018e3d4d3d60b48c9683827568544e84decdd158e5e2fcd17a5a014171	PUBLIC_KCOR_TEXT_AND_TRANSMISSION_ASSET_MAPPED	PUBLIC_KCOR_TEXT_AND_TRACKED_ASSET_METADATA	NOT_ESTABLISHED
120	2006gr	57	KAIT_DS15	KAITM	C	18	Pantheon+_Data/2_CALIBRATION/SNANA_kcor/kcor_KAIT_Mo.input	Pantheon+_Data/2_CALIBRATION/SNANA_kcor/kcor_KAIT_Mo_v6_1.fits	698aa4836a917dfc1569fbccec976db44201110f	1	KAIT	KAIT3-C	BD17	COUNT	$PS1_USERS/dscolnic/Excalibur_dillon/filters/KAIT_2018	R_kait3_cut.txt	Pantheon+_Data/2_CALIBRATION/filters/KAIT_2018/R_kait3_cut.txt	dd88c35bb126f55ce3fe4dad4a6114cf9564d786	da441a4e9f0bc12c5311f8b5155fbc2ffa491b41e250cf4db780007adb46a285	PUBLIC_KCOR_TEXT_AND_TRANSMISSION_ASSET_MAPPED	PUBLIC_KCOR_TEXT_AND_TRACKED_ASSET_METADATA	NOT_ESTABLISHED
120	2006gr	57	KAIT_DS15	KAITM	D	18	Pantheon+_Data/2_CALIBRATION/SNANA_kcor/kcor_KAIT_Mo.input	Pantheon+_Data/2_CALIBRATION/SNANA_kcor/kcor_KAIT_Mo_v6_1.fits	698aa4836a917dfc1569fbccec976db44201110f	1	KAIT	KAIT3-D	BD17	COUNT	$PS1_USERS/dscolnic/Excalibur_dillon/filters/KAIT_2018	I_kait3.txt	Pantheon+_Data/2_CALIBRATION/filters/KAIT_2018/I_kait3.txt	4349a1e9112afc412f0e2f0ae908a1a3c63d0e04	d34a4f4b2f926b95ebb866ccc126691d40880319e74446fa81864714b5c02cc0	PUBLIC_KCOR_TEXT_AND_TRANSMISSION_ASSET_MAPPED	PUBLIC_KCOR_TEXT_AND_TRACKED_ASSET_METADATA	NOT_ESTABLISHED
121	2006gr	64	CfA3_DJ20	PS1_LOWZ_COMBINED(CFA3K)	f	17	Pantheon+_Data/2_CALIBRATION/SNANA_kcor/kcor_PS1_CFA_COMBINED.input	Pantheon+_Data/2_CALIBRATION/SNANA_kcor/kcor_PS1_CFA_COMBINED_v6_1.fits	a5403c58bf24ff2a7e6f5d7de96572784ed788d8	1	CFA3K	CFA41-U/f	BD17	COUNT	PS1/Pantheon/PS1_CFA4	cfa4_U_p1.dat	Pantheon+_Data/2_CALIBRATION/filters/PS1_CFA4/cfa4_U_p1.dat	80b7b875704d4b114c8446f8d9d7f57329c6cd03	00bbc2356c755f8315eb3dff3143576ed56ad2f18ea8870b4ea27e4a6984ee7b	PUBLIC_KCOR_TEXT_AND_TRANSMISSION_ASSET_MAPPED	PUBLIC_KCOR_TEXT_AND_TRACKED_ASSET_METADATA	NOT_ESTABLISHED
121	2006gr	64	CfA3_DJ20	PS1_LOWZ_COMBINED(CFA3K)	g	18	Pantheon+_Data/2_CALIBRATION/SNANA_kcor/kcor_PS1_CFA_COMBINED.input	Pantheon+_Data/2_CALIBRATION/SNANA_kcor/kcor_PS1_CFA_COMBINED_v6_1.fits	a5403c58bf24ff2a7e6f5d7de96572784ed788d8	1	CFA3K	CFA41-B/g	BD17	COUNT	PS1/Pantheon/PS1_CFA4	cfa4_B_p1+modtran.dat	Pantheon+_Data/2_CALIBRATION/filters/PS1_CFA4/cfa4_B_p1+modtran.dat	d44226cb58b4489d6399e97ce7a3935de74fa63c	cca7349553217ed6420d7c28cc644fa45d381992215ec8625505746ee9fa446c	PUBLIC_KCOR_TEXT_AND_TRANSMISSION_ASSET_MAPPED	PUBLIC_KCOR_TEXT_AND_TRACKED_ASSET_METADATA	NOT_ESTABLISHED
121	2006gr	64	CfA3_DJ20	PS1_LOWZ_COMBINED(CFA3K)	h	30	Pantheon+_Data/2_CALIBRATION/SNANA_kcor/kcor_PS1_CFA_COMBINED.input	Pantheon+_Data/2_CALIBRATION/SNANA_kcor/kcor_PS1_CFA_COMBINED_v6_1.fits	a5403c58bf24ff2a7e6f5d7de96572784ed788d8	1	CFA3K	CFA41-V/h	BD17	COUNT	PS1/Pantheon/PS1_CFA4	cfa4_V_p1+modtran.dat	Pantheon+_Data/2_CALIBRATION/filters/PS1_CFA4/cfa4_V_p1+modtran.dat	9f4cc89d6fc142d476d9882a445f476715d9616f	351378bba990897cbccaeb80620764b6c8128a39253afc06a944139815b06a4b	PUBLIC_KCOR_TEXT_AND_TRANSMISSION_ASSET_MAPPED	PUBLIC_KCOR_TEXT_AND_TRACKED_ASSET_METADATA	NOT_ESTABLISHED
121	2006gr	64	CfA3_DJ20	PS1_LOWZ_COMBINED(CFA3K)	i	34	Pantheon+_Data/2_CALIBRATION/SNANA_kcor/kcor_PS1_CFA_COMBINED.input	Pantheon+_Data/2_CALIBRATION/SNANA_kcor/kcor_PS1_CFA_COMBINED_v6_1.fits	a5403c58bf24ff2a7e6f5d7de96572784ed788d8	1	CFA3K	CFA41-r/i	BD17	COUNT	PS1/Pantheon/PS1_CFA4	cfa4_r_p1+modtran.dat	Pantheon+_Data/2_CALIBRATION/filters/PS1_CFA4/cfa4_r_p1+modtran.dat	fd1ce7f294d15e085dfa3df747c1c2cdf4088629	741377de882b5c205f994c1b9416c9ea5fa4432bc2d7d88dd50cf5dbbe866c99	PUBLIC_KCOR_TEXT_AND_TRANSMISSION_ASSET_MAPPED	PUBLIC_KCOR_TEXT_AND_TRACKED_ASSET_METADATA	NOT_ESTABLISHED
121	2006gr	64	CfA3_DJ20	PS1_LOWZ_COMBINED(CFA3K)	j	30	Pantheon+_Data/2_CALIBRATION/SNANA_kcor/kcor_PS1_CFA_COMBINED.input	Pantheon+_Data/2_CALIBRATION/SNANA_kcor/kcor_PS1_CFA_COMBINED_v6_1.fits	a5403c58bf24ff2a7e6f5d7de96572784ed788d8	1	CFA3K	CFA41-i/j	BD17	COUNT	PS1/Pantheon/PS1_CFA4	cfa4_i_p1+modtran.dat	Pantheon+_Data/2_CALIBRATION/filters/PS1_CFA4/cfa4_i_p1+modtran.dat	d92f2ebce3a1091a4f135a5974d5339b76db2b3f	796074a658a6f17d58fd4108d84c6fc65caade1c05e578b0530fe4acbdd14f9c	PUBLIC_KCOR_TEXT_AND_TRANSMISSION_ASSET_MAPPED	PUBLIC_KCOR_TEXT_AND_TRACKED_ASSET_METADATA	NOT_ESTABLISHED
135	2008hj	5	CSPDR3_anthony	CSP	B	16	Pantheon+_Data/2_CALIBRATION/SNANA_kcor/kcor_CSPDR3.input	Pantheon+_Data/2_CALIBRATION/SNANA_kcor/kcor_CSPDR3_v6_1.fits	53c8a34af63d0d34fb513767abb2fdd852c26bff	1	CSP	CSP-B	BD17	COUNT	$SNDATA_ROOT/filters/CSP/CSP_TAMU_20180316	B_tel_ccd_atm_ext_1.2.dat	Pantheon+_Data/2_CALIBRATION/filters/CSP_TAMU_20180316/B_tel_ccd_atm_ext_1.2.dat	ed16304ca664fa79abd264a9a8df8794eedb9bb5	df6b951c5ed536c3afb7978185e2b84d68122c4a404efe1df842f3da0e1bef7c	PUBLIC_KCOR_TEXT_AND_TRANSMISSION_ASSET_MAPPED	PUBLIC_KCOR_TEXT_AND_TRACKED_ASSET_METADATA	NOT_ESTABLISHED
135	2008hj	5	CSPDR3_anthony	CSP	H	6	Pantheon+_Data/2_CALIBRATION/SNANA_kcor/kcor_CSPDR3.input	Pantheon+_Data/2_CALIBRATION/SNANA_kcor/kcor_CSPDR3_v6_1.fits	53c8a34af63d0d34fb513767abb2fdd852c26bff	1	CSP	CSP-H	BD17	COUNT	$SNDATA_ROOT/filters/CSP/CSP_TAMU_20180316	H_SWO_TAM_scan_atm.dat	Pantheon+_Data/2_CALIBRATION/filters/CSP_TAMU_20180316/H_SWO_TAM_scan_atm.dat	80f88d19c64aa6896007664497b5696f34a37542	03c70045453ef3990d19ecf4e77298698ad26259fe556bd6a7b96f01bfb32d20	PUBLIC_KCOR_TEXT_AND_TRANSMISSION_ASSET_MAPPED	PUBLIC_KCOR_TEXT_AND_TRACKED_ASSET_METADATA	NOT_ESTABLISHED
135	2008hj	5	CSPDR3_anthony	CSP	J	7	Pantheon+_Data/2_CALIBRATION/SNANA_kcor/kcor_CSPDR3.input	Pantheon+_Data/2_CALIBRATION/SNANA_kcor/kcor_CSPDR3_v6_1.fits	53c8a34af63d0d34fb513767abb2fdd852c26bff	1	CSP	CSP-J	BD17	COUNT	$SNDATA_ROOT/filters/CSP/CSP_TAMU_20180316	Jrc1_SWO_TAM_scan_atm.dat	Pantheon+_Data/2_CALIBRATION/filters/CSP_TAMU_20180316/Jrc1_SWO_TAM_scan_atm.dat	d324d6b806211446ce1dbe3483067dfff78a2dfb	3939c6b4c446c675afb69c561f5875350bc51895e632cd7a206d29f02b5c53ab	PUBLIC_KCOR_TEXT_AND_TRANSMISSION_ASSET_MAPPED	PUBLIC_KCOR_TEXT_AND_TRACKED_ASSET_METADATA	NOT_ESTABLISHED
135	2008hj	5	CSPDR3_anthony	CSP	Y	18	Pantheon+_Data/2_CALIBRATION/SNANA_kcor/kcor_CSPDR3.input	Pantheon+_Data/2_CALIBRATION/SNANA_kcor/kcor_CSPDR3_v6_1.fits	53c8a34af63d0d34fb513767abb2fdd852c26bff	1	CSP	CSP-Y	BD17	COUNT	$SNDATA_ROOT/filters/CSP/CSP_TAMU_20180316	Y_SWO_TAM_scan_atm.dat	Pantheon+_Data/2_CALIBRATION/filters/CSP_TAMU_20180316/Y_SWO_TAM_scan_atm.dat	02e4c0d6dea47ab2bdc195a3aedb5c4d81980939	caa1c6aa2696af7b3567e68101194bf35e08d856b1ec57f58cabce67a91547b4	PUBLIC_KCOR_TEXT_AND_TRANSMISSION_ASSET_MAPPED	PUBLIC_KCOR_TEXT_AND_TRACKED_ASSET_METADATA	NOT_ESTABLISHED
135	2008hj	5	CSPDR3_anthony	CSP	g	16	Pantheon+_Data/2_CALIBRATION/SNANA_kcor/kcor_CSPDR3.input	Pantheon+_Data/2_CALIBRATION/SNANA_kcor/kcor_CSPDR3_v6_1.fits	53c8a34af63d0d34fb513767abb2fdd852c26bff	1	CSP	CSP-g	BD17	COUNT	$SNDATA_ROOT/filters/CSP/CSP_TAMU_20180316	g_tel_ccd_atm_ext_1.2.dat	Pantheon+_Data/2_CALIBRATION/filters/CSP_TAMU_20180316/g_tel_ccd_atm_ext_1.2.dat	d7f525225664050f595970d51755d597899f9d38	e2fb29cced302fb7e19b96f780ea9752835967a9208e5441e3936318e31645d5	PUBLIC_KCOR_TEXT_AND_TRANSMISSION_ASSET_MAPPED	PUBLIC_KCOR_TEXT_AND_TRACKED_ASSET_METADATA	NOT_ESTABLISHED
135	2008hj	5	CSPDR3_anthony	CSP	i	16	Pantheon+_Data/2_CALIBRATION/SNANA_kcor/kcor_CSPDR3.input	Pantheon+_Data/2_CALIBRATION/SNANA_kcor/kcor_CSPDR3_v6_1.fits	53c8a34af63d0d34fb513767abb2fdd852c26bff	1	CSP	CSP-i	BD17	COUNT	$SNDATA_ROOT/filters/CSP/CSP_TAMU_20180316	i_tel_ccd_atm_ext_1.2.dat	Pantheon+_Data/2_CALIBRATION/filters/CSP_TAMU_20180316/i_tel_ccd_atm_ext_1.2.dat	510329b2cae3a935c3dee7e5c34ef62a5d82f1ea	abdd2b0657023e0b1fc3828dbdda1ed4d0ab6ecaaa6428686d415f875876b01c	PUBLIC_KCOR_TEXT_AND_TRANSMISSION_ASSET_MAPPED	PUBLIC_KCOR_TEXT_AND_TRACKED_ASSET_METADATA	NOT_ESTABLISHED
135	2008hj	5	CSPDR3_anthony	CSP	n	16	Pantheon+_Data/2_CALIBRATION/SNANA_kcor/kcor_CSPDR3.input	Pantheon+_Data/2_CALIBRATION/SNANA_kcor/kcor_CSPDR3_v6_1.fits	53c8a34af63d0d34fb513767abb2fdd852c26bff	1	CSP	CSP-n	BD17	COUNT	$SNDATA_ROOT/filters/CSP/CSP_TAMU_20180316	V_LC9844_tel_ccd_atm_ext_1.2.dat	Pantheon+_Data/2_CALIBRATION/filters/CSP_TAMU_20180316/V_LC9844_tel_ccd_atm_ext_1.2.dat	6541ce8a5f2c14e332f95cba469435f1c8a8fd3c	a26438b594e812b365d2c5b55035ff60cadbe2db4021b3ff9a61cf4c9bf3fe49	PUBLIC_KCOR_TEXT_AND_TRANSMISSION_ASSET_MAPPED	PUBLIC_KCOR_TEXT_AND_TRACKED_ASSET_METADATA	NOT_ESTABLISHED
135	2008hj	5	CSPDR3_anthony	CSP	r	16	Pantheon+_Data/2_CALIBRATION/SNANA_kcor/kcor_CSPDR3.input	Pantheon+_Data/2_CALIBRATION/SNANA_kcor/kcor_CSPDR3_v6_1.fits	53c8a34af63d0d34fb513767abb2fdd852c26bff	1	CSP	CSP-r	BD17	COUNT	$SNDATA_ROOT/filters/CSP/CSP_TAMU_20180316	r_tel_ccd_atm_ext_1.2.dat	Pantheon+_Data/2_CALIBRATION/filters/CSP_TAMU_20180316/r_tel_ccd_atm_ext_1.2.dat	6ca739a4a935e052ce6ae4a96663feeac8250a26	cead2f587b2ff14c0fcd31175ec6b73a477d2ff9767821a02d649167139ae1fd	PUBLIC_KCOR_TEXT_AND_TRANSMISSION_ASSET_MAPPED	PUBLIC_KCOR_TEXT_AND_TRACKED_ASSET_METADATA	NOT_ESTABLISHED
135	2008hj	5	CSPDR3_anthony	CSP	u	14	Pantheon+_Data/2_CALIBRATION/SNANA_kcor/kcor_CSPDR3.input	Pantheon+_Data/2_CALIBRATION/SNANA_kcor/kcor_CSPDR3_v6_1.fits	53c8a34af63d0d34fb513767abb2fdd852c26bff	1	CSP	CSP-u	BD17	COUNT	$SNDATA_ROOT/filters/CSP/CSP_TAMU_20180316	u_tel_ccd_atm_ext_1.2.dat	Pantheon+_Data/2_CALIBRATION/filters/CSP_TAMU_20180316/u_tel_ccd_atm_ext_1.2.dat	9f04c0c265228b8285f1af1686dd77096f2059f0	715cfb4eea7a74abbf7d6365f29a551a0ca9a16dd21d8f32af904d4b580f8790	PUBLIC_KCOR_TEXT_AND_TRANSMISSION_ASSET_MAPPED	PUBLIC_KCOR_TEXT_AND_TRACKED_ASSET_METADATA	NOT_ESTABLISHED
135	2008hj	5	CSPDR3_anthony	CSP	y	2	Pantheon+_Data/2_CALIBRATION/SNANA_kcor/kcor_CSPDR3.input	Pantheon+_Data/2_CALIBRATION/SNANA_kcor/kcor_CSPDR3_v6_1.fits	53c8a34af63d0d34fb513767abb2fdd852c26bff	1	CSP	CSP-y	BD17	COUNT	$SNDATA_ROOT/filters/CSP/CSP_TAMU_20180316	Y_DUP_TAM_scan_atm.dat	Pantheon+_Data/2_CALIBRATION/filters/CSP_TAMU_20180316/Y_DUP_TAM_scan_atm.dat	7261bed97f866ab6093ba12d1069faf05c5d6d6e	478e4ebb2ef4eb838b2d872ddc72c16d66aab72a6ffb040a68775fab50ff3af6	PUBLIC_KCOR_TEXT_AND_TRANSMISSION_ASSET_MAPPED	PUBLIC_KCOR_TEXT_AND_TRACKED_ASSET_METADATA	NOT_ESTABLISHED
136	2008hj	65	PS1_LOWZ_COMBINED_TEXT_DS17	PS1_LOWZ_COMBINED(CFA4p1)	l	4	Pantheon+_Data/2_CALIBRATION/SNANA_kcor/kcor_PS1_CFA_COMBINED.input	Pantheon+_Data/2_CALIBRATION/SNANA_kcor/kcor_PS1_CFA_COMBINED_v6_1.fits	a5403c58bf24ff2a7e6f5d7de96572784ed788d8	1	CFA4p1	CFA41-B/l	BD17	COUNT	PS1/Pantheon/PS1_CFA4	cfa4_B_p1+modtran.dat	Pantheon+_Data/2_CALIBRATION/filters/PS1_CFA4/cfa4_B_p1+modtran.dat	d44226cb58b4489d6399e97ce7a3935de74fa63c	cca7349553217ed6420d7c28cc644fa45d381992215ec8625505746ee9fa446c	PUBLIC_KCOR_TEXT_AND_TRANSMISSION_ASSET_MAPPED	PUBLIC_KCOR_TEXT_AND_TRACKED_ASSET_METADATA	NOT_ESTABLISHED
136	2008hj	65	PS1_LOWZ_COMBINED_TEXT_DS17	PS1_LOWZ_COMBINED(CFA4p1)	m	4	Pantheon+_Data/2_CALIBRATION/SNANA_kcor/kcor_PS1_CFA_COMBINED.input	Pantheon+_Data/2_CALIBRATION/SNANA_kcor/kcor_PS1_CFA_COMBINED_v6_1.fits	a5403c58bf24ff2a7e6f5d7de96572784ed788d8	1	CFA4p1	CFA41-V/m	BD17	COUNT	PS1/Pantheon/PS1_CFA4	cfa4_V_p1+modtran.dat	Pantheon+_Data/2_CALIBRATION/filters/PS1_CFA4/cfa4_V_p1+modtran.dat	9f4cc89d6fc142d476d9882a445f476715d9616f	351378bba990897cbccaeb80620764b6c8128a39253afc06a944139815b06a4b	PUBLIC_KCOR_TEXT_AND_TRANSMISSION_ASSET_MAPPED	PUBLIC_KCOR_TEXT_AND_TRACKED_ASSET_METADATA	NOT_ESTABLISHED
136	2008hj	65	PS1_LOWZ_COMBINED_TEXT_DS17	PS1_LOWZ_COMBINED(CFA4p1)	n	4	Pantheon+_Data/2_CALIBRATION/SNANA_kcor/kcor_PS1_CFA_COMBINED.input	Pantheon+_Data/2_CALIBRATION/SNANA_kcor/kcor_PS1_CFA_COMBINED_v6_1.fits	a5403c58bf24ff2a7e6f5d7de96572784ed788d8	1	CFA4p1	CFA41-r/n	BD17	COUNT	PS1/Pantheon/PS1_CFA4	cfa4_r_p1+modtran.dat	Pantheon+_Data/2_CALIBRATION/filters/PS1_CFA4/cfa4_r_p1+modtran.dat	fd1ce7f294d15e085dfa3df747c1c2cdf4088629	741377de882b5c205f994c1b9416c9ea5fa4432bc2d7d88dd50cf5dbbe866c99	PUBLIC_KCOR_TEXT_AND_TRANSMISSION_ASSET_MAPPED	PUBLIC_KCOR_TEXT_AND_TRACKED_ASSET_METADATA	NOT_ESTABLISHED
136	2008hj	65	PS1_LOWZ_COMBINED_TEXT_DS17	PS1_LOWZ_COMBINED(CFA4p1)	o	4	Pantheon+_Data/2_CALIBRATION/SNANA_kcor/kcor_PS1_CFA_COMBINED.input	Pantheon+_Data/2_CALIBRATION/SNANA_kcor/kcor_PS1_CFA_COMBINED_v6_1.fits	a5403c58bf24ff2a7e6f5d7de96572784ed788d8	1	CFA4p1	CFA41-i/o	BD17	COUNT	PS1/Pantheon/PS1_CFA4	cfa4_i_p1+modtran.dat	Pantheon+_Data/2_CALIBRATION/filters/PS1_CFA4/cfa4_i_p1+modtran.dat	d92f2ebce3a1091a4f135a5974d5339b76db2b3f	796074a658a6f17d58fd4108d84c6fc65caade1c05e578b0530fe4acbdd14f9c	PUBLIC_KCOR_TEXT_AND_TRANSMISSION_ASSET_MAPPED	PUBLIC_KCOR_TEXT_AND_TRACKED_ASSET_METADATA	NOT_ESTABLISHED
139	2001eh	57	KAIT_DS15	KAITM	A	27	Pantheon+_Data/2_CALIBRATION/SNANA_kcor/kcor_KAIT_Mo.input	Pantheon+_Data/2_CALIBRATION/SNANA_kcor/kcor_KAIT_Mo_v6_1.fits	698aa4836a917dfc1569fbccec976db44201110f	1	KAIT	KAIT3-A	BD17	COUNT	$PS1_USERS/dscolnic/Excalibur_dillon/filters/KAIT_2018	B_kait3.txt	Pantheon+_Data/2_CALIBRATION/filters/KAIT_2018/B_kait3.txt	b8849611cb4e128e0e1d39a152af6f52db1f6822	b7432346ab3a4eeffb33c6c79348fb2c96f8bb857228a90483d74f673c82a340	PUBLIC_KCOR_TEXT_AND_TRANSMISSION_ASSET_MAPPED	PUBLIC_KCOR_TEXT_AND_TRACKED_ASSET_METADATA	NOT_ESTABLISHED
139	2001eh	57	KAIT_DS15	KAITM	B	29	Pantheon+_Data/2_CALIBRATION/SNANA_kcor/kcor_KAIT_Mo.input	Pantheon+_Data/2_CALIBRATION/SNANA_kcor/kcor_KAIT_Mo_v6_1.fits	698aa4836a917dfc1569fbccec976db44201110f	1	KAIT	KAIT3-B	BD17	COUNT	$PS1_USERS/dscolnic/Excalibur_dillon/filters/KAIT_2018	V_kait3.txt	Pantheon+_Data/2_CALIBRATION/filters/KAIT_2018/V_kait3.txt	1e38a90fcb180bf91567db2b37184a8410b9e018	c0af1f018e3d4d3d60b48c9683827568544e84decdd158e5e2fcd17a5a014171	PUBLIC_KCOR_TEXT_AND_TRANSMISSION_ASSET_MAPPED	PUBLIC_KCOR_TEXT_AND_TRACKED_ASSET_METADATA	NOT_ESTABLISHED
139	2001eh	57	KAIT_DS15	KAITM	C	30	Pantheon+_Data/2_CALIBRATION/SNANA_kcor/kcor_KAIT_Mo.input	Pantheon+_Data/2_CALIBRATION/SNANA_kcor/kcor_KAIT_Mo_v6_1.fits	698aa4836a917dfc1569fbccec976db44201110f	1	KAIT	KAIT3-C	BD17	COUNT	$PS1_USERS/dscolnic/Excalibur_dillon/filters/KAIT_2018	R_kait3_cut.txt	Pantheon+_Data/2_CALIBRATION/filters/KAIT_2018/R_kait3_cut.txt	dd88c35bb126f55ce3fe4dad4a6114cf9564d786	da441a4e9f0bc12c5311f8b5155fbc2ffa491b41e250cf4db780007adb46a285	PUBLIC_KCOR_TEXT_AND_TRANSMISSION_ASSET_MAPPED	PUBLIC_KCOR_TEXT_AND_TRACKED_ASSET_METADATA	NOT_ESTABLISHED
139	2001eh	57	KAIT_DS15	KAITM	D	29	Pantheon+_Data/2_CALIBRATION/SNANA_kcor/kcor_KAIT_Mo.input	Pantheon+_Data/2_CALIBRATION/SNANA_kcor/kcor_KAIT_Mo_v6_1.fits	698aa4836a917dfc1569fbccec976db44201110f	1	KAIT	KAIT3-D	BD17	COUNT	$PS1_USERS/dscolnic/Excalibur_dillon/filters/KAIT_2018	I_kait3.txt	Pantheon+_Data/2_CALIBRATION/filters/KAIT_2018/I_kait3.txt	4349a1e9112afc412f0e2f0ae908a1a3c63d0e04	d34a4f4b2f926b95ebb866ccc126691d40880319e74446fa81864714b5c02cc0	PUBLIC_KCOR_TEXT_AND_TRANSMISSION_ASSET_MAPPED	PUBLIC_KCOR_TEXT_AND_TRACKED_ASSET_METADATA	NOT_ESTABLISHED
139	2001eh	57	KAIT_DS15	KAITM	e	1	Pantheon+_Data/2_CALIBRATION/SNANA_kcor/kcor_KAIT_Mo.input	Pantheon+_Data/2_CALIBRATION/SNANA_kcor/kcor_KAIT_Mo_v6_1.fits	698aa4836a917dfc1569fbccec976db44201110f	1	KAIT	KAIT2-e	BD17	COUNT	$PS1_USERS/dscolnic/Excalibur_dillon/filters/KAIT_2018	B_kait2_shifted.txt	Pantheon+_Data/2_CALIBRATION/filters/KAIT_2018/B_kait2_shifted.txt	e5b42f2c18aadbe4517c2ea8ead42d9e14393f11	028814b25cc7b7ee51ea357dc6dd431112e5a41850b0d5fbc0e0df26f2d30265	PUBLIC_KCOR_TEXT_AND_TRANSMISSION_ASSET_MAPPED	PUBLIC_KCOR_TEXT_AND_TRACKED_ASSET_METADATA	NOT_ESTABLISHED
140	2001eh	63	CfA3_DJ20	PS1_LOWZ_COMBINED(CFA3S)	a	13	Pantheon+_Data/2_CALIBRATION/SNANA_kcor/kcor_PS1_CFA_COMBINED.input	Pantheon+_Data/2_CALIBRATION/SNANA_kcor/kcor_PS1_CFA_COMBINED_v6_1.fits	a5403c58bf24ff2a7e6f5d7de96572784ed788d8	1	CFA3S	CFA3S-U/a	BD17	COUNT	PS1/Pantheon/CFA3_native	SNLS3_4shooter2_U.dat	Pantheon+_Data/2_CALIBRATION/filters/CFA3_native/SNLS3_4shooter2_U.dat	3bda03457f2cb27f8d5e78941cde2fb21b3fe741	9f29f941ccaa0702b052e168af3b1294b410b102c520b546c8d460020a789586	PUBLIC_KCOR_TEXT_AND_TRANSMISSION_ASSET_MAPPED	PUBLIC_KCOR_TEXT_AND_TRACKED_ASSET_METADATA	NOT_ESTABLISHED
140	2001eh	63	CfA3_DJ20	PS1_LOWZ_COMBINED(CFA3S)	b	20	Pantheon+_Data/2_CALIBRATION/SNANA_kcor/kcor_PS1_CFA_COMBINED.input	Pantheon+_Data/2_CALIBRATION/SNANA_kcor/kcor_PS1_CFA_COMBINED_v6_1.fits	a5403c58bf24ff2a7e6f5d7de96572784ed788d8	1	CFA3S	CFA3S-B/b	BD17	COUNT	PS1/Pantheon/CFA3_native	SNLS3_4shooter2_B.dat	Pantheon+_Data/2_CALIBRATION/filters/CFA3_native/SNLS3_4shooter2_B.dat	2c3fb72d45ce921c4d6d035d7fc6a601e76f8069	7ec2d31f29a6e2cefd251a8d9fa5ac4648e5dd9ccf5327c48ba1e5dfe7db0845	PUBLIC_KCOR_TEXT_AND_TRANSMISSION_ASSET_MAPPED	PUBLIC_KCOR_TEXT_AND_TRACKED_ASSET_METADATA	NOT_ESTABLISHED
140	2001eh	63	CfA3_DJ20	PS1_LOWZ_COMBINED(CFA3S)	c	21	Pantheon+_Data/2_CALIBRATION/SNANA_kcor/kcor_PS1_CFA_COMBINED.input	Pantheon+_Data/2_CALIBRATION/SNANA_kcor/kcor_PS1_CFA_COMBINED_v6_1.fits	a5403c58bf24ff2a7e6f5d7de96572784ed788d8	1	CFA3S	CFA3S-V/c	BD17	COUNT	PS1/Pantheon/CFA3_native	SNLS3_4shooter2_V.dat	Pantheon+_Data/2_CALIBRATION/filters/CFA3_native/SNLS3_4shooter2_V.dat	5bb3ea124b44882990253973900e3b3514a647ec	869887950a19f904463efea7b1a3f44e2bba7570199205232a16d920ac53f0c7	PUBLIC_KCOR_TEXT_AND_TRANSMISSION_ASSET_MAPPED	PUBLIC_KCOR_TEXT_AND_TRACKED_ASSET_METADATA	NOT_ESTABLISHED
140	2001eh	63	CfA3_DJ20	PS1_LOWZ_COMBINED(CFA3S)	d	21	Pantheon+_Data/2_CALIBRATION/SNANA_kcor/kcor_PS1_CFA_COMBINED.input	Pantheon+_Data/2_CALIBRATION/SNANA_kcor/kcor_PS1_CFA_COMBINED_v6_1.fits	a5403c58bf24ff2a7e6f5d7de96572784ed788d8	1	CFA3S	CFA3S-R/d	BD17	COUNT	PS1/Pantheon/CFA3_native	SNLS3_4shooter2_R.dat	Pantheon+_Data/2_CALIBRATION/filters/CFA3_native/SNLS3_4shooter2_R.dat	b60c445452727f3e8803d8d9c9242969b48335a6	b7528a9fec3db661fdb1d1deb4e2be9b37c8f51ca8ba1ff2703d21a7a99bdbfb	PUBLIC_KCOR_TEXT_AND_TRANSMISSION_ASSET_MAPPED	PUBLIC_KCOR_TEXT_AND_TRACKED_ASSET_METADATA	NOT_ESTABLISHED
140	2001eh	63	CfA3_DJ20	PS1_LOWZ_COMBINED(CFA3S)	e	18	Pantheon+_Data/2_CALIBRATION/SNANA_kcor/kcor_PS1_CFA_COMBINED.input	Pantheon+_Data/2_CALIBRATION/SNANA_kcor/kcor_PS1_CFA_COMBINED_v6_1.fits	a5403c58bf24ff2a7e6f5d7de96572784ed788d8	1	CFA3S	CFA3S-I/e	BD17	COUNT	PS1/Pantheon/CFA3_native	SNLS3_4shooter2_I.dat	Pantheon+_Data/2_CALIBRATION/filters/CFA3_native/SNLS3_4shooter2_I.dat	911c29f6691153e5a3deb7f06d9198843c6e6ec6	8b43e1271c760e8d0fff93a08f254f2e16f50d4701e3da1783f57046e7ab83e7	PUBLIC_KCOR_TEXT_AND_TRANSMISSION_ASSET_MAPPED	PUBLIC_KCOR_TEXT_AND_TRACKED_ASSET_METADATA	NOT_ESTABLISHED
144	2007jg	51	LOSS	KAIT	E	14	Pantheon+_Data/2_CALIBRATION/SNANA_kcor/kcor_KAIT_Stahl.input	Pantheon+_Data/2_CALIBRATION/SNANA_kcor/kcor_KAIT_Stahl_v6_1.fits	b959bba0fec3bf8811ecc6c8535880180734fa6c	1	KAIT	KAIT4-E	BD17	COUNT	$PS1_USERS/dscolnic/Excalibur_dillon/filters/KAIT_2018	B_kait4.txt	Pantheon+_Data/2_CALIBRATION/filters/KAIT_2018/B_kait4.txt	11dc6ff83540087cfc38161bb88566880bc412f7	549e056bc705797206c903422a34de5f089848074dc285326fc9bb39a7ba148e	PUBLIC_KCOR_TEXT_AND_TRANSMISSION_ASSET_MAPPED	PUBLIC_KCOR_TEXT_AND_TRACKED_ASSET_METADATA	NOT_ESTABLISHED
144	2007jg	51	LOSS	KAIT	F	14	Pantheon+_Data/2_CALIBRATION/SNANA_kcor/kcor_KAIT_Stahl.input	Pantheon+_Data/2_CALIBRATION/SNANA_kcor/kcor_KAIT_Stahl_v6_1.fits	b959bba0fec3bf8811ecc6c8535880180734fa6c	1	KAIT	KAIT4-F	BD17	COUNT	$PS1_USERS/dscolnic/Excalibur_dillon/filters/KAIT_2018	V_kait4.txt	Pantheon+_Data/2_CALIBRATION/filters/KAIT_2018/V_kait4.txt	5fc9f5caf51d26764a56ab880ee09795e271b1d9	e3a6c81d258ebd8682bd836890986a48e483f802098c107d0a3ed7acbd846419	PUBLIC_KCOR_TEXT_AND_TRANSMISSION_ASSET_MAPPED	PUBLIC_KCOR_TEXT_AND_TRACKED_ASSET_METADATA	NOT_ESTABLISHED
144	2007jg	51	LOSS	KAIT	G	14	Pantheon+_Data/2_CALIBRATION/SNANA_kcor/kcor_KAIT_Stahl.input	Pantheon+_Data/2_CALIBRATION/SNANA_kcor/kcor_KAIT_Stahl_v6_1.fits	b959bba0fec3bf8811ecc6c8535880180734fa6c	1	KAIT	KAIT4-G	BD17	COUNT	$PS1_USERS/dscolnic/Excalibur_dillon/filters/KAIT_2018	R_kait4.txt	Pantheon+_Data/2_CALIBRATION/filters/KAIT_2018/R_kait4.txt	fe26ce9b9c766eae0857dddd52f74c290d36e044	8d0c25563513921c557d8cc0519b9f6eb6dab1168767b4756ed58c128acbae9b	PUBLIC_KCOR_TEXT_AND_TRANSMISSION_ASSET_MAPPED	PUBLIC_KCOR_TEXT_AND_TRACKED_ASSET_METADATA	NOT_ESTABLISHED
144	2007jg	51	LOSS	KAIT	H	13	Pantheon+_Data/2_CALIBRATION/SNANA_kcor/kcor_KAIT_Stahl.input	Pantheon+_Data/2_CALIBRATION/SNANA_kcor/kcor_KAIT_Stahl_v6_1.fits	b959bba0fec3bf8811ecc6c8535880180734fa6c	1	KAIT	KAIT4-H	BD17	COUNT	$PS1_USERS/dscolnic/Excalibur_dillon/filters/KAIT_2018	I_kait4.txt	Pantheon+_Data/2_CALIBRATION/filters/KAIT_2018/I_kait4.txt	15abcf7e5a25eff12a399998f43590a46a357138	29daef418c998fa264e2b6f4bd03dab5365f480f50a141b30849b4a6973a4be8	PUBLIC_KCOR_TEXT_AND_TRANSMISSION_ASSET_MAPPED	PUBLIC_KCOR_TEXT_AND_TRACKED_ASSET_METADATA	NOT_ESTABLISHED
144	2007jg	51	LOSS	KAIT	I	3	Pantheon+_Data/2_CALIBRATION/SNANA_kcor/kcor_KAIT_Stahl.input	Pantheon+_Data/2_CALIBRATION/SNANA_kcor/kcor_KAIT_Stahl_v6_1.fits	b959bba0fec3bf8811ecc6c8535880180734fa6c	1	KAIT	nickel1-I	BD17	COUNT	$PS1_USERS/dscolnic/Excalibur_dillon/filters/KAIT_2018	B_nickel1.txt	Pantheon+_Data/2_CALIBRATION/filters/KAIT_2018/B_nickel1.txt	2c67d9e41e826ea4bfd9b66f2f05d2b855f656f2	f365c798b5c719ed4dee3d4e3a44bd9dfc8d12a8ff1c0fa33e95c08cad94f5c7	PUBLIC_KCOR_TEXT_AND_TRANSMISSION_ASSET_MAPPED	PUBLIC_KCOR_TEXT_AND_TRACKED_ASSET_METADATA	NOT_ESTABLISHED
144	2007jg	51	LOSS	KAIT	J	4	Pantheon+_Data/2_CALIBRATION/SNANA_kcor/kcor_KAIT_Stahl.input	Pantheon+_Data/2_CALIBRATION/SNANA_kcor/kcor_KAIT_Stahl_v6_1.fits	b959bba0fec3bf8811ecc6c8535880180734fa6c	1	KAIT	nickel1-J	BD17	COUNT	$PS1_USERS/dscolnic/Excalibur_dillon/filters/KAIT_2018	V_nickel1.txt	Pantheon+_Data/2_CALIBRATION/filters/KAIT_2018/V_nickel1.txt	fdb56d8b7ec3b17e41a3ec054ce6c0d687fa7440	926c164bfd229ce88887788c129647be77f475bff340a77b673b5550f611f5e9	PUBLIC_KCOR_TEXT_AND_TRANSMISSION_ASSET_MAPPED	PUBLIC_KCOR_TEXT_AND_TRACKED_ASSET_METADATA	NOT_ESTABLISHED
144	2007jg	51	LOSS	KAIT	K	3	Pantheon+_Data/2_CALIBRATION/SNANA_kcor/kcor_KAIT_Stahl.input	Pantheon+_Data/2_CALIBRATION/SNANA_kcor/kcor_KAIT_Stahl_v6_1.fits	b959bba0fec3bf8811ecc6c8535880180734fa6c	1	KAIT	nickel1-K	BD17	COUNT	$PS1_USERS/dscolnic/Excalibur_dillon/filters/KAIT_2018	R_nickel1.txt	Pantheon+_Data/2_CALIBRATION/filters/KAIT_2018/R_nickel1.txt	af7b347fb460f0943c0c8ce159e5271061a22c5d	2a1e23e610f27ef9f4abc4301d1cfc9ad793a4e7ecc967667ea80603b0742dc1	PUBLIC_KCOR_TEXT_AND_TRANSMISSION_ASSET_MAPPED	PUBLIC_KCOR_TEXT_AND_TRACKED_ASSET_METADATA	NOT_ESTABLISHED
144	2007jg	51	LOSS	KAIT	L	4	Pantheon+_Data/2_CALIBRATION/SNANA_kcor/kcor_KAIT_Stahl.input	Pantheon+_Data/2_CALIBRATION/SNANA_kcor/kcor_KAIT_Stahl_v6_1.fits	b959bba0fec3bf8811ecc6c8535880180734fa6c	1	KAIT	nickel1-L	BD17	COUNT	$PS1_USERS/dscolnic/Excalibur_dillon/filters/KAIT_2018	I_nickel1.txt	Pantheon+_Data/2_CALIBRATION/filters/KAIT_2018/I_nickel1.txt	d0b1006f2472fbb5b1048cdc29feec28062e2667	126bb7cbd41ec506d477630b20cad6ec26ff59f6e583c2f54cb32f13133d8469	PUBLIC_KCOR_TEXT_AND_TRANSMISSION_ASSET_MAPPED	PUBLIC_KCOR_TEXT_AND_TRACKED_ASSET_METADATA	NOT_ESTABLISHED
145	2007jg	5	CSPDR3_anthony	CSP	B	17	Pantheon+_Data/2_CALIBRATION/SNANA_kcor/kcor_CSPDR3.input	Pantheon+_Data/2_CALIBRATION/SNANA_kcor/kcor_CSPDR3_v6_1.fits	53c8a34af63d0d34fb513767abb2fdd852c26bff	1	CSP	CSP-B	BD17	COUNT	$SNDATA_ROOT/filters/CSP/CSP_TAMU_20180316	B_tel_ccd_atm_ext_1.2.dat	Pantheon+_Data/2_CALIBRATION/filters/CSP_TAMU_20180316/B_tel_ccd_atm_ext_1.2.dat	ed16304ca664fa79abd264a9a8df8794eedb9bb5	df6b951c5ed536c3afb7978185e2b84d68122c4a404efe1df842f3da0e1bef7c	PUBLIC_KCOR_TEXT_AND_TRANSMISSION_ASSET_MAPPED	PUBLIC_KCOR_TEXT_AND_TRACKED_ASSET_METADATA	NOT_ESTABLISHED
145	2007jg	5	CSPDR3_anthony	CSP	H	1	Pantheon+_Data/2_CALIBRATION/SNANA_kcor/kcor_CSPDR3.input	Pantheon+_Data/2_CALIBRATION/SNANA_kcor/kcor_CSPDR3_v6_1.fits	53c8a34af63d0d34fb513767abb2fdd852c26bff	1	CSP	CSP-H	BD17	COUNT	$SNDATA_ROOT/filters/CSP/CSP_TAMU_20180316	H_SWO_TAM_scan_atm.dat	Pantheon+_Data/2_CALIBRATION/filters/CSP_TAMU_20180316/H_SWO_TAM_scan_atm.dat	80f88d19c64aa6896007664497b5696f34a37542	03c70045453ef3990d19ecf4e77298698ad26259fe556bd6a7b96f01bfb32d20	PUBLIC_KCOR_TEXT_AND_TRANSMISSION_ASSET_MAPPED	PUBLIC_KCOR_TEXT_AND_TRACKED_ASSET_METADATA	NOT_ESTABLISHED
145	2007jg	5	CSPDR3_anthony	CSP	J	8	Pantheon+_Data/2_CALIBRATION/SNANA_kcor/kcor_CSPDR3.input	Pantheon+_Data/2_CALIBRATION/SNANA_kcor/kcor_CSPDR3_v6_1.fits	53c8a34af63d0d34fb513767abb2fdd852c26bff	1	CSP	CSP-J	BD17	COUNT	$SNDATA_ROOT/filters/CSP/CSP_TAMU_20180316	Jrc1_SWO_TAM_scan_atm.dat	Pantheon+_Data/2_CALIBRATION/filters/CSP_TAMU_20180316/Jrc1_SWO_TAM_scan_atm.dat	d324d6b806211446ce1dbe3483067dfff78a2dfb	3939c6b4c446c675afb69c561f5875350bc51895e632cd7a206d29f02b5c53ab	PUBLIC_KCOR_TEXT_AND_TRANSMISSION_ASSET_MAPPED	PUBLIC_KCOR_TEXT_AND_TRACKED_ASSET_METADATA	NOT_ESTABLISHED
145	2007jg	5	CSPDR3_anthony	CSP	Y	8	Pantheon+_Data/2_CALIBRATION/SNANA_kcor/kcor_CSPDR3.input	Pantheon+_Data/2_CALIBRATION/SNANA_kcor/kcor_CSPDR3_v6_1.fits	53c8a34af63d0d34fb513767abb2fdd852c26bff	1	CSP	CSP-Y	BD17	COUNT	$SNDATA_ROOT/filters/CSP/CSP_TAMU_20180316	Y_SWO_TAM_scan_atm.dat	Pantheon+_Data/2_CALIBRATION/filters/CSP_TAMU_20180316/Y_SWO_TAM_scan_atm.dat	02e4c0d6dea47ab2bdc195a3aedb5c4d81980939	caa1c6aa2696af7b3567e68101194bf35e08d856b1ec57f58cabce67a91547b4	PUBLIC_KCOR_TEXT_AND_TRANSMISSION_ASSET_MAPPED	PUBLIC_KCOR_TEXT_AND_TRACKED_ASSET_METADATA	NOT_ESTABLISHED
145	2007jg	5	CSPDR3_anthony	CSP	g	15	Pantheon+_Data/2_CALIBRATION/SNANA_kcor/kcor_CSPDR3.input	Pantheon+_Data/2_CALIBRATION/SNANA_kcor/kcor_CSPDR3_v6_1.fits	53c8a34af63d0d34fb513767abb2fdd852c26bff	1	CSP	CSP-g	BD17	COUNT	$SNDATA_ROOT/filters/CSP/CSP_TAMU_20180316	g_tel_ccd_atm_ext_1.2.dat	Pantheon+_Data/2_CALIBRATION/filters/CSP_TAMU_20180316/g_tel_ccd_atm_ext_1.2.dat	d7f525225664050f595970d51755d597899f9d38	e2fb29cced302fb7e19b96f780ea9752835967a9208e5441e3936318e31645d5	PUBLIC_KCOR_TEXT_AND_TRANSMISSION_ASSET_MAPPED	PUBLIC_KCOR_TEXT_AND_TRACKED_ASSET_METADATA	NOT_ESTABLISHED
145	2007jg	5	CSPDR3_anthony	CSP	i	19	Pantheon+_Data/2_CALIBRATION/SNANA_kcor/kcor_CSPDR3.input	Pantheon+_Data/2_CALIBRATION/SNANA_kcor/kcor_CSPDR3_v6_1.fits	53c8a34af63d0d34fb513767abb2fdd852c26bff	1	CSP	CSP-i	BD17	COUNT	$SNDATA_ROOT/filters/CSP/CSP_TAMU_20180316	i_tel_ccd_atm_ext_1.2.dat	Pantheon+_Data/2_CALIBRATION/filters/CSP_TAMU_20180316/i_tel_ccd_atm_ext_1.2.dat	510329b2cae3a935c3dee7e5c34ef62a5d82f1ea	abdd2b0657023e0b1fc3828dbdda1ed4d0ab6ecaaa6428686d415f875876b01c	PUBLIC_KCOR_TEXT_AND_TRANSMISSION_ASSET_MAPPED	PUBLIC_KCOR_TEXT_AND_TRACKED_ASSET_METADATA	NOT_ESTABLISHED
145	2007jg	5	CSPDR3_anthony	CSP	n	18	Pantheon+_Data/2_CALIBRATION/SNANA_kcor/kcor_CSPDR3.input	Pantheon+_Data/2_CALIBRATION/SNANA_kcor/kcor_CSPDR3_v6_1.fits	53c8a34af63d0d34fb513767abb2fdd852c26bff	1	CSP	CSP-n	BD17	COUNT	$SNDATA_ROOT/filters/CSP/CSP_TAMU_20180316	V_LC9844_tel_ccd_atm_ext_1.2.dat	Pantheon+_Data/2_CALIBRATION/filters/CSP_TAMU_20180316/V_LC9844_tel_ccd_atm_ext_1.2.dat	6541ce8a5f2c14e332f95cba469435f1c8a8fd3c	a26438b594e812b365d2c5b55035ff60cadbe2db4021b3ff9a61cf4c9bf3fe49	PUBLIC_KCOR_TEXT_AND_TRANSMISSION_ASSET_MAPPED	PUBLIC_KCOR_TEXT_AND_TRACKED_ASSET_METADATA	NOT_ESTABLISHED
145	2007jg	5	CSPDR3_anthony	CSP	r	13	Pantheon+_Data/2_CALIBRATION/SNANA_kcor/kcor_CSPDR3.input	Pantheon+_Data/2_CALIBRATION/SNANA_kcor/kcor_CSPDR3_v6_1.fits	53c8a34af63d0d34fb513767abb2fdd852c26bff	1	CSP	CSP-r	BD17	COUNT	$SNDATA_ROOT/filters/CSP/CSP_TAMU_20180316	r_tel_ccd_atm_ext_1.2.dat	Pantheon+_Data/2_CALIBRATION/filters/CSP_TAMU_20180316/r_tel_ccd_atm_ext_1.2.dat	6ca739a4a935e052ce6ae4a96663feeac8250a26	cead2f587b2ff14c0fcd31175ec6b73a477d2ff9767821a02d649167139ae1fd	PUBLIC_KCOR_TEXT_AND_TRANSMISSION_ASSET_MAPPED	PUBLIC_KCOR_TEXT_AND_TRACKED_ASSET_METADATA	NOT_ESTABLISHED
145	2007jg	5	CSPDR3_anthony	CSP	u	7	Pantheon+_Data/2_CALIBRATION/SNANA_kcor/kcor_CSPDR3.input	Pantheon+_Data/2_CALIBRATION/SNANA_kcor/kcor_CSPDR3_v6_1.fits	53c8a34af63d0d34fb513767abb2fdd852c26bff	1	CSP	CSP-u	BD17	COUNT	$SNDATA_ROOT/filters/CSP/CSP_TAMU_20180316	u_tel_ccd_atm_ext_1.2.dat	Pantheon+_Data/2_CALIBRATION/filters/CSP_TAMU_20180316/u_tel_ccd_atm_ext_1.2.dat	9f04c0c265228b8285f1af1686dd77096f2059f0	715cfb4eea7a74abbf7d6365f29a551a0ca9a16dd21d8f32af904d4b580f8790	PUBLIC_KCOR_TEXT_AND_TRANSMISSION_ASSET_MAPPED	PUBLIC_KCOR_TEXT_AND_TRACKED_ASSET_METADATA	NOT_ESTABLISHED
145	2007jg	5	CSPDR3_anthony	CSP	y	7	Pantheon+_Data/2_CALIBRATION/SNANA_kcor/kcor_CSPDR3.input	Pantheon+_Data/2_CALIBRATION/SNANA_kcor/kcor_CSPDR3_v6_1.fits	53c8a34af63d0d34fb513767abb2fdd852c26bff	1	CSP	CSP-y	BD17	COUNT	$SNDATA_ROOT/filters/CSP/CSP_TAMU_20180316	Y_DUP_TAM_scan_atm.dat	Pantheon+_Data/2_CALIBRATION/filters/CSP_TAMU_20180316/Y_DUP_TAM_scan_atm.dat	7261bed97f866ab6093ba12d1069faf05c5d6d6e	478e4ebb2ef4eb838b2d872ddc72c16d66aab72a6ffb040a68775fab50ff3af6	PUBLIC_KCOR_TEXT_AND_TRANSMISSION_ASSET_MAPPED	PUBLIC_KCOR_TEXT_AND_TRACKED_ASSET_METADATA	NOT_ESTABLISHED
147	2007O	57	KAIT_DS15	KAITM	A	7	Pantheon+_Data/2_CALIBRATION/SNANA_kcor/kcor_KAIT_Mo.input	Pantheon+_Data/2_CALIBRATION/SNANA_kcor/kcor_KAIT_Mo_v6_1.fits	698aa4836a917dfc1569fbccec976db44201110f	1	KAIT	KAIT3-A	BD17	COUNT	$PS1_USERS/dscolnic/Excalibur_dillon/filters/KAIT_2018	B_kait3.txt	Pantheon+_Data/2_CALIBRATION/filters/KAIT_2018/B_kait3.txt	b8849611cb4e128e0e1d39a152af6f52db1f6822	b7432346ab3a4eeffb33c6c79348fb2c96f8bb857228a90483d74f673c82a340	PUBLIC_KCOR_TEXT_AND_TRANSMISSION_ASSET_MAPPED	PUBLIC_KCOR_TEXT_AND_TRACKED_ASSET_METADATA	NOT_ESTABLISHED
147	2007O	57	KAIT_DS15	KAITM	B	10	Pantheon+_Data/2_CALIBRATION/SNANA_kcor/kcor_KAIT_Mo.input	Pantheon+_Data/2_CALIBRATION/SNANA_kcor/kcor_KAIT_Mo_v6_1.fits	698aa4836a917dfc1569fbccec976db44201110f	1	KAIT	KAIT3-B	BD17	COUNT	$PS1_USERS/dscolnic/Excalibur_dillon/filters/KAIT_2018	V_kait3.txt	Pantheon+_Data/2_CALIBRATION/filters/KAIT_2018/V_kait3.txt	1e38a90fcb180bf91567db2b37184a8410b9e018	c0af1f018e3d4d3d60b48c9683827568544e84decdd158e5e2fcd17a5a014171	PUBLIC_KCOR_TEXT_AND_TRANSMISSION_ASSET_MAPPED	PUBLIC_KCOR_TEXT_AND_TRACKED_ASSET_METADATA	NOT_ESTABLISHED
147	2007O	57	KAIT_DS15	KAITM	C	9	Pantheon+_Data/2_CALIBRATION/SNANA_kcor/kcor_KAIT_Mo.input	Pantheon+_Data/2_CALIBRATION/SNANA_kcor/kcor_KAIT_Mo_v6_1.fits	698aa4836a917dfc1569fbccec976db44201110f	1	KAIT	KAIT3-C	BD17	COUNT	$PS1_USERS/dscolnic/Excalibur_dillon/filters/KAIT_2018	R_kait3_cut.txt	Pantheon+_Data/2_CALIBRATION/filters/KAIT_2018/R_kait3_cut.txt	dd88c35bb126f55ce3fe4dad4a6114cf9564d786	da441a4e9f0bc12c5311f8b5155fbc2ffa491b41e250cf4db780007adb46a285	PUBLIC_KCOR_TEXT_AND_TRANSMISSION_ASSET_MAPPED	PUBLIC_KCOR_TEXT_AND_TRACKED_ASSET_METADATA	NOT_ESTABLISHED
147	2007O	57	KAIT_DS15	KAITM	D	8	Pantheon+_Data/2_CALIBRATION/SNANA_kcor/kcor_KAIT_Mo.input	Pantheon+_Data/2_CALIBRATION/SNANA_kcor/kcor_KAIT_Mo_v6_1.fits	698aa4836a917dfc1569fbccec976db44201110f	1	KAIT	KAIT3-D	BD17	COUNT	$PS1_USERS/dscolnic/Excalibur_dillon/filters/KAIT_2018	I_kait3.txt	Pantheon+_Data/2_CALIBRATION/filters/KAIT_2018/I_kait3.txt	4349a1e9112afc412f0e2f0ae908a1a3c63d0e04	d34a4f4b2f926b95ebb866ccc126691d40880319e74446fa81864714b5c02cc0	PUBLIC_KCOR_TEXT_AND_TRANSMISSION_ASSET_MAPPED	PUBLIC_KCOR_TEXT_AND_TRACKED_ASSET_METADATA	NOT_ESTABLISHED
148	2007O	64	CfA3_DJ20	PS1_LOWZ_COMBINED(CFA3K)	g	9	Pantheon+_Data/2_CALIBRATION/SNANA_kcor/kcor_PS1_CFA_COMBINED.input	Pantheon+_Data/2_CALIBRATION/SNANA_kcor/kcor_PS1_CFA_COMBINED_v6_1.fits	a5403c58bf24ff2a7e6f5d7de96572784ed788d8	1	CFA3K	CFA41-B/g	BD17	COUNT	PS1/Pantheon/PS1_CFA4	cfa4_B_p1+modtran.dat	Pantheon+_Data/2_CALIBRATION/filters/PS1_CFA4/cfa4_B_p1+modtran.dat	d44226cb58b4489d6399e97ce7a3935de74fa63c	cca7349553217ed6420d7c28cc644fa45d381992215ec8625505746ee9fa446c	PUBLIC_KCOR_TEXT_AND_TRANSMISSION_ASSET_MAPPED	PUBLIC_KCOR_TEXT_AND_TRACKED_ASSET_METADATA	NOT_ESTABLISHED
148	2007O	64	CfA3_DJ20	PS1_LOWZ_COMBINED(CFA3K)	h	14	Pantheon+_Data/2_CALIBRATION/SNANA_kcor/kcor_PS1_CFA_COMBINED.input	Pantheon+_Data/2_CALIBRATION/SNANA_kcor/kcor_PS1_CFA_COMBINED_v6_1.fits	a5403c58bf24ff2a7e6f5d7de96572784ed788d8	1	CFA3K	CFA41-V/h	BD17	COUNT	PS1/Pantheon/PS1_CFA4	cfa4_V_p1+modtran.dat	Pantheon+_Data/2_CALIBRATION/filters/PS1_CFA4/cfa4_V_p1+modtran.dat	9f4cc89d6fc142d476d9882a445f476715d9616f	351378bba990897cbccaeb80620764b6c8128a39253afc06a944139815b06a4b	PUBLIC_KCOR_TEXT_AND_TRANSMISSION_ASSET_MAPPED	PUBLIC_KCOR_TEXT_AND_TRACKED_ASSET_METADATA	NOT_ESTABLISHED
148	2007O	64	CfA3_DJ20	PS1_LOWZ_COMBINED(CFA3K)	i	16	Pantheon+_Data/2_CALIBRATION/SNANA_kcor/kcor_PS1_CFA_COMBINED.input	Pantheon+_Data/2_CALIBRATION/SNANA_kcor/kcor_PS1_CFA_COMBINED_v6_1.fits	a5403c58bf24ff2a7e6f5d7de96572784ed788d8	1	CFA3K	CFA41-r/i	BD17	COUNT	PS1/Pantheon/PS1_CFA4	cfa4_r_p1+modtran.dat	Pantheon+_Data/2_CALIBRATION/filters/PS1_CFA4/cfa4_r_p1+modtran.dat	fd1ce7f294d15e085dfa3df747c1c2cdf4088629	741377de882b5c205f994c1b9416c9ea5fa4432bc2d7d88dd50cf5dbbe866c99	PUBLIC_KCOR_TEXT_AND_TRANSMISSION_ASSET_MAPPED	PUBLIC_KCOR_TEXT_AND_TRACKED_ASSET_METADATA	NOT_ESTABLISHED
148	2007O	64	CfA3_DJ20	PS1_LOWZ_COMBINED(CFA3K)	j	16	Pantheon+_Data/2_CALIBRATION/SNANA_kcor/kcor_PS1_CFA_COMBINED.input	Pantheon+_Data/2_CALIBRATION/SNANA_kcor/kcor_PS1_CFA_COMBINED_v6_1.fits	a5403c58bf24ff2a7e6f5d7de96572784ed788d8	1	CFA3K	CFA41-i/j	BD17	COUNT	PS1/Pantheon/PS1_CFA4	cfa4_i_p1+modtran.dat	Pantheon+_Data/2_CALIBRATION/filters/PS1_CFA4/cfa4_i_p1+modtran.dat	d92f2ebce3a1091a4f135a5974d5339b76db2b3f	796074a658a6f17d58fd4108d84c6fc65caade1c05e578b0530fe4acbdd14f9c	PUBLIC_KCOR_TEXT_AND_TRANSMISSION_ASSET_MAPPED	PUBLIC_KCOR_TEXT_AND_TRACKED_ASSET_METADATA	NOT_ESTABLISHED
155	2003fa	57	KAIT_DS15	KAITM	A	38	Pantheon+_Data/2_CALIBRATION/SNANA_kcor/kcor_KAIT_Mo.input	Pantheon+_Data/2_CALIBRATION/SNANA_kcor/kcor_KAIT_Mo_v6_1.fits	698aa4836a917dfc1569fbccec976db44201110f	1	KAIT	KAIT3-A	BD17	COUNT	$PS1_USERS/dscolnic/Excalibur_dillon/filters/KAIT_2018	B_kait3.txt	Pantheon+_Data/2_CALIBRATION/filters/KAIT_2018/B_kait3.txt	b8849611cb4e128e0e1d39a152af6f52db1f6822	b7432346ab3a4eeffb33c6c79348fb2c96f8bb857228a90483d74f673c82a340	PUBLIC_KCOR_TEXT_AND_TRANSMISSION_ASSET_MAPPED	PUBLIC_KCOR_TEXT_AND_TRACKED_ASSET_METADATA	NOT_ESTABLISHED
155	2003fa	57	KAIT_DS15	KAITM	B	38	Pantheon+_Data/2_CALIBRATION/SNANA_kcor/kcor_KAIT_Mo.input	Pantheon+_Data/2_CALIBRATION/SNANA_kcor/kcor_KAIT_Mo_v6_1.fits	698aa4836a917dfc1569fbccec976db44201110f	1	KAIT	KAIT3-B	BD17	COUNT	$PS1_USERS/dscolnic/Excalibur_dillon/filters/KAIT_2018	V_kait3.txt	Pantheon+_Data/2_CALIBRATION/filters/KAIT_2018/V_kait3.txt	1e38a90fcb180bf91567db2b37184a8410b9e018	c0af1f018e3d4d3d60b48c9683827568544e84decdd158e5e2fcd17a5a014171	PUBLIC_KCOR_TEXT_AND_TRANSMISSION_ASSET_MAPPED	PUBLIC_KCOR_TEXT_AND_TRACKED_ASSET_METADATA	NOT_ESTABLISHED
155	2003fa	57	KAIT_DS15	KAITM	C	37	Pantheon+_Data/2_CALIBRATION/SNANA_kcor/kcor_KAIT_Mo.input	Pantheon+_Data/2_CALIBRATION/SNANA_kcor/kcor_KAIT_Mo_v6_1.fits	698aa4836a917dfc1569fbccec976db44201110f	1	KAIT	KAIT3-C	BD17	COUNT	$PS1_USERS/dscolnic/Excalibur_dillon/filters/KAIT_2018	R_kait3_cut.txt	Pantheon+_Data/2_CALIBRATION/filters/KAIT_2018/R_kait3_cut.txt	dd88c35bb126f55ce3fe4dad4a6114cf9564d786	da441a4e9f0bc12c5311f8b5155fbc2ffa491b41e250cf4db780007adb46a285	PUBLIC_KCOR_TEXT_AND_TRANSMISSION_ASSET_MAPPED	PUBLIC_KCOR_TEXT_AND_TRACKED_ASSET_METADATA	NOT_ESTABLISHED
155	2003fa	57	KAIT_DS15	KAITM	D	37	Pantheon+_Data/2_CALIBRATION/SNANA_kcor/kcor_KAIT_Mo.input	Pantheon+_Data/2_CALIBRATION/SNANA_kcor/kcor_KAIT_Mo_v6_1.fits	698aa4836a917dfc1569fbccec976db44201110f	1	KAIT	KAIT3-D	BD17	COUNT	$PS1_USERS/dscolnic/Excalibur_dillon/filters/KAIT_2018	I_kait3.txt	Pantheon+_Data/2_CALIBRATION/filters/KAIT_2018/I_kait3.txt	4349a1e9112afc412f0e2f0ae908a1a3c63d0e04	d34a4f4b2f926b95ebb866ccc126691d40880319e74446fa81864714b5c02cc0	PUBLIC_KCOR_TEXT_AND_TRANSMISSION_ASSET_MAPPED	PUBLIC_KCOR_TEXT_AND_TRACKED_ASSET_METADATA	NOT_ESTABLISHED
156	2003fa	63	CfA3_DJ20	PS1_LOWZ_COMBINED(CFA3S)	a	16	Pantheon+_Data/2_CALIBRATION/SNANA_kcor/kcor_PS1_CFA_COMBINED.input	Pantheon+_Data/2_CALIBRATION/SNANA_kcor/kcor_PS1_CFA_COMBINED_v6_1.fits	a5403c58bf24ff2a7e6f5d7de96572784ed788d8	1	CFA3S	CFA3S-U/a	BD17	COUNT	PS1/Pantheon/CFA3_native	SNLS3_4shooter2_U.dat	Pantheon+_Data/2_CALIBRATION/filters/CFA3_native/SNLS3_4shooter2_U.dat	3bda03457f2cb27f8d5e78941cde2fb21b3fe741	9f29f941ccaa0702b052e168af3b1294b410b102c520b546c8d460020a789586	PUBLIC_KCOR_TEXT_AND_TRANSMISSION_ASSET_MAPPED	PUBLIC_KCOR_TEXT_AND_TRACKED_ASSET_METADATA	NOT_ESTABLISHED
156	2003fa	63	CfA3_DJ20	PS1_LOWZ_COMBINED(CFA3S)	b	18	Pantheon+_Data/2_CALIBRATION/SNANA_kcor/kcor_PS1_CFA_COMBINED.input	Pantheon+_Data/2_CALIBRATION/SNANA_kcor/kcor_PS1_CFA_COMBINED_v6_1.fits	a5403c58bf24ff2a7e6f5d7de96572784ed788d8	1	CFA3S	CFA3S-B/b	BD17	COUNT	PS1/Pantheon/CFA3_native	SNLS3_4shooter2_B.dat	Pantheon+_Data/2_CALIBRATION/filters/CFA3_native/SNLS3_4shooter2_B.dat	2c3fb72d45ce921c4d6d035d7fc6a601e76f8069	7ec2d31f29a6e2cefd251a8d9fa5ac4648e5dd9ccf5327c48ba1e5dfe7db0845	PUBLIC_KCOR_TEXT_AND_TRANSMISSION_ASSET_MAPPED	PUBLIC_KCOR_TEXT_AND_TRACKED_ASSET_METADATA	NOT_ESTABLISHED
156	2003fa	63	CfA3_DJ20	PS1_LOWZ_COMBINED(CFA3S)	c	19	Pantheon+_Data/2_CALIBRATION/SNANA_kcor/kcor_PS1_CFA_COMBINED.input	Pantheon+_Data/2_CALIBRATION/SNANA_kcor/kcor_PS1_CFA_COMBINED_v6_1.fits	a5403c58bf24ff2a7e6f5d7de96572784ed788d8	1	CFA3S	CFA3S-V/c	BD17	COUNT	PS1/Pantheon/CFA3_native	SNLS3_4shooter2_V.dat	Pantheon+_Data/2_CALIBRATION/filters/CFA3_native/SNLS3_4shooter2_V.dat	5bb3ea124b44882990253973900e3b3514a647ec	869887950a19f904463efea7b1a3f44e2bba7570199205232a16d920ac53f0c7	PUBLIC_KCOR_TEXT_AND_TRANSMISSION_ASSET_MAPPED	PUBLIC_KCOR_TEXT_AND_TRACKED_ASSET_METADATA	NOT_ESTABLISHED
156	2003fa	63	CfA3_DJ20	PS1_LOWZ_COMBINED(CFA3S)	d	22	Pantheon+_Data/2_CALIBRATION/SNANA_kcor/kcor_PS1_CFA_COMBINED.input	Pantheon+_Data/2_CALIBRATION/SNANA_kcor/kcor_PS1_CFA_COMBINED_v6_1.fits	a5403c58bf24ff2a7e6f5d7de96572784ed788d8	1	CFA3S	CFA3S-R/d	BD17	COUNT	PS1/Pantheon/CFA3_native	SNLS3_4shooter2_R.dat	Pantheon+_Data/2_CALIBRATION/filters/CFA3_native/SNLS3_4shooter2_R.dat	b60c445452727f3e8803d8d9c9242969b48335a6	b7528a9fec3db661fdb1d1deb4e2be9b37c8f51ca8ba1ff2703d21a7a99bdbfb	PUBLIC_KCOR_TEXT_AND_TRANSMISSION_ASSET_MAPPED	PUBLIC_KCOR_TEXT_AND_TRACKED_ASSET_METADATA	NOT_ESTABLISHED
156	2003fa	63	CfA3_DJ20	PS1_LOWZ_COMBINED(CFA3S)	e	17	Pantheon+_Data/2_CALIBRATION/SNANA_kcor/kcor_PS1_CFA_COMBINED.input	Pantheon+_Data/2_CALIBRATION/SNANA_kcor/kcor_PS1_CFA_COMBINED_v6_1.fits	a5403c58bf24ff2a7e6f5d7de96572784ed788d8	1	CFA3S	CFA3S-I/e	BD17	COUNT	PS1/Pantheon/CFA3_native	SNLS3_4shooter2_I.dat	Pantheon+_Data/2_CALIBRATION/filters/CFA3_native/SNLS3_4shooter2_I.dat	911c29f6691153e5a3deb7f06d9198843c6e6ec6	8b43e1271c760e8d0fff93a08f254f2e16f50d4701e3da1783f57046e7ab83e7	PUBLIC_KCOR_TEXT_AND_TRANSMISSION_ASSET_MAPPED	PUBLIC_KCOR_TEXT_AND_TRACKED_ASSET_METADATA	NOT_ESTABLISHED
163	2007kk	51	LOSS	KAIT	E	14	Pantheon+_Data/2_CALIBRATION/SNANA_kcor/kcor_KAIT_Stahl.input	Pantheon+_Data/2_CALIBRATION/SNANA_kcor/kcor_KAIT_Stahl_v6_1.fits	b959bba0fec3bf8811ecc6c8535880180734fa6c	1	KAIT	KAIT4-E	BD17	COUNT	$PS1_USERS/dscolnic/Excalibur_dillon/filters/KAIT_2018	B_kait4.txt	Pantheon+_Data/2_CALIBRATION/filters/KAIT_2018/B_kait4.txt	11dc6ff83540087cfc38161bb88566880bc412f7	549e056bc705797206c903422a34de5f089848074dc285326fc9bb39a7ba148e	PUBLIC_KCOR_TEXT_AND_TRANSMISSION_ASSET_MAPPED	PUBLIC_KCOR_TEXT_AND_TRACKED_ASSET_METADATA	NOT_ESTABLISHED
163	2007kk	51	LOSS	KAIT	F	17	Pantheon+_Data/2_CALIBRATION/SNANA_kcor/kcor_KAIT_Stahl.input	Pantheon+_Data/2_CALIBRATION/SNANA_kcor/kcor_KAIT_Stahl_v6_1.fits	b959bba0fec3bf8811ecc6c8535880180734fa6c	1	KAIT	KAIT4-F	BD17	COUNT	$PS1_USERS/dscolnic/Excalibur_dillon/filters/KAIT_2018	V_kait4.txt	Pantheon+_Data/2_CALIBRATION/filters/KAIT_2018/V_kait4.txt	5fc9f5caf51d26764a56ab880ee09795e271b1d9	e3a6c81d258ebd8682bd836890986a48e483f802098c107d0a3ed7acbd846419	PUBLIC_KCOR_TEXT_AND_TRANSMISSION_ASSET_MAPPED	PUBLIC_KCOR_TEXT_AND_TRACKED_ASSET_METADATA	NOT_ESTABLISHED
163	2007kk	51	LOSS	KAIT	G	16	Pantheon+_Data/2_CALIBRATION/SNANA_kcor/kcor_KAIT_Stahl.input	Pantheon+_Data/2_CALIBRATION/SNANA_kcor/kcor_KAIT_Stahl_v6_1.fits	b959bba0fec3bf8811ecc6c8535880180734fa6c	1	KAIT	KAIT4-G	BD17	COUNT	$PS1_USERS/dscolnic/Excalibur_dillon/filters/KAIT_2018	R_kait4.txt	Pantheon+_Data/2_CALIBRATION/filters/KAIT_2018/R_kait4.txt	fe26ce9b9c766eae0857dddd52f74c290d36e044	8d0c25563513921c557d8cc0519b9f6eb6dab1168767b4756ed58c128acbae9b	PUBLIC_KCOR_TEXT_AND_TRANSMISSION_ASSET_MAPPED	PUBLIC_KCOR_TEXT_AND_TRACKED_ASSET_METADATA	NOT_ESTABLISHED
163	2007kk	51	LOSS	KAIT	H	16	Pantheon+_Data/2_CALIBRATION/SNANA_kcor/kcor_KAIT_Stahl.input	Pantheon+_Data/2_CALIBRATION/SNANA_kcor/kcor_KAIT_Stahl_v6_1.fits	b959bba0fec3bf8811ecc6c8535880180734fa6c	1	KAIT	KAIT4-H	BD17	COUNT	$PS1_USERS/dscolnic/Excalibur_dillon/filters/KAIT_2018	I_kait4.txt	Pantheon+_Data/2_CALIBRATION/filters/KAIT_2018/I_kait4.txt	15abcf7e5a25eff12a399998f43590a46a357138	29daef418c998fa264e2b6f4bd03dab5365f480f50a141b30849b4a6973a4be8	PUBLIC_KCOR_TEXT_AND_TRANSMISSION_ASSET_MAPPED	PUBLIC_KCOR_TEXT_AND_TRACKED_ASSET_METADATA	NOT_ESTABLISHED
163	2007kk	51	LOSS	KAIT	I	4	Pantheon+_Data/2_CALIBRATION/SNANA_kcor/kcor_KAIT_Stahl.input	Pantheon+_Data/2_CALIBRATION/SNANA_kcor/kcor_KAIT_Stahl_v6_1.fits	b959bba0fec3bf8811ecc6c8535880180734fa6c	1	KAIT	nickel1-I	BD17	COUNT	$PS1_USERS/dscolnic/Excalibur_dillon/filters/KAIT_2018	B_nickel1.txt	Pantheon+_Data/2_CALIBRATION/filters/KAIT_2018/B_nickel1.txt	2c67d9e41e826ea4bfd9b66f2f05d2b855f656f2	f365c798b5c719ed4dee3d4e3a44bd9dfc8d12a8ff1c0fa33e95c08cad94f5c7	PUBLIC_KCOR_TEXT_AND_TRANSMISSION_ASSET_MAPPED	PUBLIC_KCOR_TEXT_AND_TRACKED_ASSET_METADATA	NOT_ESTABLISHED
163	2007kk	51	LOSS	KAIT	J	6	Pantheon+_Data/2_CALIBRATION/SNANA_kcor/kcor_KAIT_Stahl.input	Pantheon+_Data/2_CALIBRATION/SNANA_kcor/kcor_KAIT_Stahl_v6_1.fits	b959bba0fec3bf8811ecc6c8535880180734fa6c	1	KAIT	nickel1-J	BD17	COUNT	$PS1_USERS/dscolnic/Excalibur_dillon/filters/KAIT_2018	V_nickel1.txt	Pantheon+_Data/2_CALIBRATION/filters/KAIT_2018/V_nickel1.txt	fdb56d8b7ec3b17e41a3ec054ce6c0d687fa7440	926c164bfd229ce88887788c129647be77f475bff340a77b673b5550f611f5e9	PUBLIC_KCOR_TEXT_AND_TRANSMISSION_ASSET_MAPPED	PUBLIC_KCOR_TEXT_AND_TRACKED_ASSET_METADATA	NOT_ESTABLISHED
163	2007kk	51	LOSS	KAIT	K	6	Pantheon+_Data/2_CALIBRATION/SNANA_kcor/kcor_KAIT_Stahl.input	Pantheon+_Data/2_CALIBRATION/SNANA_kcor/kcor_KAIT_Stahl_v6_1.fits	b959bba0fec3bf8811ecc6c8535880180734fa6c	1	KAIT	nickel1-K	BD17	COUNT	$PS1_USERS/dscolnic/Excalibur_dillon/filters/KAIT_2018	R_nickel1.txt	Pantheon+_Data/2_CALIBRATION/filters/KAIT_2018/R_nickel1.txt	af7b347fb460f0943c0c8ce159e5271061a22c5d	2a1e23e610f27ef9f4abc4301d1cfc9ad793a4e7ecc967667ea80603b0742dc1	PUBLIC_KCOR_TEXT_AND_TRANSMISSION_ASSET_MAPPED	PUBLIC_KCOR_TEXT_AND_TRACKED_ASSET_METADATA	NOT_ESTABLISHED
163	2007kk	51	LOSS	KAIT	L	6	Pantheon+_Data/2_CALIBRATION/SNANA_kcor/kcor_KAIT_Stahl.input	Pantheon+_Data/2_CALIBRATION/SNANA_kcor/kcor_KAIT_Stahl_v6_1.fits	b959bba0fec3bf8811ecc6c8535880180734fa6c	1	KAIT	nickel1-L	BD17	COUNT	$PS1_USERS/dscolnic/Excalibur_dillon/filters/KAIT_2018	I_nickel1.txt	Pantheon+_Data/2_CALIBRATION/filters/KAIT_2018/I_nickel1.txt	d0b1006f2472fbb5b1048cdc29feec28062e2667	126bb7cbd41ec506d477630b20cad6ec26ff59f6e583c2f54cb32f13133d8469	PUBLIC_KCOR_TEXT_AND_TRANSMISSION_ASSET_MAPPED	PUBLIC_KCOR_TEXT_AND_TRACKED_ASSET_METADATA	NOT_ESTABLISHED
164	2007kk	65	PS1_LOWZ_COMBINED_TEXT_DS17	PS1_LOWZ_COMBINED(CFA4p1)	l	27	Pantheon+_Data/2_CALIBRATION/SNANA_kcor/kcor_PS1_CFA_COMBINED.input	Pantheon+_Data/2_CALIBRATION/SNANA_kcor/kcor_PS1_CFA_COMBINED_v6_1.fits	a5403c58bf24ff2a7e6f5d7de96572784ed788d8	1	CFA4p1	CFA41-B/l	BD17	COUNT	PS1/Pantheon/PS1_CFA4	cfa4_B_p1+modtran.dat	Pantheon+_Data/2_CALIBRATION/filters/PS1_CFA4/cfa4_B_p1+modtran.dat	d44226cb58b4489d6399e97ce7a3935de74fa63c	cca7349553217ed6420d7c28cc644fa45d381992215ec8625505746ee9fa446c	PUBLIC_KCOR_TEXT_AND_TRANSMISSION_ASSET_MAPPED	PUBLIC_KCOR_TEXT_AND_TRACKED_ASSET_METADATA	NOT_ESTABLISHED
164	2007kk	65	PS1_LOWZ_COMBINED_TEXT_DS17	PS1_LOWZ_COMBINED(CFA4p1)	m	31	Pantheon+_Data/2_CALIBRATION/SNANA_kcor/kcor_PS1_CFA_COMBINED.input	Pantheon+_Data/2_CALIBRATION/SNANA_kcor/kcor_PS1_CFA_COMBINED_v6_1.fits	a5403c58bf24ff2a7e6f5d7de96572784ed788d8	1	CFA4p1	CFA41-V/m	BD17	COUNT	PS1/Pantheon/PS1_CFA4	cfa4_V_p1+modtran.dat	Pantheon+_Data/2_CALIBRATION/filters/PS1_CFA4/cfa4_V_p1+modtran.dat	9f4cc89d6fc142d476d9882a445f476715d9616f	351378bba990897cbccaeb80620764b6c8128a39253afc06a944139815b06a4b	PUBLIC_KCOR_TEXT_AND_TRANSMISSION_ASSET_MAPPED	PUBLIC_KCOR_TEXT_AND_TRACKED_ASSET_METADATA	NOT_ESTABLISHED
164	2007kk	65	PS1_LOWZ_COMBINED_TEXT_DS17	PS1_LOWZ_COMBINED(CFA4p1)	n	32	Pantheon+_Data/2_CALIBRATION/SNANA_kcor/kcor_PS1_CFA_COMBINED.input	Pantheon+_Data/2_CALIBRATION/SNANA_kcor/kcor_PS1_CFA_COMBINED_v6_1.fits	a5403c58bf24ff2a7e6f5d7de96572784ed788d8	1	CFA4p1	CFA41-r/n	BD17	COUNT	PS1/Pantheon/PS1_CFA4	cfa4_r_p1+modtran.dat	Pantheon+_Data/2_CALIBRATION/filters/PS1_CFA4/cfa4_r_p1+modtran.dat	fd1ce7f294d15e085dfa3df747c1c2cdf4088629	741377de882b5c205f994c1b9416c9ea5fa4432bc2d7d88dd50cf5dbbe866c99	PUBLIC_KCOR_TEXT_AND_TRANSMISSION_ASSET_MAPPED	PUBLIC_KCOR_TEXT_AND_TRACKED_ASSET_METADATA	NOT_ESTABLISHED
164	2007kk	65	PS1_LOWZ_COMBINED_TEXT_DS17	PS1_LOWZ_COMBINED(CFA4p1)	o	33	Pantheon+_Data/2_CALIBRATION/SNANA_kcor/kcor_PS1_CFA_COMBINED.input	Pantheon+_Data/2_CALIBRATION/SNANA_kcor/kcor_PS1_CFA_COMBINED_v6_1.fits	a5403c58bf24ff2a7e6f5d7de96572784ed788d8	1	CFA4p1	CFA41-i/o	BD17	COUNT	PS1/Pantheon/PS1_CFA4	cfa4_i_p1+modtran.dat	Pantheon+_Data/2_CALIBRATION/filters/PS1_CFA4/cfa4_i_p1+modtran.dat	d92f2ebce3a1091a4f135a5974d5339b76db2b3f	796074a658a6f17d58fd4108d84c6fc65caade1c05e578b0530fe4acbdd14f9c	PUBLIC_KCOR_TEXT_AND_TRANSMISSION_ASSET_MAPPED	PUBLIC_KCOR_TEXT_AND_TRACKED_ASSET_METADATA	NOT_ESTABLISHED
172	2005hc	64	CfA3_DJ20	PS1_LOWZ_COMBINED(CFA3K)	f	26	Pantheon+_Data/2_CALIBRATION/SNANA_kcor/kcor_PS1_CFA_COMBINED.input	Pantheon+_Data/2_CALIBRATION/SNANA_kcor/kcor_PS1_CFA_COMBINED_v6_1.fits	a5403c58bf24ff2a7e6f5d7de96572784ed788d8	1	CFA3K	CFA41-U/f	BD17	COUNT	PS1/Pantheon/PS1_CFA4	cfa4_U_p1.dat	Pantheon+_Data/2_CALIBRATION/filters/PS1_CFA4/cfa4_U_p1.dat	80b7b875704d4b114c8446f8d9d7f57329c6cd03	00bbc2356c755f8315eb3dff3143576ed56ad2f18ea8870b4ea27e4a6984ee7b	PUBLIC_KCOR_TEXT_AND_TRANSMISSION_ASSET_MAPPED	PUBLIC_KCOR_TEXT_AND_TRACKED_ASSET_METADATA	NOT_ESTABLISHED
172	2005hc	64	CfA3_DJ20	PS1_LOWZ_COMBINED(CFA3K)	g	15	Pantheon+_Data/2_CALIBRATION/SNANA_kcor/kcor_PS1_CFA_COMBINED.input	Pantheon+_Data/2_CALIBRATION/SNANA_kcor/kcor_PS1_CFA_COMBINED_v6_1.fits	a5403c58bf24ff2a7e6f5d7de96572784ed788d8	1	CFA3K	CFA41-B/g	BD17	COUNT	PS1/Pantheon/PS1_CFA4	cfa4_B_p1+modtran.dat	Pantheon+_Data/2_CALIBRATION/filters/PS1_CFA4/cfa4_B_p1+modtran.dat	d44226cb58b4489d6399e97ce7a3935de74fa63c	cca7349553217ed6420d7c28cc644fa45d381992215ec8625505746ee9fa446c	PUBLIC_KCOR_TEXT_AND_TRANSMISSION_ASSET_MAPPED	PUBLIC_KCOR_TEXT_AND_TRACKED_ASSET_METADATA	NOT_ESTABLISHED
172	2005hc	64	CfA3_DJ20	PS1_LOWZ_COMBINED(CFA3K)	h	24	Pantheon+_Data/2_CALIBRATION/SNANA_kcor/kcor_PS1_CFA_COMBINED.input	Pantheon+_Data/2_CALIBRATION/SNANA_kcor/kcor_PS1_CFA_COMBINED_v6_1.fits	a5403c58bf24ff2a7e6f5d7de96572784ed788d8	1	CFA3K	CFA41-V/h	BD17	COUNT	PS1/Pantheon/PS1_CFA4	cfa4_V_p1+modtran.dat	Pantheon+_Data/2_CALIBRATION/filters/PS1_CFA4/cfa4_V_p1+modtran.dat	9f4cc89d6fc142d476d9882a445f476715d9616f	351378bba990897cbccaeb80620764b6c8128a39253afc06a944139815b06a4b	PUBLIC_KCOR_TEXT_AND_TRANSMISSION_ASSET_MAPPED	PUBLIC_KCOR_TEXT_AND_TRACKED_ASSET_METADATA	NOT_ESTABLISHED
172	2005hc	64	CfA3_DJ20	PS1_LOWZ_COMBINED(CFA3K)	i	22	Pantheon+_Data/2_CALIBRATION/SNANA_kcor/kcor_PS1_CFA_COMBINED.input	Pantheon+_Data/2_CALIBRATION/SNANA_kcor/kcor_PS1_CFA_COMBINED_v6_1.fits	a5403c58bf24ff2a7e6f5d7de96572784ed788d8	1	CFA3K	CFA41-r/i	BD17	COUNT	PS1/Pantheon/PS1_CFA4	cfa4_r_p1+modtran.dat	Pantheon+_Data/2_CALIBRATION/filters/PS1_CFA4/cfa4_r_p1+modtran.dat	fd1ce7f294d15e085dfa3df747c1c2cdf4088629	741377de882b5c205f994c1b9416c9ea5fa4432bc2d7d88dd50cf5dbbe866c99	PUBLIC_KCOR_TEXT_AND_TRANSMISSION_ASSET_MAPPED	PUBLIC_KCOR_TEXT_AND_TRACKED_ASSET_METADATA	NOT_ESTABLISHED
172	2005hc	64	CfA3_DJ20	PS1_LOWZ_COMBINED(CFA3K)	j	24	Pantheon+_Data/2_CALIBRATION/SNANA_kcor/kcor_PS1_CFA_COMBINED.input	Pantheon+_Data/2_CALIBRATION/SNANA_kcor/kcor_PS1_CFA_COMBINED_v6_1.fits	a5403c58bf24ff2a7e6f5d7de96572784ed788d8	1	CFA3K	CFA41-i/j	BD17	COUNT	PS1/Pantheon/PS1_CFA4	cfa4_i_p1+modtran.dat	Pantheon+_Data/2_CALIBRATION/filters/PS1_CFA4/cfa4_i_p1+modtran.dat	d92f2ebce3a1091a4f135a5974d5339b76db2b3f	796074a658a6f17d58fd4108d84c6fc65caade1c05e578b0530fe4acbdd14f9c	PUBLIC_KCOR_TEXT_AND_TRANSMISSION_ASSET_MAPPED	PUBLIC_KCOR_TEXT_AND_TRACKED_ASSET_METADATA	NOT_ESTABLISHED
173	2005hc	5	CSPDR3_anthony	CSP	B	23	Pantheon+_Data/2_CALIBRATION/SNANA_kcor/kcor_CSPDR3.input	Pantheon+_Data/2_CALIBRATION/SNANA_kcor/kcor_CSPDR3_v6_1.fits	53c8a34af63d0d34fb513767abb2fdd852c26bff	1	CSP	CSP-B	BD17	COUNT	$SNDATA_ROOT/filters/CSP/CSP_TAMU_20180316	B_tel_ccd_atm_ext_1.2.dat	Pantheon+_Data/2_CALIBRATION/filters/CSP_TAMU_20180316/B_tel_ccd_atm_ext_1.2.dat	ed16304ca664fa79abd264a9a8df8794eedb9bb5	df6b951c5ed536c3afb7978185e2b84d68122c4a404efe1df842f3da0e1bef7c	PUBLIC_KCOR_TEXT_AND_TRANSMISSION_ASSET_MAPPED	PUBLIC_KCOR_TEXT_AND_TRACKED_ASSET_METADATA	NOT_ESTABLISHED
173	2005hc	5	CSPDR3_anthony	CSP	H	3	Pantheon+_Data/2_CALIBRATION/SNANA_kcor/kcor_CSPDR3.input	Pantheon+_Data/2_CALIBRATION/SNANA_kcor/kcor_CSPDR3_v6_1.fits	53c8a34af63d0d34fb513767abb2fdd852c26bff	1	CSP	CSP-H	BD17	COUNT	$SNDATA_ROOT/filters/CSP/CSP_TAMU_20180316	H_SWO_TAM_scan_atm.dat	Pantheon+_Data/2_CALIBRATION/filters/CSP_TAMU_20180316/H_SWO_TAM_scan_atm.dat	80f88d19c64aa6896007664497b5696f34a37542	03c70045453ef3990d19ecf4e77298698ad26259fe556bd6a7b96f01bfb32d20	PUBLIC_KCOR_TEXT_AND_TRANSMISSION_ASSET_MAPPED	PUBLIC_KCOR_TEXT_AND_TRACKED_ASSET_METADATA	NOT_ESTABLISHED
173	2005hc	5	CSPDR3_anthony	CSP	J	10	Pantheon+_Data/2_CALIBRATION/SNANA_kcor/kcor_CSPDR3.input	Pantheon+_Data/2_CALIBRATION/SNANA_kcor/kcor_CSPDR3_v6_1.fits	53c8a34af63d0d34fb513767abb2fdd852c26bff	1	CSP	CSP-J	BD17	COUNT	$SNDATA_ROOT/filters/CSP/CSP_TAMU_20180316	Jrc1_SWO_TAM_scan_atm.dat	Pantheon+_Data/2_CALIBRATION/filters/CSP_TAMU_20180316/Jrc1_SWO_TAM_scan_atm.dat	d324d6b806211446ce1dbe3483067dfff78a2dfb	3939c6b4c446c675afb69c561f5875350bc51895e632cd7a206d29f02b5c53ab	PUBLIC_KCOR_TEXT_AND_TRANSMISSION_ASSET_MAPPED	PUBLIC_KCOR_TEXT_AND_TRACKED_ASSET_METADATA	NOT_ESTABLISHED
173	2005hc	5	CSPDR3_anthony	CSP	Y	26	Pantheon+_Data/2_CALIBRATION/SNANA_kcor/kcor_CSPDR3.input	Pantheon+_Data/2_CALIBRATION/SNANA_kcor/kcor_CSPDR3_v6_1.fits	53c8a34af63d0d34fb513767abb2fdd852c26bff	1	CSP	CSP-Y	BD17	COUNT	$SNDATA_ROOT/filters/CSP/CSP_TAMU_20180316	Y_SWO_TAM_scan_atm.dat	Pantheon+_Data/2_CALIBRATION/filters/CSP_TAMU_20180316/Y_SWO_TAM_scan_atm.dat	02e4c0d6dea47ab2bdc195a3aedb5c4d81980939	caa1c6aa2696af7b3567e68101194bf35e08d856b1ec57f58cabce67a91547b4	PUBLIC_KCOR_TEXT_AND_TRANSMISSION_ASSET_MAPPED	PUBLIC_KCOR_TEXT_AND_TRACKED_ASSET_METADATA	NOT_ESTABLISHED
173	2005hc	5	CSPDR3_anthony	CSP	g	23	Pantheon+_Data/2_CALIBRATION/SNANA_kcor/kcor_CSPDR3.input	Pantheon+_Data/2_CALIBRATION/SNANA_kcor/kcor_CSPDR3_v6_1.fits	53c8a34af63d0d34fb513767abb2fdd852c26bff	1	CSP	CSP-g	BD17	COUNT	$SNDATA_ROOT/filters/CSP/CSP_TAMU_20180316	g_tel_ccd_atm_ext_1.2.dat	Pantheon+_Data/2_CALIBRATION/filters/CSP_TAMU_20180316/g_tel_ccd_atm_ext_1.2.dat	d7f525225664050f595970d51755d597899f9d38	e2fb29cced302fb7e19b96f780ea9752835967a9208e5441e3936318e31645d5	PUBLIC_KCOR_TEXT_AND_TRANSMISSION_ASSET_MAPPED	PUBLIC_KCOR_TEXT_AND_TRACKED_ASSET_METADATA	NOT_ESTABLISHED
173	2005hc	5	CSPDR3_anthony	CSP	i	22	Pantheon+_Data/2_CALIBRATION/SNANA_kcor/kcor_CSPDR3.input	Pantheon+_Data/2_CALIBRATION/SNANA_kcor/kcor_CSPDR3_v6_1.fits	53c8a34af63d0d34fb513767abb2fdd852c26bff	1	CSP	CSP-i	BD17	COUNT	$SNDATA_ROOT/filters/CSP/CSP_TAMU_20180316	i_tel_ccd_atm_ext_1.2.dat	Pantheon+_Data/2_CALIBRATION/filters/CSP_TAMU_20180316/i_tel_ccd_atm_ext_1.2.dat	510329b2cae3a935c3dee7e5c34ef62a5d82f1ea	abdd2b0657023e0b1fc3828dbdda1ed4d0ab6ecaaa6428686d415f875876b01c	PUBLIC_KCOR_TEXT_AND_TRANSMISSION_ASSET_MAPPED	PUBLIC_KCOR_TEXT_AND_TRACKED_ASSET_METADATA	NOT_ESTABLISHED
173	2005hc	5	CSPDR3_anthony	CSP	m	23	Pantheon+_Data/2_CALIBRATION/SNANA_kcor/kcor_CSPDR3.input	Pantheon+_Data/2_CALIBRATION/SNANA_kcor/kcor_CSPDR3_v6_1.fits	53c8a34af63d0d34fb513767abb2fdd852c26bff	1	CSP	CSP-m	BD17	COUNT	$SNDATA_ROOT/filters/CSP/CSP_TAMU_20180316	V_LC3014_tel_ccd_atm_ext_1.2.dat	Pantheon+_Data/2_CALIBRATION/filters/CSP_TAMU_20180316/V_LC3014_tel_ccd_atm_ext_1.2.dat	42c7a88eb4c31528bf4ab37d0179893cf8323699	3ed876b1257d9b7f237780fb01fb543c8f5ea17eb33a1a960279d31fca4e2ecb	PUBLIC_KCOR_TEXT_AND_TRANSMISSION_ASSET_MAPPED	PUBLIC_KCOR_TEXT_AND_TRACKED_ASSET_METADATA	NOT_ESTABLISHED
173	2005hc	5	CSPDR3_anthony	CSP	r	23	Pantheon+_Data/2_CALIBRATION/SNANA_kcor/kcor_CSPDR3.input	Pantheon+_Data/2_CALIBRATION/SNANA_kcor/kcor_CSPDR3_v6_1.fits	53c8a34af63d0d34fb513767abb2fdd852c26bff	1	CSP	CSP-r	BD17	COUNT	$SNDATA_ROOT/filters/CSP/CSP_TAMU_20180316	r_tel_ccd_atm_ext_1.2.dat	Pantheon+_Data/2_CALIBRATION/filters/CSP_TAMU_20180316/r_tel_ccd_atm_ext_1.2.dat	6ca739a4a935e052ce6ae4a96663feeac8250a26	cead2f587b2ff14c0fcd31175ec6b73a477d2ff9767821a02d649167139ae1fd	PUBLIC_KCOR_TEXT_AND_TRANSMISSION_ASSET_MAPPED	PUBLIC_KCOR_TEXT_AND_TRACKED_ASSET_METADATA	NOT_ESTABLISHED
173	2005hc	5	CSPDR3_anthony	CSP	u	10	Pantheon+_Data/2_CALIBRATION/SNANA_kcor/kcor_CSPDR3.input	Pantheon+_Data/2_CALIBRATION/SNANA_kcor/kcor_CSPDR3_v6_1.fits	53c8a34af63d0d34fb513767abb2fdd852c26bff	1	CSP	CSP-u	BD17	COUNT	$SNDATA_ROOT/filters/CSP/CSP_TAMU_20180316	u_tel_ccd_atm_ext_1.2.dat	Pantheon+_Data/2_CALIBRATION/filters/CSP_TAMU_20180316/u_tel_ccd_atm_ext_1.2.dat	9f04c0c265228b8285f1af1686dd77096f2059f0	715cfb4eea7a74abbf7d6365f29a551a0ca9a16dd21d8f32af904d4b580f8790	PUBLIC_KCOR_TEXT_AND_TRANSMISSION_ASSET_MAPPED	PUBLIC_KCOR_TEXT_AND_TRACKED_ASSET_METADATA	NOT_ESTABLISHED
177	2008cf	5	CSPDR3_anthony	CSP	B	13	Pantheon+_Data/2_CALIBRATION/SNANA_kcor/kcor_CSPDR3.input	Pantheon+_Data/2_CALIBRATION/SNANA_kcor/kcor_CSPDR3_v6_1.fits	53c8a34af63d0d34fb513767abb2fdd852c26bff	1	CSP	CSP-B	BD17	COUNT	$SNDATA_ROOT/filters/CSP/CSP_TAMU_20180316	B_tel_ccd_atm_ext_1.2.dat	Pantheon+_Data/2_CALIBRATION/filters/CSP_TAMU_20180316/B_tel_ccd_atm_ext_1.2.dat	ed16304ca664fa79abd264a9a8df8794eedb9bb5	df6b951c5ed536c3afb7978185e2b84d68122c4a404efe1df842f3da0e1bef7c	PUBLIC_KCOR_TEXT_AND_TRANSMISSION_ASSET_MAPPED	PUBLIC_KCOR_TEXT_AND_TRACKED_ASSET_METADATA	NOT_ESTABLISHED
177	2008cf	5	CSPDR3_anthony	CSP	H	10	Pantheon+_Data/2_CALIBRATION/SNANA_kcor/kcor_CSPDR3.input	Pantheon+_Data/2_CALIBRATION/SNANA_kcor/kcor_CSPDR3_v6_1.fits	53c8a34af63d0d34fb513767abb2fdd852c26bff	1	CSP	CSP-H	BD17	COUNT	$SNDATA_ROOT/filters/CSP/CSP_TAMU_20180316	H_SWO_TAM_scan_atm.dat	Pantheon+_Data/2_CALIBRATION/filters/CSP_TAMU_20180316/H_SWO_TAM_scan_atm.dat	80f88d19c64aa6896007664497b5696f34a37542	03c70045453ef3990d19ecf4e77298698ad26259fe556bd6a7b96f01bfb32d20	PUBLIC_KCOR_TEXT_AND_TRANSMISSION_ASSET_MAPPED	PUBLIC_KCOR_TEXT_AND_TRACKED_ASSET_METADATA	NOT_ESTABLISHED
177	2008cf	5	CSPDR3_anthony	CSP	J	1	Pantheon+_Data/2_CALIBRATION/SNANA_kcor/kcor_CSPDR3.input	Pantheon+_Data/2_CALIBRATION/SNANA_kcor/kcor_CSPDR3_v6_1.fits	53c8a34af63d0d34fb513767abb2fdd852c26bff	1	CSP	CSP-J	BD17	COUNT	$SNDATA_ROOT/filters/CSP/CSP_TAMU_20180316	Jrc1_SWO_TAM_scan_atm.dat	Pantheon+_Data/2_CALIBRATION/filters/CSP_TAMU_20180316/Jrc1_SWO_TAM_scan_atm.dat	d324d6b806211446ce1dbe3483067dfff78a2dfb	3939c6b4c446c675afb69c561f5875350bc51895e632cd7a206d29f02b5c53ab	PUBLIC_KCOR_TEXT_AND_TRANSMISSION_ASSET_MAPPED	PUBLIC_KCOR_TEXT_AND_TRACKED_ASSET_METADATA	NOT_ESTABLISHED
177	2008cf	5	CSPDR3_anthony	CSP	Y	9	Pantheon+_Data/2_CALIBRATION/SNANA_kcor/kcor_CSPDR3.input	Pantheon+_Data/2_CALIBRATION/SNANA_kcor/kcor_CSPDR3_v6_1.fits	53c8a34af63d0d34fb513767abb2fdd852c26bff	1	CSP	CSP-Y	BD17	COUNT	$SNDATA_ROOT/filters/CSP/CSP_TAMU_20180316	Y_SWO_TAM_scan_atm.dat	Pantheon+_Data/2_CALIBRATION/filters/CSP_TAMU_20180316/Y_SWO_TAM_scan_atm.dat	02e4c0d6dea47ab2bdc195a3aedb5c4d81980939	caa1c6aa2696af7b3567e68101194bf35e08d856b1ec57f58cabce67a91547b4	PUBLIC_KCOR_TEXT_AND_TRANSMISSION_ASSET_MAPPED	PUBLIC_KCOR_TEXT_AND_TRACKED_ASSET_METADATA	NOT_ESTABLISHED
177	2008cf	5	CSPDR3_anthony	CSP	g	13	Pantheon+_Data/2_CALIBRATION/SNANA_kcor/kcor_CSPDR3.input	Pantheon+_Data/2_CALIBRATION/SNANA_kcor/kcor_CSPDR3_v6_1.fits	53c8a34af63d0d34fb513767abb2fdd852c26bff	1	CSP	CSP-g	BD17	COUNT	$SNDATA_ROOT/filters/CSP/CSP_TAMU_20180316	g_tel_ccd_atm_ext_1.2.dat	Pantheon+_Data/2_CALIBRATION/filters/CSP_TAMU_20180316/g_tel_ccd_atm_ext_1.2.dat	d7f525225664050f595970d51755d597899f9d38	e2fb29cced302fb7e19b96f780ea9752835967a9208e5441e3936318e31645d5	PUBLIC_KCOR_TEXT_AND_TRANSMISSION_ASSET_MAPPED	PUBLIC_KCOR_TEXT_AND_TRACKED_ASSET_METADATA	NOT_ESTABLISHED
177	2008cf	5	CSPDR3_anthony	CSP	i	13	Pantheon+_Data/2_CALIBRATION/SNANA_kcor/kcor_CSPDR3.input	Pantheon+_Data/2_CALIBRATION/SNANA_kcor/kcor_CSPDR3_v6_1.fits	53c8a34af63d0d34fb513767abb2fdd852c26bff	1	CSP	CSP-i	BD17	COUNT	$SNDATA_ROOT/filters/CSP/CSP_TAMU_20180316	i_tel_ccd_atm_ext_1.2.dat	Pantheon+_Data/2_CALIBRATION/filters/CSP_TAMU_20180316/i_tel_ccd_atm_ext_1.2.dat	510329b2cae3a935c3dee7e5c34ef62a5d82f1ea	abdd2b0657023e0b1fc3828dbdda1ed4d0ab6ecaaa6428686d415f875876b01c	PUBLIC_KCOR_TEXT_AND_TRANSMISSION_ASSET_MAPPED	PUBLIC_KCOR_TEXT_AND_TRACKED_ASSET_METADATA	NOT_ESTABLISHED
177	2008cf	5	CSPDR3_anthony	CSP	n	13	Pantheon+_Data/2_CALIBRATION/SNANA_kcor/kcor_CSPDR3.input	Pantheon+_Data/2_CALIBRATION/SNANA_kcor/kcor_CSPDR3_v6_1.fits	53c8a34af63d0d34fb513767abb2fdd852c26bff	1	CSP	CSP-n	BD17	COUNT	$SNDATA_ROOT/filters/CSP/CSP_TAMU_20180316	V_LC9844_tel_ccd_atm_ext_1.2.dat	Pantheon+_Data/2_CALIBRATION/filters/CSP_TAMU_20180316/V_LC9844_tel_ccd_atm_ext_1.2.dat	6541ce8a5f2c14e332f95cba469435f1c8a8fd3c	a26438b594e812b365d2c5b55035ff60cadbe2db4021b3ff9a61cf4c9bf3fe49	PUBLIC_KCOR_TEXT_AND_TRANSMISSION_ASSET_MAPPED	PUBLIC_KCOR_TEXT_AND_TRACKED_ASSET_METADATA	NOT_ESTABLISHED
177	2008cf	5	CSPDR3_anthony	CSP	r	13	Pantheon+_Data/2_CALIBRATION/SNANA_kcor/kcor_CSPDR3.input	Pantheon+_Data/2_CALIBRATION/SNANA_kcor/kcor_CSPDR3_v6_1.fits	53c8a34af63d0d34fb513767abb2fdd852c26bff	1	CSP	CSP-r	BD17	COUNT	$SNDATA_ROOT/filters/CSP/CSP_TAMU_20180316	r_tel_ccd_atm_ext_1.2.dat	Pantheon+_Data/2_CALIBRATION/filters/CSP_TAMU_20180316/r_tel_ccd_atm_ext_1.2.dat	6ca739a4a935e052ce6ae4a96663feeac8250a26	cead2f587b2ff14c0fcd31175ec6b73a477d2ff9767821a02d649167139ae1fd	PUBLIC_KCOR_TEXT_AND_TRANSMISSION_ASSET_MAPPED	PUBLIC_KCOR_TEXT_AND_TRACKED_ASSET_METADATA	NOT_ESTABLISHED
177	2008cf	5	CSPDR3_anthony	CSP	u	6	Pantheon+_Data/2_CALIBRATION/SNANA_kcor/kcor_CSPDR3.input	Pantheon+_Data/2_CALIBRATION/SNANA_kcor/kcor_CSPDR3_v6_1.fits	53c8a34af63d0d34fb513767abb2fdd852c26bff	1	CSP	CSP-u	BD17	COUNT	$SNDATA_ROOT/filters/CSP/CSP_TAMU_20180316	u_tel_ccd_atm_ext_1.2.dat	Pantheon+_Data/2_CALIBRATION/filters/CSP_TAMU_20180316/u_tel_ccd_atm_ext_1.2.dat	9f04c0c265228b8285f1af1686dd77096f2059f0	715cfb4eea7a74abbf7d6365f29a551a0ca9a16dd21d8f32af904d4b580f8790	PUBLIC_KCOR_TEXT_AND_TRANSMISSION_ASSET_MAPPED	PUBLIC_KCOR_TEXT_AND_TRACKED_ASSET_METADATA	NOT_ESTABLISHED
177	2008cf	5	CSPDR3_anthony	CSP	y	5	Pantheon+_Data/2_CALIBRATION/SNANA_kcor/kcor_CSPDR3.input	Pantheon+_Data/2_CALIBRATION/SNANA_kcor/kcor_CSPDR3_v6_1.fits	53c8a34af63d0d34fb513767abb2fdd852c26bff	1	CSP	CSP-y	BD17	COUNT	$SNDATA_ROOT/filters/CSP/CSP_TAMU_20180316	Y_DUP_TAM_scan_atm.dat	Pantheon+_Data/2_CALIBRATION/filters/CSP_TAMU_20180316/Y_DUP_TAM_scan_atm.dat	7261bed97f866ab6093ba12d1069faf05c5d6d6e	478e4ebb2ef4eb838b2d872ddc72c16d66aab72a6ffb040a68775fab50ff3af6	PUBLIC_KCOR_TEXT_AND_TRANSMISSION_ASSET_MAPPED	PUBLIC_KCOR_TEXT_AND_TRACKED_ASSET_METADATA	NOT_ESTABLISHED
178	2008cf	65	PS1_LOWZ_COMBINED_TEXT_DS17	PS1_LOWZ_COMBINED(CFA4p1)	l	7	Pantheon+_Data/2_CALIBRATION/SNANA_kcor/kcor_PS1_CFA_COMBINED.input	Pantheon+_Data/2_CALIBRATION/SNANA_kcor/kcor_PS1_CFA_COMBINED_v6_1.fits	a5403c58bf24ff2a7e6f5d7de96572784ed788d8	1	CFA4p1	CFA41-B/l	BD17	COUNT	PS1/Pantheon/PS1_CFA4	cfa4_B_p1+modtran.dat	Pantheon+_Data/2_CALIBRATION/filters/PS1_CFA4/cfa4_B_p1+modtran.dat	d44226cb58b4489d6399e97ce7a3935de74fa63c	cca7349553217ed6420d7c28cc644fa45d381992215ec8625505746ee9fa446c	PUBLIC_KCOR_TEXT_AND_TRANSMISSION_ASSET_MAPPED	PUBLIC_KCOR_TEXT_AND_TRACKED_ASSET_METADATA	NOT_ESTABLISHED
178	2008cf	65	PS1_LOWZ_COMBINED_TEXT_DS17	PS1_LOWZ_COMBINED(CFA4p1)	m	8	Pantheon+_Data/2_CALIBRATION/SNANA_kcor/kcor_PS1_CFA_COMBINED.input	Pantheon+_Data/2_CALIBRATION/SNANA_kcor/kcor_PS1_CFA_COMBINED_v6_1.fits	a5403c58bf24ff2a7e6f5d7de96572784ed788d8	1	CFA4p1	CFA41-V/m	BD17	COUNT	PS1/Pantheon/PS1_CFA4	cfa4_V_p1+modtran.dat	Pantheon+_Data/2_CALIBRATION/filters/PS1_CFA4/cfa4_V_p1+modtran.dat	9f4cc89d6fc142d476d9882a445f476715d9616f	351378bba990897cbccaeb80620764b6c8128a39253afc06a944139815b06a4b	PUBLIC_KCOR_TEXT_AND_TRANSMISSION_ASSET_MAPPED	PUBLIC_KCOR_TEXT_AND_TRACKED_ASSET_METADATA	NOT_ESTABLISHED
178	2008cf	65	PS1_LOWZ_COMBINED_TEXT_DS17	PS1_LOWZ_COMBINED(CFA4p1)	n	8	Pantheon+_Data/2_CALIBRATION/SNANA_kcor/kcor_PS1_CFA_COMBINED.input	Pantheon+_Data/2_CALIBRATION/SNANA_kcor/kcor_PS1_CFA_COMBINED_v6_1.fits	a5403c58bf24ff2a7e6f5d7de96572784ed788d8	1	CFA4p1	CFA41-r/n	BD17	COUNT	PS1/Pantheon/PS1_CFA4	cfa4_r_p1+modtran.dat	Pantheon+_Data/2_CALIBRATION/filters/PS1_CFA4/cfa4_r_p1+modtran.dat	fd1ce7f294d15e085dfa3df747c1c2cdf4088629	741377de882b5c205f994c1b9416c9ea5fa4432bc2d7d88dd50cf5dbbe866c99	PUBLIC_KCOR_TEXT_AND_TRANSMISSION_ASSET_MAPPED	PUBLIC_KCOR_TEXT_AND_TRACKED_ASSET_METADATA	NOT_ESTABLISHED
178	2008cf	65	PS1_LOWZ_COMBINED_TEXT_DS17	PS1_LOWZ_COMBINED(CFA4p1)	o	8	Pantheon+_Data/2_CALIBRATION/SNANA_kcor/kcor_PS1_CFA_COMBINED.input	Pantheon+_Data/2_CALIBRATION/SNANA_kcor/kcor_PS1_CFA_COMBINED_v6_1.fits	a5403c58bf24ff2a7e6f5d7de96572784ed788d8	1	CFA4p1	CFA41-i/o	BD17	COUNT	PS1/Pantheon/PS1_CFA4	cfa4_i_p1+modtran.dat	Pantheon+_Data/2_CALIBRATION/filters/PS1_CFA4/cfa4_i_p1+modtran.dat	d92f2ebce3a1091a4f135a5974d5339b76db2b3f	796074a658a6f17d58fd4108d84c6fc65caade1c05e578b0530fe4acbdd14f9c	PUBLIC_KCOR_TEXT_AND_TRANSMISSION_ASSET_MAPPED	PUBLIC_KCOR_TEXT_AND_TRACKED_ASSET_METADATA	NOT_ESTABLISHED
204	2008bz	5	CSPDR3_anthony	CSP	B	12	Pantheon+_Data/2_CALIBRATION/SNANA_kcor/kcor_CSPDR3.input	Pantheon+_Data/2_CALIBRATION/SNANA_kcor/kcor_CSPDR3_v6_1.fits	53c8a34af63d0d34fb513767abb2fdd852c26bff	1	CSP	CSP-B	BD17	COUNT	$SNDATA_ROOT/filters/CSP/CSP_TAMU_20180316	B_tel_ccd_atm_ext_1.2.dat	Pantheon+_Data/2_CALIBRATION/filters/CSP_TAMU_20180316/B_tel_ccd_atm_ext_1.2.dat	ed16304ca664fa79abd264a9a8df8794eedb9bb5	df6b951c5ed536c3afb7978185e2b84d68122c4a404efe1df842f3da0e1bef7c	PUBLIC_KCOR_TEXT_AND_TRANSMISSION_ASSET_MAPPED	PUBLIC_KCOR_TEXT_AND_TRACKED_ASSET_METADATA	NOT_ESTABLISHED
204	2008bz	5	CSPDR3_anthony	CSP	g	14	Pantheon+_Data/2_CALIBRATION/SNANA_kcor/kcor_CSPDR3.input	Pantheon+_Data/2_CALIBRATION/SNANA_kcor/kcor_CSPDR3_v6_1.fits	53c8a34af63d0d34fb513767abb2fdd852c26bff	1	CSP	CSP-g	BD17	COUNT	$SNDATA_ROOT/filters/CSP/CSP_TAMU_20180316	g_tel_ccd_atm_ext_1.2.dat	Pantheon+_Data/2_CALIBRATION/filters/CSP_TAMU_20180316/g_tel_ccd_atm_ext_1.2.dat	d7f525225664050f595970d51755d597899f9d38	e2fb29cced302fb7e19b96f780ea9752835967a9208e5441e3936318e31645d5	PUBLIC_KCOR_TEXT_AND_TRANSMISSION_ASSET_MAPPED	PUBLIC_KCOR_TEXT_AND_TRACKED_ASSET_METADATA	NOT_ESTABLISHED
204	2008bz	5	CSPDR3_anthony	CSP	i	12	Pantheon+_Data/2_CALIBRATION/SNANA_kcor/kcor_CSPDR3.input	Pantheon+_Data/2_CALIBRATION/SNANA_kcor/kcor_CSPDR3_v6_1.fits	53c8a34af63d0d34fb513767abb2fdd852c26bff	1	CSP	CSP-i	BD17	COUNT	$SNDATA_ROOT/filters/CSP/CSP_TAMU_20180316	i_tel_ccd_atm_ext_1.2.dat	Pantheon+_Data/2_CALIBRATION/filters/CSP_TAMU_20180316/i_tel_ccd_atm_ext_1.2.dat	510329b2cae3a935c3dee7e5c34ef62a5d82f1ea	abdd2b0657023e0b1fc3828dbdda1ed4d0ab6ecaaa6428686d415f875876b01c	PUBLIC_KCOR_TEXT_AND_TRANSMISSION_ASSET_MAPPED	PUBLIC_KCOR_TEXT_AND_TRACKED_ASSET_METADATA	NOT_ESTABLISHED
204	2008bz	5	CSPDR3_anthony	CSP	n	11	Pantheon+_Data/2_CALIBRATION/SNANA_kcor/kcor_CSPDR3.input	Pantheon+_Data/2_CALIBRATION/SNANA_kcor/kcor_CSPDR3_v6_1.fits	53c8a34af63d0d34fb513767abb2fdd852c26bff	1	CSP	CSP-n	BD17	COUNT	$SNDATA_ROOT/filters/CSP/CSP_TAMU_20180316	V_LC9844_tel_ccd_atm_ext_1.2.dat	Pantheon+_Data/2_CALIBRATION/filters/CSP_TAMU_20180316/V_LC9844_tel_ccd_atm_ext_1.2.dat	6541ce8a5f2c14e332f95cba469435f1c8a8fd3c	a26438b594e812b365d2c5b55035ff60cadbe2db4021b3ff9a61cf4c9bf3fe49	PUBLIC_KCOR_TEXT_AND_TRANSMISSION_ASSET_MAPPED	PUBLIC_KCOR_TEXT_AND_TRACKED_ASSET_METADATA	NOT_ESTABLISHED
204	2008bz	5	CSPDR3_anthony	CSP	r	14	Pantheon+_Data/2_CALIBRATION/SNANA_kcor/kcor_CSPDR3.input	Pantheon+_Data/2_CALIBRATION/SNANA_kcor/kcor_CSPDR3_v6_1.fits	53c8a34af63d0d34fb513767abb2fdd852c26bff	1	CSP	CSP-r	BD17	COUNT	$SNDATA_ROOT/filters/CSP/CSP_TAMU_20180316	r_tel_ccd_atm_ext_1.2.dat	Pantheon+_Data/2_CALIBRATION/filters/CSP_TAMU_20180316/r_tel_ccd_atm_ext_1.2.dat	6ca739a4a935e052ce6ae4a96663feeac8250a26	cead2f587b2ff14c0fcd31175ec6b73a477d2ff9767821a02d649167139ae1fd	PUBLIC_KCOR_TEXT_AND_TRANSMISSION_ASSET_MAPPED	PUBLIC_KCOR_TEXT_AND_TRACKED_ASSET_METADATA	NOT_ESTABLISHED
204	2008bz	5	CSPDR3_anthony	CSP	u	7	Pantheon+_Data/2_CALIBRATION/SNANA_kcor/kcor_CSPDR3.input	Pantheon+_Data/2_CALIBRATION/SNANA_kcor/kcor_CSPDR3_v6_1.fits	53c8a34af63d0d34fb513767abb2fdd852c26bff	1	CSP	CSP-u	BD17	COUNT	$SNDATA_ROOT/filters/CSP/CSP_TAMU_20180316	u_tel_ccd_atm_ext_1.2.dat	Pantheon+_Data/2_CALIBRATION/filters/CSP_TAMU_20180316/u_tel_ccd_atm_ext_1.2.dat	9f04c0c265228b8285f1af1686dd77096f2059f0	715cfb4eea7a74abbf7d6365f29a551a0ca9a16dd21d8f32af904d4b580f8790	PUBLIC_KCOR_TEXT_AND_TRANSMISSION_ASSET_MAPPED	PUBLIC_KCOR_TEXT_AND_TRACKED_ASSET_METADATA	NOT_ESTABLISHED
205	2008bz	65	PS1_LOWZ_COMBINED_TEXT_DS17	PS1_LOWZ_COMBINED(CFA4p1)	l	8	Pantheon+_Data/2_CALIBRATION/SNANA_kcor/kcor_PS1_CFA_COMBINED.input	Pantheon+_Data/2_CALIBRATION/SNANA_kcor/kcor_PS1_CFA_COMBINED_v6_1.fits	a5403c58bf24ff2a7e6f5d7de96572784ed788d8	1	CFA4p1	CFA41-B/l	BD17	COUNT	PS1/Pantheon/PS1_CFA4	cfa4_B_p1+modtran.dat	Pantheon+_Data/2_CALIBRATION/filters/PS1_CFA4/cfa4_B_p1+modtran.dat	d44226cb58b4489d6399e97ce7a3935de74fa63c	cca7349553217ed6420d7c28cc644fa45d381992215ec8625505746ee9fa446c	PUBLIC_KCOR_TEXT_AND_TRANSMISSION_ASSET_MAPPED	PUBLIC_KCOR_TEXT_AND_TRACKED_ASSET_METADATA	NOT_ESTABLISHED
205	2008bz	65	PS1_LOWZ_COMBINED_TEXT_DS17	PS1_LOWZ_COMBINED(CFA4p1)	m	11	Pantheon+_Data/2_CALIBRATION/SNANA_kcor/kcor_PS1_CFA_COMBINED.input	Pantheon+_Data/2_CALIBRATION/SNANA_kcor/kcor_PS1_CFA_COMBINED_v6_1.fits	a5403c58bf24ff2a7e6f5d7de96572784ed788d8	1	CFA4p1	CFA41-V/m	BD17	COUNT	PS1/Pantheon/PS1_CFA4	cfa4_V_p1+modtran.dat	Pantheon+_Data/2_CALIBRATION/filters/PS1_CFA4/cfa4_V_p1+modtran.dat	9f4cc89d6fc142d476d9882a445f476715d9616f	351378bba990897cbccaeb80620764b6c8128a39253afc06a944139815b06a4b	PUBLIC_KCOR_TEXT_AND_TRANSMISSION_ASSET_MAPPED	PUBLIC_KCOR_TEXT_AND_TRACKED_ASSET_METADATA	NOT_ESTABLISHED
205	2008bz	65	PS1_LOWZ_COMBINED_TEXT_DS17	PS1_LOWZ_COMBINED(CFA4p1)	n	12	Pantheon+_Data/2_CALIBRATION/SNANA_kcor/kcor_PS1_CFA_COMBINED.input	Pantheon+_Data/2_CALIBRATION/SNANA_kcor/kcor_PS1_CFA_COMBINED_v6_1.fits	a5403c58bf24ff2a7e6f5d7de96572784ed788d8	1	CFA4p1	CFA41-r/n	BD17	COUNT	PS1/Pantheon/PS1_CFA4	cfa4_r_p1+modtran.dat	Pantheon+_Data/2_CALIBRATION/filters/PS1_CFA4/cfa4_r_p1+modtran.dat	fd1ce7f294d15e085dfa3df747c1c2cdf4088629	741377de882b5c205f994c1b9416c9ea5fa4432bc2d7d88dd50cf5dbbe866c99	PUBLIC_KCOR_TEXT_AND_TRANSMISSION_ASSET_MAPPED	PUBLIC_KCOR_TEXT_AND_TRACKED_ASSET_METADATA	NOT_ESTABLISHED
205	2008bz	65	PS1_LOWZ_COMBINED_TEXT_DS17	PS1_LOWZ_COMBINED(CFA4p1)	o	12	Pantheon+_Data/2_CALIBRATION/SNANA_kcor/kcor_PS1_CFA_COMBINED.input	Pantheon+_Data/2_CALIBRATION/SNANA_kcor/kcor_PS1_CFA_COMBINED_v6_1.fits	a5403c58bf24ff2a7e6f5d7de96572784ed788d8	1	CFA4p1	CFA41-i/o	BD17	COUNT	PS1/Pantheon/PS1_CFA4	cfa4_i_p1+modtran.dat	Pantheon+_Data/2_CALIBRATION/filters/PS1_CFA4/cfa4_i_p1+modtran.dat	d92f2ebce3a1091a4f135a5974d5339b76db2b3f	796074a658a6f17d58fd4108d84c6fc65caade1c05e578b0530fe4acbdd14f9c	PUBLIC_KCOR_TEXT_AND_TRANSMISSION_ASSET_MAPPED	PUBLIC_KCOR_TEXT_AND_TRACKED_ASSET_METADATA	NOT_ESTABLISHED
213	2008Y	51	LOSS	KAIT	E	1	Pantheon+_Data/2_CALIBRATION/SNANA_kcor/kcor_KAIT_Stahl.input	Pantheon+_Data/2_CALIBRATION/SNANA_kcor/kcor_KAIT_Stahl_v6_1.fits	b959bba0fec3bf8811ecc6c8535880180734fa6c	1	KAIT	KAIT4-E	BD17	COUNT	$PS1_USERS/dscolnic/Excalibur_dillon/filters/KAIT_2018	B_kait4.txt	Pantheon+_Data/2_CALIBRATION/filters/KAIT_2018/B_kait4.txt	11dc6ff83540087cfc38161bb88566880bc412f7	549e056bc705797206c903422a34de5f089848074dc285326fc9bb39a7ba148e	PUBLIC_KCOR_TEXT_AND_TRANSMISSION_ASSET_MAPPED	PUBLIC_KCOR_TEXT_AND_TRACKED_ASSET_METADATA	NOT_ESTABLISHED
213	2008Y	51	LOSS	KAIT	F	1	Pantheon+_Data/2_CALIBRATION/SNANA_kcor/kcor_KAIT_Stahl.input	Pantheon+_Data/2_CALIBRATION/SNANA_kcor/kcor_KAIT_Stahl_v6_1.fits	b959bba0fec3bf8811ecc6c8535880180734fa6c	1	KAIT	KAIT4-F	BD17	COUNT	$PS1_USERS/dscolnic/Excalibur_dillon/filters/KAIT_2018	V_kait4.txt	Pantheon+_Data/2_CALIBRATION/filters/KAIT_2018/V_kait4.txt	5fc9f5caf51d26764a56ab880ee09795e271b1d9	e3a6c81d258ebd8682bd836890986a48e483f802098c107d0a3ed7acbd846419	PUBLIC_KCOR_TEXT_AND_TRANSMISSION_ASSET_MAPPED	PUBLIC_KCOR_TEXT_AND_TRACKED_ASSET_METADATA	NOT_ESTABLISHED
213	2008Y	51	LOSS	KAIT	G	1	Pantheon+_Data/2_CALIBRATION/SNANA_kcor/kcor_KAIT_Stahl.input	Pantheon+_Data/2_CALIBRATION/SNANA_kcor/kcor_KAIT_Stahl_v6_1.fits	b959bba0fec3bf8811ecc6c8535880180734fa6c	1	KAIT	KAIT4-G	BD17	COUNT	$PS1_USERS/dscolnic/Excalibur_dillon/filters/KAIT_2018	R_kait4.txt	Pantheon+_Data/2_CALIBRATION/filters/KAIT_2018/R_kait4.txt	fe26ce9b9c766eae0857dddd52f74c290d36e044	8d0c25563513921c557d8cc0519b9f6eb6dab1168767b4756ed58c128acbae9b	PUBLIC_KCOR_TEXT_AND_TRANSMISSION_ASSET_MAPPED	PUBLIC_KCOR_TEXT_AND_TRACKED_ASSET_METADATA	NOT_ESTABLISHED
213	2008Y	51	LOSS	KAIT	H	1	Pantheon+_Data/2_CALIBRATION/SNANA_kcor/kcor_KAIT_Stahl.input	Pantheon+_Data/2_CALIBRATION/SNANA_kcor/kcor_KAIT_Stahl_v6_1.fits	b959bba0fec3bf8811ecc6c8535880180734fa6c	1	KAIT	KAIT4-H	BD17	COUNT	$PS1_USERS/dscolnic/Excalibur_dillon/filters/KAIT_2018	I_kait4.txt	Pantheon+_Data/2_CALIBRATION/filters/KAIT_2018/I_kait4.txt	15abcf7e5a25eff12a399998f43590a46a357138	29daef418c998fa264e2b6f4bd03dab5365f480f50a141b30849b4a6973a4be8	PUBLIC_KCOR_TEXT_AND_TRANSMISSION_ASSET_MAPPED	PUBLIC_KCOR_TEXT_AND_TRACKED_ASSET_METADATA	NOT_ESTABLISHED
213	2008Y	51	LOSS	KAIT	I	4	Pantheon+_Data/2_CALIBRATION/SNANA_kcor/kcor_KAIT_Stahl.input	Pantheon+_Data/2_CALIBRATION/SNANA_kcor/kcor_KAIT_Stahl_v6_1.fits	b959bba0fec3bf8811ecc6c8535880180734fa6c	1	KAIT	nickel1-I	BD17	COUNT	$PS1_USERS/dscolnic/Excalibur_dillon/filters/KAIT_2018	B_nickel1.txt	Pantheon+_Data/2_CALIBRATION/filters/KAIT_2018/B_nickel1.txt	2c67d9e41e826ea4bfd9b66f2f05d2b855f656f2	f365c798b5c719ed4dee3d4e3a44bd9dfc8d12a8ff1c0fa33e95c08cad94f5c7	PUBLIC_KCOR_TEXT_AND_TRANSMISSION_ASSET_MAPPED	PUBLIC_KCOR_TEXT_AND_TRACKED_ASSET_METADATA	NOT_ESTABLISHED
213	2008Y	51	LOSS	KAIT	J	5	Pantheon+_Data/2_CALIBRATION/SNANA_kcor/kcor_KAIT_Stahl.input	Pantheon+_Data/2_CALIBRATION/SNANA_kcor/kcor_KAIT_Stahl_v6_1.fits	b959bba0fec3bf8811ecc6c8535880180734fa6c	1	KAIT	nickel1-J	BD17	COUNT	$PS1_USERS/dscolnic/Excalibur_dillon/filters/KAIT_2018	V_nickel1.txt	Pantheon+_Data/2_CALIBRATION/filters/KAIT_2018/V_nickel1.txt	fdb56d8b7ec3b17e41a3ec054ce6c0d687fa7440	926c164bfd229ce88887788c129647be77f475bff340a77b673b5550f611f5e9	PUBLIC_KCOR_TEXT_AND_TRANSMISSION_ASSET_MAPPED	PUBLIC_KCOR_TEXT_AND_TRACKED_ASSET_METADATA	NOT_ESTABLISHED
213	2008Y	51	LOSS	KAIT	K	5	Pantheon+_Data/2_CALIBRATION/SNANA_kcor/kcor_KAIT_Stahl.input	Pantheon+_Data/2_CALIBRATION/SNANA_kcor/kcor_KAIT_Stahl_v6_1.fits	b959bba0fec3bf8811ecc6c8535880180734fa6c	1	KAIT	nickel1-K	BD17	COUNT	$PS1_USERS/dscolnic/Excalibur_dillon/filters/KAIT_2018	R_nickel1.txt	Pantheon+_Data/2_CALIBRATION/filters/KAIT_2018/R_nickel1.txt	af7b347fb460f0943c0c8ce159e5271061a22c5d	2a1e23e610f27ef9f4abc4301d1cfc9ad793a4e7ecc967667ea80603b0742dc1	PUBLIC_KCOR_TEXT_AND_TRANSMISSION_ASSET_MAPPED	PUBLIC_KCOR_TEXT_AND_TRACKED_ASSET_METADATA	NOT_ESTABLISHED
213	2008Y	51	LOSS	KAIT	L	4	Pantheon+_Data/2_CALIBRATION/SNANA_kcor/kcor_KAIT_Stahl.input	Pantheon+_Data/2_CALIBRATION/SNANA_kcor/kcor_KAIT_Stahl_v6_1.fits	b959bba0fec3bf8811ecc6c8535880180734fa6c	1	KAIT	nickel1-L	BD17	COUNT	$PS1_USERS/dscolnic/Excalibur_dillon/filters/KAIT_2018	I_nickel1.txt	Pantheon+_Data/2_CALIBRATION/filters/KAIT_2018/I_nickel1.txt	d0b1006f2472fbb5b1048cdc29feec28062e2667	126bb7cbd41ec506d477630b20cad6ec26ff59f6e583c2f54cb32f13133d8469	PUBLIC_KCOR_TEXT_AND_TRANSMISSION_ASSET_MAPPED	PUBLIC_KCOR_TEXT_AND_TRACKED_ASSET_METADATA	NOT_ESTABLISHED
214	2008Y	65	PS1_LOWZ_COMBINED_TEXT_DS17	PS1_LOWZ_COMBINED(CFA4p1)	l	14	Pantheon+_Data/2_CALIBRATION/SNANA_kcor/kcor_PS1_CFA_COMBINED.input	Pantheon+_Data/2_CALIBRATION/SNANA_kcor/kcor_PS1_CFA_COMBINED_v6_1.fits	a5403c58bf24ff2a7e6f5d7de96572784ed788d8	1	CFA4p1	CFA41-B/l	BD17	COUNT	PS1/Pantheon/PS1_CFA4	cfa4_B_p1+modtran.dat	Pantheon+_Data/2_CALIBRATION/filters/PS1_CFA4/cfa4_B_p1+modtran.dat	d44226cb58b4489d6399e97ce7a3935de74fa63c	cca7349553217ed6420d7c28cc644fa45d381992215ec8625505746ee9fa446c	PUBLIC_KCOR_TEXT_AND_TRANSMISSION_ASSET_MAPPED	PUBLIC_KCOR_TEXT_AND_TRACKED_ASSET_METADATA	NOT_ESTABLISHED
214	2008Y	65	PS1_LOWZ_COMBINED_TEXT_DS17	PS1_LOWZ_COMBINED(CFA4p1)	m	17	Pantheon+_Data/2_CALIBRATION/SNANA_kcor/kcor_PS1_CFA_COMBINED.input	Pantheon+_Data/2_CALIBRATION/SNANA_kcor/kcor_PS1_CFA_COMBINED_v6_1.fits	a5403c58bf24ff2a7e6f5d7de96572784ed788d8	1	CFA4p1	CFA41-V/m	BD17	COUNT	PS1/Pantheon/PS1_CFA4	cfa4_V_p1+modtran.dat	Pantheon+_Data/2_CALIBRATION/filters/PS1_CFA4/cfa4_V_p1+modtran.dat	9f4cc89d6fc142d476d9882a445f476715d9616f	351378bba990897cbccaeb80620764b6c8128a39253afc06a944139815b06a4b	PUBLIC_KCOR_TEXT_AND_TRANSMISSION_ASSET_MAPPED	PUBLIC_KCOR_TEXT_AND_TRACKED_ASSET_METADATA	NOT_ESTABLISHED
214	2008Y	65	PS1_LOWZ_COMBINED_TEXT_DS17	PS1_LOWZ_COMBINED(CFA4p1)	n	17	Pantheon+_Data/2_CALIBRATION/SNANA_kcor/kcor_PS1_CFA_COMBINED.input	Pantheon+_Data/2_CALIBRATION/SNANA_kcor/kcor_PS1_CFA_COMBINED_v6_1.fits	a5403c58bf24ff2a7e6f5d7de96572784ed788d8	1	CFA4p1	CFA41-r/n	BD17	COUNT	PS1/Pantheon/PS1_CFA4	cfa4_r_p1+modtran.dat	Pantheon+_Data/2_CALIBRATION/filters/PS1_CFA4/cfa4_r_p1+modtran.dat	fd1ce7f294d15e085dfa3df747c1c2cdf4088629	741377de882b5c205f994c1b9416c9ea5fa4432bc2d7d88dd50cf5dbbe866c99	PUBLIC_KCOR_TEXT_AND_TRANSMISSION_ASSET_MAPPED	PUBLIC_KCOR_TEXT_AND_TRACKED_ASSET_METADATA	NOT_ESTABLISHED
214	2008Y	65	PS1_LOWZ_COMBINED_TEXT_DS17	PS1_LOWZ_COMBINED(CFA4p1)	o	18	Pantheon+_Data/2_CALIBRATION/SNANA_kcor/kcor_PS1_CFA_COMBINED.input	Pantheon+_Data/2_CALIBRATION/SNANA_kcor/kcor_PS1_CFA_COMBINED_v6_1.fits	a5403c58bf24ff2a7e6f5d7de96572784ed788d8	1	CFA4p1	CFA41-i/o	BD17	COUNT	PS1/Pantheon/PS1_CFA4	cfa4_i_p1+modtran.dat	Pantheon+_Data/2_CALIBRATION/filters/PS1_CFA4/cfa4_i_p1+modtran.dat	d92f2ebce3a1091a4f135a5974d5339b76db2b3f	796074a658a6f17d58fd4108d84c6fc65caade1c05e578b0530fe4acbdd14f9c	PUBLIC_KCOR_TEXT_AND_TRANSMISSION_ASSET_MAPPED	PUBLIC_KCOR_TEXT_AND_TRACKED_ASSET_METADATA	NOT_ESTABLISHED
