CID_a	CID_b	h0dn_row_a_1based	h0dn_row_b_1based	source_directory_a	source_directory_b	observation_count_a	observation_count_b	observation_pair_opportunity_count	rounding_compatible_edge_count	mutual_unique_rounding_compatible_match_count	negative_control_pair_classification
1999gp	2001eh	45	139	PS1_LOWZ_COMBINED_TEXT_DS17	KAIT_DS15	190	116	22040	0	0	CROSS_CID_ZERO
1999gp	2001eh	46	140	KAIT_DS15	CfA3_DJ20	87	93	8091	0	0	CROSS_CID_ZERO
1999gp	2003fa	45	155	PS1_LOWZ_COMBINED_TEXT_DS17	KAIT_DS15	190	150	28500	0	0	CROSS_CID_ZERO
1999gp	2003fa	46	156	KAIT_DS15	CfA3_DJ20	87	92	8004	0	0	CROSS_CID_ZERO
1999gp	2004as	45	109	PS1_LOWZ_COMBINED_TEXT_DS17	KAIT_DS15	190	91	17290	0	0	CROSS_CID_ZERO
1999gp	2004as	46	110	KAIT_DS15	CfA3_DJ20	87	51	4437	0	0	CROSS_CID_ZERO
1999gp	2004ef	45	81	PS1_LOWZ_COMBINED_TEXT_DS17	KAIT_DS15	190	97	18430	0	0	CROSS_CID_ZERO
1999gp	2004ef	45	82	PS1_LOWZ_COMBINED_TEXT_DS17	CSPDR3_anthony	190	278	52820	0	0	CROSS_CID_ZERO
1999gp	2004ef	46	82	KAIT_DS15	CSPDR3_anthony	87	278	24186	0	0	CROSS_CID_ZERO
1999gp	2004ef	46	83	KAIT_DS15	CfA3_DJ20	87	32	2784	0	0	CROSS_CID_ZERO
1999gp	2005eq	45	61	PS1_LOWZ_COMBINED_TEXT_DS17	KAIT_DS15	190	87	16530	0	0	CROSS_CID_ZERO
1999gp	2005eq	45	62	PS1_LOWZ_COMBINED_TEXT_DS17	CSPDR3_anthony	190	211	40090	0	0	CROSS_CID_ZERO
1999gp	2005eq	46	62	KAIT_DS15	CSPDR3_anthony	87	211	18357	0	0	CROSS_CID_ZERO
1999gp	2005eq	46	63	KAIT_DS15	CfA3_DJ20	87	141	12267	0	0	CROSS_CID_ZERO
1999gp	2005hc	45	173	PS1_LOWZ_COMBINED_TEXT_DS17	CSPDR3_anthony	190	163	30970	0	0	CROSS_CID_ZERO
1999gp	2005hc	46	172	KAIT_DS15	CfA3_DJ20	87	111	9657	0	0	CROSS_CID_ZERO
1999gp	2005hc	46	173	KAIT_DS15	CSPDR3_anthony	87	163	14181	0	0	CROSS_CID_ZERO
1999gp	2005iq	45	114	PS1_LOWZ_COMBINED_TEXT_DS17	CSPDR3_anthony	190	154	29260	0	0	CROSS_CID_ZERO
1999gp	2005iq	46	113	KAIT_DS15	CfA3_DJ20	87	67	5829	0	0	CROSS_CID_ZERO
1999gp	2005iq	46	114	KAIT_DS15	CSPDR3_anthony	87	154	13398	0	0	CROSS_CID_ZERO
1999gp	2005na	45	54	PS1_LOWZ_COMBINED_TEXT_DS17	CSPDR3_anthony	190	170	32300	0	0	CROSS_CID_ZERO
1999gp	2005na	45	56	PS1_LOWZ_COMBINED_TEXT_DS17	KAIT_DS15	190	68	12920	0	0	CROSS_CID_ZERO
1999gp	2005na	46	54	KAIT_DS15	CSPDR3_anthony	87	170	14790	0	0	CROSS_CID_ZERO
1999gp	2005na	46	55	KAIT_DS15	CfA3_DJ20	87	92	8004	0	0	CROSS_CID_ZERO
1999gp	2006en	45	97	PS1_LOWZ_COMBINED_TEXT_DS17	KAIT_DS15	190	65	12350	0	0	CROSS_CID_ZERO
1999gp	2006en	46	98	KAIT_DS15	CfA3_DJ20	87	58	5046	0	0	CROSS_CID_ZERO
1999gp	2006gr	45	120	PS1_LOWZ_COMBINED_TEXT_DS17	KAIT_DS15	190	72	13680	0	0	CROSS_CID_ZERO
1999gp	2006gr	46	121	KAIT_DS15	CfA3_DJ20	87	129	11223	0	0	CROSS_CID_ZERO
1999gp	2007O	45	147	PS1_LOWZ_COMBINED_TEXT_DS17	KAIT_DS15	190	34	6460	0	0	CROSS_CID_ZERO
1999gp	2007O	46	148	KAIT_DS15	CfA3_DJ20	87	55	4785	0	0	CROSS_CID_ZERO
1999gp	2007bd	45	90	PS1_LOWZ_COMBINED_TEXT_DS17	LOSS	190	20	3800	0	0	CROSS_CID_ZERO
1999gp	2007bd	45	91	PS1_LOWZ_COMBINED_TEXT_DS17	CSPDR3_anthony	190	110	20900	0	0	CROSS_CID_ZERO
1999gp	2007bd	46	91	KAIT_DS15	CSPDR3_anthony	87	110	9570	0	0	CROSS_CID_ZERO
1999gp	2007bd	46	92	KAIT_DS15	CfA3_DJ20	87	46	4002	0	0	CROSS_CID_ZERO
1999gp	2007co	45	50	PS1_LOWZ_COMBINED_TEXT_DS17	KAIT_DS15	190	94	17860	0	0	CROSS_CID_ZERO
1999gp	2007co	46	51	KAIT_DS15	SWIFT	87	44	3828	0	0	CROSS_CID_ZERO
1999gp	2007co	46	52	KAIT_DS15	CfA3_DJ20	87	122	10614	0	0	CROSS_CID_ZERO
1999gp	2007jg	45	144	PS1_LOWZ_COMBINED_TEXT_DS17	LOSS	190	69	13110	0	0	CROSS_CID_ZERO
1999gp	2007jg	45	145	PS1_LOWZ_COMBINED_TEXT_DS17	CSPDR3_anthony	190	113	21470	0	0	CROSS_CID_ZERO
1999gp	2007jg	46	145	KAIT_DS15	CSPDR3_anthony	87	113	9831	0	0	CROSS_CID_ZERO
1999gp	2007kk	45	163	PS1_LOWZ_COMBINED_TEXT_DS17	LOSS	190	85	16150	0	0	CROSS_CID_ZERO
1999gp	2007kk	46	164	KAIT_DS15	PS1_LOWZ_COMBINED_TEXT_DS17	87	123	10701	0	0	CROSS_CID_ZERO
1999gp	2008Y	45	213	PS1_LOWZ_COMBINED_TEXT_DS17	LOSS	190	22	4180	0	0	CROSS_CID_ZERO
1999gp	2008Y	46	214	KAIT_DS15	PS1_LOWZ_COMBINED_TEXT_DS17	87	66	5742	0	0	CROSS_CID_ZERO
1999gp	2008ar	45	66	PS1_LOWZ_COMBINED_TEXT_DS17	KAIT_DS15	190	72	13680	0	0	CROSS_CID_ZERO
1999gp	2008ar	45	67	PS1_LOWZ_COMBINED_TEXT_DS17	CSPDR3_anthony	190	132	25080	0	0	CROSS_CID_ZERO
1999gp	2008ar	46	67	KAIT_DS15	CSPDR3_anthony	87	132	11484	0	0	CROSS_CID_ZERO
1999gp	2008ar	46	68	KAIT_DS15	PS1_LOWZ_COMBINED_TEXT_DS17	87	104	9048	0	0	CROSS_CID_ZERO
1999gp	2008bz	45	204	PS1_LOWZ_COMBINED_TEXT_DS17	CSPDR3_anthony	190	70	13300	0	0	CROSS_CID_ZERO
1999gp	2008bz	46	204	KAIT_DS15	CSPDR3_anthony	87	70	6090	0	0	CROSS_CID_ZERO
1999gp	2008bz	46	205	KAIT_DS15	PS1_LOWZ_COMBINED_TEXT_DS17	87	43	3741	0	0	CROSS_CID_ZERO
1999gp	2008cf	45	177	PS1_LOWZ_COMBINED_TEXT_DS17	CSPDR3_anthony	190	96	18240	0	0	CROSS_CID_ZERO
1999gp	2008cf	46	177	KAIT_DS15	CSPDR3_anthony	87	96	8352	0	0	CROSS_CID_ZERO
1999gp	2008cf	46	178	KAIT_DS15	PS1_LOWZ_COMBINED_TEXT_DS17	87	31	2697	0	0	CROSS_CID_ZERO
1999gp	2008gg	45	87	PS1_LOWZ_COMBINED_TEXT_DS17	LOSS	190	55	10450	0	0	CROSS_CID_ZERO
1999gp	2008gg	45	88	PS1_LOWZ_COMBINED_TEXT_DS17	CSPDR3_anthony	190	198	37620	0	0	CROSS_CID_ZERO
1999gp	2008gg	46	88	KAIT_DS15	CSPDR3_anthony	87	198	17226	0	0	CROSS_CID_ZERO
1999gp	2008hj	45	135	PS1_LOWZ_COMBINED_TEXT_DS17	CSPDR3_anthony	190	127	24130	0	0	CROSS_CID_ZERO
1999gp	2008hj	46	135	KAIT_DS15	CSPDR3_anthony	87	127	11049	0	0	CROSS_CID_ZERO
1999gp	2008hj	46	136	KAIT_DS15	PS1_LOWZ_COMBINED_TEXT_DS17	87	16	1392	0	0	CROSS_CID_ZERO
1999gp	2009ad	45	65	PS1_LOWZ_COMBINED_TEXT_DS17	CSPDR3_anthony	190	128	24320	0	0	CROSS_CID_ZERO
1999gp	2009ad	46	64	KAIT_DS15	PS1_LOWZ_COMBINED_TEXT_DS17	87	74	6438	0	0	CROSS_CID_ZERO
1999gp	2009ad	46	65	KAIT_DS15	CSPDR3_anthony	87	128	11136	0	0	CROSS_CID_ZERO
2001eh	2003fa	139	156	KAIT_DS15	CfA3_DJ20	116	92	10672	0	0	CROSS_CID_ZERO
2001eh	2003fa	140	155	CfA3_DJ20	KAIT_DS15	93	150	13950	0	0	CROSS_CID_ZERO
2001eh	2005hc	139	172	KAIT_DS15	CfA3_DJ20	116	111	12876	0	0	CROSS_CID_ZERO
2001eh	2005hc	139	173	KAIT_DS15	CSPDR3_anthony	116	163	18908	0	0	CROSS_CID_ZERO
2001eh	2005hc	140	173	CfA3_DJ20	CSPDR3_anthony	93	163	15159	0	0	CROSS_CID_ZERO
2001eh	2007O	139	148	KAIT_DS15	CfA3_DJ20	116	55	6380	0	0	CROSS_CID_ZERO
2001eh	2007O	140	147	CfA3_DJ20	KAIT_DS15	93	34	3162	0	0	CROSS_CID_ZERO
2001eh	2007jg	139	145	KAIT_DS15	CSPDR3_anthony	116	113	13108	0	0	CROSS_CID_ZERO
2001eh	2007jg	140	144	CfA3_DJ20	LOSS	93	69	6417	0	0	CROSS_CID_ZERO
2001eh	2007jg	140	145	CfA3_DJ20	CSPDR3_anthony	93	113	10509	0	0	CROSS_CID_ZERO
2001eh	2007kk	139	164	KAIT_DS15	PS1_LOWZ_COMBINED_TEXT_DS17	116	123	14268	0	0	CROSS_CID_ZERO
2001eh	2007kk	140	163	CfA3_DJ20	LOSS	93	85	7905	0	0	CROSS_CID_ZERO
2001eh	2008Y	139	214	KAIT_DS15	PS1_LOWZ_COMBINED_TEXT_DS17	116	66	7656	0	0	CROSS_CID_ZERO
2001eh	2008Y	140	213	CfA3_DJ20	LOSS	93	22	2046	0	0	CROSS_CID_ZERO
2001eh	2008bz	139	204	KAIT_DS15	CSPDR3_anthony	116	70	8120	0	0	CROSS_CID_ZERO
2001eh	2008bz	139	205	KAIT_DS15	PS1_LOWZ_COMBINED_TEXT_DS17	116	43	4988	0	0	CROSS_CID_ZERO
2001eh	2008bz	140	204	CfA3_DJ20	CSPDR3_anthony	93	70	6510	0	0	CROSS_CID_ZERO
2001eh	2008cf	139	177	KAIT_DS15	CSPDR3_anthony	116	96	11136	0	0	CROSS_CID_ZERO
2001eh	2008cf	139	178	KAIT_DS15	PS1_LOWZ_COMBINED_TEXT_DS17	116	31	3596	0	0	CROSS_CID_ZERO
2001eh	2008cf	140	177	CfA3_DJ20	CSPDR3_anthony	93	96	8928	0	0	CROSS_CID_ZERO
2003fa	2005hc	155	172	KAIT_DS15	CfA3_DJ20	150	111	16650	0	0	CROSS_CID_ZERO
2003fa	2005hc	155	173	KAIT_DS15	CSPDR3_anthony	150	163	24450	0	0	CROSS_CID_ZERO
2003fa	2005hc	156	173	CfA3_DJ20	CSPDR3_anthony	92	163	14996	0	0	CROSS_CID_ZERO
2003fa	2007kk	155	164	KAIT_DS15	PS1_LOWZ_COMBINED_TEXT_DS17	150	123	18450	0	0	CROSS_CID_ZERO
2003fa	2007kk	156	163	CfA3_DJ20	LOSS	92	85	7820	0	0	CROSS_CID_ZERO
2003fa	2008Y	155	214	KAIT_DS15	PS1_LOWZ_COMBINED_TEXT_DS17	150	66	9900	0	0	CROSS_CID_ZERO
2003fa	2008Y	156	213	CfA3_DJ20	LOSS	92	22	2024	0	0	CROSS_CID_ZERO
2003fa	2008bz	155	204	KAIT_DS15	CSPDR3_anthony	150	70	10500	0	0	CROSS_CID_ZERO
2003fa	2008bz	155	205	KAIT_DS15	PS1_LOWZ_COMBINED_TEXT_DS17	150	43	6450	0	0	CROSS_CID_ZERO
2003fa	2008bz	156	204	CfA3_DJ20	CSPDR3_anthony	92	70	6440	0	0	CROSS_CID_ZERO
2003fa	2008cf	155	177	KAIT_DS15	CSPDR3_anthony	150	96	14400	0	0	CROSS_CID_ZERO
2003fa	2008cf	155	178	KAIT_DS15	PS1_LOWZ_COMBINED_TEXT_DS17	150	31	4650	0	0	CROSS_CID_ZERO
2003fa	2008cf	156	177	CfA3_DJ20	CSPDR3_anthony	92	96	8832	0	0	CROSS_CID_ZERO
2004as	2001eh	109	140	KAIT_DS15	CfA3_DJ20	91	93	8463	1	1	CROSS_CID_POSITIVE
2004as	2001eh	110	139	CfA3_DJ20	KAIT_DS15	51	116	5916	0	0	CROSS_CID_ZERO
2004as	2003fa	109	156	KAIT_DS15	CfA3_DJ20	91	92	8372	0	0	CROSS_CID_ZERO
2004as	2003fa	110	155	CfA3_DJ20	KAIT_DS15	51	150	7650	0	0	CROSS_CID_ZERO
2004as	2005hc	109	172	KAIT_DS15	CfA3_DJ20	91	111	10101	0	0	CROSS_CID_ZERO
2004as	2005hc	109	173	KAIT_DS15	CSPDR3_anthony	91	163	14833	0	0	CROSS_CID_ZERO
2004as	2005hc	110	173	CfA3_DJ20	CSPDR3_anthony	51	163	8313	0	0	CROSS_CID_ZERO
2004as	2005iq	109	113	KAIT_DS15	CfA3_DJ20	91	67	6097	0	0	CROSS_CID_ZERO
2004as	2005iq	109	114	KAIT_DS15	CSPDR3_anthony	91	154	14014	0	0	CROSS_CID_ZERO
2004as	2005iq	110	114	CfA3_DJ20	CSPDR3_anthony	51	154	7854	0	0	CROSS_CID_ZERO
2004as	2006gr	109	121	KAIT_DS15	CfA3_DJ20	91	129	11739	0	0	CROSS_CID_ZERO
2004as	2006gr	110	120	CfA3_DJ20	KAIT_DS15	51	72	3672	0	0	CROSS_CID_ZERO
2004as	2007O	109	148	KAIT_DS15	CfA3_DJ20	91	55	5005	0	0	CROSS_CID_ZERO
2004as	2007O	110	147	CfA3_DJ20	KAIT_DS15	51	34	1734	0	0	CROSS_CID_ZERO
2004as	2007jg	109	145	KAIT_DS15	CSPDR3_anthony	91	113	10283	0	0	CROSS_CID_ZERO
2004as	2007jg	110	144	CfA3_DJ20	LOSS	51	69	3519	0	0	CROSS_CID_ZERO
2004as	2007jg	110	145	CfA3_DJ20	CSPDR3_anthony	51	113	5763	0	0	CROSS_CID_ZERO
2004as	2007kk	109	164	KAIT_DS15	PS1_LOWZ_COMBINED_TEXT_DS17	91	123	11193	0	0	CROSS_CID_ZERO
2004as	2007kk	110	163	CfA3_DJ20	LOSS	51	85	4335	0	0	CROSS_CID_ZERO
2004as	2008Y	109	214	KAIT_DS15	PS1_LOWZ_COMBINED_TEXT_DS17	91	66	6006	0	0	CROSS_CID_ZERO
2004as	2008Y	110	213	CfA3_DJ20	LOSS	51	22	1122	0	0	CROSS_CID_ZERO
2004as	2008bz	109	204	KAIT_DS15	CSPDR3_anthony	91	70	6370	0	0	CROSS_CID_ZERO
2004as	2008bz	109	205	KAIT_DS15	PS1_LOWZ_COMBINED_TEXT_DS17	91	43	3913	0	0	CROSS_CID_ZERO
2004as	2008bz	110	204	CfA3_DJ20	CSPDR3_anthony	51	70	3570	0	0	CROSS_CID_ZERO
2004as	2008cf	109	177	KAIT_DS15	CSPDR3_anthony	91	96	8736	0	0	CROSS_CID_ZERO
2004as	2008cf	109	178	KAIT_DS15	PS1_LOWZ_COMBINED_TEXT_DS17	91	31	2821	0	0	CROSS_CID_ZERO
2004as	2008cf	110	177	CfA3_DJ20	CSPDR3_anthony	51	96	4896	0	0	CROSS_CID_ZERO
2004as	2008hj	109	135	KAIT_DS15	CSPDR3_anthony	91	127	11557	0	0	CROSS_CID_ZERO
2004as	2008hj	109	136	KAIT_DS15	PS1_LOWZ_COMBINED_TEXT_DS17	91	16	1456	0	0	CROSS_CID_ZERO
2004as	2008hj	110	135	CfA3_DJ20	CSPDR3_anthony	51	127	6477	0	0	CROSS_CID_ZERO
2004ef	2001eh	81	140	KAIT_DS15	CfA3_DJ20	97	93	9021	0	0	CROSS_CID_ZERO
2004ef	2001eh	82	139	CSPDR3_anthony	KAIT_DS15	278	116	32248	0	0	CROSS_CID_ZERO
2004ef	2001eh	82	140	CSPDR3_anthony	CfA3_DJ20	278	93	25854	0	0	CROSS_CID_ZERO
2004ef	2001eh	83	139	CfA3_DJ20	KAIT_DS15	32	116	3712	0	0	CROSS_CID_ZERO
2004ef	2003fa	81	156	KAIT_DS15	CfA3_DJ20	97	92	8924	0	0	CROSS_CID_ZERO
2004ef	2003fa	82	155	CSPDR3_anthony	KAIT_DS15	278	150	41700	0	0	CROSS_CID_ZERO
2004ef	2003fa	82	156	CSPDR3_anthony	CfA3_DJ20	278	92	25576	0	0	CROSS_CID_ZERO
2004ef	2003fa	83	155	CfA3_DJ20	KAIT_DS15	32	150	4800	0	0	CROSS_CID_ZERO
2004ef	2004as	81	110	KAIT_DS15	CfA3_DJ20	97	51	4947	1	1	CROSS_CID_POSITIVE
2004ef	2004as	82	109	CSPDR3_anthony	KAIT_DS15	278	91	25298	0	0	CROSS_CID_ZERO
2004ef	2004as	82	110	CSPDR3_anthony	CfA3_DJ20	278	51	14178	0	0	CROSS_CID_ZERO
2004ef	2004as	83	109	CfA3_DJ20	KAIT_DS15	32	91	2912	0	0	CROSS_CID_ZERO
2004ef	2005hc	81	172	KAIT_DS15	CfA3_DJ20	97	111	10767	1	1	CROSS_CID_POSITIVE
2004ef	2005hc	81	173	KAIT_DS15	CSPDR3_anthony	97	163	15811	0	0	CROSS_CID_ZERO
2004ef	2005hc	82	172	CSPDR3_anthony	CfA3_DJ20	278	111	30858	0	0	CROSS_CID_ZERO
2004ef	2005hc	83	173	CfA3_DJ20	CSPDR3_anthony	32	163	5216	0	0	CROSS_CID_ZERO
2004ef	2005iq	81	113	KAIT_DS15	CfA3_DJ20	97	67	6499	0	0	CROSS_CID_ZERO
2004ef	2005iq	81	114	KAIT_DS15	CSPDR3_anthony	97	154	14938	0	0	CROSS_CID_ZERO
2004ef	2005iq	82	113	CSPDR3_anthony	CfA3_DJ20	278	67	18626	0	0	CROSS_CID_ZERO
2004ef	2005iq	83	114	CfA3_DJ20	CSPDR3_anthony	32	154	4928	0	0	CROSS_CID_ZERO
2004ef	2006en	81	98	KAIT_DS15	CfA3_DJ20	97	58	5626	1	1	CROSS_CID_POSITIVE
2004ef	2006en	82	97	CSPDR3_anthony	KAIT_DS15	278	65	18070	0	0	CROSS_CID_ZERO
2004ef	2006en	82	98	CSPDR3_anthony	CfA3_DJ20	278	58	16124	0	0	CROSS_CID_ZERO
2004ef	2006en	83	97	CfA3_DJ20	KAIT_DS15	32	65	2080	0	0	CROSS_CID_ZERO
2004ef	2006gr	81	121	KAIT_DS15	CfA3_DJ20	97	129	12513	0	0	CROSS_CID_ZERO
2004ef	2006gr	82	120	CSPDR3_anthony	KAIT_DS15	278	72	20016	0	0	CROSS_CID_ZERO
2004ef	2006gr	82	121	CSPDR3_anthony	CfA3_DJ20	278	129	35862	0	0	CROSS_CID_ZERO
2004ef	2006gr	83	120	CfA3_DJ20	KAIT_DS15	32	72	2304	0	0	CROSS_CID_ZERO
2004ef	2007O	81	148	KAIT_DS15	CfA3_DJ20	97	55	5335	0	0	CROSS_CID_ZERO
2004ef	2007O	82	147	CSPDR3_anthony	KAIT_DS15	278	34	9452	0	0	CROSS_CID_ZERO
2004ef	2007O	82	148	CSPDR3_anthony	CfA3_DJ20	278	55	15290	0	0	CROSS_CID_ZERO
2004ef	2007O	83	147	CfA3_DJ20	KAIT_DS15	32	34	1088	0	0	CROSS_CID_ZERO
2004ef	2007bd	81	91	KAIT_DS15	CSPDR3_anthony	97	110	10670	0	0	CROSS_CID_ZERO
2004ef	2007bd	81	92	KAIT_DS15	CfA3_DJ20	97	46	4462	0	0	CROSS_CID_ZERO
2004ef	2007bd	82	90	CSPDR3_anthony	LOSS	278	20	5560	0	0	CROSS_CID_ZERO
2004ef	2007bd	82	92	CSPDR3_anthony	CfA3_DJ20	278	46	12788	0	0	CROSS_CID_ZERO
2004ef	2007bd	83	90	CfA3_DJ20	LOSS	32	20	640	0	0	CROSS_CID_ZERO
2004ef	2007bd	83	91	CfA3_DJ20	CSPDR3_anthony	32	110	3520	0	0	CROSS_CID_ZERO
2004ef	2007jg	81	145	KAIT_DS15	CSPDR3_anthony	97	113	10961	0	0	CROSS_CID_ZERO
2004ef	2007jg	82	144	CSPDR3_anthony	LOSS	278	69	19182	0	0	CROSS_CID_ZERO
2004ef	2007jg	83	144	CfA3_DJ20	LOSS	32	69	2208	0	0	CROSS_CID_ZERO
2004ef	2007jg	83	145	CfA3_DJ20	CSPDR3_anthony	32	113	3616	0	0	CROSS_CID_ZERO
2004ef	2007kk	81	164	KAIT_DS15	PS1_LOWZ_COMBINED_TEXT_DS17	97	123	11931	0	0	CROSS_CID_ZERO
2004ef	2007kk	82	163	CSPDR3_anthony	LOSS	278	85	23630	0	0	CROSS_CID_ZERO
2004ef	2007kk	82	164	CSPDR3_anthony	PS1_LOWZ_COMBINED_TEXT_DS17	278	123	34194	0	0	CROSS_CID_ZERO
2004ef	2007kk	83	163	CfA3_DJ20	LOSS	32	85	2720	0	0	CROSS_CID_ZERO
2004ef	2008Y	81	214	KAIT_DS15	PS1_LOWZ_COMBINED_TEXT_DS17	97	66	6402	0	0	CROSS_CID_ZERO
2004ef	2008Y	82	213	CSPDR3_anthony	LOSS	278	22	6116	0	0	CROSS_CID_ZERO
2004ef	2008Y	82	214	CSPDR3_anthony	PS1_LOWZ_COMBINED_TEXT_DS17	278	66	18348	0	0	CROSS_CID_ZERO
2004ef	2008Y	83	213	CfA3_DJ20	LOSS	32	22	704	0	0	CROSS_CID_ZERO
2004ef	2008bz	81	204	KAIT_DS15	CSPDR3_anthony	97	70	6790	0	0	CROSS_CID_ZERO
2004ef	2008bz	81	205	KAIT_DS15	PS1_LOWZ_COMBINED_TEXT_DS17	97	43	4171	0	0	CROSS_CID_ZERO
2004ef	2008bz	82	205	CSPDR3_anthony	PS1_LOWZ_COMBINED_TEXT_DS17	278	43	11954	0	0	CROSS_CID_ZERO
2004ef	2008bz	83	204	CfA3_DJ20	CSPDR3_anthony	32	70	2240	0	0	CROSS_CID_ZERO
2004ef	2008cf	81	177	KAIT_DS15	CSPDR3_anthony	97	96	9312	0	0	CROSS_CID_ZERO
2004ef	2008cf	81	178	KAIT_DS15	PS1_LOWZ_COMBINED_TEXT_DS17	97	31	3007	0	0	CROSS_CID_ZERO
2004ef	2008cf	82	178	CSPDR3_anthony	PS1_LOWZ_COMBINED_TEXT_DS17	278	31	8618	0	0	CROSS_CID_ZERO
2004ef	2008cf	83	177	CfA3_DJ20	CSPDR3_anthony	32	96	3072	0	0	CROSS_CID_ZERO
2004ef	2008gg	81	88	KAIT_DS15	CSPDR3_anthony	97	198	19206	0	0	CROSS_CID_ZERO
2004ef	2008gg	82	87	CSPDR3_anthony	LOSS	278	55	15290	0	0	CROSS_CID_ZERO
2004ef	2008gg	83	87	CfA3_DJ20	LOSS	32	55	1760	0	0	CROSS_CID_ZERO
2004ef	2008gg	83	88	CfA3_DJ20	CSPDR3_anthony	32	198	6336	0	0	CROSS_CID_ZERO
2004ef	2008hj	81	135	KAIT_DS15	CSPDR3_anthony	97	127	12319	1	1	CROSS_CID_POSITIVE
2004ef	2008hj	81	136	KAIT_DS15	PS1_LOWZ_COMBINED_TEXT_DS17	97	16	1552	0	0	CROSS_CID_ZERO
2004ef	2008hj	82	136	CSPDR3_anthony	PS1_LOWZ_COMBINED_TEXT_DS17	278	16	4448	0	0	CROSS_CID_ZERO
2004ef	2008hj	83	135	CfA3_DJ20	CSPDR3_anthony	32	127	4064	0	0	CROSS_CID_ZERO
2005M	1999gp	40	45	KAIT_DS15	PS1_LOWZ_COMBINED_TEXT_DS17	79	190	15010	0	0	CROSS_CID_ZERO
2005M	1999gp	41	45	CSPDR3_anthony	PS1_LOWZ_COMBINED_TEXT_DS17	381	190	72390	0	0	CROSS_CID_ZERO
2005M	1999gp	41	46	CSPDR3_anthony	KAIT_DS15	381	87	33147	0	0	CROSS_CID_ZERO
2005M	1999gp	42	46	CfA3_DJ20	KAIT_DS15	26	87	2262	0	0	CROSS_CID_ZERO
2005M	2001eh	40	140	KAIT_DS15	CfA3_DJ20	79	93	7347	0	0	CROSS_CID_ZERO
2005M	2001eh	41	139	CSPDR3_anthony	KAIT_DS15	381	116	44196	1	1	CROSS_CID_POSITIVE
2005M	2001eh	41	140	CSPDR3_anthony	CfA3_DJ20	381	93	35433	0	0	CROSS_CID_ZERO
2005M	2001eh	42	139	CfA3_DJ20	KAIT_DS15	26	116	3016	0	0	CROSS_CID_ZERO
2005M	2003fa	40	156	KAIT_DS15	CfA3_DJ20	79	92	7268	0	0	CROSS_CID_ZERO
2005M	2003fa	41	155	CSPDR3_anthony	KAIT_DS15	381	150	57150	0	0	CROSS_CID_ZERO
2005M	2003fa	41	156	CSPDR3_anthony	CfA3_DJ20	381	92	35052	0	0	CROSS_CID_ZERO
2005M	2003fa	42	155	CfA3_DJ20	KAIT_DS15	26	150	3900	0	0	CROSS_CID_ZERO
2005M	2004as	40	110	KAIT_DS15	CfA3_DJ20	79	51	4029	0	0	CROSS_CID_ZERO
2005M	2004as	41	109	CSPDR3_anthony	KAIT_DS15	381	91	34671	0	0	CROSS_CID_ZERO
2005M	2004as	41	110	CSPDR3_anthony	CfA3_DJ20	381	51	19431	0	0	CROSS_CID_ZERO
2005M	2004as	42	109	CfA3_DJ20	KAIT_DS15	26	91	2366	0	0	CROSS_CID_ZERO
2005M	2004ef	40	82	KAIT_DS15	CSPDR3_anthony	79	278	21962	0	0	CROSS_CID_ZERO
2005M	2004ef	40	83	KAIT_DS15	CfA3_DJ20	79	32	2528	0	0	CROSS_CID_ZERO
2005M	2004ef	41	81	CSPDR3_anthony	KAIT_DS15	381	97	36957	1	1	CROSS_CID_POSITIVE
2005M	2004ef	41	83	CSPDR3_anthony	CfA3_DJ20	381	32	12192	0	0	CROSS_CID_ZERO
2005M	2004ef	42	81	CfA3_DJ20	KAIT_DS15	26	97	2522	0	0	CROSS_CID_ZERO
2005M	2004ef	42	82	CfA3_DJ20	CSPDR3_anthony	26	278	7228	0	0	CROSS_CID_ZERO
2005M	2005eq	40	62	KAIT_DS15	CSPDR3_anthony	79	211	16669	0	0	CROSS_CID_ZERO
2005M	2005eq	40	63	KAIT_DS15	CfA3_DJ20	79	141	11139	0	0	CROSS_CID_ZERO
2005M	2005eq	41	61	CSPDR3_anthony	KAIT_DS15	381	87	33147	0	0	CROSS_CID_ZERO
2005M	2005eq	41	63	CSPDR3_anthony	CfA3_DJ20	381	141	53721	0	0	CROSS_CID_ZERO
2005M	2005eq	42	61	CfA3_DJ20	KAIT_DS15	26	87	2262	0	0	CROSS_CID_ZERO
2005M	2005eq	42	62	CfA3_DJ20	CSPDR3_anthony	26	211	5486	0	0	CROSS_CID_ZERO
2005M	2005hc	40	172	KAIT_DS15	CfA3_DJ20	79	111	8769	0	0	CROSS_CID_ZERO
2005M	2005hc	40	173	KAIT_DS15	CSPDR3_anthony	79	163	12877	0	0	CROSS_CID_ZERO
2005M	2005hc	41	172	CSPDR3_anthony	CfA3_DJ20	381	111	42291	0	0	CROSS_CID_ZERO
2005M	2005hc	42	173	CfA3_DJ20	CSPDR3_anthony	26	163	4238	0	0	CROSS_CID_ZERO
2005M	2005iq	40	113	KAIT_DS15	CfA3_DJ20	79	67	5293	0	0	CROSS_CID_ZERO
2005M	2005iq	40	114	KAIT_DS15	CSPDR3_anthony	79	154	12166	0	0	CROSS_CID_ZERO
2005M	2005iq	41	113	CSPDR3_anthony	CfA3_DJ20	381	67	25527	0	0	CROSS_CID_ZERO
2005M	2005iq	42	114	CfA3_DJ20	CSPDR3_anthony	26	154	4004	0	0	CROSS_CID_ZERO
2005M	2005na	40	54	KAIT_DS15	CSPDR3_anthony	79	170	13430	0	0	CROSS_CID_ZERO
2005M	2005na	40	55	KAIT_DS15	CfA3_DJ20	79	92	7268	0	0	CROSS_CID_ZERO
2005M	2005na	41	55	CSPDR3_anthony	CfA3_DJ20	381	92	35052	0	0	CROSS_CID_ZERO
2005M	2005na	41	56	CSPDR3_anthony	KAIT_DS15	381	68	25908	0	0	CROSS_CID_ZERO
2005M	2005na	42	54	CfA3_DJ20	CSPDR3_anthony	26	170	4420	0	0	CROSS_CID_ZERO
2005M	2005na	42	56	CfA3_DJ20	KAIT_DS15	26	68	1768	0	0	CROSS_CID_ZERO
2005M	2006en	40	98	KAIT_DS15	CfA3_DJ20	79	58	4582	0	0	CROSS_CID_ZERO
2005M	2006en	41	97	CSPDR3_anthony	KAIT_DS15	381	65	24765	0	0	CROSS_CID_ZERO
2005M	2006en	41	98	CSPDR3_anthony	CfA3_DJ20	381	58	22098	0	0	CROSS_CID_ZERO
2005M	2006en	42	97	CfA3_DJ20	KAIT_DS15	26	65	1690	0	0	CROSS_CID_ZERO
2005M	2006gr	40	121	KAIT_DS15	CfA3_DJ20	79	129	10191	0	0	CROSS_CID_ZERO
2005M	2006gr	41	120	CSPDR3_anthony	KAIT_DS15	381	72	27432	0	0	CROSS_CID_ZERO
2005M	2006gr	41	121	CSPDR3_anthony	CfA3_DJ20	381	129	49149	0	0	CROSS_CID_ZERO
2005M	2006gr	42	120	CfA3_DJ20	KAIT_DS15	26	72	1872	0	0	CROSS_CID_ZERO
2005M	2007O	40	148	KAIT_DS15	CfA3_DJ20	79	55	4345	0	0	CROSS_CID_ZERO
2005M	2007O	41	147	CSPDR3_anthony	KAIT_DS15	381	34	12954	0	0	CROSS_CID_ZERO
2005M	2007O	41	148	CSPDR3_anthony	CfA3_DJ20	381	55	20955	0	0	CROSS_CID_ZERO
2005M	2007O	42	147	CfA3_DJ20	KAIT_DS15	26	34	884	0	0	CROSS_CID_ZERO
2005M	2007bd	40	91	KAIT_DS15	CSPDR3_anthony	79	110	8690	0	0	CROSS_CID_ZERO
2005M	2007bd	40	92	KAIT_DS15	CfA3_DJ20	79	46	3634	0	0	CROSS_CID_ZERO
2005M	2007bd	41	90	CSPDR3_anthony	LOSS	381	20	7620	0	0	CROSS_CID_ZERO
2005M	2007bd	41	92	CSPDR3_anthony	CfA3_DJ20	381	46	17526	0	0	CROSS_CID_ZERO
2005M	2007bd	42	90	CfA3_DJ20	LOSS	26	20	520	0	0	CROSS_CID_ZERO
2005M	2007bd	42	91	CfA3_DJ20	CSPDR3_anthony	26	110	2860	0	0	CROSS_CID_ZERO
2005M	2007co	40	51	KAIT_DS15	SWIFT	79	44	3476	0	0	CROSS_CID_ZERO
2005M	2007co	40	52	KAIT_DS15	CfA3_DJ20	79	122	9638	0	0	CROSS_CID_ZERO
2005M	2007co	41	50	CSPDR3_anthony	KAIT_DS15	381	94	35814	0	0	CROSS_CID_ZERO
2005M	2007co	41	51	CSPDR3_anthony	SWIFT	381	44	16764	0	0	CROSS_CID_ZERO
2005M	2007co	41	52	CSPDR3_anthony	CfA3_DJ20	381	122	46482	1	1	CROSS_CID_POSITIVE
2005M	2007co	42	50	CfA3_DJ20	KAIT_DS15	26	94	2444	0	0	CROSS_CID_ZERO
2005M	2007co	42	51	CfA3_DJ20	SWIFT	26	44	1144	0	0	CROSS_CID_ZERO
2005M	2007jg	40	145	KAIT_DS15	CSPDR3_anthony	79	113	8927	0	0	CROSS_CID_ZERO
2005M	2007jg	41	144	CSPDR3_anthony	LOSS	381	69	26289	0	0	CROSS_CID_ZERO
2005M	2007jg	42	144	CfA3_DJ20	LOSS	26	69	1794	0	0	CROSS_CID_ZERO
2005M	2007jg	42	145	CfA3_DJ20	CSPDR3_anthony	26	113	2938	0	0	CROSS_CID_ZERO
2005M	2007kk	40	164	KAIT_DS15	PS1_LOWZ_COMBINED_TEXT_DS17	79	123	9717	0	0	CROSS_CID_ZERO
2005M	2007kk	41	163	CSPDR3_anthony	LOSS	381	85	32385	0	0	CROSS_CID_ZERO
2005M	2007kk	41	164	CSPDR3_anthony	PS1_LOWZ_COMBINED_TEXT_DS17	381	123	46863	0	0	CROSS_CID_ZERO
2005M	2007kk	42	163	CfA3_DJ20	LOSS	26	85	2210	0	0	CROSS_CID_ZERO
2005M	2008Y	40	214	KAIT_DS15	PS1_LOWZ_COMBINED_TEXT_DS17	79	66	5214	0	0	CROSS_CID_ZERO
2005M	2008Y	41	213	CSPDR3_anthony	LOSS	381	22	8382	0	0	CROSS_CID_ZERO
2005M	2008Y	41	214	CSPDR3_anthony	PS1_LOWZ_COMBINED_TEXT_DS17	381	66	25146	0	0	CROSS_CID_ZERO
2005M	2008Y	42	213	CfA3_DJ20	LOSS	26	22	572	0	0	CROSS_CID_ZERO
2005M	2008ar	40	67	KAIT_DS15	CSPDR3_anthony	79	132	10428	0	0	CROSS_CID_ZERO
2005M	2008ar	40	68	KAIT_DS15	PS1_LOWZ_COMBINED_TEXT_DS17	79	104	8216	0	0	CROSS_CID_ZERO
2005M	2008ar	41	66	CSPDR3_anthony	KAIT_DS15	381	72	27432	0	0	CROSS_CID_ZERO
2005M	2008ar	41	68	CSPDR3_anthony	PS1_LOWZ_COMBINED_TEXT_DS17	381	104	39624	0	0	CROSS_CID_ZERO
2005M	2008ar	42	66	CfA3_DJ20	KAIT_DS15	26	72	1872	0	0	CROSS_CID_ZERO
2005M	2008ar	42	67	CfA3_DJ20	CSPDR3_anthony	26	132	3432	0	0	CROSS_CID_ZERO
2005M	2008bz	40	204	KAIT_DS15	CSPDR3_anthony	79	70	5530	0	0	CROSS_CID_ZERO
2005M	2008bz	40	205	KAIT_DS15	PS1_LOWZ_COMBINED_TEXT_DS17	79	43	3397	0	0	CROSS_CID_ZERO
2005M	2008bz	41	205	CSPDR3_anthony	PS1_LOWZ_COMBINED_TEXT_DS17	381	43	16383	0	0	CROSS_CID_ZERO
2005M	2008bz	42	204	CfA3_DJ20	CSPDR3_anthony	26	70	1820	0	0	CROSS_CID_ZERO
2005M	2008cf	40	177	KAIT_DS15	CSPDR3_anthony	79	96	7584	0	0	CROSS_CID_ZERO
2005M	2008cf	40	178	KAIT_DS15	PS1_LOWZ_COMBINED_TEXT_DS17	79	31	2449	0	0	CROSS_CID_ZERO
2005M	2008cf	41	178	CSPDR3_anthony	PS1_LOWZ_COMBINED_TEXT_DS17	381	31	11811	0	0	CROSS_CID_ZERO
2005M	2008cf	42	177	CfA3_DJ20	CSPDR3_anthony	26	96	2496	0	0	CROSS_CID_ZERO
2005M	2008gg	40	88	KAIT_DS15	CSPDR3_anthony	79	198	15642	0	0	CROSS_CID_ZERO
2005M	2008gg	41	87	CSPDR3_anthony	LOSS	381	55	20955	0	0	CROSS_CID_ZERO
2005M	2008gg	42	87	CfA3_DJ20	LOSS	26	55	1430	0	0	CROSS_CID_ZERO
2005M	2008gg	42	88	CfA3_DJ20	CSPDR3_anthony	26	198	5148	0	0	CROSS_CID_ZERO
2005M	2008hj	40	135	KAIT_DS15	CSPDR3_anthony	79	127	10033	0	0	CROSS_CID_ZERO
2005M	2008hj	40	136	KAIT_DS15	PS1_LOWZ_COMBINED_TEXT_DS17	79	16	1264	0	0	CROSS_CID_ZERO
2005M	2008hj	41	136	CSPDR3_anthony	PS1_LOWZ_COMBINED_TEXT_DS17	381	16	6096	0	0	CROSS_CID_ZERO
2005M	2008hj	42	135	CfA3_DJ20	CSPDR3_anthony	26	127	3302	0	0	CROSS_CID_ZERO
2005M	2009ad	40	64	KAIT_DS15	PS1_LOWZ_COMBINED_TEXT_DS17	79	74	5846	0	0	CROSS_CID_ZERO
2005M	2009ad	40	65	KAIT_DS15	CSPDR3_anthony	79	128	10112	0	0	CROSS_CID_ZERO
2005M	2009ad	41	64	CSPDR3_anthony	PS1_LOWZ_COMBINED_TEXT_DS17	381	74	28194	0	0	CROSS_CID_ZERO
2005M	2009ad	42	65	CfA3_DJ20	CSPDR3_anthony	26	128	3328	0	0	CROSS_CID_ZERO
2005eq	2001eh	61	140	KAIT_DS15	CfA3_DJ20	87	93	8091	0	0	CROSS_CID_ZERO
2005eq	2001eh	62	139	CSPDR3_anthony	KAIT_DS15	211	116	24476	0	0	CROSS_CID_ZERO
2005eq	2001eh	62	140	CSPDR3_anthony	CfA3_DJ20	211	93	19623	0	0	CROSS_CID_ZERO
2005eq	2001eh	63	139	CfA3_DJ20	KAIT_DS15	141	116	16356	1	1	CROSS_CID_POSITIVE
2005eq	2003fa	61	156	KAIT_DS15	CfA3_DJ20	87	92	8004	0	0	CROSS_CID_ZERO
2005eq	2003fa	62	155	CSPDR3_anthony	KAIT_DS15	211	150	31650	0	0	CROSS_CID_ZERO
2005eq	2003fa	62	156	CSPDR3_anthony	CfA3_DJ20	211	92	19412	0	0	CROSS_CID_ZERO
2005eq	2003fa	63	155	CfA3_DJ20	KAIT_DS15	141	150	21150	0	0	CROSS_CID_ZERO
2005eq	2004as	61	110	KAIT_DS15	CfA3_DJ20	87	51	4437	0	0	CROSS_CID_ZERO
2005eq	2004as	62	109	CSPDR3_anthony	KAIT_DS15	211	91	19201	0	0	CROSS_CID_ZERO
2005eq	2004as	62	110	CSPDR3_anthony	CfA3_DJ20	211	51	10761	0	0	CROSS_CID_ZERO
2005eq	2004as	63	109	CfA3_DJ20	KAIT_DS15	141	91	12831	0	0	CROSS_CID_ZERO
2005eq	2004ef	61	82	KAIT_DS15	CSPDR3_anthony	87	278	24186	0	0	CROSS_CID_ZERO
2005eq	2004ef	61	83	KAIT_DS15	CfA3_DJ20	87	32	2784	0	0	CROSS_CID_ZERO
2005eq	2004ef	62	81	CSPDR3_anthony	KAIT_DS15	211	97	20467	0	0	CROSS_CID_ZERO
2005eq	2004ef	62	83	CSPDR3_anthony	CfA3_DJ20	211	32	6752	0	0	CROSS_CID_ZERO
2005eq	2004ef	63	81	CfA3_DJ20	KAIT_DS15	141	97	13677	0	0	CROSS_CID_ZERO
2005eq	2004ef	63	82	CfA3_DJ20	CSPDR3_anthony	141	278	39198	0	0	CROSS_CID_ZERO
2005eq	2005hc	61	172	KAIT_DS15	CfA3_DJ20	87	111	9657	0	0	CROSS_CID_ZERO
2005eq	2005hc	61	173	KAIT_DS15	CSPDR3_anthony	87	163	14181	0	0	CROSS_CID_ZERO
2005eq	2005hc	62	172	CSPDR3_anthony	CfA3_DJ20	211	111	23421	0	0	CROSS_CID_ZERO
2005eq	2005hc	63	173	CfA3_DJ20	CSPDR3_anthony	141	163	22983	0	0	CROSS_CID_ZERO
2005eq	2005iq	61	113	KAIT_DS15	CfA3_DJ20	87	67	5829	0	0	CROSS_CID_ZERO
2005eq	2005iq	61	114	KAIT_DS15	CSPDR3_anthony	87	154	13398	0	0	CROSS_CID_ZERO
2005eq	2005iq	62	113	CSPDR3_anthony	CfA3_DJ20	211	67	14137	0	0	CROSS_CID_ZERO
2005eq	2005iq	63	114	CfA3_DJ20	CSPDR3_anthony	141	154	21714	0	0	CROSS_CID_ZERO
2005eq	2006en	61	98	KAIT_DS15	CfA3_DJ20	87	58	5046	0	0	CROSS_CID_ZERO
2005eq	2006en	62	97	CSPDR3_anthony	KAIT_DS15	211	65	13715	0	0	CROSS_CID_ZERO
2005eq	2006en	62	98	CSPDR3_anthony	CfA3_DJ20	211	58	12238	0	0	CROSS_CID_ZERO
2005eq	2006en	63	97	CfA3_DJ20	KAIT_DS15	141	65	9165	0	0	CROSS_CID_ZERO
2005eq	2006gr	61	121	KAIT_DS15	CfA3_DJ20	87	129	11223	0	0	CROSS_CID_ZERO
2005eq	2006gr	62	120	CSPDR3_anthony	KAIT_DS15	211	72	15192	0	0	CROSS_CID_ZERO
2005eq	2006gr	62	121	CSPDR3_anthony	CfA3_DJ20	211	129	27219	0	0	CROSS_CID_ZERO
2005eq	2006gr	63	120	CfA3_DJ20	KAIT_DS15	141	72	10152	0	0	CROSS_CID_ZERO
2005eq	2007O	61	148	KAIT_DS15	CfA3_DJ20	87	55	4785	0	0	CROSS_CID_ZERO
2005eq	2007O	62	147	CSPDR3_anthony	KAIT_DS15	211	34	7174	0	0	CROSS_CID_ZERO
2005eq	2007O	62	148	CSPDR3_anthony	CfA3_DJ20	211	55	11605	0	0	CROSS_CID_ZERO
2005eq	2007O	63	147	CfA3_DJ20	KAIT_DS15	141	34	4794	0	0	CROSS_CID_ZERO
2005eq	2007bd	61	91	KAIT_DS15	CSPDR3_anthony	87	110	9570	0	0	CROSS_CID_ZERO
2005eq	2007bd	61	92	KAIT_DS15	CfA3_DJ20	87	46	4002	0	0	CROSS_CID_ZERO
2005eq	2007bd	62	90	CSPDR3_anthony	LOSS	211	20	4220	0	0	CROSS_CID_ZERO
2005eq	2007bd	62	92	CSPDR3_anthony	CfA3_DJ20	211	46	9706	0	0	CROSS_CID_ZERO
2005eq	2007bd	63	90	CfA3_DJ20	LOSS	141	20	2820	0	0	CROSS_CID_ZERO
2005eq	2007bd	63	91	CfA3_DJ20	CSPDR3_anthony	141	110	15510	0	0	CROSS_CID_ZERO
2005eq	2007jg	61	145	KAIT_DS15	CSPDR3_anthony	87	113	9831	0	0	CROSS_CID_ZERO
2005eq	2007jg	62	144	CSPDR3_anthony	LOSS	211	69	14559	0	0	CROSS_CID_ZERO
2005eq	2007jg	63	144	CfA3_DJ20	LOSS	141	69	9729	0	0	CROSS_CID_ZERO
2005eq	2007jg	63	145	CfA3_DJ20	CSPDR3_anthony	141	113	15933	0	0	CROSS_CID_ZERO
2005eq	2007kk	61	164	KAIT_DS15	PS1_LOWZ_COMBINED_TEXT_DS17	87	123	10701	0	0	CROSS_CID_ZERO
2005eq	2007kk	62	163	CSPDR3_anthony	LOSS	211	85	17935	0	0	CROSS_CID_ZERO
2005eq	2007kk	62	164	CSPDR3_anthony	PS1_LOWZ_COMBINED_TEXT_DS17	211	123	25953	0	0	CROSS_CID_ZERO
2005eq	2007kk	63	163	CfA3_DJ20	LOSS	141	85	11985	0	0	CROSS_CID_ZERO
2005eq	2008Y	61	214	KAIT_DS15	PS1_LOWZ_COMBINED_TEXT_DS17	87	66	5742	0	0	CROSS_CID_ZERO
2005eq	2008Y	62	213	CSPDR3_anthony	LOSS	211	22	4642	0	0	CROSS_CID_ZERO
2005eq	2008Y	62	214	CSPDR3_anthony	PS1_LOWZ_COMBINED_TEXT_DS17	211	66	13926	0	0	CROSS_CID_ZERO
2005eq	2008Y	63	213	CfA3_DJ20	LOSS	141	22	3102	0	0	CROSS_CID_ZERO
2005eq	2008ar	61	67	KAIT_DS15	CSPDR3_anthony	87	132	11484	0	0	CROSS_CID_ZERO
2005eq	2008ar	61	68	KAIT_DS15	PS1_LOWZ_COMBINED_TEXT_DS17	87	104	9048	0	0	CROSS_CID_ZERO
2005eq	2008ar	62	66	CSPDR3_anthony	KAIT_DS15	211	72	15192	0	0	CROSS_CID_ZERO
2005eq	2008ar	62	68	CSPDR3_anthony	PS1_LOWZ_COMBINED_TEXT_DS17	211	104	21944	0	0	CROSS_CID_ZERO
2005eq	2008ar	63	66	CfA3_DJ20	KAIT_DS15	141	72	10152	0	0	CROSS_CID_ZERO
2005eq	2008ar	63	67	CfA3_DJ20	CSPDR3_anthony	141	132	18612	0	0	CROSS_CID_ZERO
2005eq	2008bz	61	204	KAIT_DS15	CSPDR3_anthony	87	70	6090	0	0	CROSS_CID_ZERO
2005eq	2008bz	61	205	KAIT_DS15	PS1_LOWZ_COMBINED_TEXT_DS17	87	43	3741	0	0	CROSS_CID_ZERO
2005eq	2008bz	62	205	CSPDR3_anthony	PS1_LOWZ_COMBINED_TEXT_DS17	211	43	9073	0	0	CROSS_CID_ZERO
2005eq	2008bz	63	204	CfA3_DJ20	CSPDR3_anthony	141	70	9870	0	0	CROSS_CID_ZERO
2005eq	2008cf	61	177	KAIT_DS15	CSPDR3_anthony	87	96	8352	0	0	CROSS_CID_ZERO
2005eq	2008cf	61	178	KAIT_DS15	PS1_LOWZ_COMBINED_TEXT_DS17	87	31	2697	0	0	CROSS_CID_ZERO
2005eq	2008cf	62	178	CSPDR3_anthony	PS1_LOWZ_COMBINED_TEXT_DS17	211	31	6541	0	0	CROSS_CID_ZERO
2005eq	2008cf	63	177	CfA3_DJ20	CSPDR3_anthony	141	96	13536	0	0	CROSS_CID_ZERO
2005eq	2008gg	61	88	KAIT_DS15	CSPDR3_anthony	87	198	17226	0	0	CROSS_CID_ZERO
2005eq	2008gg	62	87	CSPDR3_anthony	LOSS	211	55	11605	0	0	CROSS_CID_ZERO
2005eq	2008gg	63	87	CfA3_DJ20	LOSS	141	55	7755	0	0	CROSS_CID_ZERO
2005eq	2008gg	63	88	CfA3_DJ20	CSPDR3_anthony	141	198	27918	0	0	CROSS_CID_ZERO
2005eq	2008hj	61	135	KAIT_DS15	CSPDR3_anthony	87	127	11049	0	0	CROSS_CID_ZERO
2005eq	2008hj	61	136	KAIT_DS15	PS1_LOWZ_COMBINED_TEXT_DS17	87	16	1392	0	0	CROSS_CID_ZERO
2005eq	2008hj	62	136	CSPDR3_anthony	PS1_LOWZ_COMBINED_TEXT_DS17	211	16	3376	0	0	CROSS_CID_ZERO
2005eq	2008hj	63	135	CfA3_DJ20	CSPDR3_anthony	141	127	17907	0	0	CROSS_CID_ZERO
2005eq	2009ad	61	64	KAIT_DS15	PS1_LOWZ_COMBINED_TEXT_DS17	87	74	6438	0	0	CROSS_CID_ZERO
2005eq	2009ad	61	65	KAIT_DS15	CSPDR3_anthony	87	128	11136	0	0	CROSS_CID_ZERO
2005eq	2009ad	62	64	CSPDR3_anthony	PS1_LOWZ_COMBINED_TEXT_DS17	211	74	15614	0	0	CROSS_CID_ZERO
2005eq	2009ad	63	65	CfA3_DJ20	CSPDR3_anthony	141	128	18048	0	0	CROSS_CID_ZERO
2005hc	2008Y	172	213	CfA3_DJ20	LOSS	111	22	2442	0	0	CROSS_CID_ZERO
2005hc	2008Y	173	213	CSPDR3_anthony	LOSS	163	22	3586	0	0	CROSS_CID_ZERO
2005hc	2008Y	173	214	CSPDR3_anthony	PS1_LOWZ_COMBINED_TEXT_DS17	163	66	10758	0	0	CROSS_CID_ZERO
2005hc	2008bz	172	204	CfA3_DJ20	CSPDR3_anthony	111	70	7770	0	0	CROSS_CID_ZERO
2005hc	2008bz	173	205	CSPDR3_anthony	PS1_LOWZ_COMBINED_TEXT_DS17	163	43	7009	0	0	CROSS_CID_ZERO
2005hc	2008cf	172	177	CfA3_DJ20	CSPDR3_anthony	111	96	10656	0	0	CROSS_CID_ZERO
2005hc	2008cf	173	178	CSPDR3_anthony	PS1_LOWZ_COMBINED_TEXT_DS17	163	31	5053	0	0	CROSS_CID_ZERO
2005iq	2001eh	113	139	CfA3_DJ20	KAIT_DS15	67	116	7772	0	0	CROSS_CID_ZERO
2005iq	2001eh	114	139	CSPDR3_anthony	KAIT_DS15	154	116	17864	0	0	CROSS_CID_ZERO
2005iq	2001eh	114	140	CSPDR3_anthony	CfA3_DJ20	154	93	14322	0	0	CROSS_CID_ZERO
2005iq	2003fa	113	155	CfA3_DJ20	KAIT_DS15	67	150	10050	0	0	CROSS_CID_ZERO
2005iq	2003fa	114	155	CSPDR3_anthony	KAIT_DS15	154	150	23100	0	0	CROSS_CID_ZERO
2005iq	2003fa	114	156	CSPDR3_anthony	CfA3_DJ20	154	92	14168	0	0	CROSS_CID_ZERO
2005iq	2005hc	113	173	CfA3_DJ20	CSPDR3_anthony	67	163	10921	0	0	CROSS_CID_ZERO
2005iq	2005hc	114	172	CSPDR3_anthony	CfA3_DJ20	154	111	17094	0	0	CROSS_CID_ZERO
2005iq	2006gr	113	120	CfA3_DJ20	KAIT_DS15	67	72	4824	0	0	CROSS_CID_ZERO
2005iq	2006gr	114	120	CSPDR3_anthony	KAIT_DS15	154	72	11088	0	0	CROSS_CID_ZERO
2005iq	2006gr	114	121	CSPDR3_anthony	CfA3_DJ20	154	129	19866	0	0	CROSS_CID_ZERO
2005iq	2007O	113	147	CfA3_DJ20	KAIT_DS15	67	34	2278	0	0	CROSS_CID_ZERO
2005iq	2007O	114	147	CSPDR3_anthony	KAIT_DS15	154	34	5236	0	0	CROSS_CID_ZERO
2005iq	2007O	114	148	CSPDR3_anthony	CfA3_DJ20	154	55	8470	0	0	CROSS_CID_ZERO
2005iq	2007jg	113	144	CfA3_DJ20	LOSS	67	69	4623	0	0	CROSS_CID_ZERO
2005iq	2007jg	113	145	CfA3_DJ20	CSPDR3_anthony	67	113	7571	0	0	CROSS_CID_ZERO
2005iq	2007jg	114	144	CSPDR3_anthony	LOSS	154	69	10626	0	0	CROSS_CID_ZERO
2005iq	2007kk	113	163	CfA3_DJ20	LOSS	67	85	5695	0	0	CROSS_CID_ZERO
2005iq	2007kk	114	163	CSPDR3_anthony	LOSS	154	85	13090	0	0	CROSS_CID_ZERO
2005iq	2007kk	114	164	CSPDR3_anthony	PS1_LOWZ_COMBINED_TEXT_DS17	154	123	18942	0	0	CROSS_CID_ZERO
2005iq	2008Y	113	213	CfA3_DJ20	LOSS	67	22	1474	0	0	CROSS_CID_ZERO
2005iq	2008Y	114	213	CSPDR3_anthony	LOSS	154	22	3388	0	0	CROSS_CID_ZERO
2005iq	2008Y	114	214	CSPDR3_anthony	PS1_LOWZ_COMBINED_TEXT_DS17	154	66	10164	0	0	CROSS_CID_ZERO
2005iq	2008bz	113	204	CfA3_DJ20	CSPDR3_anthony	67	70	4690	0	0	CROSS_CID_ZERO
2005iq	2008bz	114	205	CSPDR3_anthony	PS1_LOWZ_COMBINED_TEXT_DS17	154	43	6622	0	0	CROSS_CID_ZERO
2005iq	2008cf	113	177	CfA3_DJ20	CSPDR3_anthony	67	96	6432	0	0	CROSS_CID_ZERO
2005iq	2008cf	114	178	CSPDR3_anthony	PS1_LOWZ_COMBINED_TEXT_DS17	154	31	4774	0	0	CROSS_CID_ZERO
2005iq	2008hj	113	135	CfA3_DJ20	CSPDR3_anthony	67	127	8509	0	0	CROSS_CID_ZERO
2005iq	2008hj	114	136	CSPDR3_anthony	PS1_LOWZ_COMBINED_TEXT_DS17	154	16	2464	0	0	CROSS_CID_ZERO
2005na	2001eh	54	139	CSPDR3_anthony	KAIT_DS15	170	116	19720	0	0	CROSS_CID_ZERO
2005na	2001eh	54	140	CSPDR3_anthony	CfA3_DJ20	170	93	15810	0	0	CROSS_CID_ZERO
2005na	2001eh	55	139	CfA3_DJ20	KAIT_DS15	92	116	10672	0	0	CROSS_CID_ZERO
2005na	2001eh	56	140	KAIT_DS15	CfA3_DJ20	68	93	6324	1	1	CROSS_CID_POSITIVE
2005na	2003fa	54	155	CSPDR3_anthony	KAIT_DS15	170	150	25500	0	0	CROSS_CID_ZERO
2005na	2003fa	54	156	CSPDR3_anthony	CfA3_DJ20	170	92	15640	0	0	CROSS_CID_ZERO
2005na	2003fa	55	155	CfA3_DJ20	KAIT_DS15	92	150	13800	0	0	CROSS_CID_ZERO
2005na	2003fa	56	156	KAIT_DS15	CfA3_DJ20	68	92	6256	0	0	CROSS_CID_ZERO
2005na	2004as	54	109	CSPDR3_anthony	KAIT_DS15	170	91	15470	0	0	CROSS_CID_ZERO
2005na	2004as	54	110	CSPDR3_anthony	CfA3_DJ20	170	51	8670	0	0	CROSS_CID_ZERO
2005na	2004as	55	109	CfA3_DJ20	KAIT_DS15	92	91	8372	0	0	CROSS_CID_ZERO
2005na	2004as	56	110	KAIT_DS15	CfA3_DJ20	68	51	3468	0	0	CROSS_CID_ZERO
2005na	2004ef	54	81	CSPDR3_anthony	KAIT_DS15	170	97	16490	0	0	CROSS_CID_ZERO
2005na	2004ef	54	83	CSPDR3_anthony	CfA3_DJ20	170	32	5440	0	0	CROSS_CID_ZERO
2005na	2004ef	55	81	CfA3_DJ20	KAIT_DS15	92	97	8924	0	0	CROSS_CID_ZERO
2005na	2004ef	55	82	CfA3_DJ20	CSPDR3_anthony	92	278	25576	0	0	CROSS_CID_ZERO
2005na	2004ef	56	82	KAIT_DS15	CSPDR3_anthony	68	278	18904	0	0	CROSS_CID_ZERO
2005na	2004ef	56	83	KAIT_DS15	CfA3_DJ20	68	32	2176	0	0	CROSS_CID_ZERO
2005na	2005eq	54	61	CSPDR3_anthony	KAIT_DS15	170	87	14790	0	0	CROSS_CID_ZERO
2005na	2005eq	54	63	CSPDR3_anthony	CfA3_DJ20	170	141	23970	0	0	CROSS_CID_ZERO
2005na	2005eq	55	61	CfA3_DJ20	KAIT_DS15	92	87	8004	0	0	CROSS_CID_ZERO
2005na	2005eq	55	62	CfA3_DJ20	CSPDR3_anthony	92	211	19412	0	0	CROSS_CID_ZERO
2005na	2005eq	56	62	KAIT_DS15	CSPDR3_anthony	68	211	14348	0	0	CROSS_CID_ZERO
2005na	2005eq	56	63	KAIT_DS15	CfA3_DJ20	68	141	9588	0	0	CROSS_CID_ZERO
2005na	2005hc	54	172	CSPDR3_anthony	CfA3_DJ20	170	111	18870	0	0	CROSS_CID_ZERO
2005na	2005hc	55	173	CfA3_DJ20	CSPDR3_anthony	92	163	14996	0	0	CROSS_CID_ZERO
2005na	2005hc	56	172	KAIT_DS15	CfA3_DJ20	68	111	7548	0	0	CROSS_CID_ZERO
2005na	2005hc	56	173	KAIT_DS15	CSPDR3_anthony	68	163	11084	0	0	CROSS_CID_ZERO
2005na	2005iq	54	113	CSPDR3_anthony	CfA3_DJ20	170	67	11390	0	0	CROSS_CID_ZERO
2005na	2005iq	55	114	CfA3_DJ20	CSPDR3_anthony	92	154	14168	0	0	CROSS_CID_ZERO
2005na	2005iq	56	113	KAIT_DS15	CfA3_DJ20	68	67	4556	0	0	CROSS_CID_ZERO
2005na	2005iq	56	114	KAIT_DS15	CSPDR3_anthony	68	154	10472	0	0	CROSS_CID_ZERO
2005na	2006en	54	97	CSPDR3_anthony	KAIT_DS15	170	65	11050	0	0	CROSS_CID_ZERO
2005na	2006en	54	98	CSPDR3_anthony	CfA3_DJ20	170	58	9860	0	0	CROSS_CID_ZERO
2005na	2006en	55	97	CfA3_DJ20	KAIT_DS15	92	65	5980	0	0	CROSS_CID_ZERO
2005na	2006en	56	98	KAIT_DS15	CfA3_DJ20	68	58	3944	0	0	CROSS_CID_ZERO
2005na	2006gr	54	120	CSPDR3_anthony	KAIT_DS15	170	72	12240	0	0	CROSS_CID_ZERO
2005na	2006gr	54	121	CSPDR3_anthony	CfA3_DJ20	170	129	21930	1	1	CROSS_CID_POSITIVE
2005na	2006gr	55	120	CfA3_DJ20	KAIT_DS15	92	72	6624	0	0	CROSS_CID_ZERO
2005na	2006gr	56	121	KAIT_DS15	CfA3_DJ20	68	129	8772	0	0	CROSS_CID_ZERO
2005na	2007O	54	147	CSPDR3_anthony	KAIT_DS15	170	34	5780	0	0	CROSS_CID_ZERO
2005na	2007O	54	148	CSPDR3_anthony	CfA3_DJ20	170	55	9350	0	0	CROSS_CID_ZERO
2005na	2007O	55	147	CfA3_DJ20	KAIT_DS15	92	34	3128	0	0	CROSS_CID_ZERO
2005na	2007O	56	148	KAIT_DS15	CfA3_DJ20	68	55	3740	0	0	CROSS_CID_ZERO
2005na	2007bd	54	90	CSPDR3_anthony	LOSS	170	20	3400	0	0	CROSS_CID_ZERO
2005na	2007bd	54	92	CSPDR3_anthony	CfA3_DJ20	170	46	7820	0	0	CROSS_CID_ZERO
2005na	2007bd	55	90	CfA3_DJ20	LOSS	92	20	1840	0	0	CROSS_CID_ZERO
2005na	2007bd	55	91	CfA3_DJ20	CSPDR3_anthony	92	110	10120	0	0	CROSS_CID_ZERO
2005na	2007bd	56	91	KAIT_DS15	CSPDR3_anthony	68	110	7480	0	0	CROSS_CID_ZERO
2005na	2007bd	56	92	KAIT_DS15	CfA3_DJ20	68	46	3128	0	0	CROSS_CID_ZERO
2005na	2007jg	54	144	CSPDR3_anthony	LOSS	170	69	11730	0	0	CROSS_CID_ZERO
2005na	2007jg	55	144	CfA3_DJ20	LOSS	92	69	6348	0	0	CROSS_CID_ZERO
2005na	2007jg	55	145	CfA3_DJ20	CSPDR3_anthony	92	113	10396	0	0	CROSS_CID_ZERO
2005na	2007jg	56	145	KAIT_DS15	CSPDR3_anthony	68	113	7684	0	0	CROSS_CID_ZERO
2005na	2007kk	54	163	CSPDR3_anthony	LOSS	170	85	14450	0	0	CROSS_CID_ZERO
2005na	2007kk	54	164	CSPDR3_anthony	PS1_LOWZ_COMBINED_TEXT_DS17	170	123	20910	0	0	CROSS_CID_ZERO
2005na	2007kk	55	163	CfA3_DJ20	LOSS	92	85	7820	0	0	CROSS_CID_ZERO
2005na	2007kk	56	164	KAIT_DS15	PS1_LOWZ_COMBINED_TEXT_DS17	68	123	8364	0	0	CROSS_CID_ZERO
2005na	2008Y	54	213	CSPDR3_anthony	LOSS	170	22	3740	0	0	CROSS_CID_ZERO
2005na	2008Y	54	214	CSPDR3_anthony	PS1_LOWZ_COMBINED_TEXT_DS17	170	66	11220	0	0	CROSS_CID_ZERO
2005na	2008Y	55	213	CfA3_DJ20	LOSS	92	22	2024	0	0	CROSS_CID_ZERO
2005na	2008Y	56	214	KAIT_DS15	PS1_LOWZ_COMBINED_TEXT_DS17	68	66	4488	0	0	CROSS_CID_ZERO
2005na	2008ar	54	66	CSPDR3_anthony	KAIT_DS15	170	72	12240	0	0	CROSS_CID_ZERO
2005na	2008ar	54	68	CSPDR3_anthony	PS1_LOWZ_COMBINED_TEXT_DS17	170	104	17680	0	0	CROSS_CID_ZERO
2005na	2008ar	55	66	CfA3_DJ20	KAIT_DS15	92	72	6624	0	0	CROSS_CID_ZERO
2005na	2008ar	55	67	CfA3_DJ20	CSPDR3_anthony	92	132	12144	0	0	CROSS_CID_ZERO
2005na	2008ar	56	67	KAIT_DS15	CSPDR3_anthony	68	132	8976	0	0	CROSS_CID_ZERO
2005na	2008ar	56	68	KAIT_DS15	PS1_LOWZ_COMBINED_TEXT_DS17	68	104	7072	0	0	CROSS_CID_ZERO
2005na	2008bz	54	205	CSPDR3_anthony	PS1_LOWZ_COMBINED_TEXT_DS17	170	43	7310	0	0	CROSS_CID_ZERO
2005na	2008bz	55	204	CfA3_DJ20	CSPDR3_anthony	92	70	6440	0	0	CROSS_CID_ZERO
2005na	2008bz	56	204	KAIT_DS15	CSPDR3_anthony	68	70	4760	0	0	CROSS_CID_ZERO
2005na	2008bz	56	205	KAIT_DS15	PS1_LOWZ_COMBINED_TEXT_DS17	68	43	2924	0	0	CROSS_CID_ZERO
2005na	2008cf	54	178	CSPDR3_anthony	PS1_LOWZ_COMBINED_TEXT_DS17	170	31	5270	0	0	CROSS_CID_ZERO
2005na	2008cf	55	177	CfA3_DJ20	CSPDR3_anthony	92	96	8832	0	0	CROSS_CID_ZERO
2005na	2008cf	56	177	KAIT_DS15	CSPDR3_anthony	68	96	6528	0	0	CROSS_CID_ZERO
2005na	2008cf	56	178	KAIT_DS15	PS1_LOWZ_COMBINED_TEXT_DS17	68	31	2108	0	0	CROSS_CID_ZERO
2005na	2008gg	54	87	CSPDR3_anthony	LOSS	170	55	9350	0	0	CROSS_CID_ZERO
2005na	2008gg	55	87	CfA3_DJ20	LOSS	92	55	5060	0	0	CROSS_CID_ZERO
2005na	2008gg	55	88	CfA3_DJ20	CSPDR3_anthony	92	198	18216	0	0	CROSS_CID_ZERO
2005na	2008gg	56	88	KAIT_DS15	CSPDR3_anthony	68	198	13464	0	0	CROSS_CID_ZERO
2005na	2008hj	54	136	CSPDR3_anthony	PS1_LOWZ_COMBINED_TEXT_DS17	170	16	2720	0	0	CROSS_CID_ZERO
2005na	2008hj	55	135	CfA3_DJ20	CSPDR3_anthony	92	127	11684	0	0	CROSS_CID_ZERO
2005na	2008hj	56	135	KAIT_DS15	CSPDR3_anthony	68	127	8636	0	0	CROSS_CID_ZERO
2005na	2008hj	56	136	KAIT_DS15	PS1_LOWZ_COMBINED_TEXT_DS17	68	16	1088	0	0	CROSS_CID_ZERO
2005na	2009ad	54	64	CSPDR3_anthony	PS1_LOWZ_COMBINED_TEXT_DS17	170	74	12580	0	0	CROSS_CID_ZERO
2005na	2009ad	55	65	CfA3_DJ20	CSPDR3_anthony	92	128	11776	0	0	CROSS_CID_ZERO
2005na	2009ad	56	64	KAIT_DS15	PS1_LOWZ_COMBINED_TEXT_DS17	68	74	5032	0	0	CROSS_CID_ZERO
2005na	2009ad	56	65	KAIT_DS15	CSPDR3_anthony	68	128	8704	0	0	CROSS_CID_ZERO
2006ac	1999gp	16	45	KAIT_DS15	PS1_LOWZ_COMBINED_TEXT_DS17	31	190	5890	0	0	CROSS_CID_ZERO
2006ac	1999gp	17	46	CfA3_DJ20	KAIT_DS15	145	87	12615	0	0	CROSS_CID_ZERO
2006ac	2001eh	16	140	KAIT_DS15	CfA3_DJ20	31	93	2883	0	0	CROSS_CID_ZERO
2006ac	2001eh	17	139	CfA3_DJ20	KAIT_DS15	145	116	16820	0	0	CROSS_CID_ZERO
2006ac	2003fa	16	156	KAIT_DS15	CfA3_DJ20	31	92	2852	0	0	CROSS_CID_ZERO
2006ac	2003fa	17	155	CfA3_DJ20	KAIT_DS15	145	150	21750	0	0	CROSS_CID_ZERO
2006ac	2004as	16	110	KAIT_DS15	CfA3_DJ20	31	51	1581	0	0	CROSS_CID_ZERO
2006ac	2004as	17	109	CfA3_DJ20	KAIT_DS15	145	91	13195	0	0	CROSS_CID_ZERO
2006ac	2004ef	16	82	KAIT_DS15	CSPDR3_anthony	31	278	8618	0	0	CROSS_CID_ZERO
2006ac	2004ef	16	83	KAIT_DS15	CfA3_DJ20	31	32	992	0	0	CROSS_CID_ZERO
2006ac	2004ef	17	81	CfA3_DJ20	KAIT_DS15	145	97	14065	0	0	CROSS_CID_ZERO
2006ac	2004ef	17	82	CfA3_DJ20	CSPDR3_anthony	145	278	40310	0	0	CROSS_CID_ZERO
2006ac	2005M	16	41	KAIT_DS15	CSPDR3_anthony	31	381	11811	0	0	CROSS_CID_ZERO
2006ac	2005M	16	42	KAIT_DS15	CfA3_DJ20	31	26	806	0	0	CROSS_CID_ZERO
2006ac	2005M	17	40	CfA3_DJ20	KAIT_DS15	145	79	11455	0	0	CROSS_CID_ZERO
2006ac	2005M	17	41	CfA3_DJ20	CSPDR3_anthony	145	381	55245	0	0	CROSS_CID_ZERO
2006ac	2005eq	16	62	KAIT_DS15	CSPDR3_anthony	31	211	6541	0	0	CROSS_CID_ZERO
2006ac	2005eq	16	63	KAIT_DS15	CfA3_DJ20	31	141	4371	0	0	CROSS_CID_ZERO
2006ac	2005eq	17	61	CfA3_DJ20	KAIT_DS15	145	87	12615	0	0	CROSS_CID_ZERO
2006ac	2005eq	17	62	CfA3_DJ20	CSPDR3_anthony	145	211	30595	0	0	CROSS_CID_ZERO
2006ac	2005hc	16	172	KAIT_DS15	CfA3_DJ20	31	111	3441	0	0	CROSS_CID_ZERO
2006ac	2005hc	16	173	KAIT_DS15	CSPDR3_anthony	31	163	5053	0	0	CROSS_CID_ZERO
2006ac	2005hc	17	173	CfA3_DJ20	CSPDR3_anthony	145	163	23635	0	0	CROSS_CID_ZERO
2006ac	2005iq	16	113	KAIT_DS15	CfA3_DJ20	31	67	2077	0	0	CROSS_CID_ZERO
2006ac	2005iq	16	114	KAIT_DS15	CSPDR3_anthony	31	154	4774	0	0	CROSS_CID_ZERO
2006ac	2005iq	17	114	CfA3_DJ20	CSPDR3_anthony	145	154	22330	0	0	CROSS_CID_ZERO
2006ac	2005na	16	54	KAIT_DS15	CSPDR3_anthony	31	170	5270	0	0	CROSS_CID_ZERO
2006ac	2005na	16	55	KAIT_DS15	CfA3_DJ20	31	92	2852	0	0	CROSS_CID_ZERO
2006ac	2005na	17	54	CfA3_DJ20	CSPDR3_anthony	145	170	24650	0	0	CROSS_CID_ZERO
2006ac	2005na	17	56	CfA3_DJ20	KAIT_DS15	145	68	9860	0	0	CROSS_CID_ZERO
2006ac	2006en	16	98	KAIT_DS15	CfA3_DJ20	31	58	1798	0	0	CROSS_CID_ZERO
2006ac	2006en	17	97	CfA3_DJ20	KAIT_DS15	145	65	9425	0	0	CROSS_CID_ZERO
2006ac	2006gr	16	121	KAIT_DS15	CfA3_DJ20	31	129	3999	0	0	CROSS_CID_ZERO
2006ac	2006gr	17	120	CfA3_DJ20	KAIT_DS15	145	72	10440	0	0	CROSS_CID_ZERO
2006ac	2007O	16	148	KAIT_DS15	CfA3_DJ20	31	55	1705	0	0	CROSS_CID_ZERO
2006ac	2007O	17	147	CfA3_DJ20	KAIT_DS15	145	34	4930	0	0	CROSS_CID_ZERO
2006ac	2007bd	16	91	KAIT_DS15	CSPDR3_anthony	31	110	3410	0	0	CROSS_CID_ZERO
2006ac	2007bd	16	92	KAIT_DS15	CfA3_DJ20	31	46	1426	0	0	CROSS_CID_ZERO
2006ac	2007bd	17	90	CfA3_DJ20	LOSS	145	20	2900	0	0	CROSS_CID_ZERO
2006ac	2007bd	17	91	CfA3_DJ20	CSPDR3_anthony	145	110	15950	0	0	CROSS_CID_ZERO
2006ac	2007co	16	51	KAIT_DS15	SWIFT	31	44	1364	0	0	CROSS_CID_ZERO
2006ac	2007co	16	52	KAIT_DS15	CfA3_DJ20	31	122	3782	0	0	CROSS_CID_ZERO
2006ac	2007co	17	50	CfA3_DJ20	KAIT_DS15	145	94	13630	0	0	CROSS_CID_ZERO
2006ac	2007co	17	51	CfA3_DJ20	SWIFT	145	44	6380	0	0	CROSS_CID_ZERO
2006ac	2007cq	16	28	KAIT_DS15	SWIFT	31	64	1984	0	0	CROSS_CID_ZERO
2006ac	2007cq	16	29	KAIT_DS15	CfA3_DJ20	31	111	3441	0	0	CROSS_CID_ZERO
2006ac	2007cq	17	28	CfA3_DJ20	SWIFT	145	64	9280	0	0	CROSS_CID_ZERO
2006ac	2007cq	17	31	CfA3_DJ20	KAIT_DS15	145	91	13195	0	0	CROSS_CID_ZERO
2006ac	2007jg	16	145	KAIT_DS15	CSPDR3_anthony	31	113	3503	0	0	CROSS_CID_ZERO
2006ac	2007jg	17	144	CfA3_DJ20	LOSS	145	69	10005	0	0	CROSS_CID_ZERO
2006ac	2007jg	17	145	CfA3_DJ20	CSPDR3_anthony	145	113	16385	0	0	CROSS_CID_ZERO
2006ac	2007kk	16	164	KAIT_DS15	PS1_LOWZ_COMBINED_TEXT_DS17	31	123	3813	0	0	CROSS_CID_ZERO
2006ac	2007kk	17	163	CfA3_DJ20	LOSS	145	85	12325	0	0	CROSS_CID_ZERO
2006ac	2008Y	16	214	KAIT_DS15	PS1_LOWZ_COMBINED_TEXT_DS17	31	66	2046	0	0	CROSS_CID_ZERO
2006ac	2008Y	17	213	CfA3_DJ20	LOSS	145	22	3190	0	0	CROSS_CID_ZERO
2006ac	2008ar	16	67	KAIT_DS15	CSPDR3_anthony	31	132	4092	0	0	CROSS_CID_ZERO
2006ac	2008ar	16	68	KAIT_DS15	PS1_LOWZ_COMBINED_TEXT_DS17	31	104	3224	0	0	CROSS_CID_ZERO
2006ac	2008ar	17	66	CfA3_DJ20	KAIT_DS15	145	72	10440	0	0	CROSS_CID_ZERO
2006ac	2008ar	17	67	CfA3_DJ20	CSPDR3_anthony	145	132	19140	0	0	CROSS_CID_ZERO
2006ac	2008bz	16	204	KAIT_DS15	CSPDR3_anthony	31	70	2170	0	0	CROSS_CID_ZERO
2006ac	2008bz	16	205	KAIT_DS15	PS1_LOWZ_COMBINED_TEXT_DS17	31	43	1333	0	0	CROSS_CID_ZERO
2006ac	2008bz	17	204	CfA3_DJ20	CSPDR3_anthony	145	70	10150	0	0	CROSS_CID_ZERO
2006ac	2008cf	16	177	KAIT_DS15	CSPDR3_anthony	31	96	2976	0	0	CROSS_CID_ZERO
2006ac	2008cf	16	178	KAIT_DS15	PS1_LOWZ_COMBINED_TEXT_DS17	31	31	961	0	0	CROSS_CID_ZERO
2006ac	2008cf	17	177	CfA3_DJ20	CSPDR3_anthony	145	96	13920	0	0	CROSS_CID_ZERO
2006ac	2008gg	16	88	KAIT_DS15	CSPDR3_anthony	31	198	6138	0	0	CROSS_CID_ZERO
2006ac	2008gg	17	87	CfA3_DJ20	LOSS	145	55	7975	0	0	CROSS_CID_ZERO
2006ac	2008gg	17	88	CfA3_DJ20	CSPDR3_anthony	145	198	28710	0	0	CROSS_CID_ZERO
2006ac	2008hj	16	135	KAIT_DS15	CSPDR3_anthony	31	127	3937	0	0	CROSS_CID_ZERO
2006ac	2008hj	16	136	KAIT_DS15	PS1_LOWZ_COMBINED_TEXT_DS17	31	16	496	0	0	CROSS_CID_ZERO
2006ac	2008hj	17	135	CfA3_DJ20	CSPDR3_anthony	145	127	18415	0	0	CROSS_CID_ZERO
2006ac	2009D	16	20	KAIT_DS15	CSPDR3_anthony	31	176	5456	0	0	CROSS_CID_ZERO
2006ac	2009D	16	22	KAIT_DS15	PS1_LOWZ_COMBINED_TEXT_DS17	31	68	2108	0	0	CROSS_CID_ZERO
2006ac	2009D	17	20	CfA3_DJ20	CSPDR3_anthony	145	176	25520	0	0	CROSS_CID_ZERO
2006ac	2009D	17	21	CfA3_DJ20	LOSS	145	11	1595	0	0	CROSS_CID_ZERO
2006ac	2009ad	16	64	KAIT_DS15	PS1_LOWZ_COMBINED_TEXT_DS17	31	74	2294	0	0	CROSS_CID_ZERO
2006ac	2009ad	16	65	KAIT_DS15	CSPDR3_anthony	31	128	3968	0	0	CROSS_CID_ZERO
2006ac	2009ad	17	65	CfA3_DJ20	CSPDR3_anthony	145	128	18560	0	0	CROSS_CID_ZERO
2006en	2001eh	97	140	KAIT_DS15	CfA3_DJ20	65	93	6045	0	0	CROSS_CID_ZERO
2006en	2001eh	98	139	CfA3_DJ20	KAIT_DS15	58	116	6728	0	0	CROSS_CID_ZERO
2006en	2003fa	97	156	KAIT_DS15	CfA3_DJ20	65	92	5980	0	0	CROSS_CID_ZERO
2006en	2003fa	98	155	CfA3_DJ20	KAIT_DS15	58	150	8700	0	0	CROSS_CID_ZERO
2006en	2004as	97	110	KAIT_DS15	CfA3_DJ20	65	51	3315	0	0	CROSS_CID_ZERO
2006en	2004as	98	109	CfA3_DJ20	KAIT_DS15	58	91	5278	1	1	CROSS_CID_POSITIVE
2006en	2005hc	97	172	KAIT_DS15	CfA3_DJ20	65	111	7215	0	0	CROSS_CID_ZERO
2006en	2005hc	97	173	KAIT_DS15	CSPDR3_anthony	65	163	10595	0	0	CROSS_CID_ZERO
2006en	2005hc	98	173	CfA3_DJ20	CSPDR3_anthony	58	163	9454	0	0	CROSS_CID_ZERO
2006en	2005iq	97	113	KAIT_DS15	CfA3_DJ20	65	67	4355	0	0	CROSS_CID_ZERO
2006en	2005iq	97	114	KAIT_DS15	CSPDR3_anthony	65	154	10010	0	0	CROSS_CID_ZERO
2006en	2005iq	98	114	CfA3_DJ20	CSPDR3_anthony	58	154	8932	0	0	CROSS_CID_ZERO
2006en	2006gr	97	121	KAIT_DS15	CfA3_DJ20	65	129	8385	0	0	CROSS_CID_ZERO
2006en	2006gr	98	120	CfA3_DJ20	KAIT_DS15	58	72	4176	0	0	CROSS_CID_ZERO
2006en	2007O	97	148	KAIT_DS15	CfA3_DJ20	65	55	3575	0	0	CROSS_CID_ZERO
2006en	2007O	98	147	CfA3_DJ20	KAIT_DS15	58	34	1972	0	0	CROSS_CID_ZERO
2006en	2007jg	97	145	KAIT_DS15	CSPDR3_anthony	65	113	7345	0	0	CROSS_CID_ZERO
2006en	2007jg	98	144	CfA3_DJ20	LOSS	58	69	4002	0	0	CROSS_CID_ZERO
2006en	2007jg	98	145	CfA3_DJ20	CSPDR3_anthony	58	113	6554	0	0	CROSS_CID_ZERO
2006en	2007kk	97	164	KAIT_DS15	PS1_LOWZ_COMBINED_TEXT_DS17	65	123	7995	0	0	CROSS_CID_ZERO
2006en	2007kk	98	163	CfA3_DJ20	LOSS	58	85	4930	0	0	CROSS_CID_ZERO
2006en	2008Y	97	214	KAIT_DS15	PS1_LOWZ_COMBINED_TEXT_DS17	65	66	4290	0	0	CROSS_CID_ZERO
2006en	2008Y	98	213	CfA3_DJ20	LOSS	58	22	1276	0	0	CROSS_CID_ZERO
2006en	2008bz	97	204	KAIT_DS15	CSPDR3_anthony	65	70	4550	0	0	CROSS_CID_ZERO
2006en	2008bz	97	205	KAIT_DS15	PS1_LOWZ_COMBINED_TEXT_DS17	65	43	2795	0	0	CROSS_CID_ZERO
2006en	2008bz	98	204	CfA3_DJ20	CSPDR3_anthony	58	70	4060	0	0	CROSS_CID_ZERO
2006en	2008cf	97	177	KAIT_DS15	CSPDR3_anthony	65	96	6240	0	0	CROSS_CID_ZERO
2006en	2008cf	97	178	KAIT_DS15	PS1_LOWZ_COMBINED_TEXT_DS17	65	31	2015	0	0	CROSS_CID_ZERO
2006en	2008cf	98	177	CfA3_DJ20	CSPDR3_anthony	58	96	5568	0	0	CROSS_CID_ZERO
2006en	2008hj	97	135	KAIT_DS15	CSPDR3_anthony	65	127	8255	0	0	CROSS_CID_ZERO
2006en	2008hj	97	136	KAIT_DS15	PS1_LOWZ_COMBINED_TEXT_DS17	65	16	1040	0	0	CROSS_CID_ZERO
2006en	2008hj	98	135	CfA3_DJ20	CSPDR3_anthony	58	127	7366	0	0	CROSS_CID_ZERO
2006gr	2001eh	120	140	KAIT_DS15	CfA3_DJ20	72	93	6696	0	0	CROSS_CID_ZERO
2006gr	2001eh	121	139	CfA3_DJ20	KAIT_DS15	129	116	14964	0	0	CROSS_CID_ZERO
2006gr	2003fa	120	156	KAIT_DS15	CfA3_DJ20	72	92	6624	0	0	CROSS_CID_ZERO
2006gr	2003fa	121	155	CfA3_DJ20	KAIT_DS15	129	150	19350	0	0	CROSS_CID_ZERO
2006gr	2005hc	120	172	KAIT_DS15	CfA3_DJ20	72	111	7992	0	0	CROSS_CID_ZERO
2006gr	2005hc	120	173	KAIT_DS15	CSPDR3_anthony	72	163	11736	0	0	CROSS_CID_ZERO
2006gr	2005hc	121	173	CfA3_DJ20	CSPDR3_anthony	129	163	21027	0	0	CROSS_CID_ZERO
2006gr	2007O	120	148	KAIT_DS15	CfA3_DJ20	72	55	3960	0	0	CROSS_CID_ZERO
2006gr	2007O	121	147	CfA3_DJ20	KAIT_DS15	129	34	4386	0	0	CROSS_CID_ZERO
2006gr	2007jg	120	145	KAIT_DS15	CSPDR3_anthony	72	113	8136	0	0	CROSS_CID_ZERO
2006gr	2007jg	121	144	CfA3_DJ20	LOSS	129	69	8901	0	0	CROSS_CID_ZERO
2006gr	2007jg	121	145	CfA3_DJ20	CSPDR3_anthony	129	113	14577	0	0	CROSS_CID_ZERO
2006gr	2007kk	120	164	KAIT_DS15	PS1_LOWZ_COMBINED_TEXT_DS17	72	123	8856	0	0	CROSS_CID_ZERO
2006gr	2007kk	121	163	CfA3_DJ20	LOSS	129	85	10965	0	0	CROSS_CID_ZERO
2006gr	2008Y	120	214	KAIT_DS15	PS1_LOWZ_COMBINED_TEXT_DS17	72	66	4752	0	0	CROSS_CID_ZERO
2006gr	2008Y	121	213	CfA3_DJ20	LOSS	129	22	2838	0	0	CROSS_CID_ZERO
2006gr	2008bz	120	204	KAIT_DS15	CSPDR3_anthony	72	70	5040	0	0	CROSS_CID_ZERO
2006gr	2008bz	120	205	KAIT_DS15	PS1_LOWZ_COMBINED_TEXT_DS17	72	43	3096	0	0	CROSS_CID_ZERO
2006gr	2008bz	121	204	CfA3_DJ20	CSPDR3_anthony	129	70	9030	0	0	CROSS_CID_ZERO
2006gr	2008cf	120	177	KAIT_DS15	CSPDR3_anthony	72	96	6912	0	0	CROSS_CID_ZERO
2006gr	2008cf	120	178	KAIT_DS15	PS1_LOWZ_COMBINED_TEXT_DS17	72	31	2232	0	0	CROSS_CID_ZERO
2006gr	2008cf	121	177	CfA3_DJ20	CSPDR3_anthony	129	96	12384	0	0	CROSS_CID_ZERO
2006gr	2008hj	120	135	KAIT_DS15	CSPDR3_anthony	72	127	9144	0	0	CROSS_CID_ZERO
2006gr	2008hj	120	136	KAIT_DS15	PS1_LOWZ_COMBINED_TEXT_DS17	72	16	1152	0	0	CROSS_CID_ZERO
2006gr	2008hj	121	135	CfA3_DJ20	CSPDR3_anthony	129	127	16383	0	0	CROSS_CID_ZERO
2007F	1999gp	14	45	LOSS	PS1_LOWZ_COMBINED_TEXT_DS17	100	190	19000	0	0	CROSS_CID_ZERO
2007F	1999gp	15	46	CfA3_DJ20	KAIT_DS15	127	87	11049	0	0	CROSS_CID_ZERO
2007F	2001eh	14	140	LOSS	CfA3_DJ20	100	93	9300	0	0	CROSS_CID_ZERO
2007F	2001eh	15	139	CfA3_DJ20	KAIT_DS15	127	116	14732	0	0	CROSS_CID_ZERO
2007F	2003fa	14	156	LOSS	CfA3_DJ20	100	92	9200	0	0	CROSS_CID_ZERO
2007F	2003fa	15	155	CfA3_DJ20	KAIT_DS15	127	150	19050	0	0	CROSS_CID_ZERO
2007F	2004as	14	110	LOSS	CfA3_DJ20	100	51	5100	0	0	CROSS_CID_ZERO
2007F	2004as	15	109	CfA3_DJ20	KAIT_DS15	127	91	11557	0	0	CROSS_CID_ZERO
2007F	2004ef	14	82	LOSS	CSPDR3_anthony	100	278	27800	0	0	CROSS_CID_ZERO
2007F	2004ef	14	83	LOSS	CfA3_DJ20	100	32	3200	0	0	CROSS_CID_ZERO
2007F	2004ef	15	81	CfA3_DJ20	KAIT_DS15	127	97	12319	0	0	CROSS_CID_ZERO
2007F	2004ef	15	82	CfA3_DJ20	CSPDR3_anthony	127	278	35306	0	0	CROSS_CID_ZERO
2007F	2005M	14	41	LOSS	CSPDR3_anthony	100	381	38100	0	0	CROSS_CID_ZERO
2007F	2005M	14	42	LOSS	CfA3_DJ20	100	26	2600	0	0	CROSS_CID_ZERO
2007F	2005M	15	40	CfA3_DJ20	KAIT_DS15	127	79	10033	0	0	CROSS_CID_ZERO
2007F	2005M	15	41	CfA3_DJ20	CSPDR3_anthony	127	381	48387	0	0	CROSS_CID_ZERO
2007F	2005eq	14	62	LOSS	CSPDR3_anthony	100	211	21100	0	0	CROSS_CID_ZERO
2007F	2005eq	14	63	LOSS	CfA3_DJ20	100	141	14100	0	0	CROSS_CID_ZERO
2007F	2005eq	15	61	CfA3_DJ20	KAIT_DS15	127	87	11049	1	1	CROSS_CID_POSITIVE
2007F	2005eq	15	62	CfA3_DJ20	CSPDR3_anthony	127	211	26797	0	0	CROSS_CID_ZERO
2007F	2005hc	14	172	LOSS	CfA3_DJ20	100	111	11100	0	0	CROSS_CID_ZERO
2007F	2005hc	14	173	LOSS	CSPDR3_anthony	100	163	16300	0	0	CROSS_CID_ZERO
2007F	2005hc	15	173	CfA3_DJ20	CSPDR3_anthony	127	163	20701	0	0	CROSS_CID_ZERO
2007F	2005iq	14	113	LOSS	CfA3_DJ20	100	67	6700	0	0	CROSS_CID_ZERO
2007F	2005iq	14	114	LOSS	CSPDR3_anthony	100	154	15400	0	0	CROSS_CID_ZERO
2007F	2005iq	15	114	CfA3_DJ20	CSPDR3_anthony	127	154	19558	0	0	CROSS_CID_ZERO
2007F	2005na	14	54	LOSS	CSPDR3_anthony	100	170	17000	0	0	CROSS_CID_ZERO
2007F	2005na	14	55	LOSS	CfA3_DJ20	100	92	9200	0	0	CROSS_CID_ZERO
2007F	2005na	15	54	CfA3_DJ20	CSPDR3_anthony	127	170	21590	0	0	CROSS_CID_ZERO
2007F	2005na	15	56	CfA3_DJ20	KAIT_DS15	127	68	8636	0	0	CROSS_CID_ZERO
2007F	2006ac	14	17	LOSS	CfA3_DJ20	100	145	14500	0	0	CROSS_CID_ZERO
2007F	2006ac	15	16	CfA3_DJ20	KAIT_DS15	127	31	3937	0	0	CROSS_CID_ZERO
2007F	2006en	14	98	LOSS	CfA3_DJ20	100	58	5800	0	0	CROSS_CID_ZERO
2007F	2006en	15	97	CfA3_DJ20	KAIT_DS15	127	65	8255	0	0	CROSS_CID_ZERO
2007F	2006gr	14	121	LOSS	CfA3_DJ20	100	129	12900	0	0	CROSS_CID_ZERO
2007F	2006gr	15	120	CfA3_DJ20	KAIT_DS15	127	72	9144	0	0	CROSS_CID_ZERO
2007F	2007O	14	148	LOSS	CfA3_DJ20	100	55	5500	0	0	CROSS_CID_ZERO
2007F	2007O	15	147	CfA3_DJ20	KAIT_DS15	127	34	4318	0	0	CROSS_CID_ZERO
2007F	2007bd	14	91	LOSS	CSPDR3_anthony	100	110	11000	0	0	CROSS_CID_ZERO
2007F	2007bd	14	92	LOSS	CfA3_DJ20	100	46	4600	0	0	CROSS_CID_ZERO
2007F	2007bd	15	90	CfA3_DJ20	LOSS	127	20	2540	0	0	CROSS_CID_ZERO
2007F	2007bd	15	91	CfA3_DJ20	CSPDR3_anthony	127	110	13970	0	0	CROSS_CID_ZERO
2007F	2007co	14	52	LOSS	CfA3_DJ20	100	122	12200	0	0	CROSS_CID_ZERO
2007F	2007co	15	50	CfA3_DJ20	KAIT_DS15	127	94	11938	0	0	CROSS_CID_ZERO
2007F	2007co	15	51	CfA3_DJ20	SWIFT	127	44	5588	0	0	CROSS_CID_ZERO
2007F	2007cq	14	29	LOSS	CfA3_DJ20	100	111	11100	0	0	CROSS_CID_ZERO
2007F	2007cq	15	28	CfA3_DJ20	SWIFT	127	64	8128	0	0	CROSS_CID_ZERO
2007F	2007cq	15	31	CfA3_DJ20	KAIT_DS15	127	91	11557	0	0	CROSS_CID_ZERO
2007F	2007jg	14	145	LOSS	CSPDR3_anthony	100	113	11300	0	0	CROSS_CID_ZERO
2007F	2007jg	15	144	CfA3_DJ20	LOSS	127	69	8763	0	0	CROSS_CID_ZERO
2007F	2007jg	15	145	CfA3_DJ20	CSPDR3_anthony	127	113	14351	0	0	CROSS_CID_ZERO
2007F	2007kk	14	164	LOSS	PS1_LOWZ_COMBINED_TEXT_DS17	100	123	12300	0	0	CROSS_CID_ZERO
2007F	2007kk	15	163	CfA3_DJ20	LOSS	127	85	10795	0	0	CROSS_CID_ZERO
2007F	2008Y	14	214	LOSS	PS1_LOWZ_COMBINED_TEXT_DS17	100	66	6600	0	0	CROSS_CID_ZERO
2007F	2008Y	15	213	CfA3_DJ20	LOSS	127	22	2794	0	0	CROSS_CID_ZERO
2007F	2008ar	14	67	LOSS	CSPDR3_anthony	100	132	13200	0	0	CROSS_CID_ZERO
2007F	2008ar	14	68	LOSS	PS1_LOWZ_COMBINED_TEXT_DS17	100	104	10400	0	0	CROSS_CID_ZERO
2007F	2008ar	15	66	CfA3_DJ20	KAIT_DS15	127	72	9144	0	0	CROSS_CID_ZERO
2007F	2008ar	15	67	CfA3_DJ20	CSPDR3_anthony	127	132	16764	0	0	CROSS_CID_ZERO
2007F	2008bz	14	204	LOSS	CSPDR3_anthony	100	70	7000	0	0	CROSS_CID_ZERO
2007F	2008bz	14	205	LOSS	PS1_LOWZ_COMBINED_TEXT_DS17	100	43	4300	0	0	CROSS_CID_ZERO
2007F	2008bz	15	204	CfA3_DJ20	CSPDR3_anthony	127	70	8890	0	0	CROSS_CID_ZERO
2007F	2008cf	14	177	LOSS	CSPDR3_anthony	100	96	9600	0	0	CROSS_CID_ZERO
2007F	2008cf	14	178	LOSS	PS1_LOWZ_COMBINED_TEXT_DS17	100	31	3100	0	0	CROSS_CID_ZERO
2007F	2008cf	15	177	CfA3_DJ20	CSPDR3_anthony	127	96	12192	0	0	CROSS_CID_ZERO
2007F	2008gg	14	88	LOSS	CSPDR3_anthony	100	198	19800	0	0	CROSS_CID_ZERO
2007F	2008gg	15	87	CfA3_DJ20	LOSS	127	55	6985	0	0	CROSS_CID_ZERO
2007F	2008gg	15	88	CfA3_DJ20	CSPDR3_anthony	127	198	25146	0	0	CROSS_CID_ZERO
2007F	2008hj	14	135	LOSS	CSPDR3_anthony	100	127	12700	0	0	CROSS_CID_ZERO
2007F	2008hj	14	136	LOSS	PS1_LOWZ_COMBINED_TEXT_DS17	100	16	1600	0	0	CROSS_CID_ZERO
2007F	2008hj	15	135	CfA3_DJ20	CSPDR3_anthony	127	127	16129	0	0	CROSS_CID_ZERO
2007F	2009D	14	20	LOSS	CSPDR3_anthony	100	176	17600	0	0	CROSS_CID_ZERO
2007F	2009D	14	22	LOSS	PS1_LOWZ_COMBINED_TEXT_DS17	100	68	6800	0	0	CROSS_CID_ZERO
2007F	2009D	15	20	CfA3_DJ20	CSPDR3_anthony	127	176	22352	0	0	CROSS_CID_ZERO
2007F	2009D	15	21	CfA3_DJ20	LOSS	127	11	1397	0	0	CROSS_CID_ZERO
2007F	2009ad	14	64	LOSS	PS1_LOWZ_COMBINED_TEXT_DS17	100	74	7400	0	0	CROSS_CID_ZERO
2007F	2009ad	14	65	LOSS	CSPDR3_anthony	100	128	12800	0	0	CROSS_CID_ZERO
2007F	2009ad	15	65	CfA3_DJ20	CSPDR3_anthony	127	128	16256	0	0	CROSS_CID_ZERO
2007O	2003fa	147	156	KAIT_DS15	CfA3_DJ20	34	92	3128	0	0	CROSS_CID_ZERO
2007O	2003fa	148	155	CfA3_DJ20	KAIT_DS15	55	150	8250	0	0	CROSS_CID_ZERO
2007O	2005hc	147	172	KAIT_DS15	CfA3_DJ20	34	111	3774	0	0	CROSS_CID_ZERO
2007O	2005hc	147	173	KAIT_DS15	CSPDR3_anthony	34	163	5542	0	0	CROSS_CID_ZERO
2007O	2005hc	148	173	CfA3_DJ20	CSPDR3_anthony	55	163	8965	0	0	CROSS_CID_ZERO
2007O	2007kk	147	164	KAIT_DS15	PS1_LOWZ_COMBINED_TEXT_DS17	34	123	4182	0	0	CROSS_CID_ZERO
2007O	2007kk	148	163	CfA3_DJ20	LOSS	55	85	4675	0	0	CROSS_CID_ZERO
2007O	2008Y	147	214	KAIT_DS15	PS1_LOWZ_COMBINED_TEXT_DS17	34	66	2244	0	0	CROSS_CID_ZERO
2007O	2008Y	148	213	CfA3_DJ20	LOSS	55	22	1210	0	0	CROSS_CID_ZERO
2007O	2008bz	147	204	KAIT_DS15	CSPDR3_anthony	34	70	2380	0	0	CROSS_CID_ZERO
2007O	2008bz	147	205	KAIT_DS15	PS1_LOWZ_COMBINED_TEXT_DS17	34	43	1462	0	0	CROSS_CID_ZERO
2007O	2008bz	148	204	CfA3_DJ20	CSPDR3_anthony	55	70	3850	0	0	CROSS_CID_ZERO
2007O	2008cf	147	177	KAIT_DS15	CSPDR3_anthony	34	96	3264	0	0	CROSS_CID_ZERO
2007O	2008cf	147	178	KAIT_DS15	PS1_LOWZ_COMBINED_TEXT_DS17	34	31	1054	0	0	CROSS_CID_ZERO
2007O	2008cf	148	177	CfA3_DJ20	CSPDR3_anthony	55	96	5280	0	0	CROSS_CID_ZERO
2007bd	2001eh	90	140	LOSS	CfA3_DJ20	20	93	1860	0	0	CROSS_CID_ZERO
2007bd	2001eh	91	139	CSPDR3_anthony	KAIT_DS15	110	116	12760	0	0	CROSS_CID_ZERO
2007bd	2001eh	91	140	CSPDR3_anthony	CfA3_DJ20	110	93	10230	0	0	CROSS_CID_ZERO
2007bd	2001eh	92	139	CfA3_DJ20	KAIT_DS15	46	116	5336	0	0	CROSS_CID_ZERO
2007bd	2003fa	90	156	LOSS	CfA3_DJ20	20	92	1840	0	0	CROSS_CID_ZERO
2007bd	2003fa	91	155	CSPDR3_anthony	KAIT_DS15	110	150	16500	0	0	CROSS_CID_ZERO
2007bd	2003fa	91	156	CSPDR3_anthony	CfA3_DJ20	110	92	10120	0	0	CROSS_CID_ZERO
2007bd	2003fa	92	155	CfA3_DJ20	KAIT_DS15	46	150	6900	0	0	CROSS_CID_ZERO
2007bd	2004as	90	110	LOSS	CfA3_DJ20	20	51	1020	0	0	CROSS_CID_ZERO
2007bd	2004as	91	109	CSPDR3_anthony	KAIT_DS15	110	91	10010	0	0	CROSS_CID_ZERO
2007bd	2004as	91	110	CSPDR3_anthony	CfA3_DJ20	110	51	5610	0	0	CROSS_CID_ZERO
2007bd	2004as	92	109	CfA3_DJ20	KAIT_DS15	46	91	4186	0	0	CROSS_CID_ZERO
2007bd	2005hc	90	172	LOSS	CfA3_DJ20	20	111	2220	0	0	CROSS_CID_ZERO
2007bd	2005hc	90	173	LOSS	CSPDR3_anthony	20	163	3260	0	0	CROSS_CID_ZERO
2007bd	2005hc	91	172	CSPDR3_anthony	CfA3_DJ20	110	111	12210	1	1	CROSS_CID_POSITIVE
2007bd	2005hc	92	173	CfA3_DJ20	CSPDR3_anthony	46	163	7498	0	0	CROSS_CID_ZERO
2007bd	2005iq	90	113	LOSS	CfA3_DJ20	20	67	1340	0	0	CROSS_CID_ZERO
2007bd	2005iq	90	114	LOSS	CSPDR3_anthony	20	154	3080	0	0	CROSS_CID_ZERO
2007bd	2005iq	91	113	CSPDR3_anthony	CfA3_DJ20	110	67	7370	0	0	CROSS_CID_ZERO
2007bd	2005iq	92	114	CfA3_DJ20	CSPDR3_anthony	46	154	7084	0	0	CROSS_CID_ZERO
2007bd	2006en	90	98	LOSS	CfA3_DJ20	20	58	1160	0	0	CROSS_CID_ZERO
2007bd	2006en	91	97	CSPDR3_anthony	KAIT_DS15	110	65	7150	0	0	CROSS_CID_ZERO
2007bd	2006en	91	98	CSPDR3_anthony	CfA3_DJ20	110	58	6380	0	0	CROSS_CID_ZERO
2007bd	2006en	92	97	CfA3_DJ20	KAIT_DS15	46	65	2990	0	0	CROSS_CID_ZERO
2007bd	2006gr	90	121	LOSS	CfA3_DJ20	20	129	2580	0	0	CROSS_CID_ZERO
2007bd	2006gr	91	120	CSPDR3_anthony	KAIT_DS15	110	72	7920	0	0	CROSS_CID_ZERO
2007bd	2006gr	91	121	CSPDR3_anthony	CfA3_DJ20	110	129	14190	0	0	CROSS_CID_ZERO
2007bd	2006gr	92	120	CfA3_DJ20	KAIT_DS15	46	72	3312	0	0	CROSS_CID_ZERO
2007bd	2007O	90	148	LOSS	CfA3_DJ20	20	55	1100	0	0	CROSS_CID_ZERO
2007bd	2007O	91	147	CSPDR3_anthony	KAIT_DS15	110	34	3740	0	0	CROSS_CID_ZERO
2007bd	2007O	91	148	CSPDR3_anthony	CfA3_DJ20	110	55	6050	0	0	CROSS_CID_ZERO
2007bd	2007O	92	147	CfA3_DJ20	KAIT_DS15	46	34	1564	0	0	CROSS_CID_ZERO
2007bd	2007jg	90	145	LOSS	CSPDR3_anthony	20	113	2260	0	0	CROSS_CID_ZERO
2007bd	2007jg	91	144	CSPDR3_anthony	LOSS	110	69	7590	0	0	CROSS_CID_ZERO
2007bd	2007jg	92	144	CfA3_DJ20	LOSS	46	69	3174	0	0	CROSS_CID_ZERO
2007bd	2007jg	92	145	CfA3_DJ20	CSPDR3_anthony	46	113	5198	0	0	CROSS_CID_ZERO
2007bd	2007kk	90	164	LOSS	PS1_LOWZ_COMBINED_TEXT_DS17	20	123	2460	0	0	CROSS_CID_ZERO
2007bd	2007kk	91	163	CSPDR3_anthony	LOSS	110	85	9350	0	0	CROSS_CID_ZERO
2007bd	2007kk	91	164	CSPDR3_anthony	PS1_LOWZ_COMBINED_TEXT_DS17	110	123	13530	0	0	CROSS_CID_ZERO
2007bd	2007kk	92	163	CfA3_DJ20	LOSS	46	85	3910	0	0	CROSS_CID_ZERO
2007bd	2008Y	90	214	LOSS	PS1_LOWZ_COMBINED_TEXT_DS17	20	66	1320	0	0	CROSS_CID_ZERO
2007bd	2008Y	91	213	CSPDR3_anthony	LOSS	110	22	2420	0	0	CROSS_CID_ZERO
2007bd	2008Y	91	214	CSPDR3_anthony	PS1_LOWZ_COMBINED_TEXT_DS17	110	66	7260	0	0	CROSS_CID_ZERO
2007bd	2008Y	92	213	CfA3_DJ20	LOSS	46	22	1012	0	0	CROSS_CID_ZERO
2007bd	2008bz	90	204	LOSS	CSPDR3_anthony	20	70	1400	0	0	CROSS_CID_ZERO
2007bd	2008bz	90	205	LOSS	PS1_LOWZ_COMBINED_TEXT_DS17	20	43	860	0	0	CROSS_CID_ZERO
2007bd	2008bz	91	205	CSPDR3_anthony	PS1_LOWZ_COMBINED_TEXT_DS17	110	43	4730	0	0	CROSS_CID_ZERO
2007bd	2008bz	92	204	CfA3_DJ20	CSPDR3_anthony	46	70	3220	0	0	CROSS_CID_ZERO
2007bd	2008cf	90	177	LOSS	CSPDR3_anthony	20	96	1920	0	0	CROSS_CID_ZERO
2007bd	2008cf	90	178	LOSS	PS1_LOWZ_COMBINED_TEXT_DS17	20	31	620	0	0	CROSS_CID_ZERO
2007bd	2008cf	91	178	CSPDR3_anthony	PS1_LOWZ_COMBINED_TEXT_DS17	110	31	3410	0	0	CROSS_CID_ZERO
2007bd	2008cf	92	177	CfA3_DJ20	CSPDR3_anthony	46	96	4416	0	0	CROSS_CID_ZERO
2007bd	2008hj	90	135	LOSS	CSPDR3_anthony	20	127	2540	0	0	CROSS_CID_ZERO
2007bd	2008hj	90	136	LOSS	PS1_LOWZ_COMBINED_TEXT_DS17	20	16	320	0	0	CROSS_CID_ZERO
2007bd	2008hj	91	136	CSPDR3_anthony	PS1_LOWZ_COMBINED_TEXT_DS17	110	16	1760	0	0	CROSS_CID_ZERO
2007bd	2008hj	92	135	CfA3_DJ20	CSPDR3_anthony	46	127	5842	0	0	CROSS_CID_ZERO
2007co	2001eh	50	140	KAIT_DS15	CfA3_DJ20	94	93	8742	0	0	CROSS_CID_ZERO
2007co	2001eh	51	139	SWIFT	KAIT_DS15	44	116	5104	0	0	CROSS_CID_ZERO
2007co	2001eh	51	140	SWIFT	CfA3_DJ20	44	93	4092	0	0	CROSS_CID_ZERO
2007co	2001eh	52	139	CfA3_DJ20	KAIT_DS15	122	116	14152	0	0	CROSS_CID_ZERO
2007co	2003fa	50	156	KAIT_DS15	CfA3_DJ20	94	92	8648	0	0	CROSS_CID_ZERO
2007co	2003fa	51	155	SWIFT	KAIT_DS15	44	150	6600	0	0	CROSS_CID_ZERO
2007co	2003fa	51	156	SWIFT	CfA3_DJ20	44	92	4048	0	0	CROSS_CID_ZERO
2007co	2003fa	52	155	CfA3_DJ20	KAIT_DS15	122	150	18300	0	0	CROSS_CID_ZERO
2007co	2004as	50	110	KAIT_DS15	CfA3_DJ20	94	51	4794	0	0	CROSS_CID_ZERO
2007co	2004as	51	109	SWIFT	KAIT_DS15	44	91	4004	0	0	CROSS_CID_ZERO
2007co	2004as	51	110	SWIFT	CfA3_DJ20	44	51	2244	0	0	CROSS_CID_ZERO
2007co	2004as	52	109	CfA3_DJ20	KAIT_DS15	122	91	11102	0	0	CROSS_CID_ZERO
2007co	2004ef	50	82	KAIT_DS15	CSPDR3_anthony	94	278	26132	0	0	CROSS_CID_ZERO
2007co	2004ef	50	83	KAIT_DS15	CfA3_DJ20	94	32	3008	0	0	CROSS_CID_ZERO
2007co	2004ef	51	81	SWIFT	KAIT_DS15	44	97	4268	0	0	CROSS_CID_ZERO
2007co	2004ef	51	82	SWIFT	CSPDR3_anthony	44	278	12232	0	0	CROSS_CID_ZERO
2007co	2004ef	51	83	SWIFT	CfA3_DJ20	44	32	1408	0	0	CROSS_CID_ZERO
2007co	2004ef	52	81	CfA3_DJ20	KAIT_DS15	122	97	11834	0	0	CROSS_CID_ZERO
2007co	2004ef	52	82	CfA3_DJ20	CSPDR3_anthony	122	278	33916	0	0	CROSS_CID_ZERO
2007co	2005eq	50	62	KAIT_DS15	CSPDR3_anthony	94	211	19834	0	0	CROSS_CID_ZERO
2007co	2005eq	50	63	KAIT_DS15	CfA3_DJ20	94	141	13254	0	0	CROSS_CID_ZERO
2007co	2005eq	51	61	SWIFT	KAIT_DS15	44	87	3828	0	0	CROSS_CID_ZERO
2007co	2005eq	51	62	SWIFT	CSPDR3_anthony	44	211	9284	0	0	CROSS_CID_ZERO
2007co	2005eq	51	63	SWIFT	CfA3_DJ20	44	141	6204	0	0	CROSS_CID_ZERO
2007co	2005eq	52	61	CfA3_DJ20	KAIT_DS15	122	87	10614	0	0	CROSS_CID_ZERO
2007co	2005eq	52	62	CfA3_DJ20	CSPDR3_anthony	122	211	25742	0	0	CROSS_CID_ZERO
2007co	2005hc	50	172	KAIT_DS15	CfA3_DJ20	94	111	10434	0	0	CROSS_CID_ZERO
2007co	2005hc	50	173	KAIT_DS15	CSPDR3_anthony	94	163	15322	0	0	CROSS_CID_ZERO
2007co	2005hc	51	172	SWIFT	CfA3_DJ20	44	111	4884	0	0	CROSS_CID_ZERO
2007co	2005hc	51	173	SWIFT	CSPDR3_anthony	44	163	7172	0	0	CROSS_CID_ZERO
2007co	2005hc	52	173	CfA3_DJ20	CSPDR3_anthony	122	163	19886	0	0	CROSS_CID_ZERO
2007co	2005iq	50	113	KAIT_DS15	CfA3_DJ20	94	67	6298	0	0	CROSS_CID_ZERO
2007co	2005iq	50	114	KAIT_DS15	CSPDR3_anthony	94	154	14476	0	0	CROSS_CID_ZERO
2007co	2005iq	51	113	SWIFT	CfA3_DJ20	44	67	2948	0	0	CROSS_CID_ZERO
2007co	2005iq	51	114	SWIFT	CSPDR3_anthony	44	154	6776	0	0	CROSS_CID_ZERO
2007co	2005iq	52	114	CfA3_DJ20	CSPDR3_anthony	122	154	18788	0	0	CROSS_CID_ZERO
2007co	2005na	50	54	KAIT_DS15	CSPDR3_anthony	94	170	15980	1	1	CROSS_CID_POSITIVE
2007co	2005na	50	55	KAIT_DS15	CfA3_DJ20	94	92	8648	0	0	CROSS_CID_ZERO
2007co	2005na	51	54	SWIFT	CSPDR3_anthony	44	170	7480	0	0	CROSS_CID_ZERO
2007co	2005na	51	55	SWIFT	CfA3_DJ20	44	92	4048	0	0	CROSS_CID_ZERO
2007co	2005na	51	56	SWIFT	KAIT_DS15	44	68	2992	0	0	CROSS_CID_ZERO
2007co	2005na	52	54	CfA3_DJ20	CSPDR3_anthony	122	170	20740	0	0	CROSS_CID_ZERO
2007co	2005na	52	56	CfA3_DJ20	KAIT_DS15	122	68	8296	0	0	CROSS_CID_ZERO
2007co	2006en	50	98	KAIT_DS15	CfA3_DJ20	94	58	5452	1	1	CROSS_CID_POSITIVE
2007co	2006en	51	97	SWIFT	KAIT_DS15	44	65	2860	0	0	CROSS_CID_ZERO
2007co	2006en	51	98	SWIFT	CfA3_DJ20	44	58	2552	0	0	CROSS_CID_ZERO
2007co	2006en	52	97	CfA3_DJ20	KAIT_DS15	122	65	7930	0	0	CROSS_CID_ZERO
2007co	2006gr	50	121	KAIT_DS15	CfA3_DJ20	94	129	12126	0	0	CROSS_CID_ZERO
2007co	2006gr	51	120	SWIFT	KAIT_DS15	44	72	3168	0	0	CROSS_CID_ZERO
2007co	2006gr	51	121	SWIFT	CfA3_DJ20	44	129	5676	0	0	CROSS_CID_ZERO
2007co	2006gr	52	120	CfA3_DJ20	KAIT_DS15	122	72	8784	0	0	CROSS_CID_ZERO
2007co	2007O	50	148	KAIT_DS15	CfA3_DJ20	94	55	5170	0	0	CROSS_CID_ZERO
2007co	2007O	51	147	SWIFT	KAIT_DS15	44	34	1496	0	0	CROSS_CID_ZERO
2007co	2007O	51	148	SWIFT	CfA3_DJ20	44	55	2420	0	0	CROSS_CID_ZERO
2007co	2007O	52	147	CfA3_DJ20	KAIT_DS15	122	34	4148	0	0	CROSS_CID_ZERO
2007co	2007bd	50	91	KAIT_DS15	CSPDR3_anthony	94	110	10340	0	0	CROSS_CID_ZERO
2007co	2007bd	50	92	KAIT_DS15	CfA3_DJ20	94	46	4324	0	0	CROSS_CID_ZERO
2007co	2007bd	51	91	SWIFT	CSPDR3_anthony	44	110	4840	0	0	CROSS_CID_ZERO
2007co	2007bd	51	92	SWIFT	CfA3_DJ20	44	46	2024	0	0	CROSS_CID_ZERO
2007co	2007bd	52	90	CfA3_DJ20	LOSS	122	20	2440	0	0	CROSS_CID_ZERO
2007co	2007bd	52	91	CfA3_DJ20	CSPDR3_anthony	122	110	13420	0	0	CROSS_CID_ZERO
2007co	2007jg	50	145	KAIT_DS15	CSPDR3_anthony	94	113	10622	0	0	CROSS_CID_ZERO
2007co	2007jg	51	145	SWIFT	CSPDR3_anthony	44	113	4972	0	0	CROSS_CID_ZERO
2007co	2007jg	52	144	CfA3_DJ20	LOSS	122	69	8418	0	0	CROSS_CID_ZERO
2007co	2007jg	52	145	CfA3_DJ20	CSPDR3_anthony	122	113	13786	0	0	CROSS_CID_ZERO
2007co	2007kk	50	164	KAIT_DS15	PS1_LOWZ_COMBINED_TEXT_DS17	94	123	11562	0	0	CROSS_CID_ZERO
2007co	2007kk	52	163	CfA3_DJ20	LOSS	122	85	10370	0	0	CROSS_CID_ZERO
2007co	2008Y	50	214	KAIT_DS15	PS1_LOWZ_COMBINED_TEXT_DS17	94	66	6204	0	0	CROSS_CID_ZERO
2007co	2008Y	52	213	CfA3_DJ20	LOSS	122	22	2684	0	0	CROSS_CID_ZERO
2007co	2008ar	50	67	KAIT_DS15	CSPDR3_anthony	94	132	12408	0	0	CROSS_CID_ZERO
2007co	2008ar	50	68	KAIT_DS15	PS1_LOWZ_COMBINED_TEXT_DS17	94	104	9776	0	0	CROSS_CID_ZERO
2007co	2008ar	51	66	SWIFT	KAIT_DS15	44	72	3168	0	0	CROSS_CID_ZERO
2007co	2008ar	51	67	SWIFT	CSPDR3_anthony	44	132	5808	0	0	CROSS_CID_ZERO
2007co	2008ar	52	66	CfA3_DJ20	KAIT_DS15	122	72	8784	0	0	CROSS_CID_ZERO
2007co	2008ar	52	67	CfA3_DJ20	CSPDR3_anthony	122	132	16104	0	0	CROSS_CID_ZERO
2007co	2008bz	50	204	KAIT_DS15	CSPDR3_anthony	94	70	6580	0	0	CROSS_CID_ZERO
2007co	2008bz	50	205	KAIT_DS15	PS1_LOWZ_COMBINED_TEXT_DS17	94	43	4042	0	0	CROSS_CID_ZERO
2007co	2008bz	51	204	SWIFT	CSPDR3_anthony	44	70	3080	0	0	CROSS_CID_ZERO
2007co	2008bz	52	204	CfA3_DJ20	CSPDR3_anthony	122	70	8540	0	0	CROSS_CID_ZERO
2007co	2008cf	50	177	KAIT_DS15	CSPDR3_anthony	94	96	9024	0	0	CROSS_CID_ZERO
2007co	2008cf	50	178	KAIT_DS15	PS1_LOWZ_COMBINED_TEXT_DS17	94	31	2914	0	0	CROSS_CID_ZERO
2007co	2008cf	51	177	SWIFT	CSPDR3_anthony	44	96	4224	0	0	CROSS_CID_ZERO
2007co	2008cf	52	177	CfA3_DJ20	CSPDR3_anthony	122	96	11712	0	0	CROSS_CID_ZERO
2007co	2008gg	50	88	KAIT_DS15	CSPDR3_anthony	94	198	18612	0	0	CROSS_CID_ZERO
2007co	2008gg	51	88	SWIFT	CSPDR3_anthony	44	198	8712	0	0	CROSS_CID_ZERO
2007co	2008gg	52	87	CfA3_DJ20	LOSS	122	55	6710	0	0	CROSS_CID_ZERO
2007co	2008gg	52	88	CfA3_DJ20	CSPDR3_anthony	122	198	24156	0	0	CROSS_CID_ZERO
2007co	2008hj	50	135	KAIT_DS15	CSPDR3_anthony	94	127	11938	0	0	CROSS_CID_ZERO
2007co	2008hj	50	136	KAIT_DS15	PS1_LOWZ_COMBINED_TEXT_DS17	94	16	1504	0	0	CROSS_CID_ZERO
2007co	2008hj	51	135	SWIFT	CSPDR3_anthony	44	127	5588	0	0	CROSS_CID_ZERO
2007co	2008hj	52	135	CfA3_DJ20	CSPDR3_anthony	122	127	15494	0	0	CROSS_CID_ZERO
2007co	2009ad	50	64	KAIT_DS15	PS1_LOWZ_COMBINED_TEXT_DS17	94	74	6956	0	0	CROSS_CID_ZERO
2007co	2009ad	50	65	KAIT_DS15	CSPDR3_anthony	94	128	12032	0	0	CROSS_CID_ZERO
2007co	2009ad	51	65	SWIFT	CSPDR3_anthony	44	128	5632	0	0	CROSS_CID_ZERO
2007co	2009ad	52	65	CfA3_DJ20	CSPDR3_anthony	122	128	15616	0	0	CROSS_CID_ZERO
2007cq	1999gp	28	46	SWIFT	KAIT_DS15	64	87	5568	0	0	CROSS_CID_ZERO
2007cq	1999gp	29	46	CfA3_DJ20	KAIT_DS15	111	87	9657	0	0	CROSS_CID_ZERO
2007cq	1999gp	31	45	KAIT_DS15	PS1_LOWZ_COMBINED_TEXT_DS17	91	190	17290	0	0	CROSS_CID_ZERO
2007cq	2001eh	28	139	SWIFT	KAIT_DS15	64	116	7424	0	0	CROSS_CID_ZERO
2007cq	2001eh	28	140	SWIFT	CfA3_DJ20	64	93	5952	0	0	CROSS_CID_ZERO
2007cq	2001eh	29	139	CfA3_DJ20	KAIT_DS15	111	116	12876	0	0	CROSS_CID_ZERO
2007cq	2001eh	31	140	KAIT_DS15	CfA3_DJ20	91	93	8463	0	0	CROSS_CID_ZERO
2007cq	2003fa	28	155	SWIFT	KAIT_DS15	64	150	9600	0	0	CROSS_CID_ZERO
2007cq	2003fa	28	156	SWIFT	CfA3_DJ20	64	92	5888	0	0	CROSS_CID_ZERO
2007cq	2003fa	29	155	CfA3_DJ20	KAIT_DS15	111	150	16650	0	0	CROSS_CID_ZERO
2007cq	2003fa	31	156	KAIT_DS15	CfA3_DJ20	91	92	8372	0	0	CROSS_CID_ZERO
2007cq	2004as	28	109	SWIFT	KAIT_DS15	64	91	5824	0	0	CROSS_CID_ZERO
2007cq	2004as	28	110	SWIFT	CfA3_DJ20	64	51	3264	0	0	CROSS_CID_ZERO
2007cq	2004as	29	109	CfA3_DJ20	KAIT_DS15	111	91	10101	0	0	CROSS_CID_ZERO
2007cq	2004as	31	110	KAIT_DS15	CfA3_DJ20	91	51	4641	0	0	CROSS_CID_ZERO
2007cq	2004ef	28	81	SWIFT	KAIT_DS15	64	97	6208	0	0	CROSS_CID_ZERO
2007cq	2004ef	28	82	SWIFT	CSPDR3_anthony	64	278	17792	0	0	CROSS_CID_ZERO
2007cq	2004ef	28	83	SWIFT	CfA3_DJ20	64	32	2048	0	0	CROSS_CID_ZERO
2007cq	2004ef	29	81	CfA3_DJ20	KAIT_DS15	111	97	10767	0	0	CROSS_CID_ZERO
2007cq	2004ef	29	82	CfA3_DJ20	CSPDR3_anthony	111	278	30858	0	0	CROSS_CID_ZERO
2007cq	2004ef	31	82	KAIT_DS15	CSPDR3_anthony	91	278	25298	0	0	CROSS_CID_ZERO
2007cq	2004ef	31	83	KAIT_DS15	CfA3_DJ20	91	32	2912	0	0	CROSS_CID_ZERO
2007cq	2005M	28	40	SWIFT	KAIT_DS15	64	79	5056	0	0	CROSS_CID_ZERO
2007cq	2005M	28	41	SWIFT	CSPDR3_anthony	64	381	24384	0	0	CROSS_CID_ZERO
2007cq	2005M	28	42	SWIFT	CfA3_DJ20	64	26	1664	0	0	CROSS_CID_ZERO
2007cq	2005M	29	40	CfA3_DJ20	KAIT_DS15	111	79	8769	0	0	CROSS_CID_ZERO
2007cq	2005M	29	41	CfA3_DJ20	CSPDR3_anthony	111	381	42291	0	0	CROSS_CID_ZERO
2007cq	2005M	31	41	KAIT_DS15	CSPDR3_anthony	91	381	34671	0	0	CROSS_CID_ZERO
2007cq	2005M	31	42	KAIT_DS15	CfA3_DJ20	91	26	2366	0	0	CROSS_CID_ZERO
2007cq	2005eq	28	61	SWIFT	KAIT_DS15	64	87	5568	0	0	CROSS_CID_ZERO
2007cq	2005eq	28	62	SWIFT	CSPDR3_anthony	64	211	13504	0	0	CROSS_CID_ZERO
2007cq	2005eq	28	63	SWIFT	CfA3_DJ20	64	141	9024	0	0	CROSS_CID_ZERO
2007cq	2005eq	29	61	CfA3_DJ20	KAIT_DS15	111	87	9657	1	1	CROSS_CID_POSITIVE
2007cq	2005eq	29	62	CfA3_DJ20	CSPDR3_anthony	111	211	23421	0	0	CROSS_CID_ZERO
2007cq	2005eq	31	62	KAIT_DS15	CSPDR3_anthony	91	211	19201	0	0	CROSS_CID_ZERO
2007cq	2005eq	31	63	KAIT_DS15	CfA3_DJ20	91	141	12831	0	0	CROSS_CID_ZERO
2007cq	2005hc	28	172	SWIFT	CfA3_DJ20	64	111	7104	0	0	CROSS_CID_ZERO
2007cq	2005hc	28	173	SWIFT	CSPDR3_anthony	64	163	10432	0	0	CROSS_CID_ZERO
2007cq	2005hc	29	173	CfA3_DJ20	CSPDR3_anthony	111	163	18093	0	0	CROSS_CID_ZERO
2007cq	2005hc	31	172	KAIT_DS15	CfA3_DJ20	91	111	10101	0	0	CROSS_CID_ZERO
2007cq	2005hc	31	173	KAIT_DS15	CSPDR3_anthony	91	163	14833	0	0	CROSS_CID_ZERO
2007cq	2005iq	28	113	SWIFT	CfA3_DJ20	64	67	4288	0	0	CROSS_CID_ZERO
2007cq	2005iq	28	114	SWIFT	CSPDR3_anthony	64	154	9856	0	0	CROSS_CID_ZERO
2007cq	2005iq	29	114	CfA3_DJ20	CSPDR3_anthony	111	154	17094	0	0	CROSS_CID_ZERO
2007cq	2005iq	31	113	KAIT_DS15	CfA3_DJ20	91	67	6097	0	0	CROSS_CID_ZERO
2007cq	2005iq	31	114	KAIT_DS15	CSPDR3_anthony	91	154	14014	0	0	CROSS_CID_ZERO
2007cq	2005na	28	54	SWIFT	CSPDR3_anthony	64	170	10880	0	0	CROSS_CID_ZERO
2007cq	2005na	28	55	SWIFT	CfA3_DJ20	64	92	5888	0	0	CROSS_CID_ZERO
2007cq	2005na	28	56	SWIFT	KAIT_DS15	64	68	4352	0	0	CROSS_CID_ZERO
2007cq	2005na	29	54	CfA3_DJ20	CSPDR3_anthony	111	170	18870	0	0	CROSS_CID_ZERO
2007cq	2005na	29	56	CfA3_DJ20	KAIT_DS15	111	68	7548	0	0	CROSS_CID_ZERO
2007cq	2005na	31	54	KAIT_DS15	CSPDR3_anthony	91	170	15470	0	0	CROSS_CID_ZERO
2007cq	2005na	31	55	KAIT_DS15	CfA3_DJ20	91	92	8372	0	0	CROSS_CID_ZERO
2007cq	2006en	28	97	SWIFT	KAIT_DS15	64	65	4160	0	0	CROSS_CID_ZERO
2007cq	2006en	28	98	SWIFT	CfA3_DJ20	64	58	3712	0	0	CROSS_CID_ZERO
2007cq	2006en	29	97	CfA3_DJ20	KAIT_DS15	111	65	7215	0	0	CROSS_CID_ZERO
2007cq	2006en	31	98	KAIT_DS15	CfA3_DJ20	91	58	5278	0	0	CROSS_CID_ZERO
2007cq	2006gr	28	120	SWIFT	KAIT_DS15	64	72	4608	0	0	CROSS_CID_ZERO
2007cq	2006gr	28	121	SWIFT	CfA3_DJ20	64	129	8256	0	0	CROSS_CID_ZERO
2007cq	2006gr	29	120	CfA3_DJ20	KAIT_DS15	111	72	7992	0	0	CROSS_CID_ZERO
2007cq	2006gr	31	121	KAIT_DS15	CfA3_DJ20	91	129	11739	0	0	CROSS_CID_ZERO
2007cq	2007O	28	147	SWIFT	KAIT_DS15	64	34	2176	0	0	CROSS_CID_ZERO
2007cq	2007O	28	148	SWIFT	CfA3_DJ20	64	55	3520	0	0	CROSS_CID_ZERO
2007cq	2007O	29	147	CfA3_DJ20	KAIT_DS15	111	34	3774	0	0	CROSS_CID_ZERO
2007cq	2007O	31	148	KAIT_DS15	CfA3_DJ20	91	55	5005	0	0	CROSS_CID_ZERO
2007cq	2007bd	28	91	SWIFT	CSPDR3_anthony	64	110	7040	0	0	CROSS_CID_ZERO
2007cq	2007bd	28	92	SWIFT	CfA3_DJ20	64	46	2944	0	0	CROSS_CID_ZERO
2007cq	2007bd	29	90	CfA3_DJ20	LOSS	111	20	2220	0	0	CROSS_CID_ZERO
2007cq	2007bd	29	91	CfA3_DJ20	CSPDR3_anthony	111	110	12210	0	0	CROSS_CID_ZERO
2007cq	2007bd	31	91	KAIT_DS15	CSPDR3_anthony	91	110	10010	0	0	CROSS_CID_ZERO
2007cq	2007bd	31	92	KAIT_DS15	CfA3_DJ20	91	46	4186	0	0	CROSS_CID_ZERO
2007cq	2007co	28	50	SWIFT	KAIT_DS15	64	94	6016	0	0	CROSS_CID_ZERO
2007cq	2007co	28	52	SWIFT	CfA3_DJ20	64	122	7808	0	0	CROSS_CID_ZERO
2007cq	2007co	29	50	CfA3_DJ20	KAIT_DS15	111	94	10434	0	0	CROSS_CID_ZERO
2007cq	2007co	29	51	CfA3_DJ20	SWIFT	111	44	4884	0	0	CROSS_CID_ZERO
2007cq	2007co	31	51	KAIT_DS15	SWIFT	91	44	4004	0	0	CROSS_CID_ZERO
2007cq	2007co	31	52	KAIT_DS15	CfA3_DJ20	91	122	11102	0	0	CROSS_CID_ZERO
2007cq	2007jg	28	145	SWIFT	CSPDR3_anthony	64	113	7232	0	0	CROSS_CID_ZERO
2007cq	2007jg	29	144	CfA3_DJ20	LOSS	111	69	7659	0	0	CROSS_CID_ZERO
2007cq	2007jg	29	145	CfA3_DJ20	CSPDR3_anthony	111	113	12543	0	0	CROSS_CID_ZERO
2007cq	2007jg	31	145	KAIT_DS15	CSPDR3_anthony	91	113	10283	0	0	CROSS_CID_ZERO
2007cq	2007kk	29	163	CfA3_DJ20	LOSS	111	85	9435	0	0	CROSS_CID_ZERO
2007cq	2007kk	31	164	KAIT_DS15	PS1_LOWZ_COMBINED_TEXT_DS17	91	123	11193	0	0	CROSS_CID_ZERO
2007cq	2008Y	29	213	CfA3_DJ20	LOSS	111	22	2442	0	0	CROSS_CID_ZERO
2007cq	2008Y	31	214	KAIT_DS15	PS1_LOWZ_COMBINED_TEXT_DS17	91	66	6006	0	0	CROSS_CID_ZERO
2007cq	2008ar	28	66	SWIFT	KAIT_DS15	64	72	4608	0	0	CROSS_CID_ZERO
2007cq	2008ar	28	67	SWIFT	CSPDR3_anthony	64	132	8448	0	0	CROSS_CID_ZERO
2007cq	2008ar	29	66	CfA3_DJ20	KAIT_DS15	111	72	7992	0	0	CROSS_CID_ZERO
2007cq	2008ar	29	67	CfA3_DJ20	CSPDR3_anthony	111	132	14652	0	0	CROSS_CID_ZERO
2007cq	2008ar	31	67	KAIT_DS15	CSPDR3_anthony	91	132	12012	0	0	CROSS_CID_ZERO
2007cq	2008ar	31	68	KAIT_DS15	PS1_LOWZ_COMBINED_TEXT_DS17	91	104	9464	0	0	CROSS_CID_ZERO
2007cq	2008bz	28	204	SWIFT	CSPDR3_anthony	64	70	4480	0	0	CROSS_CID_ZERO
2007cq	2008bz	29	204	CfA3_DJ20	CSPDR3_anthony	111	70	7770	0	0	CROSS_CID_ZERO
2007cq	2008bz	31	204	KAIT_DS15	CSPDR3_anthony	91	70	6370	0	0	CROSS_CID_ZERO
2007cq	2008bz	31	205	KAIT_DS15	PS1_LOWZ_COMBINED_TEXT_DS17	91	43	3913	0	0	CROSS_CID_ZERO
2007cq	2008cf	28	177	SWIFT	CSPDR3_anthony	64	96	6144	0	0	CROSS_CID_ZERO
2007cq	2008cf	29	177	CfA3_DJ20	CSPDR3_anthony	111	96	10656	0	0	CROSS_CID_ZERO
2007cq	2008cf	31	177	KAIT_DS15	CSPDR3_anthony	91	96	8736	0	0	CROSS_CID_ZERO
2007cq	2008cf	31	178	KAIT_DS15	PS1_LOWZ_COMBINED_TEXT_DS17	91	31	2821	0	0	CROSS_CID_ZERO
2007cq	2008gg	28	88	SWIFT	CSPDR3_anthony	64	198	12672	0	0	CROSS_CID_ZERO
2007cq	2008gg	29	87	CfA3_DJ20	LOSS	111	55	6105	0	0	CROSS_CID_ZERO
2007cq	2008gg	29	88	CfA3_DJ20	CSPDR3_anthony	111	198	21978	0	0	CROSS_CID_ZERO
2007cq	2008gg	31	88	KAIT_DS15	CSPDR3_anthony	91	198	18018	0	0	CROSS_CID_ZERO
2007cq	2008hj	28	135	SWIFT	CSPDR3_anthony	64	127	8128	0	0	CROSS_CID_ZERO
2007cq	2008hj	29	135	CfA3_DJ20	CSPDR3_anthony	111	127	14097	0	0	CROSS_CID_ZERO
2007cq	2008hj	31	135	KAIT_DS15	CSPDR3_anthony	91	127	11557	0	0	CROSS_CID_ZERO
2007cq	2008hj	31	136	KAIT_DS15	PS1_LOWZ_COMBINED_TEXT_DS17	91	16	1456	0	0	CROSS_CID_ZERO
2007cq	2009ad	28	65	SWIFT	CSPDR3_anthony	64	128	8192	0	0	CROSS_CID_ZERO
2007cq	2009ad	29	65	CfA3_DJ20	CSPDR3_anthony	111	128	14208	0	0	CROSS_CID_ZERO
2007cq	2009ad	31	64	KAIT_DS15	PS1_LOWZ_COMBINED_TEXT_DS17	91	74	6734	0	0	CROSS_CID_ZERO
2007cq	2009ad	31	65	KAIT_DS15	CSPDR3_anthony	91	128	11648	0	0	CROSS_CID_ZERO
2007jg	2003fa	144	156	LOSS	CfA3_DJ20	69	92	6348	0	0	CROSS_CID_ZERO
2007jg	2003fa	145	155	CSPDR3_anthony	KAIT_DS15	113	150	16950	0	0	CROSS_CID_ZERO
2007jg	2003fa	145	156	CSPDR3_anthony	CfA3_DJ20	113	92	10396	0	0	CROSS_CID_ZERO
2007jg	2005hc	144	172	LOSS	CfA3_DJ20	69	111	7659	0	0	CROSS_CID_ZERO
2007jg	2005hc	144	173	LOSS	CSPDR3_anthony	69	163	11247	0	0	CROSS_CID_ZERO
2007jg	2005hc	145	172	CSPDR3_anthony	CfA3_DJ20	113	111	12543	0	0	CROSS_CID_ZERO
2007jg	2007O	144	148	LOSS	CfA3_DJ20	69	55	3795	0	0	CROSS_CID_ZERO
2007jg	2007O	145	147	CSPDR3_anthony	KAIT_DS15	113	34	3842	0	0	CROSS_CID_ZERO
2007jg	2007O	145	148	CSPDR3_anthony	CfA3_DJ20	113	55	6215	0	0	CROSS_CID_ZERO
2007jg	2007kk	144	164	LOSS	PS1_LOWZ_COMBINED_TEXT_DS17	69	123	8487	0	0	CROSS_CID_ZERO
2007jg	2007kk	145	163	CSPDR3_anthony	LOSS	113	85	9605	0	0	CROSS_CID_ZERO
2007jg	2007kk	145	164	CSPDR3_anthony	PS1_LOWZ_COMBINED_TEXT_DS17	113	123	13899	0	0	CROSS_CID_ZERO
2007jg	2008Y	144	214	LOSS	PS1_LOWZ_COMBINED_TEXT_DS17	69	66	4554	0	0	CROSS_CID_ZERO
2007jg	2008Y	145	213	CSPDR3_anthony	LOSS	113	22	2486	0	0	CROSS_CID_ZERO
2007jg	2008Y	145	214	CSPDR3_anthony	PS1_LOWZ_COMBINED_TEXT_DS17	113	66	7458	0	0	CROSS_CID_ZERO
2007jg	2008bz	144	204	LOSS	CSPDR3_anthony	69	70	4830	0	0	CROSS_CID_ZERO
2007jg	2008bz	144	205	LOSS	PS1_LOWZ_COMBINED_TEXT_DS17	69	43	2967	0	0	CROSS_CID_ZERO
2007jg	2008bz	145	205	CSPDR3_anthony	PS1_LOWZ_COMBINED_TEXT_DS17	113	43	4859	0	0	CROSS_CID_ZERO
2007jg	2008cf	144	177	LOSS	CSPDR3_anthony	69	96	6624	0	0	CROSS_CID_ZERO
2007jg	2008cf	144	178	LOSS	PS1_LOWZ_COMBINED_TEXT_DS17	69	31	2139	0	0	CROSS_CID_ZERO
2007jg	2008cf	145	178	CSPDR3_anthony	PS1_LOWZ_COMBINED_TEXT_DS17	113	31	3503	0	0	CROSS_CID_ZERO
2007kk	2005hc	163	172	LOSS	CfA3_DJ20	85	111	9435	0	0	CROSS_CID_ZERO
2007kk	2005hc	163	173	LOSS	CSPDR3_anthony	85	163	13855	0	0	CROSS_CID_ZERO
2007kk	2005hc	164	173	PS1_LOWZ_COMBINED_TEXT_DS17	CSPDR3_anthony	123	163	20049	0	0	CROSS_CID_ZERO
2007kk	2008Y	163	214	LOSS	PS1_LOWZ_COMBINED_TEXT_DS17	85	66	5610	0	0	CROSS_CID_ZERO
2007kk	2008Y	164	213	PS1_LOWZ_COMBINED_TEXT_DS17	LOSS	123	22	2706	0	0	CROSS_CID_ZERO
2007kk	2008bz	163	204	LOSS	CSPDR3_anthony	85	70	5950	0	0	CROSS_CID_ZERO
2007kk	2008bz	163	205	LOSS	PS1_LOWZ_COMBINED_TEXT_DS17	85	43	3655	0	0	CROSS_CID_ZERO
2007kk	2008bz	164	204	PS1_LOWZ_COMBINED_TEXT_DS17	CSPDR3_anthony	123	70	8610	0	0	CROSS_CID_ZERO
2007kk	2008cf	163	177	LOSS	CSPDR3_anthony	85	96	8160	0	0	CROSS_CID_ZERO
2007kk	2008cf	163	178	LOSS	PS1_LOWZ_COMBINED_TEXT_DS17	85	31	2635	0	0	CROSS_CID_ZERO
2007kk	2008cf	164	177	PS1_LOWZ_COMBINED_TEXT_DS17	CSPDR3_anthony	123	96	11808	0	0	CROSS_CID_ZERO
2007qe	1999gp	5	45	KAIT_DS15	PS1_LOWZ_COMBINED_TEXT_DS17	49	190	9310	0	0	CROSS_CID_ZERO
2007qe	1999gp	6	46	CfA3_DJ20	KAIT_DS15	118	87	10266	0	0	CROSS_CID_ZERO
2007qe	2001eh	5	140	KAIT_DS15	CfA3_DJ20	49	93	4557	0	0	CROSS_CID_ZERO
2007qe	2001eh	6	139	CfA3_DJ20	KAIT_DS15	118	116	13688	1	1	CROSS_CID_POSITIVE
2007qe	2003fa	5	156	KAIT_DS15	CfA3_DJ20	49	92	4508	0	0	CROSS_CID_ZERO
2007qe	2003fa	6	155	CfA3_DJ20	KAIT_DS15	118	150	17700	1	1	CROSS_CID_POSITIVE
2007qe	2004as	5	110	KAIT_DS15	CfA3_DJ20	49	51	2499	0	0	CROSS_CID_ZERO
2007qe	2004as	6	109	CfA3_DJ20	KAIT_DS15	118	91	10738	0	0	CROSS_CID_ZERO
2007qe	2004ef	5	82	KAIT_DS15	CSPDR3_anthony	49	278	13622	0	0	CROSS_CID_ZERO
2007qe	2004ef	5	83	KAIT_DS15	CfA3_DJ20	49	32	1568	0	0	CROSS_CID_ZERO
2007qe	2004ef	6	81	CfA3_DJ20	KAIT_DS15	118	97	11446	0	0	CROSS_CID_ZERO
2007qe	2004ef	6	82	CfA3_DJ20	CSPDR3_anthony	118	278	32804	0	0	CROSS_CID_ZERO
2007qe	2005M	5	41	KAIT_DS15	CSPDR3_anthony	49	381	18669	0	0	CROSS_CID_ZERO
2007qe	2005M	5	42	KAIT_DS15	CfA3_DJ20	49	26	1274	0	0	CROSS_CID_ZERO
2007qe	2005M	6	40	CfA3_DJ20	KAIT_DS15	118	79	9322	1	1	CROSS_CID_POSITIVE
2007qe	2005M	6	41	CfA3_DJ20	CSPDR3_anthony	118	381	44958	0	0	CROSS_CID_ZERO
2007qe	2005eq	5	62	KAIT_DS15	CSPDR3_anthony	49	211	10339	0	0	CROSS_CID_ZERO
2007qe	2005eq	5	63	KAIT_DS15	CfA3_DJ20	49	141	6909	0	0	CROSS_CID_ZERO
2007qe	2005eq	6	61	CfA3_DJ20	KAIT_DS15	118	87	10266	0	0	CROSS_CID_ZERO
2007qe	2005eq	6	62	CfA3_DJ20	CSPDR3_anthony	118	211	24898	0	0	CROSS_CID_ZERO
2007qe	2005hc	5	172	KAIT_DS15	CfA3_DJ20	49	111	5439	0	0	CROSS_CID_ZERO
2007qe	2005hc	5	173	KAIT_DS15	CSPDR3_anthony	49	163	7987	0	0	CROSS_CID_ZERO
2007qe	2005hc	6	173	CfA3_DJ20	CSPDR3_anthony	118	163	19234	0	0	CROSS_CID_ZERO
2007qe	2005iq	5	113	KAIT_DS15	CfA3_DJ20	49	67	3283	0	0	CROSS_CID_ZERO
2007qe	2005iq	5	114	KAIT_DS15	CSPDR3_anthony	49	154	7546	0	0	CROSS_CID_ZERO
2007qe	2005iq	6	114	CfA3_DJ20	CSPDR3_anthony	118	154	18172	0	0	CROSS_CID_ZERO
2007qe	2005na	5	54	KAIT_DS15	CSPDR3_anthony	49	170	8330	0	0	CROSS_CID_ZERO
2007qe	2005na	5	55	KAIT_DS15	CfA3_DJ20	49	92	4508	0	0	CROSS_CID_ZERO
2007qe	2005na	6	54	CfA3_DJ20	CSPDR3_anthony	118	170	20060	0	0	CROSS_CID_ZERO
2007qe	2005na	6	56	CfA3_DJ20	KAIT_DS15	118	68	8024	0	0	CROSS_CID_ZERO
2007qe	2006ac	5	17	KAIT_DS15	CfA3_DJ20	49	145	7105	0	0	CROSS_CID_ZERO
2007qe	2006ac	6	16	CfA3_DJ20	KAIT_DS15	118	31	3658	0	0	CROSS_CID_ZERO
2007qe	2006en	5	98	KAIT_DS15	CfA3_DJ20	49	58	2842	0	0	CROSS_CID_ZERO
2007qe	2006en	6	97	CfA3_DJ20	KAIT_DS15	118	65	7670	0	0	CROSS_CID_ZERO
2007qe	2006gr	5	121	KAIT_DS15	CfA3_DJ20	49	129	6321	0	0	CROSS_CID_ZERO
2007qe	2006gr	6	120	CfA3_DJ20	KAIT_DS15	118	72	8496	0	0	CROSS_CID_ZERO
2007qe	2007F	5	15	KAIT_DS15	CfA3_DJ20	49	127	6223	0	0	CROSS_CID_ZERO
2007qe	2007F	6	14	CfA3_DJ20	LOSS	118	100	11800	0	0	CROSS_CID_ZERO
2007qe	2007O	5	148	KAIT_DS15	CfA3_DJ20	49	55	2695	0	0	CROSS_CID_ZERO
2007qe	2007O	6	147	CfA3_DJ20	KAIT_DS15	118	34	4012	0	0	CROSS_CID_ZERO
2007qe	2007bd	5	91	KAIT_DS15	CSPDR3_anthony	49	110	5390	0	0	CROSS_CID_ZERO
2007qe	2007bd	5	92	KAIT_DS15	CfA3_DJ20	49	46	2254	0	0	CROSS_CID_ZERO
2007qe	2007bd	6	90	CfA3_DJ20	LOSS	118	20	2360	0	0	CROSS_CID_ZERO
2007qe	2007bd	6	91	CfA3_DJ20	CSPDR3_anthony	118	110	12980	0	0	CROSS_CID_ZERO
2007qe	2007co	5	51	KAIT_DS15	SWIFT	49	44	2156	0	0	CROSS_CID_ZERO
2007qe	2007co	5	52	KAIT_DS15	CfA3_DJ20	49	122	5978	0	0	CROSS_CID_ZERO
2007qe	2007co	6	50	CfA3_DJ20	KAIT_DS15	118	94	11092	0	0	CROSS_CID_ZERO
2007qe	2007co	6	51	CfA3_DJ20	SWIFT	118	44	5192	0	0	CROSS_CID_ZERO
2007qe	2007cq	5	28	KAIT_DS15	SWIFT	49	64	3136	0	0	CROSS_CID_ZERO
2007qe	2007cq	5	29	KAIT_DS15	CfA3_DJ20	49	111	5439	0	0	CROSS_CID_ZERO
2007qe	2007cq	6	28	CfA3_DJ20	SWIFT	118	64	7552	0	0	CROSS_CID_ZERO
2007qe	2007cq	6	31	CfA3_DJ20	KAIT_DS15	118	91	10738	0	0	CROSS_CID_ZERO
2007qe	2007jg	5	145	KAIT_DS15	CSPDR3_anthony	49	113	5537	0	0	CROSS_CID_ZERO
2007qe	2007jg	6	144	CfA3_DJ20	LOSS	118	69	8142	0	0	CROSS_CID_ZERO
2007qe	2007jg	6	145	CfA3_DJ20	CSPDR3_anthony	118	113	13334	0	0	CROSS_CID_ZERO
2007qe	2007kk	5	164	KAIT_DS15	PS1_LOWZ_COMBINED_TEXT_DS17	49	123	6027	0	0	CROSS_CID_ZERO
2007qe	2007kk	6	163	CfA3_DJ20	LOSS	118	85	10030	0	0	CROSS_CID_ZERO
2007qe	2008Y	5	214	KAIT_DS15	PS1_LOWZ_COMBINED_TEXT_DS17	49	66	3234	0	0	CROSS_CID_ZERO
2007qe	2008Y	6	213	CfA3_DJ20	LOSS	118	22	2596	0	0	CROSS_CID_ZERO
2007qe	2008ar	5	67	KAIT_DS15	CSPDR3_anthony	49	132	6468	0	0	CROSS_CID_ZERO
2007qe	2008ar	5	68	KAIT_DS15	PS1_LOWZ_COMBINED_TEXT_DS17	49	104	5096	0	0	CROSS_CID_ZERO
2007qe	2008ar	6	66	CfA3_DJ20	KAIT_DS15	118	72	8496	0	0	CROSS_CID_ZERO
2007qe	2008ar	6	67	CfA3_DJ20	CSPDR3_anthony	118	132	15576	0	0	CROSS_CID_ZERO
2007qe	2008bz	5	204	KAIT_DS15	CSPDR3_anthony	49	70	3430	0	0	CROSS_CID_ZERO
2007qe	2008bz	5	205	KAIT_DS15	PS1_LOWZ_COMBINED_TEXT_DS17	49	43	2107	0	0	CROSS_CID_ZERO
2007qe	2008bz	6	204	CfA3_DJ20	CSPDR3_anthony	118	70	8260	0	0	CROSS_CID_ZERO
2007qe	2008cf	5	177	KAIT_DS15	CSPDR3_anthony	49	96	4704	0	0	CROSS_CID_ZERO
2007qe	2008cf	5	178	KAIT_DS15	PS1_LOWZ_COMBINED_TEXT_DS17	49	31	1519	0	0	CROSS_CID_ZERO
2007qe	2008cf	6	177	CfA3_DJ20	CSPDR3_anthony	118	96	11328	0	0	CROSS_CID_ZERO
2007qe	2008gg	5	88	KAIT_DS15	CSPDR3_anthony	49	198	9702	0	0	CROSS_CID_ZERO
2007qe	2008gg	6	87	CfA3_DJ20	LOSS	118	55	6490	0	0	CROSS_CID_ZERO
2007qe	2008gg	6	88	CfA3_DJ20	CSPDR3_anthony	118	198	23364	0	0	CROSS_CID_ZERO
2007qe	2008hj	5	135	KAIT_DS15	CSPDR3_anthony	49	127	6223	0	0	CROSS_CID_ZERO
2007qe	2008hj	5	136	KAIT_DS15	PS1_LOWZ_COMBINED_TEXT_DS17	49	16	784	0	0	CROSS_CID_ZERO
2007qe	2008hj	6	135	CfA3_DJ20	CSPDR3_anthony	118	127	14986	0	0	CROSS_CID_ZERO
2007qe	2009D	5	20	KAIT_DS15	CSPDR3_anthony	49	176	8624	1	1	CROSS_CID_POSITIVE
2007qe	2009D	5	22	KAIT_DS15	PS1_LOWZ_COMBINED_TEXT_DS17	49	68	3332	0	0	CROSS_CID_ZERO
2007qe	2009D	6	20	CfA3_DJ20	CSPDR3_anthony	118	176	20768	0	0	CROSS_CID_ZERO
2007qe	2009D	6	21	CfA3_DJ20	LOSS	118	11	1298	0	0	CROSS_CID_ZERO
2007qe	2009ad	5	64	KAIT_DS15	PS1_LOWZ_COMBINED_TEXT_DS17	49	74	3626	0	0	CROSS_CID_ZERO
2007qe	2009ad	5	65	KAIT_DS15	CSPDR3_anthony	49	128	6272	0	0	CROSS_CID_ZERO
2007qe	2009ad	6	65	CfA3_DJ20	CSPDR3_anthony	118	128	15104	0	0	CROSS_CID_ZERO
2008ar	2001eh	66	140	KAIT_DS15	CfA3_DJ20	72	93	6696	0	0	CROSS_CID_ZERO
2008ar	2001eh	67	139	CSPDR3_anthony	KAIT_DS15	132	116	15312	0	0	CROSS_CID_ZERO
2008ar	2001eh	67	140	CSPDR3_anthony	CfA3_DJ20	132	93	12276	0	0	CROSS_CID_ZERO
2008ar	2001eh	68	139	PS1_LOWZ_COMBINED_TEXT_DS17	KAIT_DS15	104	116	12064	0	0	CROSS_CID_ZERO
2008ar	2003fa	66	156	KAIT_DS15	CfA3_DJ20	72	92	6624	0	0	CROSS_CID_ZERO
2008ar	2003fa	67	155	CSPDR3_anthony	KAIT_DS15	132	150	19800	0	0	CROSS_CID_ZERO
2008ar	2003fa	67	156	CSPDR3_anthony	CfA3_DJ20	132	92	12144	0	0	CROSS_CID_ZERO
2008ar	2003fa	68	155	PS1_LOWZ_COMBINED_TEXT_DS17	KAIT_DS15	104	150	15600	0	0	CROSS_CID_ZERO
2008ar	2004as	66	110	KAIT_DS15	CfA3_DJ20	72	51	3672	0	0	CROSS_CID_ZERO
2008ar	2004as	67	109	CSPDR3_anthony	KAIT_DS15	132	91	12012	0	0	CROSS_CID_ZERO
2008ar	2004as	67	110	CSPDR3_anthony	CfA3_DJ20	132	51	6732	0	0	CROSS_CID_ZERO
2008ar	2004as	68	109	PS1_LOWZ_COMBINED_TEXT_DS17	KAIT_DS15	104	91	9464	0	0	CROSS_CID_ZERO
2008ar	2004ef	66	82	KAIT_DS15	CSPDR3_anthony	72	278	20016	0	0	CROSS_CID_ZERO
2008ar	2004ef	66	83	KAIT_DS15	CfA3_DJ20	72	32	2304	0	0	CROSS_CID_ZERO
2008ar	2004ef	67	81	CSPDR3_anthony	KAIT_DS15	132	97	12804	0	0	CROSS_CID_ZERO
2008ar	2004ef	67	83	CSPDR3_anthony	CfA3_DJ20	132	32	4224	0	0	CROSS_CID_ZERO
2008ar	2004ef	68	81	PS1_LOWZ_COMBINED_TEXT_DS17	KAIT_DS15	104	97	10088	0	0	CROSS_CID_ZERO
2008ar	2004ef	68	82	PS1_LOWZ_COMBINED_TEXT_DS17	CSPDR3_anthony	104	278	28912	0	0	CROSS_CID_ZERO
2008ar	2005hc	66	172	KAIT_DS15	CfA3_DJ20	72	111	7992	0	0	CROSS_CID_ZERO
2008ar	2005hc	66	173	KAIT_DS15	CSPDR3_anthony	72	163	11736	0	0	CROSS_CID_ZERO
2008ar	2005hc	67	172	CSPDR3_anthony	CfA3_DJ20	132	111	14652	0	0	CROSS_CID_ZERO
2008ar	2005hc	68	173	PS1_LOWZ_COMBINED_TEXT_DS17	CSPDR3_anthony	104	163	16952	0	0	CROSS_CID_ZERO
2008ar	2005iq	66	113	KAIT_DS15	CfA3_DJ20	72	67	4824	0	0	CROSS_CID_ZERO
2008ar	2005iq	66	114	KAIT_DS15	CSPDR3_anthony	72	154	11088	0	0	CROSS_CID_ZERO
2008ar	2005iq	67	113	CSPDR3_anthony	CfA3_DJ20	132	67	8844	0	0	CROSS_CID_ZERO
2008ar	2005iq	68	114	PS1_LOWZ_COMBINED_TEXT_DS17	CSPDR3_anthony	104	154	16016	0	0	CROSS_CID_ZERO
2008ar	2006en	66	98	KAIT_DS15	CfA3_DJ20	72	58	4176	0	0	CROSS_CID_ZERO
2008ar	2006en	67	97	CSPDR3_anthony	KAIT_DS15	132	65	8580	0	0	CROSS_CID_ZERO
2008ar	2006en	67	98	CSPDR3_anthony	CfA3_DJ20	132	58	7656	0	0	CROSS_CID_ZERO
2008ar	2006en	68	97	PS1_LOWZ_COMBINED_TEXT_DS17	KAIT_DS15	104	65	6760	0	0	CROSS_CID_ZERO
2008ar	2006gr	66	121	KAIT_DS15	CfA3_DJ20	72	129	9288	0	0	CROSS_CID_ZERO
2008ar	2006gr	67	120	CSPDR3_anthony	KAIT_DS15	132	72	9504	0	0	CROSS_CID_ZERO
2008ar	2006gr	67	121	CSPDR3_anthony	CfA3_DJ20	132	129	17028	0	0	CROSS_CID_ZERO
2008ar	2006gr	68	120	PS1_LOWZ_COMBINED_TEXT_DS17	KAIT_DS15	104	72	7488	0	0	CROSS_CID_ZERO
2008ar	2007O	66	148	KAIT_DS15	CfA3_DJ20	72	55	3960	0	0	CROSS_CID_ZERO
2008ar	2007O	67	147	CSPDR3_anthony	KAIT_DS15	132	34	4488	0	0	CROSS_CID_ZERO
2008ar	2007O	67	148	CSPDR3_anthony	CfA3_DJ20	132	55	7260	0	0	CROSS_CID_ZERO
2008ar	2007O	68	147	PS1_LOWZ_COMBINED_TEXT_DS17	KAIT_DS15	104	34	3536	0	0	CROSS_CID_ZERO
2008ar	2007bd	66	91	KAIT_DS15	CSPDR3_anthony	72	110	7920	0	0	CROSS_CID_ZERO
2008ar	2007bd	66	92	KAIT_DS15	CfA3_DJ20	72	46	3312	0	0	CROSS_CID_ZERO
2008ar	2007bd	67	90	CSPDR3_anthony	LOSS	132	20	2640	0	0	CROSS_CID_ZERO
2008ar	2007bd	67	92	CSPDR3_anthony	CfA3_DJ20	132	46	6072	0	0	CROSS_CID_ZERO
2008ar	2007bd	68	90	PS1_LOWZ_COMBINED_TEXT_DS17	LOSS	104	20	2080	0	0	CROSS_CID_ZERO
2008ar	2007bd	68	91	PS1_LOWZ_COMBINED_TEXT_DS17	CSPDR3_anthony	104	110	11440	0	0	CROSS_CID_ZERO
2008ar	2007jg	66	145	KAIT_DS15	CSPDR3_anthony	72	113	8136	0	0	CROSS_CID_ZERO
2008ar	2007jg	67	144	CSPDR3_anthony	LOSS	132	69	9108	0	0	CROSS_CID_ZERO
2008ar	2007jg	68	144	PS1_LOWZ_COMBINED_TEXT_DS17	LOSS	104	69	7176	0	0	CROSS_CID_ZERO
2008ar	2007jg	68	145	PS1_LOWZ_COMBINED_TEXT_DS17	CSPDR3_anthony	104	113	11752	0	0	CROSS_CID_ZERO
2008ar	2007kk	66	164	KAIT_DS15	PS1_LOWZ_COMBINED_TEXT_DS17	72	123	8856	0	0	CROSS_CID_ZERO
2008ar	2007kk	67	163	CSPDR3_anthony	LOSS	132	85	11220	0	0	CROSS_CID_ZERO
2008ar	2007kk	67	164	CSPDR3_anthony	PS1_LOWZ_COMBINED_TEXT_DS17	132	123	16236	0	0	CROSS_CID_ZERO
2008ar	2007kk	68	163	PS1_LOWZ_COMBINED_TEXT_DS17	LOSS	104	85	8840	0	0	CROSS_CID_ZERO
2008ar	2008Y	66	214	KAIT_DS15	PS1_LOWZ_COMBINED_TEXT_DS17	72	66	4752	0	0	CROSS_CID_ZERO
2008ar	2008Y	67	213	CSPDR3_anthony	LOSS	132	22	2904	0	0	CROSS_CID_ZERO
2008ar	2008Y	67	214	CSPDR3_anthony	PS1_LOWZ_COMBINED_TEXT_DS17	132	66	8712	0	0	CROSS_CID_ZERO
2008ar	2008Y	68	213	PS1_LOWZ_COMBINED_TEXT_DS17	LOSS	104	22	2288	0	0	CROSS_CID_ZERO
2008ar	2008bz	66	204	KAIT_DS15	CSPDR3_anthony	72	70	5040	0	0	CROSS_CID_ZERO
2008ar	2008bz	66	205	KAIT_DS15	PS1_LOWZ_COMBINED_TEXT_DS17	72	43	3096	0	0	CROSS_CID_ZERO
2008ar	2008bz	67	205	CSPDR3_anthony	PS1_LOWZ_COMBINED_TEXT_DS17	132	43	5676	0	0	CROSS_CID_ZERO
2008ar	2008bz	68	204	PS1_LOWZ_COMBINED_TEXT_DS17	CSPDR3_anthony	104	70	7280	0	0	CROSS_CID_ZERO
2008ar	2008cf	66	177	KAIT_DS15	CSPDR3_anthony	72	96	6912	0	0	CROSS_CID_ZERO
2008ar	2008cf	66	178	KAIT_DS15	PS1_LOWZ_COMBINED_TEXT_DS17	72	31	2232	0	0	CROSS_CID_ZERO
2008ar	2008cf	67	178	CSPDR3_anthony	PS1_LOWZ_COMBINED_TEXT_DS17	132	31	4092	0	0	CROSS_CID_ZERO
2008ar	2008cf	68	177	PS1_LOWZ_COMBINED_TEXT_DS17	CSPDR3_anthony	104	96	9984	0	0	CROSS_CID_ZERO
2008ar	2008gg	66	88	KAIT_DS15	CSPDR3_anthony	72	198	14256	0	0	CROSS_CID_ZERO
2008ar	2008gg	67	87	CSPDR3_anthony	LOSS	132	55	7260	0	0	CROSS_CID_ZERO
2008ar	2008gg	68	87	PS1_LOWZ_COMBINED_TEXT_DS17	LOSS	104	55	5720	0	0	CROSS_CID_ZERO
2008ar	2008gg	68	88	PS1_LOWZ_COMBINED_TEXT_DS17	CSPDR3_anthony	104	198	20592	0	0	CROSS_CID_ZERO
2008ar	2008hj	66	135	KAIT_DS15	CSPDR3_anthony	72	127	9144	0	0	CROSS_CID_ZERO
2008ar	2008hj	66	136	KAIT_DS15	PS1_LOWZ_COMBINED_TEXT_DS17	72	16	1152	0	0	CROSS_CID_ZERO
2008ar	2008hj	67	136	CSPDR3_anthony	PS1_LOWZ_COMBINED_TEXT_DS17	132	16	2112	0	0	CROSS_CID_ZERO
2008ar	2008hj	68	135	PS1_LOWZ_COMBINED_TEXT_DS17	CSPDR3_anthony	104	127	13208	0	0	CROSS_CID_ZERO
2008bz	2008Y	204	213	CSPDR3_anthony	LOSS	70	22	1540	0	0	CROSS_CID_ZERO
2008bz	2008Y	204	214	CSPDR3_anthony	PS1_LOWZ_COMBINED_TEXT_DS17	70	66	4620	0	0	CROSS_CID_ZERO
2008bz	2008Y	205	213	PS1_LOWZ_COMBINED_TEXT_DS17	LOSS	43	22	946	0	0	CROSS_CID_ZERO
2008cf	2008Y	177	213	CSPDR3_anthony	LOSS	96	22	2112	0	0	CROSS_CID_ZERO
2008cf	2008Y	177	214	CSPDR3_anthony	PS1_LOWZ_COMBINED_TEXT_DS17	96	66	6336	0	0	CROSS_CID_ZERO
2008cf	2008Y	178	213	PS1_LOWZ_COMBINED_TEXT_DS17	LOSS	31	22	682	0	0	CROSS_CID_ZERO
2008cf	2008bz	177	205	CSPDR3_anthony	PS1_LOWZ_COMBINED_TEXT_DS17	96	43	4128	0	0	CROSS_CID_ZERO
2008cf	2008bz	178	204	PS1_LOWZ_COMBINED_TEXT_DS17	CSPDR3_anthony	31	70	2170	0	0	CROSS_CID_ZERO
2008gg	2001eh	87	140	LOSS	CfA3_DJ20	55	93	5115	0	0	CROSS_CID_ZERO
2008gg	2001eh	88	139	CSPDR3_anthony	KAIT_DS15	198	116	22968	0	0	CROSS_CID_ZERO
2008gg	2001eh	88	140	CSPDR3_anthony	CfA3_DJ20	198	93	18414	0	0	CROSS_CID_ZERO
2008gg	2003fa	87	156	LOSS	CfA3_DJ20	55	92	5060	0	0	CROSS_CID_ZERO
2008gg	2003fa	88	155	CSPDR3_anthony	KAIT_DS15	198	150	29700	0	0	CROSS_CID_ZERO
2008gg	2003fa	88	156	CSPDR3_anthony	CfA3_DJ20	198	92	18216	0	0	CROSS_CID_ZERO
2008gg	2004as	87	110	LOSS	CfA3_DJ20	55	51	2805	0	0	CROSS_CID_ZERO
2008gg	2004as	88	109	CSPDR3_anthony	KAIT_DS15	198	91	18018	0	0	CROSS_CID_ZERO
2008gg	2004as	88	110	CSPDR3_anthony	CfA3_DJ20	198	51	10098	0	0	CROSS_CID_ZERO
2008gg	2005hc	87	172	LOSS	CfA3_DJ20	55	111	6105	0	0	CROSS_CID_ZERO
2008gg	2005hc	87	173	LOSS	CSPDR3_anthony	55	163	8965	0	0	CROSS_CID_ZERO
2008gg	2005hc	88	172	CSPDR3_anthony	CfA3_DJ20	198	111	21978	0	0	CROSS_CID_ZERO
2008gg	2005iq	87	113	LOSS	CfA3_DJ20	55	67	3685	0	0	CROSS_CID_ZERO
2008gg	2005iq	87	114	LOSS	CSPDR3_anthony	55	154	8470	0	0	CROSS_CID_ZERO
2008gg	2005iq	88	113	CSPDR3_anthony	CfA3_DJ20	198	67	13266	0	0	CROSS_CID_ZERO
2008gg	2006en	87	98	LOSS	CfA3_DJ20	55	58	3190	0	0	CROSS_CID_ZERO
2008gg	2006en	88	97	CSPDR3_anthony	KAIT_DS15	198	65	12870	0	0	CROSS_CID_ZERO
2008gg	2006en	88	98	CSPDR3_anthony	CfA3_DJ20	198	58	11484	0	0	CROSS_CID_ZERO
2008gg	2006gr	87	121	LOSS	CfA3_DJ20	55	129	7095	0	0	CROSS_CID_ZERO
2008gg	2006gr	88	120	CSPDR3_anthony	KAIT_DS15	198	72	14256	0	0	CROSS_CID_ZERO
2008gg	2006gr	88	121	CSPDR3_anthony	CfA3_DJ20	198	129	25542	0	0	CROSS_CID_ZERO
2008gg	2007O	87	148	LOSS	CfA3_DJ20	55	55	3025	0	0	CROSS_CID_ZERO
2008gg	2007O	88	147	CSPDR3_anthony	KAIT_DS15	198	34	6732	0	0	CROSS_CID_ZERO
2008gg	2007O	88	148	CSPDR3_anthony	CfA3_DJ20	198	55	10890	0	0	CROSS_CID_ZERO
2008gg	2007bd	87	91	LOSS	CSPDR3_anthony	55	110	6050	0	0	CROSS_CID_ZERO
2008gg	2007bd	87	92	LOSS	CfA3_DJ20	55	46	2530	0	0	CROSS_CID_ZERO
2008gg	2007bd	88	90	CSPDR3_anthony	LOSS	198	20	3960	0	0	CROSS_CID_ZERO
2008gg	2007bd	88	92	CSPDR3_anthony	CfA3_DJ20	198	46	9108	0	0	CROSS_CID_ZERO
2008gg	2007jg	87	145	LOSS	CSPDR3_anthony	55	113	6215	0	0	CROSS_CID_ZERO
2008gg	2007jg	88	144	CSPDR3_anthony	LOSS	198	69	13662	0	0	CROSS_CID_ZERO
2008gg	2007kk	87	164	LOSS	PS1_LOWZ_COMBINED_TEXT_DS17	55	123	6765	0	0	CROSS_CID_ZERO
2008gg	2007kk	88	163	CSPDR3_anthony	LOSS	198	85	16830	0	0	CROSS_CID_ZERO
2008gg	2007kk	88	164	CSPDR3_anthony	PS1_LOWZ_COMBINED_TEXT_DS17	198	123	24354	0	0	CROSS_CID_ZERO
2008gg	2008Y	87	214	LOSS	PS1_LOWZ_COMBINED_TEXT_DS17	55	66	3630	0	0	CROSS_CID_ZERO
2008gg	2008Y	88	213	CSPDR3_anthony	LOSS	198	22	4356	0	0	CROSS_CID_ZERO
2008gg	2008Y	88	214	CSPDR3_anthony	PS1_LOWZ_COMBINED_TEXT_DS17	198	66	13068	0	0	CROSS_CID_ZERO
2008gg	2008bz	87	204	LOSS	CSPDR3_anthony	55	70	3850	0	0	CROSS_CID_ZERO
2008gg	2008bz	87	205	LOSS	PS1_LOWZ_COMBINED_TEXT_DS17	55	43	2365	0	0	CROSS_CID_ZERO
2008gg	2008bz	88	205	CSPDR3_anthony	PS1_LOWZ_COMBINED_TEXT_DS17	198	43	8514	0	0	CROSS_CID_ZERO
2008gg	2008cf	87	177	LOSS	CSPDR3_anthony	55	96	5280	0	0	CROSS_CID_ZERO
2008gg	2008cf	87	178	LOSS	PS1_LOWZ_COMBINED_TEXT_DS17	55	31	1705	0	0	CROSS_CID_ZERO
2008gg	2008cf	88	178	CSPDR3_anthony	PS1_LOWZ_COMBINED_TEXT_DS17	198	31	6138	0	0	CROSS_CID_ZERO
2008gg	2008hj	87	135	LOSS	CSPDR3_anthony	55	127	6985	0	0	CROSS_CID_ZERO
2008gg	2008hj	87	136	LOSS	PS1_LOWZ_COMBINED_TEXT_DS17	55	16	880	0	0	CROSS_CID_ZERO
2008gg	2008hj	88	136	CSPDR3_anthony	PS1_LOWZ_COMBINED_TEXT_DS17	198	16	3168	0	0	CROSS_CID_ZERO
2008hj	2001eh	135	139	CSPDR3_anthony	KAIT_DS15	127	116	14732	0	0	CROSS_CID_ZERO
2008hj	2001eh	135	140	CSPDR3_anthony	CfA3_DJ20	127	93	11811	0	0	CROSS_CID_ZERO
2008hj	2001eh	136	139	PS1_LOWZ_COMBINED_TEXT_DS17	KAIT_DS15	16	116	1856	0	0	CROSS_CID_ZERO
2008hj	2003fa	135	155	CSPDR3_anthony	KAIT_DS15	127	150	19050	0	0	CROSS_CID_ZERO
2008hj	2003fa	135	156	CSPDR3_anthony	CfA3_DJ20	127	92	11684	0	0	CROSS_CID_ZERO
2008hj	2003fa	136	155	PS1_LOWZ_COMBINED_TEXT_DS17	KAIT_DS15	16	150	2400	0	0	CROSS_CID_ZERO
2008hj	2005hc	135	172	CSPDR3_anthony	CfA3_DJ20	127	111	14097	0	0	CROSS_CID_ZERO
2008hj	2005hc	136	173	PS1_LOWZ_COMBINED_TEXT_DS17	CSPDR3_anthony	16	163	2608	0	0	CROSS_CID_ZERO
2008hj	2007O	135	147	CSPDR3_anthony	KAIT_DS15	127	34	4318	0	0	CROSS_CID_ZERO
2008hj	2007O	135	148	CSPDR3_anthony	CfA3_DJ20	127	55	6985	0	0	CROSS_CID_ZERO
2008hj	2007O	136	147	PS1_LOWZ_COMBINED_TEXT_DS17	KAIT_DS15	16	34	544	0	0	CROSS_CID_ZERO
2008hj	2007jg	135	144	CSPDR3_anthony	LOSS	127	69	8763	0	0	CROSS_CID_ZERO
2008hj	2007jg	136	144	PS1_LOWZ_COMBINED_TEXT_DS17	LOSS	16	69	1104	0	0	CROSS_CID_ZERO
2008hj	2007jg	136	145	PS1_LOWZ_COMBINED_TEXT_DS17	CSPDR3_anthony	16	113	1808	0	0	CROSS_CID_ZERO
2008hj	2007kk	135	163	CSPDR3_anthony	LOSS	127	85	10795	0	0	CROSS_CID_ZERO
2008hj	2007kk	135	164	CSPDR3_anthony	PS1_LOWZ_COMBINED_TEXT_DS17	127	123	15621	0	0	CROSS_CID_ZERO
2008hj	2007kk	136	163	PS1_LOWZ_COMBINED_TEXT_DS17	LOSS	16	85	1360	0	0	CROSS_CID_ZERO
2008hj	2008Y	135	213	CSPDR3_anthony	LOSS	127	22	2794	0	0	CROSS_CID_ZERO
2008hj	2008Y	135	214	CSPDR3_anthony	PS1_LOWZ_COMBINED_TEXT_DS17	127	66	8382	0	0	CROSS_CID_ZERO
2008hj	2008Y	136	213	PS1_LOWZ_COMBINED_TEXT_DS17	LOSS	16	22	352	0	0	CROSS_CID_ZERO
2008hj	2008bz	135	205	CSPDR3_anthony	PS1_LOWZ_COMBINED_TEXT_DS17	127	43	5461	0	0	CROSS_CID_ZERO
2008hj	2008bz	136	204	PS1_LOWZ_COMBINED_TEXT_DS17	CSPDR3_anthony	16	70	1120	0	0	CROSS_CID_ZERO
2008hj	2008cf	135	178	CSPDR3_anthony	PS1_LOWZ_COMBINED_TEXT_DS17	127	31	3937	0	0	CROSS_CID_ZERO
2008hj	2008cf	136	177	PS1_LOWZ_COMBINED_TEXT_DS17	CSPDR3_anthony	16	96	1536	0	0	CROSS_CID_ZERO
2009D	1999gp	20	45	CSPDR3_anthony	PS1_LOWZ_COMBINED_TEXT_DS17	176	190	33440	0	0	CROSS_CID_ZERO
2009D	1999gp	20	46	CSPDR3_anthony	KAIT_DS15	176	87	15312	0	0	CROSS_CID_ZERO
2009D	1999gp	21	45	LOSS	PS1_LOWZ_COMBINED_TEXT_DS17	11	190	2090	0	0	CROSS_CID_ZERO
2009D	1999gp	22	46	PS1_LOWZ_COMBINED_TEXT_DS17	KAIT_DS15	68	87	5916	0	0	CROSS_CID_ZERO
2009D	2001eh	20	139	CSPDR3_anthony	KAIT_DS15	176	116	20416	0	0	CROSS_CID_ZERO
2009D	2001eh	20	140	CSPDR3_anthony	CfA3_DJ20	176	93	16368	0	0	CROSS_CID_ZERO
2009D	2001eh	21	140	LOSS	CfA3_DJ20	11	93	1023	0	0	CROSS_CID_ZERO
2009D	2001eh	22	139	PS1_LOWZ_COMBINED_TEXT_DS17	KAIT_DS15	68	116	7888	0	0	CROSS_CID_ZERO
2009D	2003fa	20	155	CSPDR3_anthony	KAIT_DS15	176	150	26400	0	0	CROSS_CID_ZERO
2009D	2003fa	20	156	CSPDR3_anthony	CfA3_DJ20	176	92	16192	1	1	CROSS_CID_POSITIVE
2009D	2003fa	21	156	LOSS	CfA3_DJ20	11	92	1012	0	0	CROSS_CID_ZERO
2009D	2003fa	22	155	PS1_LOWZ_COMBINED_TEXT_DS17	KAIT_DS15	68	150	10200	0	0	CROSS_CID_ZERO
2009D	2004as	20	109	CSPDR3_anthony	KAIT_DS15	176	91	16016	0	0	CROSS_CID_ZERO
2009D	2004as	20	110	CSPDR3_anthony	CfA3_DJ20	176	51	8976	0	0	CROSS_CID_ZERO
2009D	2004as	21	110	LOSS	CfA3_DJ20	11	51	561	0	0	CROSS_CID_ZERO
2009D	2004as	22	109	PS1_LOWZ_COMBINED_TEXT_DS17	KAIT_DS15	68	91	6188	0	0	CROSS_CID_ZERO
2009D	2004ef	20	81	CSPDR3_anthony	KAIT_DS15	176	97	17072	0	0	CROSS_CID_ZERO
2009D	2004ef	20	83	CSPDR3_anthony	CfA3_DJ20	176	32	5632	0	0	CROSS_CID_ZERO
2009D	2004ef	21	82	LOSS	CSPDR3_anthony	11	278	3058	0	0	CROSS_CID_ZERO
2009D	2004ef	21	83	LOSS	CfA3_DJ20	11	32	352	0	0	CROSS_CID_ZERO
2009D	2004ef	22	81	PS1_LOWZ_COMBINED_TEXT_DS17	KAIT_DS15	68	97	6596	0	0	CROSS_CID_ZERO
2009D	2004ef	22	82	PS1_LOWZ_COMBINED_TEXT_DS17	CSPDR3_anthony	68	278	18904	0	0	CROSS_CID_ZERO
2009D	2005M	20	40	CSPDR3_anthony	KAIT_DS15	176	79	13904	0	0	CROSS_CID_ZERO
2009D	2005M	20	42	CSPDR3_anthony	CfA3_DJ20	176	26	4576	0	0	CROSS_CID_ZERO
2009D	2005M	21	41	LOSS	CSPDR3_anthony	11	381	4191	0	0	CROSS_CID_ZERO
2009D	2005M	21	42	LOSS	CfA3_DJ20	11	26	286	0	0	CROSS_CID_ZERO
2009D	2005M	22	40	PS1_LOWZ_COMBINED_TEXT_DS17	KAIT_DS15	68	79	5372	0	0	CROSS_CID_ZERO
2009D	2005M	22	41	PS1_LOWZ_COMBINED_TEXT_DS17	CSPDR3_anthony	68	381	25908	0	0	CROSS_CID_ZERO
2009D	2005eq	20	61	CSPDR3_anthony	KAIT_DS15	176	87	15312	0	0	CROSS_CID_ZERO
2009D	2005eq	20	63	CSPDR3_anthony	CfA3_DJ20	176	141	24816	0	0	CROSS_CID_ZERO
2009D	2005eq	21	62	LOSS	CSPDR3_anthony	11	211	2321	0	0	CROSS_CID_ZERO
2009D	2005eq	21	63	LOSS	CfA3_DJ20	11	141	1551	0	0	CROSS_CID_ZERO
2009D	2005eq	22	61	PS1_LOWZ_COMBINED_TEXT_DS17	KAIT_DS15	68	87	5916	0	0	CROSS_CID_ZERO
2009D	2005eq	22	62	PS1_LOWZ_COMBINED_TEXT_DS17	CSPDR3_anthony	68	211	14348	0	0	CROSS_CID_ZERO
2009D	2005hc	20	172	CSPDR3_anthony	CfA3_DJ20	176	111	19536	0	0	CROSS_CID_ZERO
2009D	2005hc	21	172	LOSS	CfA3_DJ20	11	111	1221	0	0	CROSS_CID_ZERO
2009D	2005hc	21	173	LOSS	CSPDR3_anthony	11	163	1793	0	0	CROSS_CID_ZERO
2009D	2005hc	22	173	PS1_LOWZ_COMBINED_TEXT_DS17	CSPDR3_anthony	68	163	11084	0	0	CROSS_CID_ZERO
2009D	2005iq	20	113	CSPDR3_anthony	CfA3_DJ20	176	67	11792	0	0	CROSS_CID_ZERO
2009D	2005iq	21	113	LOSS	CfA3_DJ20	11	67	737	0	0	CROSS_CID_ZERO
2009D	2005iq	21	114	LOSS	CSPDR3_anthony	11	154	1694	0	0	CROSS_CID_ZERO
2009D	2005iq	22	114	PS1_LOWZ_COMBINED_TEXT_DS17	CSPDR3_anthony	68	154	10472	0	0	CROSS_CID_ZERO
2009D	2005na	20	55	CSPDR3_anthony	CfA3_DJ20	176	92	16192	0	0	CROSS_CID_ZERO
2009D	2005na	20	56	CSPDR3_anthony	KAIT_DS15	176	68	11968	0	0	CROSS_CID_ZERO
2009D	2005na	21	54	LOSS	CSPDR3_anthony	11	170	1870	0	0	CROSS_CID_ZERO
2009D	2005na	21	55	LOSS	CfA3_DJ20	11	92	1012	0	0	CROSS_CID_ZERO
2009D	2005na	22	54	PS1_LOWZ_COMBINED_TEXT_DS17	CSPDR3_anthony	68	170	11560	0	0	CROSS_CID_ZERO
2009D	2005na	22	56	PS1_LOWZ_COMBINED_TEXT_DS17	KAIT_DS15	68	68	4624	0	0	CROSS_CID_ZERO
2009D	2006en	20	97	CSPDR3_anthony	KAIT_DS15	176	65	11440	0	0	CROSS_CID_ZERO
2009D	2006en	20	98	CSPDR3_anthony	CfA3_DJ20	176	58	10208	0	0	CROSS_CID_ZERO
2009D	2006en	21	98	LOSS	CfA3_DJ20	11	58	638	0	0	CROSS_CID_ZERO
2009D	2006en	22	97	PS1_LOWZ_COMBINED_TEXT_DS17	KAIT_DS15	68	65	4420	0	0	CROSS_CID_ZERO
2009D	2006gr	20	120	CSPDR3_anthony	KAIT_DS15	176	72	12672	0	0	CROSS_CID_ZERO
2009D	2006gr	20	121	CSPDR3_anthony	CfA3_DJ20	176	129	22704	0	0	CROSS_CID_ZERO
2009D	2006gr	21	121	LOSS	CfA3_DJ20	11	129	1419	0	0	CROSS_CID_ZERO
2009D	2006gr	22	120	PS1_LOWZ_COMBINED_TEXT_DS17	KAIT_DS15	68	72	4896	0	0	CROSS_CID_ZERO
2009D	2007O	20	147	CSPDR3_anthony	KAIT_DS15	176	34	5984	0	0	CROSS_CID_ZERO
2009D	2007O	20	148	CSPDR3_anthony	CfA3_DJ20	176	55	9680	0	0	CROSS_CID_ZERO
2009D	2007O	21	148	LOSS	CfA3_DJ20	11	55	605	0	0	CROSS_CID_ZERO
2009D	2007O	22	147	PS1_LOWZ_COMBINED_TEXT_DS17	KAIT_DS15	68	34	2312	0	0	CROSS_CID_ZERO
2009D	2007bd	20	90	CSPDR3_anthony	LOSS	176	20	3520	0	0	CROSS_CID_ZERO
2009D	2007bd	20	92	CSPDR3_anthony	CfA3_DJ20	176	46	8096	0	0	CROSS_CID_ZERO
2009D	2007bd	21	91	LOSS	CSPDR3_anthony	11	110	1210	0	0	CROSS_CID_ZERO
2009D	2007bd	21	92	LOSS	CfA3_DJ20	11	46	506	0	0	CROSS_CID_ZERO
2009D	2007bd	22	90	PS1_LOWZ_COMBINED_TEXT_DS17	LOSS	68	20	1360	0	0	CROSS_CID_ZERO
2009D	2007bd	22	91	PS1_LOWZ_COMBINED_TEXT_DS17	CSPDR3_anthony	68	110	7480	0	0	CROSS_CID_ZERO
2009D	2007co	20	50	CSPDR3_anthony	KAIT_DS15	176	94	16544	0	0	CROSS_CID_ZERO
2009D	2007co	20	51	CSPDR3_anthony	SWIFT	176	44	7744	0	0	CROSS_CID_ZERO
2009D	2007co	20	52	CSPDR3_anthony	CfA3_DJ20	176	122	21472	1	1	CROSS_CID_POSITIVE
2009D	2007co	21	52	LOSS	CfA3_DJ20	11	122	1342	0	0	CROSS_CID_ZERO
2009D	2007co	22	50	PS1_LOWZ_COMBINED_TEXT_DS17	KAIT_DS15	68	94	6392	0	0	CROSS_CID_ZERO
2009D	2007cq	20	28	CSPDR3_anthony	SWIFT	176	64	11264	0	0	CROSS_CID_ZERO
2009D	2007cq	20	29	CSPDR3_anthony	CfA3_DJ20	176	111	19536	0	0	CROSS_CID_ZERO
2009D	2007cq	20	31	CSPDR3_anthony	KAIT_DS15	176	91	16016	0	0	CROSS_CID_ZERO
2009D	2007cq	21	29	LOSS	CfA3_DJ20	11	111	1221	0	0	CROSS_CID_ZERO
2009D	2007cq	22	31	PS1_LOWZ_COMBINED_TEXT_DS17	KAIT_DS15	68	91	6188	0	0	CROSS_CID_ZERO
2009D	2007jg	20	144	CSPDR3_anthony	LOSS	176	69	12144	0	0	CROSS_CID_ZERO
2009D	2007jg	21	145	LOSS	CSPDR3_anthony	11	113	1243	0	0	CROSS_CID_ZERO
2009D	2007jg	22	144	PS1_LOWZ_COMBINED_TEXT_DS17	LOSS	68	69	4692	0	0	CROSS_CID_ZERO
2009D	2007jg	22	145	PS1_LOWZ_COMBINED_TEXT_DS17	CSPDR3_anthony	68	113	7684	0	0	CROSS_CID_ZERO
2009D	2007kk	20	163	CSPDR3_anthony	LOSS	176	85	14960	0	0	CROSS_CID_ZERO
2009D	2007kk	20	164	CSPDR3_anthony	PS1_LOWZ_COMBINED_TEXT_DS17	176	123	21648	0	0	CROSS_CID_ZERO
2009D	2007kk	21	164	LOSS	PS1_LOWZ_COMBINED_TEXT_DS17	11	123	1353	0	0	CROSS_CID_ZERO
2009D	2007kk	22	163	PS1_LOWZ_COMBINED_TEXT_DS17	LOSS	68	85	5780	0	0	CROSS_CID_ZERO
2009D	2008Y	20	213	CSPDR3_anthony	LOSS	176	22	3872	0	0	CROSS_CID_ZERO
2009D	2008Y	20	214	CSPDR3_anthony	PS1_LOWZ_COMBINED_TEXT_DS17	176	66	11616	0	0	CROSS_CID_ZERO
2009D	2008Y	21	214	LOSS	PS1_LOWZ_COMBINED_TEXT_DS17	11	66	726	0	0	CROSS_CID_ZERO
2009D	2008Y	22	213	PS1_LOWZ_COMBINED_TEXT_DS17	LOSS	68	22	1496	0	0	CROSS_CID_ZERO
2009D	2008ar	20	66	CSPDR3_anthony	KAIT_DS15	176	72	12672	0	0	CROSS_CID_ZERO
2009D	2008ar	20	68	CSPDR3_anthony	PS1_LOWZ_COMBINED_TEXT_DS17	176	104	18304	0	0	CROSS_CID_ZERO
2009D	2008ar	21	67	LOSS	CSPDR3_anthony	11	132	1452	0	0	CROSS_CID_ZERO
2009D	2008ar	21	68	LOSS	PS1_LOWZ_COMBINED_TEXT_DS17	11	104	1144	0	0	CROSS_CID_ZERO
2009D	2008ar	22	66	PS1_LOWZ_COMBINED_TEXT_DS17	KAIT_DS15	68	72	4896	0	0	CROSS_CID_ZERO
2009D	2008ar	22	67	PS1_LOWZ_COMBINED_TEXT_DS17	CSPDR3_anthony	68	132	8976	0	0	CROSS_CID_ZERO
2009D	2008bz	20	205	CSPDR3_anthony	PS1_LOWZ_COMBINED_TEXT_DS17	176	43	7568	0	0	CROSS_CID_ZERO
2009D	2008bz	21	204	LOSS	CSPDR3_anthony	11	70	770	0	0	CROSS_CID_ZERO
2009D	2008bz	21	205	LOSS	PS1_LOWZ_COMBINED_TEXT_DS17	11	43	473	0	0	CROSS_CID_ZERO
2009D	2008bz	22	204	PS1_LOWZ_COMBINED_TEXT_DS17	CSPDR3_anthony	68	70	4760	0	0	CROSS_CID_ZERO
2009D	2008cf	20	178	CSPDR3_anthony	PS1_LOWZ_COMBINED_TEXT_DS17	176	31	5456	0	0	CROSS_CID_ZERO
2009D	2008cf	21	177	LOSS	CSPDR3_anthony	11	96	1056	0	0	CROSS_CID_ZERO
2009D	2008cf	21	178	LOSS	PS1_LOWZ_COMBINED_TEXT_DS17	11	31	341	0	0	CROSS_CID_ZERO
2009D	2008cf	22	177	PS1_LOWZ_COMBINED_TEXT_DS17	CSPDR3_anthony	68	96	6528	0	0	CROSS_CID_ZERO
2009D	2008gg	20	87	CSPDR3_anthony	LOSS	176	55	9680	0	0	CROSS_CID_ZERO
2009D	2008gg	21	88	LOSS	CSPDR3_anthony	11	198	2178	0	0	CROSS_CID_ZERO
2009D	2008gg	22	87	PS1_LOWZ_COMBINED_TEXT_DS17	LOSS	68	55	3740	0	0	CROSS_CID_ZERO
2009D	2008gg	22	88	PS1_LOWZ_COMBINED_TEXT_DS17	CSPDR3_anthony	68	198	13464	0	0	CROSS_CID_ZERO
2009D	2008hj	20	136	CSPDR3_anthony	PS1_LOWZ_COMBINED_TEXT_DS17	176	16	2816	0	0	CROSS_CID_ZERO
2009D	2008hj	21	135	LOSS	CSPDR3_anthony	11	127	1397	0	0	CROSS_CID_ZERO
2009D	2008hj	21	136	LOSS	PS1_LOWZ_COMBINED_TEXT_DS17	11	16	176	0	0	CROSS_CID_ZERO
2009D	2008hj	22	135	PS1_LOWZ_COMBINED_TEXT_DS17	CSPDR3_anthony	68	127	8636	0	0	CROSS_CID_ZERO
2009D	2009ad	20	64	CSPDR3_anthony	PS1_LOWZ_COMBINED_TEXT_DS17	176	74	13024	0	0	CROSS_CID_ZERO
2009D	2009ad	21	64	LOSS	PS1_LOWZ_COMBINED_TEXT_DS17	11	74	814	0	0	CROSS_CID_ZERO
2009D	2009ad	21	65	LOSS	CSPDR3_anthony	11	128	1408	0	0	CROSS_CID_ZERO
2009D	2009ad	22	65	PS1_LOWZ_COMBINED_TEXT_DS17	CSPDR3_anthony	68	128	8704	0	0	CROSS_CID_ZERO
2009ad	2001eh	64	139	PS1_LOWZ_COMBINED_TEXT_DS17	KAIT_DS15	74	116	8584	0	0	CROSS_CID_ZERO
2009ad	2001eh	65	139	CSPDR3_anthony	KAIT_DS15	128	116	14848	0	0	CROSS_CID_ZERO
2009ad	2001eh	65	140	CSPDR3_anthony	CfA3_DJ20	128	93	11904	0	0	CROSS_CID_ZERO
2009ad	2003fa	64	155	PS1_LOWZ_COMBINED_TEXT_DS17	KAIT_DS15	74	150	11100	0	0	CROSS_CID_ZERO
2009ad	2003fa	65	155	CSPDR3_anthony	KAIT_DS15	128	150	19200	0	0	CROSS_CID_ZERO
2009ad	2003fa	65	156	CSPDR3_anthony	CfA3_DJ20	128	92	11776	0	0	CROSS_CID_ZERO
2009ad	2004as	64	109	PS1_LOWZ_COMBINED_TEXT_DS17	KAIT_DS15	74	91	6734	0	0	CROSS_CID_ZERO
2009ad	2004as	65	109	CSPDR3_anthony	KAIT_DS15	128	91	11648	0	0	CROSS_CID_ZERO
2009ad	2004as	65	110	CSPDR3_anthony	CfA3_DJ20	128	51	6528	0	0	CROSS_CID_ZERO
2009ad	2004ef	64	81	PS1_LOWZ_COMBINED_TEXT_DS17	KAIT_DS15	74	97	7178	0	0	CROSS_CID_ZERO
2009ad	2004ef	64	82	PS1_LOWZ_COMBINED_TEXT_DS17	CSPDR3_anthony	74	278	20572	0	0	CROSS_CID_ZERO
2009ad	2004ef	65	81	CSPDR3_anthony	KAIT_DS15	128	97	12416	0	0	CROSS_CID_ZERO
2009ad	2004ef	65	83	CSPDR3_anthony	CfA3_DJ20	128	32	4096	1	1	CROSS_CID_POSITIVE
2009ad	2005hc	64	173	PS1_LOWZ_COMBINED_TEXT_DS17	CSPDR3_anthony	74	163	12062	0	0	CROSS_CID_ZERO
2009ad	2005hc	65	172	CSPDR3_anthony	CfA3_DJ20	128	111	14208	0	0	CROSS_CID_ZERO
2009ad	2005iq	64	114	PS1_LOWZ_COMBINED_TEXT_DS17	CSPDR3_anthony	74	154	11396	0	0	CROSS_CID_ZERO
2009ad	2005iq	65	113	CSPDR3_anthony	CfA3_DJ20	128	67	8576	0	0	CROSS_CID_ZERO
2009ad	2006en	64	97	PS1_LOWZ_COMBINED_TEXT_DS17	KAIT_DS15	74	65	4810	0	0	CROSS_CID_ZERO
2009ad	2006en	65	97	CSPDR3_anthony	KAIT_DS15	128	65	8320	0	0	CROSS_CID_ZERO
2009ad	2006en	65	98	CSPDR3_anthony	CfA3_DJ20	128	58	7424	0	0	CROSS_CID_ZERO
2009ad	2006gr	64	120	PS1_LOWZ_COMBINED_TEXT_DS17	KAIT_DS15	74	72	5328	0	0	CROSS_CID_ZERO
2009ad	2006gr	65	120	CSPDR3_anthony	KAIT_DS15	128	72	9216	0	0	CROSS_CID_ZERO
2009ad	2006gr	65	121	CSPDR3_anthony	CfA3_DJ20	128	129	16512	0	0	CROSS_CID_ZERO
2009ad	2007O	64	147	PS1_LOWZ_COMBINED_TEXT_DS17	KAIT_DS15	74	34	2516	0	0	CROSS_CID_ZERO
2009ad	2007O	65	147	CSPDR3_anthony	KAIT_DS15	128	34	4352	0	0	CROSS_CID_ZERO
2009ad	2007O	65	148	CSPDR3_anthony	CfA3_DJ20	128	55	7040	0	0	CROSS_CID_ZERO
2009ad	2007bd	64	90	PS1_LOWZ_COMBINED_TEXT_DS17	LOSS	74	20	1480	0	0	CROSS_CID_ZERO
2009ad	2007bd	64	91	PS1_LOWZ_COMBINED_TEXT_DS17	CSPDR3_anthony	74	110	8140	0	0	CROSS_CID_ZERO
2009ad	2007bd	65	90	CSPDR3_anthony	LOSS	128	20	2560	0	0	CROSS_CID_ZERO
2009ad	2007bd	65	92	CSPDR3_anthony	CfA3_DJ20	128	46	5888	0	0	CROSS_CID_ZERO
2009ad	2007jg	64	144	PS1_LOWZ_COMBINED_TEXT_DS17	LOSS	74	69	5106	0	0	CROSS_CID_ZERO
2009ad	2007jg	64	145	PS1_LOWZ_COMBINED_TEXT_DS17	CSPDR3_anthony	74	113	8362	0	0	CROSS_CID_ZERO
2009ad	2007jg	65	144	CSPDR3_anthony	LOSS	128	69	8832	0	0	CROSS_CID_ZERO
2009ad	2007kk	64	163	PS1_LOWZ_COMBINED_TEXT_DS17	LOSS	74	85	6290	0	0	CROSS_CID_ZERO
2009ad	2007kk	65	163	CSPDR3_anthony	LOSS	128	85	10880	0	0	CROSS_CID_ZERO
2009ad	2007kk	65	164	CSPDR3_anthony	PS1_LOWZ_COMBINED_TEXT_DS17	128	123	15744	0	0	CROSS_CID_ZERO
2009ad	2008Y	64	213	PS1_LOWZ_COMBINED_TEXT_DS17	LOSS	74	22	1628	0	0	CROSS_CID_ZERO
2009ad	2008Y	65	213	CSPDR3_anthony	LOSS	128	22	2816	0	0	CROSS_CID_ZERO
2009ad	2008Y	65	214	CSPDR3_anthony	PS1_LOWZ_COMBINED_TEXT_DS17	128	66	8448	0	0	CROSS_CID_ZERO
2009ad	2008ar	64	66	PS1_LOWZ_COMBINED_TEXT_DS17	KAIT_DS15	74	72	5328	0	0	CROSS_CID_ZERO
2009ad	2008ar	64	67	PS1_LOWZ_COMBINED_TEXT_DS17	CSPDR3_anthony	74	132	9768	0	0	CROSS_CID_ZERO
2009ad	2008ar	65	66	CSPDR3_anthony	KAIT_DS15	128	72	9216	0	0	CROSS_CID_ZERO
2009ad	2008ar	65	68	CSPDR3_anthony	PS1_LOWZ_COMBINED_TEXT_DS17	128	104	13312	0	0	CROSS_CID_ZERO
2009ad	2008bz	64	204	PS1_LOWZ_COMBINED_TEXT_DS17	CSPDR3_anthony	74	70	5180	0	0	CROSS_CID_ZERO
2009ad	2008bz	65	205	CSPDR3_anthony	PS1_LOWZ_COMBINED_TEXT_DS17	128	43	5504	0	0	CROSS_CID_ZERO
2009ad	2008cf	64	177	PS1_LOWZ_COMBINED_TEXT_DS17	CSPDR3_anthony	74	96	7104	0	0	CROSS_CID_ZERO
2009ad	2008cf	65	178	CSPDR3_anthony	PS1_LOWZ_COMBINED_TEXT_DS17	128	31	3968	0	0	CROSS_CID_ZERO
2009ad	2008gg	64	87	PS1_LOWZ_COMBINED_TEXT_DS17	LOSS	74	55	4070	0	0	CROSS_CID_ZERO
2009ad	2008gg	64	88	PS1_LOWZ_COMBINED_TEXT_DS17	CSPDR3_anthony	74	198	14652	0	0	CROSS_CID_ZERO
2009ad	2008gg	65	87	CSPDR3_anthony	LOSS	128	55	7040	0	0	CROSS_CID_ZERO
2009ad	2008hj	64	135	PS1_LOWZ_COMBINED_TEXT_DS17	CSPDR3_anthony	74	127	9398	0	0	CROSS_CID_ZERO
2009ad	2008hj	65	136	CSPDR3_anthony	PS1_LOWZ_COMBINED_TEXT_DS17	128	16	2048	0	0	CROSS_CID_ZERO
2009cz	1999gp	1	46	SWIFT	KAIT_DS15	70	87	6090	0	0	CROSS_CID_ZERO
2009cz	1999gp	2	45	CSPDR3_anthony	PS1_LOWZ_COMBINED_TEXT_DS17	83	190	15770	0	0	CROSS_CID_ZERO
2009cz	1999gp	2	46	CSPDR3_anthony	KAIT_DS15	83	87	7221	0	0	CROSS_CID_ZERO
2009cz	2001eh	1	139	SWIFT	KAIT_DS15	70	116	8120	0	0	CROSS_CID_ZERO
2009cz	2001eh	1	140	SWIFT	CfA3_DJ20	70	93	6510	0	0	CROSS_CID_ZERO
2009cz	2001eh	2	139	CSPDR3_anthony	KAIT_DS15	83	116	9628	0	0	CROSS_CID_ZERO
2009cz	2001eh	2	140	CSPDR3_anthony	CfA3_DJ20	83	93	7719	0	0	CROSS_CID_ZERO
2009cz	2003fa	1	155	SWIFT	KAIT_DS15	70	150	10500	0	0	CROSS_CID_ZERO
2009cz	2003fa	1	156	SWIFT	CfA3_DJ20	70	92	6440	0	0	CROSS_CID_ZERO
2009cz	2003fa	2	155	CSPDR3_anthony	KAIT_DS15	83	150	12450	0	0	CROSS_CID_ZERO
2009cz	2003fa	2	156	CSPDR3_anthony	CfA3_DJ20	83	92	7636	0	0	CROSS_CID_ZERO
2009cz	2004as	1	109	SWIFT	KAIT_DS15	70	91	6370	0	0	CROSS_CID_ZERO
2009cz	2004as	1	110	SWIFT	CfA3_DJ20	70	51	3570	0	0	CROSS_CID_ZERO
2009cz	2004as	2	109	CSPDR3_anthony	KAIT_DS15	83	91	7553	0	0	CROSS_CID_ZERO
2009cz	2004as	2	110	CSPDR3_anthony	CfA3_DJ20	83	51	4233	0	0	CROSS_CID_ZERO
2009cz	2004ef	1	81	SWIFT	KAIT_DS15	70	97	6790	0	0	CROSS_CID_ZERO
2009cz	2004ef	1	82	SWIFT	CSPDR3_anthony	70	278	19460	0	0	CROSS_CID_ZERO
2009cz	2004ef	1	83	SWIFT	CfA3_DJ20	70	32	2240	0	0	CROSS_CID_ZERO
2009cz	2004ef	2	81	CSPDR3_anthony	KAIT_DS15	83	97	8051	0	0	CROSS_CID_ZERO
2009cz	2004ef	2	83	CSPDR3_anthony	CfA3_DJ20	83	32	2656	0	0	CROSS_CID_ZERO
2009cz	2005M	1	40	SWIFT	KAIT_DS15	70	79	5530	0	0	CROSS_CID_ZERO
2009cz	2005M	1	41	SWIFT	CSPDR3_anthony	70	381	26670	0	0	CROSS_CID_ZERO
2009cz	2005M	1	42	SWIFT	CfA3_DJ20	70	26	1820	0	0	CROSS_CID_ZERO
2009cz	2005M	2	40	CSPDR3_anthony	KAIT_DS15	83	79	6557	0	0	CROSS_CID_ZERO
2009cz	2005M	2	42	CSPDR3_anthony	CfA3_DJ20	83	26	2158	0	0	CROSS_CID_ZERO
2009cz	2005eq	1	61	SWIFT	KAIT_DS15	70	87	6090	0	0	CROSS_CID_ZERO
2009cz	2005eq	1	62	SWIFT	CSPDR3_anthony	70	211	14770	0	0	CROSS_CID_ZERO
2009cz	2005eq	1	63	SWIFT	CfA3_DJ20	70	141	9870	0	0	CROSS_CID_ZERO
2009cz	2005eq	2	61	CSPDR3_anthony	KAIT_DS15	83	87	7221	0	0	CROSS_CID_ZERO
2009cz	2005eq	2	63	CSPDR3_anthony	CfA3_DJ20	83	141	11703	0	0	CROSS_CID_ZERO
2009cz	2005hc	1	172	SWIFT	CfA3_DJ20	70	111	7770	0	0	CROSS_CID_ZERO
2009cz	2005hc	1	173	SWIFT	CSPDR3_anthony	70	163	11410	0	0	CROSS_CID_ZERO
2009cz	2005hc	2	172	CSPDR3_anthony	CfA3_DJ20	83	111	9213	0	0	CROSS_CID_ZERO
2009cz	2005iq	1	113	SWIFT	CfA3_DJ20	70	67	4690	0	0	CROSS_CID_ZERO
2009cz	2005iq	1	114	SWIFT	CSPDR3_anthony	70	154	10780	0	0	CROSS_CID_ZERO
2009cz	2005iq	2	113	CSPDR3_anthony	CfA3_DJ20	83	67	5561	0	0	CROSS_CID_ZERO
2009cz	2005na	1	54	SWIFT	CSPDR3_anthony	70	170	11900	0	0	CROSS_CID_ZERO
2009cz	2005na	1	55	SWIFT	CfA3_DJ20	70	92	6440	0	0	CROSS_CID_ZERO
2009cz	2005na	1	56	SWIFT	KAIT_DS15	70	68	4760	0	0	CROSS_CID_ZERO
2009cz	2005na	2	55	CSPDR3_anthony	CfA3_DJ20	83	92	7636	0	0	CROSS_CID_ZERO
2009cz	2005na	2	56	CSPDR3_anthony	KAIT_DS15	83	68	5644	0	0	CROSS_CID_ZERO
2009cz	2006ac	1	16	SWIFT	KAIT_DS15	70	31	2170	0	0	CROSS_CID_ZERO
2009cz	2006ac	1	17	SWIFT	CfA3_DJ20	70	145	10150	0	0	CROSS_CID_ZERO
2009cz	2006ac	2	16	CSPDR3_anthony	KAIT_DS15	83	31	2573	0	0	CROSS_CID_ZERO
2009cz	2006ac	2	17	CSPDR3_anthony	CfA3_DJ20	83	145	12035	0	0	CROSS_CID_ZERO
2009cz	2006en	1	97	SWIFT	KAIT_DS15	70	65	4550	0	0	CROSS_CID_ZERO
2009cz	2006en	1	98	SWIFT	CfA3_DJ20	70	58	4060	0	0	CROSS_CID_ZERO
2009cz	2006en	2	97	CSPDR3_anthony	KAIT_DS15	83	65	5395	0	0	CROSS_CID_ZERO
2009cz	2006en	2	98	CSPDR3_anthony	CfA3_DJ20	83	58	4814	0	0	CROSS_CID_ZERO
2009cz	2006gr	1	120	SWIFT	KAIT_DS15	70	72	5040	0	0	CROSS_CID_ZERO
2009cz	2006gr	1	121	SWIFT	CfA3_DJ20	70	129	9030	0	0	CROSS_CID_ZERO
2009cz	2006gr	2	120	CSPDR3_anthony	KAIT_DS15	83	72	5976	0	0	CROSS_CID_ZERO
2009cz	2006gr	2	121	CSPDR3_anthony	CfA3_DJ20	83	129	10707	0	0	CROSS_CID_ZERO
2009cz	2007F	1	15	SWIFT	CfA3_DJ20	70	127	8890	0	0	CROSS_CID_ZERO
2009cz	2007F	2	14	CSPDR3_anthony	LOSS	83	100	8300	0	0	CROSS_CID_ZERO
2009cz	2007F	2	15	CSPDR3_anthony	CfA3_DJ20	83	127	10541	0	0	CROSS_CID_ZERO
2009cz	2007O	1	147	SWIFT	KAIT_DS15	70	34	2380	0	0	CROSS_CID_ZERO
2009cz	2007O	1	148	SWIFT	CfA3_DJ20	70	55	3850	0	0	CROSS_CID_ZERO
2009cz	2007O	2	147	CSPDR3_anthony	KAIT_DS15	83	34	2822	0	0	CROSS_CID_ZERO
2009cz	2007O	2	148	CSPDR3_anthony	CfA3_DJ20	83	55	4565	0	0	CROSS_CID_ZERO
2009cz	2007bd	1	91	SWIFT	CSPDR3_anthony	70	110	7700	0	0	CROSS_CID_ZERO
2009cz	2007bd	1	92	SWIFT	CfA3_DJ20	70	46	3220	0	0	CROSS_CID_ZERO
2009cz	2007bd	2	90	CSPDR3_anthony	LOSS	83	20	1660	0	0	CROSS_CID_ZERO
2009cz	2007bd	2	92	CSPDR3_anthony	CfA3_DJ20	83	46	3818	0	0	CROSS_CID_ZERO
2009cz	2007co	1	50	SWIFT	KAIT_DS15	70	94	6580	0	0	CROSS_CID_ZERO
2009cz	2007co	1	52	SWIFT	CfA3_DJ20	70	122	8540	0	0	CROSS_CID_ZERO
2009cz	2007co	2	50	CSPDR3_anthony	KAIT_DS15	83	94	7802	0	0	CROSS_CID_ZERO
2009cz	2007co	2	51	CSPDR3_anthony	SWIFT	83	44	3652	0	0	CROSS_CID_ZERO
2009cz	2007co	2	52	CSPDR3_anthony	CfA3_DJ20	83	122	10126	0	0	CROSS_CID_ZERO
2009cz	2007cq	1	29	SWIFT	CfA3_DJ20	70	111	7770	0	0	CROSS_CID_ZERO
2009cz	2007cq	1	31	SWIFT	KAIT_DS15	70	91	6370	0	0	CROSS_CID_ZERO
2009cz	2007cq	2	28	CSPDR3_anthony	SWIFT	83	64	5312	0	0	CROSS_CID_ZERO
2009cz	2007cq	2	29	CSPDR3_anthony	CfA3_DJ20	83	111	9213	0	0	CROSS_CID_ZERO
2009cz	2007cq	2	31	CSPDR3_anthony	KAIT_DS15	83	91	7553	0	0	CROSS_CID_ZERO
2009cz	2007jg	1	145	SWIFT	CSPDR3_anthony	70	113	7910	0	0	CROSS_CID_ZERO
2009cz	2007jg	2	144	CSPDR3_anthony	LOSS	83	69	5727	0	0	CROSS_CID_ZERO
2009cz	2007kk	2	163	CSPDR3_anthony	LOSS	83	85	7055	0	0	CROSS_CID_ZERO
2009cz	2007kk	2	164	CSPDR3_anthony	PS1_LOWZ_COMBINED_TEXT_DS17	83	123	10209	0	0	CROSS_CID_ZERO
2009cz	2007qe	1	5	SWIFT	KAIT_DS15	70	49	3430	0	0	CROSS_CID_ZERO
2009cz	2007qe	1	6	SWIFT	CfA3_DJ20	70	118	8260	0	0	CROSS_CID_ZERO
2009cz	2007qe	2	5	CSPDR3_anthony	KAIT_DS15	83	49	4067	0	0	CROSS_CID_ZERO
2009cz	2007qe	2	6	CSPDR3_anthony	CfA3_DJ20	83	118	9794	0	0	CROSS_CID_ZERO
2009cz	2008Y	2	213	CSPDR3_anthony	LOSS	83	22	1826	0	0	CROSS_CID_ZERO
2009cz	2008Y	2	214	CSPDR3_anthony	PS1_LOWZ_COMBINED_TEXT_DS17	83	66	5478	0	0	CROSS_CID_ZERO
2009cz	2008ar	1	66	SWIFT	KAIT_DS15	70	72	5040	0	0	CROSS_CID_ZERO
2009cz	2008ar	1	67	SWIFT	CSPDR3_anthony	70	132	9240	0	0	CROSS_CID_ZERO
2009cz	2008ar	2	66	CSPDR3_anthony	KAIT_DS15	83	72	5976	0	0	CROSS_CID_ZERO
2009cz	2008ar	2	68	CSPDR3_anthony	PS1_LOWZ_COMBINED_TEXT_DS17	83	104	8632	0	0	CROSS_CID_ZERO
2009cz	2008bz	1	204	SWIFT	CSPDR3_anthony	70	70	4900	0	0	CROSS_CID_ZERO
2009cz	2008bz	2	205	CSPDR3_anthony	PS1_LOWZ_COMBINED_TEXT_DS17	83	43	3569	0	0	CROSS_CID_ZERO
2009cz	2008cf	1	177	SWIFT	CSPDR3_anthony	70	96	6720	0	0	CROSS_CID_ZERO
2009cz	2008cf	2	178	CSPDR3_anthony	PS1_LOWZ_COMBINED_TEXT_DS17	83	31	2573	0	0	CROSS_CID_ZERO
2009cz	2008gg	1	88	SWIFT	CSPDR3_anthony	70	198	13860	0	0	CROSS_CID_ZERO
2009cz	2008gg	2	87	CSPDR3_anthony	LOSS	83	55	4565	0	0	CROSS_CID_ZERO
2009cz	2008hj	1	135	SWIFT	CSPDR3_anthony	70	127	8890	0	0	CROSS_CID_ZERO
2009cz	2008hj	2	136	CSPDR3_anthony	PS1_LOWZ_COMBINED_TEXT_DS17	83	16	1328	0	0	CROSS_CID_ZERO
2009cz	2009D	1	20	SWIFT	CSPDR3_anthony	70	176	12320	0	0	CROSS_CID_ZERO
2009cz	2009D	2	21	CSPDR3_anthony	LOSS	83	11	913	0	0	CROSS_CID_ZERO
2009cz	2009D	2	22	CSPDR3_anthony	PS1_LOWZ_COMBINED_TEXT_DS17	83	68	5644	0	0	CROSS_CID_ZERO
2009cz	2009ad	1	65	SWIFT	CSPDR3_anthony	70	128	8960	0	0	CROSS_CID_ZERO
2009cz	2009ad	2	64	CSPDR3_anthony	PS1_LOWZ_COMBINED_TEXT_DS17	83	74	6142	0	0	CROSS_CID_ZERO
