record_file	referenced_path	status	note
reproduction/second_season/gwtc/canonical_gate_a/SHA256SUMS.txt	02_KEY_RESULTS/GATE_A_AUDIT_TABLES.xlsx	NOT_INCLUDED_IN_COMPACT_TREE	Historical checksum reference retained for provenance; referenced source-package/transport member is not part of the compact repository.
reproduction/second_season/gwtc/canonical_gate_a/SHA256SUMS.txt	03_ARCHIVE_PACKAGES/GWTC45_GATE_A_HEADLINE_QUANTILE_REPRODUCTION_RESULTS_FOR_REVIEW.zip	NOT_INCLUDED_IN_COMPACT_TREE	Historical checksum reference retained for provenance; referenced source-package/transport member is not part of the compact repository.
reproduction/second_season/gwtc/canonical_gate_a/SHA256SUMS.txt	03_ARCHIVE_PACKAGES/GWTC45_H0_METRIC_PROVENANCE_SOURCE_FREEZE_V1.zip	NOT_INCLUDED_IN_COMPACT_TREE	Historical checksum reference retained for provenance; referenced source-package/transport member is not part of the compact repository.
reproduction/second_season/gwtc/canonical_gate_a/SHA256SUMS.txt	03_ARCHIVE_PACKAGES/GWTC45_H0_METRIC_PROVENANCE_SOURCE_FREEZE_V1_CORR1.zip	NOT_INCLUDED_IN_COMPACT_TREE	Historical checksum reference retained for provenance; referenced source-package/transport member is not part of the compact repository.
reproduction/second_season/gwtc/canonical_gate_a/03_ARCHIVE_PACKAGES/GWTC45_GATE_A_HEADLINE_QUANTILE_REPRODUCTION_RESULTS_FOR_REVIEW.zip.sha256	GWTC45_GATE_A_HEADLINE_QUANTILE_REPRODUCTION_RESULTS_FOR_REVIEW.zip	NOT_INCLUDED_IN_COMPACT_TREE	Historical checksum reference retained for provenance; referenced source-package/transport member is not part of the compact repository.
reproduction/second_season/gwtc/canonical_gate_a/03_ARCHIVE_PACKAGES/GWTC45_H0_METRIC_PROVENANCE_SOURCE_FREEZE_V1.zip.MASTER_GENERATED.sha256	GWTC45_H0_METRIC_PROVENANCE_SOURCE_FREEZE_V1.zip	NOT_INCLUDED_IN_COMPACT_TREE	Historical checksum reference retained for provenance; referenced source-package/transport member is not part of the compact repository.
reproduction/second_season/gwtc/canonical_gate_a/03_ARCHIVE_PACKAGES/GWTC45_H0_METRIC_PROVENANCE_SOURCE_FREEZE_V1_CORR1.zip.sha256	GWTC45_H0_METRIC_PROVENANCE_SOURCE_FREEZE_V1_CORR1.zip	NOT_INCLUDED_IN_COMPACT_TREE	Historical checksum reference retained for provenance; referenced source-package/transport member is not part of the compact repository.
reproduction/first_season/capsules/posterior_attribution/fresh_replay_records/E002_SHA256SUMS.txt	HTS59_RESULTS_FOR_REVIEW/CANONICAL_STATE_THROUGH_HTS58.md	NOT_INCLUDED_IN_COMPACT_TREE	Historical checksum reference retained for provenance; referenced source-package/transport member is not part of the compact repository.
reproduction/first_season/capsules/posterior_attribution/fresh_replay_records/E002_SHA256SUMS.txt	HTS59_RESULTS_FOR_REVIEW/HTS58_CANONICALIZATION_AUDIT.md	NOT_INCLUDED_IN_COMPACT_TREE	Historical checksum reference retained for provenance; referenced source-package/transport member is not part of the compact repository.
reproduction/first_season/capsules/posterior_attribution/fresh_replay_records/E002_SHA256SUMS.txt	HTS59_RESULTS_FOR_REVIEW/HTS59_AUDIT_STDERR.txt	NOT_INCLUDED_IN_COMPACT_TREE	Historical checksum reference retained for provenance; referenced source-package/transport member is not part of the compact repository.
reproduction/first_season/capsules/posterior_attribution/fresh_replay_records/E002_SHA256SUMS.txt	HTS59_RESULTS_FOR_REVIEW/HTS59_AUDIT_STDOUT.txt	NOT_INCLUDED_IN_COMPACT_TREE	Historical checksum reference retained for provenance; referenced source-package/transport member is not part of the compact repository.
reproduction/first_season/capsules/posterior_attribution/fresh_replay_records/E002_SHA256SUMS.txt	HTS59_RESULTS_FOR_REVIEW/HTS59_BURNIN_SENSITIVITY.tsv	NOT_INCLUDED_IN_COMPACT_TREE	Historical checksum reference retained for provenance; referenced source-package/transport member is not part of the compact repository.
reproduction/first_season/capsules/posterior_attribution/fresh_replay_records/E002_SHA256SUMS.txt	HTS59_RESULTS_FOR_REVIEW/HTS59_CHAIN_SUPPORT.tsv	NOT_INCLUDED_IN_COMPACT_TREE	Historical checksum reference retained for provenance; referenced source-package/transport member is not part of the compact repository.
reproduction/first_season/capsules/posterior_attribution/fresh_replay_records/E002_SHA256SUMS.txt	HTS59_RESULTS_FOR_REVIEW/HTS59_CLASSIFICATION.tsv	NOT_INCLUDED_IN_COMPACT_TREE	Historical checksum reference retained for provenance; referenced source-package/transport member is not part of the compact repository.
reproduction/first_season/capsules/posterior_attribution/fresh_replay_records/E002_SHA256SUMS.txt	HTS59_RESULTS_FOR_REVIEW/HTS59_DIRECTED_6D_DECOMPOSITION.tsv	NOT_INCLUDED_IN_COMPACT_TREE	Historical checksum reference retained for provenance; referenced source-package/transport member is not part of the compact repository.
reproduction/first_season/capsules/posterior_attribution/fresh_replay_records/E002_SHA256SUMS.txt	HTS59_RESULTS_FOR_REVIEW/HTS59_DIRECTED_LOO_STABILITY.tsv	NOT_INCLUDED_IN_COMPACT_TREE	Historical checksum reference retained for provenance; referenced source-package/transport member is not part of the compact repository.
reproduction/first_season/capsules/posterior_attribution/fresh_replay_records/E002_SHA256SUMS.txt	HTS59_RESULTS_FOR_REVIEW/HTS59_ENDPOINT_6D_CONDITIONING.tsv	NOT_INCLUDED_IN_COMPACT_TREE	Historical checksum reference retained for provenance; referenced source-package/transport member is not part of the compact repository.
reproduction/first_season/capsules/posterior_attribution/fresh_replay_records/E002_SHA256SUMS.txt	HTS59_RESULTS_FOR_REVIEW/HTS59_EXECUTION_CONTRACT.md	NOT_INCLUDED_IN_COMPACT_TREE	Historical checksum reference retained for provenance; referenced source-package/transport member is not part of the compact repository.
reproduction/first_season/capsules/posterior_attribution/fresh_replay_records/E002_SHA256SUMS.txt	HTS59_RESULTS_FOR_REVIEW/HTS59_EXECUTION_REPORT.md	NOT_INCLUDED_IN_COMPACT_TREE	Historical checksum reference retained for provenance; referenced source-package/transport member is not part of the compact repository.
reproduction/first_season/capsules/posterior_attribution/fresh_replay_records/E002_SHA256SUMS.txt	HTS59_RESULTS_FOR_REVIEW/HTS59_INDEPENDENT_AUDIT_CHECKS.tsv	NOT_INCLUDED_IN_COMPACT_TREE	Historical checksum reference retained for provenance; referenced source-package/transport member is not part of the compact repository.
reproduction/first_season/capsules/posterior_attribution/fresh_replay_records/E002_SHA256SUMS.txt	HTS59_RESULTS_FOR_REVIEW/HTS59_INDEPENDENT_AUDIT_RESULT.md	NOT_INCLUDED_IN_COMPACT_TREE	Historical checksum reference retained for provenance; referenced source-package/transport member is not part of the compact repository.
reproduction/first_season/capsules/posterior_attribution/fresh_replay_records/E002_SHA256SUMS.txt	HTS59_RESULTS_FOR_REVIEW/HTS59_LIKELIHOOD_MEMBERSHIP.tsv	NOT_INCLUDED_IN_COMPACT_TREE	Historical checksum reference retained for provenance; referenced source-package/transport member is not part of the compact repository.
reproduction/first_season/capsules/posterior_attribution/fresh_replay_records/E002_SHA256SUMS.txt	HTS59_RESULTS_FOR_REVIEW/HTS59_ORIGINAL_ROOT_INVENTORY.tsv	NOT_INCLUDED_IN_COMPACT_TREE	Historical checksum reference retained for provenance; referenced source-package/transport member is not part of the compact repository.
reproduction/first_season/capsules/posterior_attribution/fresh_replay_records/E002_SHA256SUMS.txt	HTS59_RESULTS_FOR_REVIEW/HTS59_PREFLIGHT_RESULT.md	NOT_INCLUDED_IN_COMPACT_TREE	Historical checksum reference retained for provenance; referenced source-package/transport member is not part of the compact repository.
reproduction/first_season/capsules/posterior_attribution/fresh_replay_records/E002_SHA256SUMS.txt	HTS59_RESULTS_FOR_REVIEW/HTS59_PREFLIGHT_TEST_AUDIT.md	NOT_INCLUDED_IN_COMPACT_TREE	Historical checksum reference retained for provenance; referenced source-package/transport member is not part of the compact repository.
reproduction/first_season/capsules/posterior_attribution/fresh_replay_records/E002_SHA256SUMS.txt	HTS59_RESULTS_FOR_REVIEW/HTS59_RAW_IMPLEMENTATION_DIAGNOSTICS.tsv	NOT_INCLUDED_IN_COMPACT_TREE	Historical checksum reference retained for provenance; referenced source-package/transport member is not part of the compact repository.
reproduction/first_season/capsules/posterior_attribution/fresh_replay_records/E002_SHA256SUMS.txt	HTS59_RESULTS_FOR_REVIEW/HTS59_RELEASE_ENDPOINT_CONTRACT_CHECKS.tsv	NOT_INCLUDED_IN_COMPACT_TREE	Historical checksum reference retained for provenance; referenced source-package/transport member is not part of the compact repository.
reproduction/first_season/capsules/posterior_attribution/fresh_replay_records/E002_SHA256SUMS.txt	HTS59_RESULTS_FOR_REVIEW/HTS59_SELECTED_MEMBER_PROVENANCE.tsv	NOT_INCLUDED_IN_COMPACT_TREE	Historical checksum reference retained for provenance; referenced source-package/transport member is not part of the compact repository.
reproduction/first_season/capsules/posterior_attribution/fresh_replay_records/E002_SHA256SUMS.txt	HTS59_RESULTS_FOR_REVIEW/HTS59_SELECTION_AUDIT.md	NOT_INCLUDED_IN_COMPACT_TREE	Historical checksum reference retained for provenance; referenced source-package/transport member is not part of the compact repository.
reproduction/first_season/capsules/posterior_attribution/fresh_replay_records/E002_SHA256SUMS.txt	HTS59_RESULTS_FOR_REVIEW/HTS59_SEMANTIC_DATA_FAMILY_MEMBERSHIP.tsv	NOT_INCLUDED_IN_COMPACT_TREE	Historical checksum reference retained for provenance; referenced source-package/transport member is not part of the compact repository.
reproduction/first_season/capsules/posterior_attribution/fresh_replay_records/E002_SHA256SUMS.txt	HTS59_RESULTS_FOR_REVIEW/HTS59_SOURCE_ADEQUACY_AUDIT.md	NOT_INCLUDED_IN_COMPACT_TREE	Historical checksum reference retained for provenance; referenced source-package/transport member is not part of the compact repository.
reproduction/first_season/capsules/posterior_attribution/fresh_replay_records/E002_SHA256SUMS.txt	HTS59_RESULTS_FOR_REVIEW/HTS59_SOURCE_FREEZE.tsv	NOT_INCLUDED_IN_COMPACT_TREE	Historical checksum reference retained for provenance; referenced source-package/transport member is not part of the compact repository.
reproduction/first_season/capsules/posterior_attribution/fresh_replay_records/E002_SHA256SUMS.txt	HTS59_RESULTS_FOR_REVIEW/MANIFEST.json	NOT_INCLUDED_IN_COMPACT_TREE	Historical checksum reference retained for provenance; referenced source-package/transport member is not part of the compact repository.
reproduction/first_season/capsules/posterior_attribution/fresh_replay_records/E002_SHA256SUMS.txt	HTS59_RESULTS_FOR_REVIEW/README_RUN.md	NOT_INCLUDED_IN_COMPACT_TREE	Historical checksum reference retained for provenance; referenced source-package/transport member is not part of the compact repository.
reproduction/first_season/capsules/posterior_attribution/fresh_replay_records/E002_SHA256SUMS.txt	HTS59_RESULTS_FOR_REVIEW/SHA256SUMS.txt	NOT_INCLUDED_IN_COMPACT_TREE	Historical checksum reference retained for provenance; referenced source-package/transport member is not part of the compact repository.
reproduction/first_season/capsules/posterior_attribution/fresh_replay_records/E002_SHA256SUMS.txt	HTS59_RESULTS_FOR_REVIEW.zip	NOT_INCLUDED_IN_COMPACT_TREE	Historical checksum reference retained for provenance; referenced source-package/transport member is not part of the compact repository.
reproduction/first_season/capsules/posterior_attribution/fresh_replay_records/E002_SHA256SUMS.txt	HTS59_RESULTS_FOR_REVIEW.zip.sha256	NOT_INCLUDED_IN_COMPACT_TREE	Historical checksum reference retained for provenance; referenced source-package/transport member is not part of the compact repository.
reproduction/first_season/capsules/posterior_attribution/fresh_replay_records/E002_SHA256SUMS.txt	HTS60_RESULTS_FOR_REVIEW/CANONICAL_STATE_THROUGH_HTS59.md	NOT_INCLUDED_IN_COMPACT_TREE	Historical checksum reference retained for provenance; referenced source-package/transport member is not part of the compact repository.
reproduction/first_season/capsules/posterior_attribution/fresh_replay_records/E002_SHA256SUMS.txt	HTS60_RESULTS_FOR_REVIEW/HTS59_CANONICALIZATION_AUDIT.md	NOT_INCLUDED_IN_COMPACT_TREE	Historical checksum reference retained for provenance; referenced source-package/transport member is not part of the compact repository.
reproduction/first_season/capsules/posterior_attribution/fresh_replay_records/E002_SHA256SUMS.txt	HTS60_RESULTS_FOR_REVIEW/HTS60_AUDIT_STDERR.txt	NOT_INCLUDED_IN_COMPACT_TREE	Historical checksum reference retained for provenance; referenced source-package/transport member is not part of the compact repository.
reproduction/first_season/capsules/posterior_attribution/fresh_replay_records/E002_SHA256SUMS.txt	HTS60_RESULTS_FOR_REVIEW/HTS60_AUDIT_STDOUT.txt	NOT_INCLUDED_IN_COMPACT_TREE	Historical checksum reference retained for provenance; referenced source-package/transport member is not part of the compact repository.
reproduction/first_season/capsules/posterior_attribution/fresh_replay_records/E002_SHA256SUMS.txt	HTS60_RESULTS_FOR_REVIEW/HTS60_BURNIN_SENSITIVITY.tsv	NOT_INCLUDED_IN_COMPACT_TREE	Historical checksum reference retained for provenance; referenced source-package/transport member is not part of the compact repository.
reproduction/first_season/capsules/posterior_attribution/fresh_replay_records/E002_SHA256SUMS.txt	HTS60_RESULTS_FOR_REVIEW/HTS60_CHAIN_SUPPORT.tsv	NOT_INCLUDED_IN_COMPACT_TREE	Historical checksum reference retained for provenance; referenced source-package/transport member is not part of the compact repository.
reproduction/first_season/capsules/posterior_attribution/fresh_replay_records/E002_SHA256SUMS.txt	HTS60_RESULTS_FOR_REVIEW/HTS60_CLASSIFICATION.tsv	NOT_INCLUDED_IN_COMPACT_TREE	Historical checksum reference retained for provenance; referenced source-package/transport member is not part of the compact repository.
reproduction/first_season/capsules/posterior_attribution/fresh_replay_records/E002_SHA256SUMS.txt	HTS60_RESULTS_FOR_REVIEW/HTS60_DIRECTED_LOO_STABILITY.tsv	NOT_INCLUDED_IN_COMPACT_TREE	Historical checksum reference retained for provenance; referenced source-package/transport member is not part of the compact repository.
reproduction/first_season/capsules/posterior_attribution/fresh_replay_records/E002_SHA256SUMS.txt	HTS60_RESULTS_FOR_REVIEW/HTS60_DIRECTED_MODE_CONTRIBUTIONS.tsv	NOT_INCLUDED_IN_COMPACT_TREE	Historical checksum reference retained for provenance; referenced source-package/transport member is not part of the compact repository.
reproduction/first_season/capsules/posterior_attribution/fresh_replay_records/E002_SHA256SUMS.txt	HTS60_RESULTS_FOR_REVIEW/HTS60_DIRECTED_MODE_SUMMARY.tsv	NOT_INCLUDED_IN_COMPACT_TREE	Historical checksum reference retained for provenance; referenced source-package/transport member is not part of the compact repository.
reproduction/first_season/capsules/posterior_attribution/fresh_replay_records/E002_SHA256SUMS.txt	HTS60_RESULTS_FOR_REVIEW/HTS60_ENDPOINT_CONDITIONAL_MODE_BASIS.tsv	NOT_INCLUDED_IN_COMPACT_TREE	Historical checksum reference retained for provenance; referenced source-package/transport member is not part of the compact repository.
reproduction/first_season/capsules/posterior_attribution/fresh_replay_records/E002_SHA256SUMS.txt	HTS60_RESULTS_FOR_REVIEW/HTS60_EXECUTION_CONTRACT.md	NOT_INCLUDED_IN_COMPACT_TREE	Historical checksum reference retained for provenance; referenced source-package/transport member is not part of the compact repository.
reproduction/first_season/capsules/posterior_attribution/fresh_replay_records/E002_SHA256SUMS.txt	HTS60_RESULTS_FOR_REVIEW/HTS60_EXECUTION_REPORT.md	NOT_INCLUDED_IN_COMPACT_TREE	Historical checksum reference retained for provenance; referenced source-package/transport member is not part of the compact repository.
reproduction/first_season/capsules/posterior_attribution/fresh_replay_records/E002_SHA256SUMS.txt	HTS60_RESULTS_FOR_REVIEW/HTS60_INDEPENDENT_AUDIT_CHECKS.tsv	NOT_INCLUDED_IN_COMPACT_TREE	Historical checksum reference retained for provenance; referenced source-package/transport member is not part of the compact repository.
reproduction/first_season/capsules/posterior_attribution/fresh_replay_records/E002_SHA256SUMS.txt	HTS60_RESULTS_FOR_REVIEW/HTS60_INDEPENDENT_AUDIT_RESULT.md	NOT_INCLUDED_IN_COMPACT_TREE	Historical checksum reference retained for provenance; referenced source-package/transport member is not part of the compact repository.
reproduction/first_season/capsules/posterior_attribution/fresh_replay_records/E002_SHA256SUMS.txt	HTS60_RESULTS_FOR_REVIEW/HTS60_LIKELIHOOD_MEMBERSHIP.tsv	NOT_INCLUDED_IN_COMPACT_TREE	Historical checksum reference retained for provenance; referenced source-package/transport member is not part of the compact repository.
reproduction/first_season/capsules/posterior_attribution/fresh_replay_records/E002_SHA256SUMS.txt	HTS60_RESULTS_FOR_REVIEW/HTS60_ORIGINAL_ROOT_INVENTORY.tsv	NOT_INCLUDED_IN_COMPACT_TREE	Historical checksum reference retained for provenance; referenced source-package/transport member is not part of the compact repository.
reproduction/first_season/capsules/posterior_attribution/fresh_replay_records/E002_SHA256SUMS.txt	HTS60_RESULTS_FOR_REVIEW/HTS60_PREFLIGHT_RESULT.md	NOT_INCLUDED_IN_COMPACT_TREE	Historical checksum reference retained for provenance; referenced source-package/transport member is not part of the compact repository.
reproduction/first_season/capsules/posterior_attribution/fresh_replay_records/E002_SHA256SUMS.txt	HTS60_RESULTS_FOR_REVIEW/HTS60_PREFLIGHT_TEST_AUDIT.md	NOT_INCLUDED_IN_COMPACT_TREE	Historical checksum reference retained for provenance; referenced source-package/transport member is not part of the compact repository.
reproduction/first_season/capsules/posterior_attribution/fresh_replay_records/E002_SHA256SUMS.txt	HTS60_RESULTS_FOR_REVIEW/HTS60_RAW_IMPLEMENTATION_DIAGNOSTICS.tsv	NOT_INCLUDED_IN_COMPACT_TREE	Historical checksum reference retained for provenance; referenced source-package/transport member is not part of the compact repository.
reproduction/first_season/capsules/posterior_attribution/fresh_replay_records/E002_SHA256SUMS.txt	HTS60_RESULTS_FOR_REVIEW/HTS60_RELEASE_ENDPOINT_CONTRACT_CHECKS.tsv	NOT_INCLUDED_IN_COMPACT_TREE	Historical checksum reference retained for provenance; referenced source-package/transport member is not part of the compact repository.
reproduction/first_season/capsules/posterior_attribution/fresh_replay_records/E002_SHA256SUMS.txt	HTS60_RESULTS_FOR_REVIEW/HTS60_SELECTED_MEMBER_PROVENANCE.tsv	NOT_INCLUDED_IN_COMPACT_TREE	Historical checksum reference retained for provenance; referenced source-package/transport member is not part of the compact repository.
reproduction/first_season/capsules/posterior_attribution/fresh_replay_records/E002_SHA256SUMS.txt	HTS60_RESULTS_FOR_REVIEW/HTS60_SELECTION_AUDIT.md	NOT_INCLUDED_IN_COMPACT_TREE	Historical checksum reference retained for provenance; referenced source-package/transport member is not part of the compact repository.
reproduction/first_season/capsules/posterior_attribution/fresh_replay_records/E002_SHA256SUMS.txt	HTS60_RESULTS_FOR_REVIEW/HTS60_SEMANTIC_DATA_FAMILY_MEMBERSHIP.tsv	NOT_INCLUDED_IN_COMPACT_TREE	Historical checksum reference retained for provenance; referenced source-package/transport member is not part of the compact repository.
reproduction/first_season/capsules/posterior_attribution/fresh_replay_records/E002_SHA256SUMS.txt	HTS60_RESULTS_FOR_REVIEW/HTS60_SOURCE_ADEQUACY_AUDIT.md	NOT_INCLUDED_IN_COMPACT_TREE	Historical checksum reference retained for provenance; referenced source-package/transport member is not part of the compact repository.
reproduction/first_season/capsules/posterior_attribution/fresh_replay_records/E002_SHA256SUMS.txt	HTS60_RESULTS_FOR_REVIEW/HTS60_SOURCE_FREEZE.tsv	NOT_INCLUDED_IN_COMPACT_TREE	Historical checksum reference retained for provenance; referenced source-package/transport member is not part of the compact repository.
reproduction/first_season/capsules/posterior_attribution/fresh_replay_records/E002_SHA256SUMS.txt	HTS60_RESULTS_FOR_REVIEW/MANIFEST.json	NOT_INCLUDED_IN_COMPACT_TREE	Historical checksum reference retained for provenance; referenced source-package/transport member is not part of the compact repository.
reproduction/first_season/capsules/posterior_attribution/fresh_replay_records/E002_SHA256SUMS.txt	HTS60_RESULTS_FOR_REVIEW/README_RUN.md	NOT_INCLUDED_IN_COMPACT_TREE	Historical checksum reference retained for provenance; referenced source-package/transport member is not part of the compact repository.
reproduction/first_season/capsules/posterior_attribution/fresh_replay_records/E002_SHA256SUMS.txt	HTS60_RESULTS_FOR_REVIEW/SHA256SUMS.txt	NOT_INCLUDED_IN_COMPACT_TREE	Historical checksum reference retained for provenance; referenced source-package/transport member is not part of the compact repository.
reproduction/first_season/capsules/posterior_attribution/fresh_replay_records/E002_SHA256SUMS.txt	HTS60_RESULTS_FOR_REVIEW.zip	NOT_INCLUDED_IN_COMPACT_TREE	Historical checksum reference retained for provenance; referenced source-package/transport member is not part of the compact repository.
reproduction/first_season/capsules/posterior_attribution/fresh_replay_records/E002_SHA256SUMS.txt	HTS60_RESULTS_FOR_REVIEW.zip.sha256	NOT_INCLUDED_IN_COMPACT_TREE	Historical checksum reference retained for provenance; referenced source-package/transport member is not part of the compact repository.
reproduction/first_season/capsules/posterior_attribution/fresh_replay_records/E002_SHA256SUMS.txt	HTS61_RESULTS_FOR_REVIEW/CANONICAL_STATE_THROUGH_HTS60.md	NOT_INCLUDED_IN_COMPACT_TREE	Historical checksum reference retained for provenance; referenced source-package/transport member is not part of the compact repository.
reproduction/first_season/capsules/posterior_attribution/fresh_replay_records/E002_SHA256SUMS.txt	HTS61_RESULTS_FOR_REVIEW/HTS60_CANONICALIZATION_AUDIT.md	NOT_INCLUDED_IN_COMPACT_TREE	Historical checksum reference retained for provenance; referenced source-package/transport member is not part of the compact repository.
reproduction/first_season/capsules/posterior_attribution/fresh_replay_records/E002_SHA256SUMS.txt	HTS61_RESULTS_FOR_REVIEW/HTS61_AUDIT_STDERR.txt	NOT_INCLUDED_IN_COMPACT_TREE	Historical checksum reference retained for provenance; referenced source-package/transport member is not part of the compact repository.
reproduction/first_season/capsules/posterior_attribution/fresh_replay_records/E002_SHA256SUMS.txt	HTS61_RESULTS_FOR_REVIEW/HTS61_AUDIT_STDOUT.txt	NOT_INCLUDED_IN_COMPACT_TREE	Historical checksum reference retained for provenance; referenced source-package/transport member is not part of the compact repository.
reproduction/first_season/capsules/posterior_attribution/fresh_replay_records/E002_SHA256SUMS.txt	HTS61_RESULTS_FOR_REVIEW/HTS61_BURNIN_BLOCK_STABILITY.tsv	NOT_INCLUDED_IN_COMPACT_TREE	Historical checksum reference retained for provenance; referenced source-package/transport member is not part of the compact repository.
reproduction/first_season/capsules/posterior_attribution/fresh_replay_records/E002_SHA256SUMS.txt	HTS61_RESULTS_FOR_REVIEW/HTS61_BURNIN_CLUSTER_STABILITY.tsv	NOT_INCLUDED_IN_COMPACT_TREE	Historical checksum reference retained for provenance; referenced source-package/transport member is not part of the compact repository.
reproduction/first_season/capsules/posterior_attribution/fresh_replay_records/E002_SHA256SUMS.txt	HTS61_RESULTS_FOR_REVIEW/HTS61_BURNIN_MODE_STABILITY.tsv	NOT_INCLUDED_IN_COMPACT_TREE	Historical checksum reference retained for provenance; referenced source-package/transport member is not part of the compact repository.
reproduction/first_season/capsules/posterior_attribution/fresh_replay_records/E002_SHA256SUMS.txt	HTS61_RESULTS_FOR_REVIEW/HTS61_CHAIN_SUPPORT.tsv	NOT_INCLUDED_IN_COMPACT_TREE	Historical checksum reference retained for provenance; referenced source-package/transport member is not part of the compact repository.
reproduction/first_season/capsules/posterior_attribution/fresh_replay_records/E002_SHA256SUMS.txt	HTS61_RESULTS_FOR_REVIEW/HTS61_CLASSIFICATION.tsv	NOT_INCLUDED_IN_COMPACT_TREE	Historical checksum reference retained for provenance; referenced source-package/transport member is not part of the compact repository.
reproduction/first_season/capsules/posterior_attribution/fresh_replay_records/E002_SHA256SUMS.txt	HTS61_RESULTS_FOR_REVIEW/HTS61_CROSS_ENDPOINT_BLOCK_ALIGNMENT.tsv	NOT_INCLUDED_IN_COMPACT_TREE	Historical checksum reference retained for provenance; referenced source-package/transport member is not part of the compact repository.
reproduction/first_season/capsules/posterior_attribution/fresh_replay_records/E002_SHA256SUMS.txt	HTS61_RESULTS_FOR_REVIEW/HTS61_EDGE_CONTRIBUTION_IDENTIFIABILITY.tsv	NOT_INCLUDED_IN_COMPACT_TREE	Historical checksum reference retained for provenance; referenced source-package/transport member is not part of the compact repository.
reproduction/first_season/capsules/posterior_attribution/fresh_replay_records/E002_SHA256SUMS.txt	HTS61_RESULTS_FOR_REVIEW/HTS61_ENDPOINT_BLOCK_SUBSPACE.tsv	NOT_INCLUDED_IN_COMPACT_TREE	Historical checksum reference retained for provenance; referenced source-package/transport member is not part of the compact repository.
reproduction/first_season/capsules/posterior_attribution/fresh_replay_records/E002_SHA256SUMS.txt	HTS61_RESULTS_FOR_REVIEW/HTS61_ENDPOINT_LOO_BLOCK_STABILITY.tsv	NOT_INCLUDED_IN_COMPACT_TREE	Historical checksum reference retained for provenance; referenced source-package/transport member is not part of the compact repository.
reproduction/first_season/capsules/posterior_attribution/fresh_replay_records/E002_SHA256SUMS.txt	HTS61_RESULTS_FOR_REVIEW/HTS61_ENDPOINT_LOO_CLUSTER_STABILITY.tsv	NOT_INCLUDED_IN_COMPACT_TREE	Historical checksum reference retained for provenance; referenced source-package/transport member is not part of the compact repository.
reproduction/first_season/capsules/posterior_attribution/fresh_replay_records/E002_SHA256SUMS.txt	HTS61_RESULTS_FOR_REVIEW/HTS61_ENDPOINT_LOO_MODE_STABILITY.tsv	NOT_INCLUDED_IN_COMPACT_TREE	Historical checksum reference retained for provenance; referenced source-package/transport member is not part of the compact repository.
reproduction/first_season/capsules/posterior_attribution/fresh_replay_records/E002_SHA256SUMS.txt	HTS61_RESULTS_FOR_REVIEW/HTS61_ENDPOINT_MODE_IDENTIFIABILITY.tsv	NOT_INCLUDED_IN_COMPACT_TREE	Historical checksum reference retained for provenance; referenced source-package/transport member is not part of the compact repository.
reproduction/first_season/capsules/posterior_attribution/fresh_replay_records/E002_SHA256SUMS.txt	HTS61_RESULTS_FOR_REVIEW/HTS61_EXECUTION_CONTRACT.md	NOT_INCLUDED_IN_COMPACT_TREE	Historical checksum reference retained for provenance; referenced source-package/transport member is not part of the compact repository.
reproduction/first_season/capsules/posterior_attribution/fresh_replay_records/E002_SHA256SUMS.txt	HTS61_RESULTS_FOR_REVIEW/HTS61_EXECUTION_REPORT.md	NOT_INCLUDED_IN_COMPACT_TREE	Historical checksum reference retained for provenance; referenced source-package/transport member is not part of the compact repository.
reproduction/first_season/capsules/posterior_attribution/fresh_replay_records/E002_SHA256SUMS.txt	HTS61_RESULTS_FOR_REVIEW/HTS61_INDEPENDENT_AUDIT_CHECKS.tsv	NOT_INCLUDED_IN_COMPACT_TREE	Historical checksum reference retained for provenance; referenced source-package/transport member is not part of the compact repository.
reproduction/first_season/capsules/posterior_attribution/fresh_replay_records/E002_SHA256SUMS.txt	HTS61_RESULTS_FOR_REVIEW/HTS61_INDEPENDENT_AUDIT_RESULT.md	NOT_INCLUDED_IN_COMPACT_TREE	Historical checksum reference retained for provenance; referenced source-package/transport member is not part of the compact repository.
reproduction/first_season/capsules/posterior_attribution/fresh_replay_records/E002_SHA256SUMS.txt	HTS61_RESULTS_FOR_REVIEW/HTS61_LIKELIHOOD_MEMBERSHIP.tsv	NOT_INCLUDED_IN_COMPACT_TREE	Historical checksum reference retained for provenance; referenced source-package/transport member is not part of the compact repository.
reproduction/first_season/capsules/posterior_attribution/fresh_replay_records/E002_SHA256SUMS.txt	HTS61_RESULTS_FOR_REVIEW/HTS61_ORIGINAL_ROOT_INVENTORY.tsv	NOT_INCLUDED_IN_COMPACT_TREE	Historical checksum reference retained for provenance; referenced source-package/transport member is not part of the compact repository.
reproduction/first_season/capsules/posterior_attribution/fresh_replay_records/E002_SHA256SUMS.txt	HTS61_RESULTS_FOR_REVIEW/HTS61_PREFLIGHT_RESULT.md	NOT_INCLUDED_IN_COMPACT_TREE	Historical checksum reference retained for provenance; referenced source-package/transport member is not part of the compact repository.
reproduction/first_season/capsules/posterior_attribution/fresh_replay_records/E002_SHA256SUMS.txt	HTS61_RESULTS_FOR_REVIEW/HTS61_PREFLIGHT_TEST_AUDIT.md	NOT_INCLUDED_IN_COMPACT_TREE	Historical checksum reference retained for provenance; referenced source-package/transport member is not part of the compact repository.
reproduction/first_season/capsules/posterior_attribution/fresh_replay_records/E002_SHA256SUMS.txt	HTS61_RESULTS_FOR_REVIEW/HTS61_RAW_IMPLEMENTATION_DIAGNOSTICS.tsv	NOT_INCLUDED_IN_COMPACT_TREE	Historical checksum reference retained for provenance; referenced source-package/transport member is not part of the compact repository.
reproduction/first_season/capsules/posterior_attribution/fresh_replay_records/E002_SHA256SUMS.txt	HTS61_RESULTS_FOR_REVIEW/HTS61_RELEASE_ENDPOINT_CONTRACT_CHECKS.tsv	NOT_INCLUDED_IN_COMPACT_TREE	Historical checksum reference retained for provenance; referenced source-package/transport member is not part of the compact repository.
reproduction/first_season/capsules/posterior_attribution/fresh_replay_records/E002_SHA256SUMS.txt	HTS61_RESULTS_FOR_REVIEW/HTS61_SELECTED_MEMBER_PROVENANCE.tsv	NOT_INCLUDED_IN_COMPACT_TREE	Historical checksum reference retained for provenance; referenced source-package/transport member is not part of the compact repository.
reproduction/first_season/capsules/posterior_attribution/fresh_replay_records/E002_SHA256SUMS.txt	HTS61_RESULTS_FOR_REVIEW/HTS61_SELECTION_AUDIT.md	NOT_INCLUDED_IN_COMPACT_TREE	Historical checksum reference retained for provenance; referenced source-package/transport member is not part of the compact repository.
reproduction/first_season/capsules/posterior_attribution/fresh_replay_records/E002_SHA256SUMS.txt	HTS61_RESULTS_FOR_REVIEW/HTS61_SEMANTIC_DATA_FAMILY_MEMBERSHIP.tsv	NOT_INCLUDED_IN_COMPACT_TREE	Historical checksum reference retained for provenance; referenced source-package/transport member is not part of the compact repository.
reproduction/first_season/capsules/posterior_attribution/fresh_replay_records/E002_SHA256SUMS.txt	HTS61_RESULTS_FOR_REVIEW/HTS61_SOURCE_ADEQUACY_AUDIT.md	NOT_INCLUDED_IN_COMPACT_TREE	Historical checksum reference retained for provenance; referenced source-package/transport member is not part of the compact repository.
reproduction/first_season/capsules/posterior_attribution/fresh_replay_records/E002_SHA256SUMS.txt	HTS61_RESULTS_FOR_REVIEW/HTS61_SOURCE_FREEZE.tsv	NOT_INCLUDED_IN_COMPACT_TREE	Historical checksum reference retained for provenance; referenced source-package/transport member is not part of the compact repository.
reproduction/first_season/capsules/posterior_attribution/fresh_replay_records/E002_SHA256SUMS.txt	HTS61_RESULTS_FOR_REVIEW/MANIFEST.json	NOT_INCLUDED_IN_COMPACT_TREE	Historical checksum reference retained for provenance; referenced source-package/transport member is not part of the compact repository.
reproduction/first_season/capsules/posterior_attribution/fresh_replay_records/E002_SHA256SUMS.txt	HTS61_RESULTS_FOR_REVIEW/README_RUN.md	NOT_INCLUDED_IN_COMPACT_TREE	Historical checksum reference retained for provenance; referenced source-package/transport member is not part of the compact repository.
reproduction/first_season/capsules/posterior_attribution/fresh_replay_records/E002_SHA256SUMS.txt	HTS61_RESULTS_FOR_REVIEW/SHA256SUMS.txt	NOT_INCLUDED_IN_COMPACT_TREE	Historical checksum reference retained for provenance; referenced source-package/transport member is not part of the compact repository.
reproduction/first_season/capsules/posterior_attribution/fresh_replay_records/E002_SHA256SUMS.txt	HTS61_RESULTS_FOR_REVIEW.zip	NOT_INCLUDED_IN_COMPACT_TREE	Historical checksum reference retained for provenance; referenced source-package/transport member is not part of the compact repository.
reproduction/first_season/capsules/posterior_attribution/fresh_replay_records/E002_SHA256SUMS.txt	HTS61_RESULTS_FOR_REVIEW.zip.sha256	NOT_INCLUDED_IN_COMPACT_TREE	Historical checksum reference retained for provenance; referenced source-package/transport member is not part of the compact repository.
reproduction/first_season/capsules/posterior_attribution/fresh_replay_records/E002_SHA256SUMS.txt	HTS62_RESULTS_FOR_REVIEW/CANONICAL_STATE_THROUGH_HTS61.md	NOT_INCLUDED_IN_COMPACT_TREE	Historical checksum reference retained for provenance; referenced source-package/transport member is not part of the compact repository.
reproduction/first_season/capsules/posterior_attribution/fresh_replay_records/E002_SHA256SUMS.txt	HTS62_RESULTS_FOR_REVIEW/HTS61_CANONICALIZATION_AUDIT.md	NOT_INCLUDED_IN_COMPACT_TREE	Historical checksum reference retained for provenance; referenced source-package/transport member is not part of the compact repository.
reproduction/first_season/capsules/posterior_attribution/fresh_replay_records/E002_SHA256SUMS.txt	HTS62_RESULTS_FOR_REVIEW/HTS62_AUDIT_STDERR.txt	NOT_INCLUDED_IN_COMPACT_TREE	Historical checksum reference retained for provenance; referenced source-package/transport member is not part of the compact repository.
reproduction/first_season/capsules/posterior_attribution/fresh_replay_records/E002_SHA256SUMS.txt	HTS62_RESULTS_FOR_REVIEW/HTS62_AUDIT_STDOUT.txt	NOT_INCLUDED_IN_COMPACT_TREE	Historical checksum reference retained for provenance; referenced source-package/transport member is not part of the compact repository.
reproduction/first_season/capsules/posterior_attribution/fresh_replay_records/E002_SHA256SUMS.txt	HTS62_RESULTS_FOR_REVIEW/HTS62_BURNIN_SENSITIVITY.tsv	NOT_INCLUDED_IN_COMPACT_TREE	Historical checksum reference retained for provenance; referenced source-package/transport member is not part of the compact repository.
reproduction/first_season/capsules/posterior_attribution/fresh_replay_records/E002_SHA256SUMS.txt	HTS62_RESULTS_FOR_REVIEW/HTS62_CHAIN_SUPPORT.tsv	NOT_INCLUDED_IN_COMPACT_TREE	Historical checksum reference retained for provenance; referenced source-package/transport member is not part of the compact repository.
reproduction/first_season/capsules/posterior_attribution/fresh_replay_records/E002_SHA256SUMS.txt	HTS62_RESULTS_FOR_REVIEW/HTS62_CLASSIFICATION.tsv	NOT_INCLUDED_IN_COMPACT_TREE	Historical checksum reference retained for provenance; referenced source-package/transport member is not part of the compact repository.
reproduction/first_season/capsules/posterior_attribution/fresh_replay_records/E002_SHA256SUMS.txt	HTS62_RESULTS_FOR_REVIEW/HTS62_DIRECTED_FIXED_BLOCK_DECOMPOSITION.tsv	NOT_INCLUDED_IN_COMPACT_TREE	Historical checksum reference retained for provenance; referenced source-package/transport member is not part of the compact repository.
reproduction/first_season/capsules/posterior_attribution/fresh_replay_records/E002_SHA256SUMS.txt	HTS62_RESULTS_FOR_REVIEW/HTS62_DIRECTED_LOO_STABILITY.tsv	NOT_INCLUDED_IN_COMPACT_TREE	Historical checksum reference retained for provenance; referenced source-package/transport member is not part of the compact repository.
reproduction/first_season/capsules/posterior_attribution/fresh_replay_records/E002_SHA256SUMS.txt	HTS62_RESULTS_FOR_REVIEW/HTS62_ENDPOINT_BLOCK_COUPLING.tsv	NOT_INCLUDED_IN_COMPACT_TREE	Historical checksum reference retained for provenance; referenced source-package/transport member is not part of the compact repository.
reproduction/first_season/capsules/posterior_attribution/fresh_replay_records/E002_SHA256SUMS.txt	HTS62_RESULTS_FOR_REVIEW/HTS62_EXECUTION_CONTRACT.md	NOT_INCLUDED_IN_COMPACT_TREE	Historical checksum reference retained for provenance; referenced source-package/transport member is not part of the compact repository.
reproduction/first_season/capsules/posterior_attribution/fresh_replay_records/E002_SHA256SUMS.txt	HTS62_RESULTS_FOR_REVIEW/HTS62_EXECUTION_REPORT.md	NOT_INCLUDED_IN_COMPACT_TREE	Historical checksum reference retained for provenance; referenced source-package/transport member is not part of the compact repository.
reproduction/first_season/capsules/posterior_attribution/fresh_replay_records/E002_SHA256SUMS.txt	HTS62_RESULTS_FOR_REVIEW/HTS62_INDEPENDENT_AUDIT_CHECKS.tsv	NOT_INCLUDED_IN_COMPACT_TREE	Historical checksum reference retained for provenance; referenced source-package/transport member is not part of the compact repository.
reproduction/first_season/capsules/posterior_attribution/fresh_replay_records/E002_SHA256SUMS.txt	HTS62_RESULTS_FOR_REVIEW/HTS62_INDEPENDENT_AUDIT_RESULT.md	NOT_INCLUDED_IN_COMPACT_TREE	Historical checksum reference retained for provenance; referenced source-package/transport member is not part of the compact repository.
reproduction/first_season/capsules/posterior_attribution/fresh_replay_records/E002_SHA256SUMS.txt	HTS62_RESULTS_FOR_REVIEW/HTS62_LIKELIHOOD_MEMBERSHIP.tsv	NOT_INCLUDED_IN_COMPACT_TREE	Historical checksum reference retained for provenance; referenced source-package/transport member is not part of the compact repository.
reproduction/first_season/capsules/posterior_attribution/fresh_replay_records/E002_SHA256SUMS.txt	HTS62_RESULTS_FOR_REVIEW/HTS62_ORIGINAL_ROOT_INVENTORY.tsv	NOT_INCLUDED_IN_COMPACT_TREE	Historical checksum reference retained for provenance; referenced source-package/transport member is not part of the compact repository.
reproduction/first_season/capsules/posterior_attribution/fresh_replay_records/E002_SHA256SUMS.txt	HTS62_RESULTS_FOR_REVIEW/HTS62_PREFLIGHT_RESULT.md	NOT_INCLUDED_IN_COMPACT_TREE	Historical checksum reference retained for provenance; referenced source-package/transport member is not part of the compact repository.
reproduction/first_season/capsules/posterior_attribution/fresh_replay_records/E002_SHA256SUMS.txt	HTS62_RESULTS_FOR_REVIEW/HTS62_PREFLIGHT_TEST_AUDIT.md	NOT_INCLUDED_IN_COMPACT_TREE	Historical checksum reference retained for provenance; referenced source-package/transport member is not part of the compact repository.
reproduction/first_season/capsules/posterior_attribution/fresh_replay_records/E002_SHA256SUMS.txt	HTS62_RESULTS_FOR_REVIEW/HTS62_RAW_IMPLEMENTATION_DIAGNOSTICS.tsv	NOT_INCLUDED_IN_COMPACT_TREE	Historical checksum reference retained for provenance; referenced source-package/transport member is not part of the compact repository.
reproduction/first_season/capsules/posterior_attribution/fresh_replay_records/E002_SHA256SUMS.txt	HTS62_RESULTS_FOR_REVIEW/HTS62_RELEASE_ENDPOINT_CONTRACT_CHECKS.tsv	NOT_INCLUDED_IN_COMPACT_TREE	Historical checksum reference retained for provenance; referenced source-package/transport member is not part of the compact repository.
reproduction/first_season/capsules/posterior_attribution/fresh_replay_records/E002_SHA256SUMS.txt	HTS62_RESULTS_FOR_REVIEW/HTS62_SELECTED_MEMBER_PROVENANCE.tsv	NOT_INCLUDED_IN_COMPACT_TREE	Historical checksum reference retained for provenance; referenced source-package/transport member is not part of the compact repository.
reproduction/first_season/capsules/posterior_attribution/fresh_replay_records/E002_SHA256SUMS.txt	HTS62_RESULTS_FOR_REVIEW/HTS62_SELECTION_AUDIT.md	NOT_INCLUDED_IN_COMPACT_TREE	Historical checksum reference retained for provenance; referenced source-package/transport member is not part of the compact repository.
reproduction/first_season/capsules/posterior_attribution/fresh_replay_records/E002_SHA256SUMS.txt	HTS62_RESULTS_FOR_REVIEW/HTS62_SEMANTIC_DATA_FAMILY_MEMBERSHIP.tsv	NOT_INCLUDED_IN_COMPACT_TREE	Historical checksum reference retained for provenance; referenced source-package/transport member is not part of the compact repository.
reproduction/first_season/capsules/posterior_attribution/fresh_replay_records/E002_SHA256SUMS.txt	HTS62_RESULTS_FOR_REVIEW/HTS62_SOURCE_ADEQUACY_AUDIT.md	NOT_INCLUDED_IN_COMPACT_TREE	Historical checksum reference retained for provenance; referenced source-package/transport member is not part of the compact repository.
reproduction/first_season/capsules/posterior_attribution/fresh_replay_records/E002_SHA256SUMS.txt	HTS62_RESULTS_FOR_REVIEW/HTS62_SOURCE_FREEZE.tsv	NOT_INCLUDED_IN_COMPACT_TREE	Historical checksum reference retained for provenance; referenced source-package/transport member is not part of the compact repository.
reproduction/first_season/capsules/posterior_attribution/fresh_replay_records/E002_SHA256SUMS.txt	HTS62_RESULTS_FOR_REVIEW/MANIFEST.json	NOT_INCLUDED_IN_COMPACT_TREE	Historical checksum reference retained for provenance; referenced source-package/transport member is not part of the compact repository.
reproduction/first_season/capsules/posterior_attribution/fresh_replay_records/E002_SHA256SUMS.txt	HTS62_RESULTS_FOR_REVIEW/README_RUN.md	NOT_INCLUDED_IN_COMPACT_TREE	Historical checksum reference retained for provenance; referenced source-package/transport member is not part of the compact repository.
reproduction/first_season/capsules/posterior_attribution/fresh_replay_records/E002_SHA256SUMS.txt	HTS62_RESULTS_FOR_REVIEW/SHA256SUMS.txt	NOT_INCLUDED_IN_COMPACT_TREE	Historical checksum reference retained for provenance; referenced source-package/transport member is not part of the compact repository.
reproduction/first_season/capsules/posterior_attribution/fresh_replay_records/E002_SHA256SUMS.txt	HTS62_RESULTS_FOR_REVIEW.zip	NOT_INCLUDED_IN_COMPACT_TREE	Historical checksum reference retained for provenance; referenced source-package/transport member is not part of the compact repository.
reproduction/first_season/capsules/posterior_attribution/fresh_replay_records/E002_SHA256SUMS.txt	HTS62_RESULTS_FOR_REVIEW.zip.sha256	NOT_INCLUDED_IN_COMPACT_TREE	Historical checksum reference retained for provenance; referenced source-package/transport member is not part of the compact repository.
reproduction/first_season/capsules/posterior_attribution/fresh_replay_records/E002_SHA256SUMS.txt	HTS63_RESULTS_FOR_REVIEW/CANONICAL_STATE_THROUGH_HTS62.md	NOT_INCLUDED_IN_COMPACT_TREE	Historical checksum reference retained for provenance; referenced source-package/transport member is not part of the compact repository.
reproduction/first_season/capsules/posterior_attribution/fresh_replay_records/E002_SHA256SUMS.txt	HTS63_RESULTS_FOR_REVIEW/HTS62_CANONICALIZATION_AUDIT.md	NOT_INCLUDED_IN_COMPACT_TREE	Historical checksum reference retained for provenance; referenced source-package/transport member is not part of the compact repository.
reproduction/first_season/capsules/posterior_attribution/fresh_replay_records/E002_SHA256SUMS.txt	HTS63_RESULTS_FOR_REVIEW/HTS63_AUDIT_STDERR.txt	NOT_INCLUDED_IN_COMPACT_TREE	Historical checksum reference retained for provenance; referenced source-package/transport member is not part of the compact repository.
reproduction/first_season/capsules/posterior_attribution/fresh_replay_records/E002_SHA256SUMS.txt	HTS63_RESULTS_FOR_REVIEW/HTS63_AUDIT_STDOUT.txt	NOT_INCLUDED_IN_COMPACT_TREE	Historical checksum reference retained for provenance; referenced source-package/transport member is not part of the compact repository.
reproduction/first_season/capsules/posterior_attribution/fresh_replay_records/E002_SHA256SUMS.txt	HTS63_RESULTS_FOR_REVIEW/HTS63_BURNIN_SENSITIVITY.tsv	NOT_INCLUDED_IN_COMPACT_TREE	Historical checksum reference retained for provenance; referenced source-package/transport member is not part of the compact repository.
reproduction/first_season/capsules/posterior_attribution/fresh_replay_records/E002_SHA256SUMS.txt	HTS63_RESULTS_FOR_REVIEW/HTS63_CHAIN_SUPPORT.tsv	NOT_INCLUDED_IN_COMPACT_TREE	Historical checksum reference retained for provenance; referenced source-package/transport member is not part of the compact repository.
reproduction/first_season/capsules/posterior_attribution/fresh_replay_records/E002_SHA256SUMS.txt	HTS63_RESULTS_FOR_REVIEW/HTS63_CLASSIFICATION.tsv	NOT_INCLUDED_IN_COMPACT_TREE	Historical checksum reference retained for provenance; referenced source-package/transport member is not part of the compact repository.
reproduction/first_season/capsules/posterior_attribution/fresh_replay_records/E002_SHA256SUMS.txt	HTS63_RESULTS_FOR_REVIEW/HTS63_DIRECTED_LOO_STABILITY.tsv	NOT_INCLUDED_IN_COMPACT_TREE	Historical checksum reference retained for provenance; referenced source-package/transport member is not part of the compact repository.
reproduction/first_season/capsules/posterior_attribution/fresh_replay_records/E002_SHA256SUMS.txt	HTS63_RESULTS_FOR_REVIEW/HTS63_DIRECTED_VARIABLE_ALLOCATIONS.tsv	NOT_INCLUDED_IN_COMPACT_TREE	Historical checksum reference retained for provenance; referenced source-package/transport member is not part of the compact repository.
reproduction/first_season/capsules/posterior_attribution/fresh_replay_records/E002_SHA256SUMS.txt	HTS63_RESULTS_FOR_REVIEW/HTS63_DIRECTED_VARIABLE_ALLOCATION_SUMMARY.tsv	NOT_INCLUDED_IN_COMPACT_TREE	Historical checksum reference retained for provenance; referenced source-package/transport member is not part of the compact repository.
reproduction/first_season/capsules/posterior_attribution/fresh_replay_records/E002_SHA256SUMS.txt	HTS63_RESULTS_FOR_REVIEW/HTS63_EXECUTION_CONTRACT.md	NOT_INCLUDED_IN_COMPACT_TREE	Historical checksum reference retained for provenance; referenced source-package/transport member is not part of the compact repository.
reproduction/first_season/capsules/posterior_attribution/fresh_replay_records/E002_SHA256SUMS.txt	HTS63_RESULTS_FOR_REVIEW/HTS63_EXECUTION_REPORT.md	NOT_INCLUDED_IN_COMPACT_TREE	Historical checksum reference retained for provenance; referenced source-package/transport member is not part of the compact repository.
reproduction/first_season/capsules/posterior_attribution/fresh_replay_records/E002_SHA256SUMS.txt	HTS63_RESULTS_FOR_REVIEW/HTS63_INDEPENDENT_AUDIT_CHECKS.tsv	NOT_INCLUDED_IN_COMPACT_TREE	Historical checksum reference retained for provenance; referenced source-package/transport member is not part of the compact repository.
reproduction/first_season/capsules/posterior_attribution/fresh_replay_records/E002_SHA256SUMS.txt	HTS63_RESULTS_FOR_REVIEW/HTS63_INDEPENDENT_AUDIT_RESULT.md	NOT_INCLUDED_IN_COMPACT_TREE	Historical checksum reference retained for provenance; referenced source-package/transport member is not part of the compact repository.
reproduction/first_season/capsules/posterior_attribution/fresh_replay_records/E002_SHA256SUMS.txt	HTS63_RESULTS_FOR_REVIEW/HTS63_LIKELIHOOD_MEMBERSHIP.tsv	NOT_INCLUDED_IN_COMPACT_TREE	Historical checksum reference retained for provenance; referenced source-package/transport member is not part of the compact repository.
reproduction/first_season/capsules/posterior_attribution/fresh_replay_records/E002_SHA256SUMS.txt	HTS63_RESULTS_FOR_REVIEW/HTS63_ORIGINAL_ROOT_INVENTORY.tsv	NOT_INCLUDED_IN_COMPACT_TREE	Historical checksum reference retained for provenance; referenced source-package/transport member is not part of the compact repository.
reproduction/first_season/capsules/posterior_attribution/fresh_replay_records/E002_SHA256SUMS.txt	HTS63_RESULTS_FOR_REVIEW/HTS63_PREFLIGHT_RESULT.md	NOT_INCLUDED_IN_COMPACT_TREE	Historical checksum reference retained for provenance; referenced source-package/transport member is not part of the compact repository.
reproduction/first_season/capsules/posterior_attribution/fresh_replay_records/E002_SHA256SUMS.txt	HTS63_RESULTS_FOR_REVIEW/HTS63_PREFLIGHT_TEST_AUDIT.md	NOT_INCLUDED_IN_COMPACT_TREE	Historical checksum reference retained for provenance; referenced source-package/transport member is not part of the compact repository.
reproduction/first_season/capsules/posterior_attribution/fresh_replay_records/E002_SHA256SUMS.txt	HTS63_RESULTS_FOR_REVIEW/HTS63_RAW_IMPLEMENTATION_DIAGNOSTICS.tsv	NOT_INCLUDED_IN_COMPACT_TREE	Historical checksum reference retained for provenance; referenced source-package/transport member is not part of the compact repository.
reproduction/first_season/capsules/posterior_attribution/fresh_replay_records/E002_SHA256SUMS.txt	HTS63_RESULTS_FOR_REVIEW/HTS63_RELEASE_ENDPOINT_CONTRACT_CHECKS.tsv	NOT_INCLUDED_IN_COMPACT_TREE	Historical checksum reference retained for provenance; referenced source-package/transport member is not part of the compact repository.
reproduction/first_season/capsules/posterior_attribution/fresh_replay_records/E002_SHA256SUMS.txt	HTS63_RESULTS_FOR_REVIEW/HTS63_SELECTED_MEMBER_PROVENANCE.tsv	NOT_INCLUDED_IN_COMPACT_TREE	Historical checksum reference retained for provenance; referenced source-package/transport member is not part of the compact repository.
reproduction/first_season/capsules/posterior_attribution/fresh_replay_records/E002_SHA256SUMS.txt	HTS63_RESULTS_FOR_REVIEW/HTS63_SELECTION_AUDIT.md	NOT_INCLUDED_IN_COMPACT_TREE	Historical checksum reference retained for provenance; referenced source-package/transport member is not part of the compact repository.
reproduction/first_season/capsules/posterior_attribution/fresh_replay_records/E002_SHA256SUMS.txt	HTS63_RESULTS_FOR_REVIEW/HTS63_SEMANTIC_DATA_FAMILY_MEMBERSHIP.tsv	NOT_INCLUDED_IN_COMPACT_TREE	Historical checksum reference retained for provenance; referenced source-package/transport member is not part of the compact repository.
reproduction/first_season/capsules/posterior_attribution/fresh_replay_records/E002_SHA256SUMS.txt	HTS63_RESULTS_FOR_REVIEW/HTS63_SOURCE_ADEQUACY_AUDIT.md	NOT_INCLUDED_IN_COMPACT_TREE	Historical checksum reference retained for provenance; referenced source-package/transport member is not part of the compact repository.
reproduction/first_season/capsules/posterior_attribution/fresh_replay_records/E002_SHA256SUMS.txt	HTS63_RESULTS_FOR_REVIEW/HTS63_SOURCE_FREEZE.tsv	NOT_INCLUDED_IN_COMPACT_TREE	Historical checksum reference retained for provenance; referenced source-package/transport member is not part of the compact repository.
reproduction/first_season/capsules/posterior_attribution/fresh_replay_records/E002_SHA256SUMS.txt	HTS63_RESULTS_FOR_REVIEW/MANIFEST.json	NOT_INCLUDED_IN_COMPACT_TREE	Historical checksum reference retained for provenance; referenced source-package/transport member is not part of the compact repository.
reproduction/first_season/capsules/posterior_attribution/fresh_replay_records/E002_SHA256SUMS.txt	HTS63_RESULTS_FOR_REVIEW/README_RUN.md	NOT_INCLUDED_IN_COMPACT_TREE	Historical checksum reference retained for provenance; referenced source-package/transport member is not part of the compact repository.
reproduction/first_season/capsules/posterior_attribution/fresh_replay_records/E002_SHA256SUMS.txt	HTS63_RESULTS_FOR_REVIEW/SHA256SUMS.txt	NOT_INCLUDED_IN_COMPACT_TREE	Historical checksum reference retained for provenance; referenced source-package/transport member is not part of the compact repository.
reproduction/first_season/capsules/posterior_attribution/fresh_replay_records/E002_SHA256SUMS.txt	HTS63_RESULTS_FOR_REVIEW.zip	NOT_INCLUDED_IN_COMPACT_TREE	Historical checksum reference retained for provenance; referenced source-package/transport member is not part of the compact repository.
reproduction/first_season/capsules/posterior_attribution/fresh_replay_records/E002_SHA256SUMS.txt	HTS63_RESULTS_FOR_REVIEW.zip.sha256	NOT_INCLUDED_IN_COMPACT_TREE	Historical checksum reference retained for provenance; referenced source-package/transport member is not part of the compact repository.
reproduction/first_season/capsules/posterior_attribution/fresh_replay_records/E002_SHA256SUMS.txt	HTS64_RESULTS_FOR_REVIEW/CANONICAL_STATE_THROUGH_HTS63.md	NOT_INCLUDED_IN_COMPACT_TREE	Historical checksum reference retained for provenance; referenced source-package/transport member is not part of the compact repository.
reproduction/first_season/capsules/posterior_attribution/fresh_replay_records/E002_SHA256SUMS.txt	HTS64_RESULTS_FOR_REVIEW/HTS63_CANONICALIZATION_AUDIT.md	NOT_INCLUDED_IN_COMPACT_TREE	Historical checksum reference retained for provenance; referenced source-package/transport member is not part of the compact repository.
reproduction/first_season/capsules/posterior_attribution/fresh_replay_records/E002_SHA256SUMS.txt	HTS64_RESULTS_FOR_REVIEW/HTS64_AUDIT_STDERR.txt	NOT_INCLUDED_IN_COMPACT_TREE	Historical checksum reference retained for provenance; referenced source-package/transport member is not part of the compact repository.
reproduction/first_season/capsules/posterior_attribution/fresh_replay_records/E002_SHA256SUMS.txt	HTS64_RESULTS_FOR_REVIEW/HTS64_AUDIT_STDOUT.txt	NOT_INCLUDED_IN_COMPACT_TREE	Historical checksum reference retained for provenance; referenced source-package/transport member is not part of the compact repository.
reproduction/first_season/capsules/posterior_attribution/fresh_replay_records/E002_SHA256SUMS.txt	HTS64_RESULTS_FOR_REVIEW/HTS64_BURNIN_SENSITIVITY.tsv	NOT_INCLUDED_IN_COMPACT_TREE	Historical checksum reference retained for provenance; referenced source-package/transport member is not part of the compact repository.
reproduction/first_season/capsules/posterior_attribution/fresh_replay_records/E002_SHA256SUMS.txt	HTS64_RESULTS_FOR_REVIEW/HTS64_CHAIN_SUPPORT.tsv	NOT_INCLUDED_IN_COMPACT_TREE	Historical checksum reference retained for provenance; referenced source-package/transport member is not part of the compact repository.
reproduction/first_season/capsules/posterior_attribution/fresh_replay_records/E002_SHA256SUMS.txt	HTS64_RESULTS_FOR_REVIEW/HTS64_CLASSIFICATION.tsv	NOT_INCLUDED_IN_COMPACT_TREE	Historical checksum reference retained for provenance; referenced source-package/transport member is not part of the compact repository.
reproduction/first_season/capsules/posterior_attribution/fresh_replay_records/E002_SHA256SUMS.txt	HTS64_RESULTS_FOR_REVIEW/HTS64_DIRECTED_LOO_STABILITY.tsv	NOT_INCLUDED_IN_COMPACT_TREE	Historical checksum reference retained for provenance; referenced source-package/transport member is not part of the compact repository.
reproduction/first_season/capsules/posterior_attribution/fresh_replay_records/E002_SHA256SUMS.txt	HTS64_RESULTS_FOR_REVIEW/HTS64_EXECUTION_CONTRACT.md	NOT_INCLUDED_IN_COMPACT_TREE	Historical checksum reference retained for provenance; referenced source-package/transport member is not part of the compact repository.
reproduction/first_season/capsules/posterior_attribution/fresh_replay_records/E002_SHA256SUMS.txt	HTS64_RESULTS_FOR_REVIEW/HTS64_EXECUTION_REPORT.md	NOT_INCLUDED_IN_COMPACT_TREE	Historical checksum reference retained for provenance; referenced source-package/transport member is not part of the compact repository.
reproduction/first_season/capsules/posterior_attribution/fresh_replay_records/E002_SHA256SUMS.txt	HTS64_RESULTS_FOR_REVIEW/HTS64_INDEPENDENT_AUDIT_CHECKS.tsv	NOT_INCLUDED_IN_COMPACT_TREE	Historical checksum reference retained for provenance; referenced source-package/transport member is not part of the compact repository.
reproduction/first_season/capsules/posterior_attribution/fresh_replay_records/E002_SHA256SUMS.txt	HTS64_RESULTS_FOR_REVIEW/HTS64_INDEPENDENT_AUDIT_RESULT.md	NOT_INCLUDED_IN_COMPACT_TREE	Historical checksum reference retained for provenance; referenced source-package/transport member is not part of the compact repository.
reproduction/first_season/capsules/posterior_attribution/fresh_replay_records/E002_SHA256SUMS.txt	HTS64_RESULTS_FOR_REVIEW/HTS64_LIKELIHOOD_MEMBERSHIP.tsv	NOT_INCLUDED_IN_COMPACT_TREE	Historical checksum reference retained for provenance; referenced source-package/transport member is not part of the compact repository.
reproduction/first_season/capsules/posterior_attribution/fresh_replay_records/E002_SHA256SUMS.txt	HTS64_RESULTS_FOR_REVIEW/HTS64_ORIGINAL_ROOT_INVENTORY.tsv	NOT_INCLUDED_IN_COMPACT_TREE	Historical checksum reference retained for provenance; referenced source-package/transport member is not part of the compact repository.
reproduction/first_season/capsules/posterior_attribution/fresh_replay_records/E002_SHA256SUMS.txt	HTS64_RESULTS_FOR_REVIEW/HTS64_PREFLIGHT_RESULT.md	NOT_INCLUDED_IN_COMPACT_TREE	Historical checksum reference retained for provenance; referenced source-package/transport member is not part of the compact repository.
reproduction/first_season/capsules/posterior_attribution/fresh_replay_records/E002_SHA256SUMS.txt	HTS64_RESULTS_FOR_REVIEW/HTS64_PREFLIGHT_TEST_AUDIT.md	NOT_INCLUDED_IN_COMPACT_TREE	Historical checksum reference retained for provenance; referenced source-package/transport member is not part of the compact repository.
reproduction/first_season/capsules/posterior_attribution/fresh_replay_records/E002_SHA256SUMS.txt	HTS64_RESULTS_FOR_REVIEW/HTS64_RAW_IMPLEMENTATION_DIAGNOSTICS.tsv	NOT_INCLUDED_IN_COMPACT_TREE	Historical checksum reference retained for provenance; referenced source-package/transport member is not part of the compact repository.
reproduction/first_season/capsules/posterior_attribution/fresh_replay_records/E002_SHA256SUMS.txt	HTS64_RESULTS_FOR_REVIEW/HTS64_RELEASE_ENDPOINT_CONTRACT_CHECKS.tsv	NOT_INCLUDED_IN_COMPACT_TREE	Historical checksum reference retained for provenance; referenced source-package/transport member is not part of the compact repository.
reproduction/first_season/capsules/posterior_attribution/fresh_replay_records/E002_SHA256SUMS.txt	HTS64_RESULTS_FOR_REVIEW/HTS64_REPARAMETERIZATION_SUMMARY.tsv	NOT_INCLUDED_IN_COMPACT_TREE	Historical checksum reference retained for provenance; referenced source-package/transport member is not part of the compact repository.
reproduction/first_season/capsules/posterior_attribution/fresh_replay_records/E002_SHA256SUMS.txt	HTS64_RESULTS_FOR_REVIEW/HTS64_ROTATED_COORDINATE_ALLOCATIONS.tsv	NOT_INCLUDED_IN_COMPACT_TREE	Historical checksum reference retained for provenance; referenced source-package/transport member is not part of the compact repository.
reproduction/first_season/capsules/posterior_attribution/fresh_replay_records/E002_SHA256SUMS.txt	HTS64_RESULTS_FOR_REVIEW/HTS64_ROTATION_GRID.tsv	NOT_INCLUDED_IN_COMPACT_TREE	Historical checksum reference retained for provenance; referenced source-package/transport member is not part of the compact repository.
reproduction/first_season/capsules/posterior_attribution/fresh_replay_records/E002_SHA256SUMS.txt	HTS64_RESULTS_FOR_REVIEW/HTS64_SELECTED_MEMBER_PROVENANCE.tsv	NOT_INCLUDED_IN_COMPACT_TREE	Historical checksum reference retained for provenance; referenced source-package/transport member is not part of the compact repository.
reproduction/first_season/capsules/posterior_attribution/fresh_replay_records/E002_SHA256SUMS.txt	HTS64_RESULTS_FOR_REVIEW/HTS64_SELECTION_AUDIT.md	NOT_INCLUDED_IN_COMPACT_TREE	Historical checksum reference retained for provenance; referenced source-package/transport member is not part of the compact repository.
reproduction/first_season/capsules/posterior_attribution/fresh_replay_records/E002_SHA256SUMS.txt	HTS64_RESULTS_FOR_REVIEW/HTS64_SEMANTIC_DATA_FAMILY_MEMBERSHIP.tsv	NOT_INCLUDED_IN_COMPACT_TREE	Historical checksum reference retained for provenance; referenced source-package/transport member is not part of the compact repository.
reproduction/first_season/capsules/posterior_attribution/fresh_replay_records/E002_SHA256SUMS.txt	HTS64_RESULTS_FOR_REVIEW/HTS64_SOURCE_ADEQUACY_AUDIT.md	NOT_INCLUDED_IN_COMPACT_TREE	Historical checksum reference retained for provenance; referenced source-package/transport member is not part of the compact repository.
reproduction/first_season/capsules/posterior_attribution/fresh_replay_records/E002_SHA256SUMS.txt	HTS64_RESULTS_FOR_REVIEW/HTS64_SOURCE_FREEZE.tsv	NOT_INCLUDED_IN_COMPACT_TREE	Historical checksum reference retained for provenance; referenced source-package/transport member is not part of the compact repository.
reproduction/first_season/capsules/posterior_attribution/fresh_replay_records/E002_SHA256SUMS.txt	HTS64_RESULTS_FOR_REVIEW/MANIFEST.json	NOT_INCLUDED_IN_COMPACT_TREE	Historical checksum reference retained for provenance; referenced source-package/transport member is not part of the compact repository.
reproduction/first_season/capsules/posterior_attribution/fresh_replay_records/E002_SHA256SUMS.txt	HTS64_RESULTS_FOR_REVIEW/README_RUN.md	NOT_INCLUDED_IN_COMPACT_TREE	Historical checksum reference retained for provenance; referenced source-package/transport member is not part of the compact repository.
reproduction/first_season/capsules/posterior_attribution/fresh_replay_records/E002_SHA256SUMS.txt	HTS64_RESULTS_FOR_REVIEW/SHA256SUMS.txt	NOT_INCLUDED_IN_COMPACT_TREE	Historical checksum reference retained for provenance; referenced source-package/transport member is not part of the compact repository.
reproduction/first_season/capsules/posterior_attribution/fresh_replay_records/E002_SHA256SUMS.txt	HTS64_RESULTS_FOR_REVIEW.zip	NOT_INCLUDED_IN_COMPACT_TREE	Historical checksum reference retained for provenance; referenced source-package/transport member is not part of the compact repository.
reproduction/first_season/capsules/posterior_attribution/fresh_replay_records/E002_SHA256SUMS.txt	HTS64_RESULTS_FOR_REVIEW.zip.sha256	NOT_INCLUDED_IN_COMPACT_TREE	Historical checksum reference retained for provenance; referenced source-package/transport member is not part of the compact repository.
reproduction/first_season/capsules/posterior_attribution/fresh_replay_records/E002_SHA256SUMS.txt	HTS65_RESULTS_FOR_REVIEW/CANONICAL_STATE_THROUGH_HTS64.md	NOT_INCLUDED_IN_COMPACT_TREE	Historical checksum reference retained for provenance; referenced source-package/transport member is not part of the compact repository.
reproduction/first_season/capsules/posterior_attribution/fresh_replay_records/E002_SHA256SUMS.txt	HTS65_RESULTS_FOR_REVIEW/HTS64_CANONICALIZATION_AUDIT.md	NOT_INCLUDED_IN_COMPACT_TREE	Historical checksum reference retained for provenance; referenced source-package/transport member is not part of the compact repository.
reproduction/first_season/capsules/posterior_attribution/fresh_replay_records/E002_SHA256SUMS.txt	HTS65_RESULTS_FOR_REVIEW/HTS65_AUDIT_STDERR.txt	NOT_INCLUDED_IN_COMPACT_TREE	Historical checksum reference retained for provenance; referenced source-package/transport member is not part of the compact repository.
reproduction/first_season/capsules/posterior_attribution/fresh_replay_records/E002_SHA256SUMS.txt	HTS65_RESULTS_FOR_REVIEW/HTS65_AUDIT_STDOUT.txt	NOT_INCLUDED_IN_COMPACT_TREE	Historical checksum reference retained for provenance; referenced source-package/transport member is not part of the compact repository.
reproduction/first_season/capsules/posterior_attribution/fresh_replay_records/E002_SHA256SUMS.txt	HTS65_RESULTS_FOR_REVIEW/HTS65_BURNIN_SENSITIVITY.tsv	NOT_INCLUDED_IN_COMPACT_TREE	Historical checksum reference retained for provenance; referenced source-package/transport member is not part of the compact repository.
reproduction/first_season/capsules/posterior_attribution/fresh_replay_records/E002_SHA256SUMS.txt	HTS65_RESULTS_FOR_REVIEW/HTS65_CHAIN_SUPPORT.tsv	NOT_INCLUDED_IN_COMPACT_TREE	Historical checksum reference retained for provenance; referenced source-package/transport member is not part of the compact repository.
reproduction/first_season/capsules/posterior_attribution/fresh_replay_records/E002_SHA256SUMS.txt	HTS65_RESULTS_FOR_REVIEW/HTS65_CLASSIFICATION.tsv	NOT_INCLUDED_IN_COMPACT_TREE	Historical checksum reference retained for provenance; referenced source-package/transport member is not part of the compact repository.
reproduction/first_season/capsules/posterior_attribution/fresh_replay_records/E002_SHA256SUMS.txt	HTS65_RESULTS_FOR_REVIEW/HTS65_DIRECTED_LOO_STABILITY.tsv	NOT_INCLUDED_IN_COMPACT_TREE	Historical checksum reference retained for provenance; referenced source-package/transport member is not part of the compact repository.
reproduction/first_season/capsules/posterior_attribution/fresh_replay_records/E002_SHA256SUMS.txt	HTS65_RESULTS_FOR_REVIEW/HTS65_DIRECTED_PARTITION_BLOCK_ALLOCATIONS.tsv	NOT_INCLUDED_IN_COMPACT_TREE	Historical checksum reference retained for provenance; referenced source-package/transport member is not part of the compact repository.
reproduction/first_season/capsules/posterior_attribution/fresh_replay_records/E002_SHA256SUMS.txt	HTS65_RESULTS_FOR_REVIEW/HTS65_DIRECTED_PARTITION_RESULTS.tsv	NOT_INCLUDED_IN_COMPACT_TREE	Historical checksum reference retained for provenance; referenced source-package/transport member is not part of the compact repository.
reproduction/first_season/capsules/posterior_attribution/fresh_replay_records/E002_SHA256SUMS.txt	HTS65_RESULTS_FOR_REVIEW/HTS65_DIRECTED_PARTITION_SUMMARY.tsv	NOT_INCLUDED_IN_COMPACT_TREE	Historical checksum reference retained for provenance; referenced source-package/transport member is not part of the compact repository.
reproduction/first_season/capsules/posterior_attribution/fresh_replay_records/E002_SHA256SUMS.txt	HTS65_RESULTS_FOR_REVIEW/HTS65_DIRECTED_PARTITION_VARIABLE_ALLOCATIONS.tsv	NOT_INCLUDED_IN_COMPACT_TREE	Historical checksum reference retained for provenance; referenced source-package/transport member is not part of the compact repository.
reproduction/first_season/capsules/posterior_attribution/fresh_replay_records/E002_SHA256SUMS.txt	HTS65_RESULTS_FOR_REVIEW/HTS65_EXECUTION_CONTRACT.md	NOT_INCLUDED_IN_COMPACT_TREE	Historical checksum reference retained for provenance; referenced source-package/transport member is not part of the compact repository.
reproduction/first_season/capsules/posterior_attribution/fresh_replay_records/E002_SHA256SUMS.txt	HTS65_RESULTS_FOR_REVIEW/HTS65_EXECUTION_REPORT.md	NOT_INCLUDED_IN_COMPACT_TREE	Historical checksum reference retained for provenance; referenced source-package/transport member is not part of the compact repository.
reproduction/first_season/capsules/posterior_attribution/fresh_replay_records/E002_SHA256SUMS.txt	HTS65_RESULTS_FOR_REVIEW/HTS65_INDEPENDENT_AUDIT_CHECKS.tsv	NOT_INCLUDED_IN_COMPACT_TREE	Historical checksum reference retained for provenance; referenced source-package/transport member is not part of the compact repository.
reproduction/first_season/capsules/posterior_attribution/fresh_replay_records/E002_SHA256SUMS.txt	HTS65_RESULTS_FOR_REVIEW/HTS65_INDEPENDENT_AUDIT_RESULT.md	NOT_INCLUDED_IN_COMPACT_TREE	Historical checksum reference retained for provenance; referenced source-package/transport member is not part of the compact repository.
reproduction/first_season/capsules/posterior_attribution/fresh_replay_records/E002_SHA256SUMS.txt	HTS65_RESULTS_FOR_REVIEW/HTS65_LIKELIHOOD_MEMBERSHIP.tsv	NOT_INCLUDED_IN_COMPACT_TREE	Historical checksum reference retained for provenance; referenced source-package/transport member is not part of the compact repository.
reproduction/first_season/capsules/posterior_attribution/fresh_replay_records/E002_SHA256SUMS.txt	HTS65_RESULTS_FOR_REVIEW/HTS65_ORIGINAL_ROOT_INVENTORY.tsv	NOT_INCLUDED_IN_COMPACT_TREE	Historical checksum reference retained for provenance; referenced source-package/transport member is not part of the compact repository.
reproduction/first_season/capsules/posterior_attribution/fresh_replay_records/E002_SHA256SUMS.txt	HTS65_RESULTS_FOR_REVIEW/HTS65_PARTITION_CATALOG.tsv	NOT_INCLUDED_IN_COMPACT_TREE	Historical checksum reference retained for provenance; referenced source-package/transport member is not part of the compact repository.
reproduction/first_season/capsules/posterior_attribution/fresh_replay_records/E002_SHA256SUMS.txt	HTS65_RESULTS_FOR_REVIEW/HTS65_PREFLIGHT_RESULT.md	NOT_INCLUDED_IN_COMPACT_TREE	Historical checksum reference retained for provenance; referenced source-package/transport member is not part of the compact repository.
reproduction/first_season/capsules/posterior_attribution/fresh_replay_records/E002_SHA256SUMS.txt	HTS65_RESULTS_FOR_REVIEW/HTS65_PREFLIGHT_TEST_AUDIT.md	NOT_INCLUDED_IN_COMPACT_TREE	Historical checksum reference retained for provenance; referenced source-package/transport member is not part of the compact repository.
reproduction/first_season/capsules/posterior_attribution/fresh_replay_records/E002_SHA256SUMS.txt	HTS65_RESULTS_FOR_REVIEW/HTS65_RAW_IMPLEMENTATION_DIAGNOSTICS.tsv	NOT_INCLUDED_IN_COMPACT_TREE	Historical checksum reference retained for provenance; referenced source-package/transport member is not part of the compact repository.
reproduction/first_season/capsules/posterior_attribution/fresh_replay_records/E002_SHA256SUMS.txt	HTS65_RESULTS_FOR_REVIEW/HTS65_RELEASE_ENDPOINT_CONTRACT_CHECKS.tsv	NOT_INCLUDED_IN_COMPACT_TREE	Historical checksum reference retained for provenance; referenced source-package/transport member is not part of the compact repository.
reproduction/first_season/capsules/posterior_attribution/fresh_replay_records/E002_SHA256SUMS.txt	HTS65_RESULTS_FOR_REVIEW/HTS65_SELECTED_MEMBER_PROVENANCE.tsv	NOT_INCLUDED_IN_COMPACT_TREE	Historical checksum reference retained for provenance; referenced source-package/transport member is not part of the compact repository.
reproduction/first_season/capsules/posterior_attribution/fresh_replay_records/E002_SHA256SUMS.txt	HTS65_RESULTS_FOR_REVIEW/HTS65_SELECTION_AUDIT.md	NOT_INCLUDED_IN_COMPACT_TREE	Historical checksum reference retained for provenance; referenced source-package/transport member is not part of the compact repository.
reproduction/first_season/capsules/posterior_attribution/fresh_replay_records/E002_SHA256SUMS.txt	HTS65_RESULTS_FOR_REVIEW/HTS65_SEMANTIC_DATA_FAMILY_MEMBERSHIP.tsv	NOT_INCLUDED_IN_COMPACT_TREE	Historical checksum reference retained for provenance; referenced source-package/transport member is not part of the compact repository.
reproduction/first_season/capsules/posterior_attribution/fresh_replay_records/E002_SHA256SUMS.txt	HTS65_RESULTS_FOR_REVIEW/HTS65_SOURCE_ADEQUACY_AUDIT.md	NOT_INCLUDED_IN_COMPACT_TREE	Historical checksum reference retained for provenance; referenced source-package/transport member is not part of the compact repository.
reproduction/first_season/capsules/posterior_attribution/fresh_replay_records/E002_SHA256SUMS.txt	HTS65_RESULTS_FOR_REVIEW/HTS65_SOURCE_FREEZE.tsv	NOT_INCLUDED_IN_COMPACT_TREE	Historical checksum reference retained for provenance; referenced source-package/transport member is not part of the compact repository.
reproduction/first_season/capsules/posterior_attribution/fresh_replay_records/E002_SHA256SUMS.txt	HTS65_RESULTS_FOR_REVIEW/MANIFEST.json	NOT_INCLUDED_IN_COMPACT_TREE	Historical checksum reference retained for provenance; referenced source-package/transport member is not part of the compact repository.
reproduction/first_season/capsules/posterior_attribution/fresh_replay_records/E002_SHA256SUMS.txt	HTS65_RESULTS_FOR_REVIEW/README_RUN.md	NOT_INCLUDED_IN_COMPACT_TREE	Historical checksum reference retained for provenance; referenced source-package/transport member is not part of the compact repository.
reproduction/first_season/capsules/posterior_attribution/fresh_replay_records/E002_SHA256SUMS.txt	HTS65_RESULTS_FOR_REVIEW/SHA256SUMS.txt	NOT_INCLUDED_IN_COMPACT_TREE	Historical checksum reference retained for provenance; referenced source-package/transport member is not part of the compact repository.
reproduction/first_season/capsules/posterior_attribution/fresh_replay_records/E002_SHA256SUMS.txt	HTS65_RESULTS_FOR_REVIEW.zip	NOT_INCLUDED_IN_COMPACT_TREE	Historical checksum reference retained for provenance; referenced source-package/transport member is not part of the compact repository.
reproduction/first_season/capsules/posterior_attribution/fresh_replay_records/E002_SHA256SUMS.txt	HTS65_RESULTS_FOR_REVIEW.zip.sha256	NOT_INCLUDED_IN_COMPACT_TREE	Historical checksum reference retained for provenance; referenced source-package/transport member is not part of the compact repository.
reproduction/first_season/capsules/posterior_attribution/fresh_replay_records/E002_SHA256SUMS.txt	HTS66_RESULTS_FOR_REVIEW/CANONICAL_STATE_THROUGH_HTS65.md	NOT_INCLUDED_IN_COMPACT_TREE	Historical checksum reference retained for provenance; referenced source-package/transport member is not part of the compact repository.
reproduction/first_season/capsules/posterior_attribution/fresh_replay_records/E002_SHA256SUMS.txt	HTS66_RESULTS_FOR_REVIEW/HTS65_CANONICALIZATION_AUDIT.md	NOT_INCLUDED_IN_COMPACT_TREE	Historical checksum reference retained for provenance; referenced source-package/transport member is not part of the compact repository.
reproduction/first_season/capsules/posterior_attribution/fresh_replay_records/E002_SHA256SUMS.txt	HTS66_RESULTS_FOR_REVIEW/HTS66_AUDIT_STDERR.txt	NOT_INCLUDED_IN_COMPACT_TREE	Historical checksum reference retained for provenance; referenced source-package/transport member is not part of the compact repository.
reproduction/first_season/capsules/posterior_attribution/fresh_replay_records/E002_SHA256SUMS.txt	HTS66_RESULTS_FOR_REVIEW/HTS66_AUDIT_STDOUT.txt	NOT_INCLUDED_IN_COMPACT_TREE	Historical checksum reference retained for provenance; referenced source-package/transport member is not part of the compact repository.
reproduction/first_season/capsules/posterior_attribution/fresh_replay_records/E002_SHA256SUMS.txt	HTS66_RESULTS_FOR_REVIEW/HTS66_CLASSIFICATION.tsv	NOT_INCLUDED_IN_COMPACT_TREE	Historical checksum reference retained for provenance; referenced source-package/transport member is not part of the compact repository.
reproduction/first_season/capsules/posterior_attribution/fresh_replay_records/E002_SHA256SUMS.txt	HTS66_RESULTS_FOR_REVIEW/HTS66_CONDITIONAL_DISTANCE_CONSISTENCY.tsv	NOT_INCLUDED_IN_COMPACT_TREE	Historical checksum reference retained for provenance; referenced source-package/transport member is not part of the compact repository.
reproduction/first_season/capsules/posterior_attribution/fresh_replay_records/E002_SHA256SUMS.txt	HTS66_RESULTS_FOR_REVIEW/HTS66_CROSS_STAGE_KEY_AUDIT.tsv	NOT_INCLUDED_IN_COMPACT_TREE	Historical checksum reference retained for provenance; referenced source-package/transport member is not part of the compact repository.
reproduction/first_season/capsules/posterior_attribution/fresh_replay_records/E002_SHA256SUMS.txt	HTS66_RESULTS_FOR_REVIEW/HTS66_EXECUTION_CONTRACT.md	NOT_INCLUDED_IN_COMPACT_TREE	Historical checksum reference retained for provenance; referenced source-package/transport member is not part of the compact repository.
reproduction/first_season/capsules/posterior_attribution/fresh_replay_records/E002_SHA256SUMS.txt	HTS66_RESULTS_FOR_REVIEW/HTS66_EXECUTION_REPORT.md	NOT_INCLUDED_IN_COMPACT_TREE	Historical checksum reference retained for provenance; referenced source-package/transport member is not part of the compact repository.
reproduction/first_season/capsules/posterior_attribution/fresh_replay_records/E002_SHA256SUMS.txt	HTS66_RESULTS_FOR_REVIEW/HTS66_FIXED_BLOCK_CONSISTENCY.tsv	NOT_INCLUDED_IN_COMPACT_TREE	Historical checksum reference retained for provenance; referenced source-package/transport member is not part of the compact repository.
reproduction/first_season/capsules/posterior_attribution/fresh_replay_records/E002_SHA256SUMS.txt	HTS66_RESULTS_FOR_REVIEW/HTS66_INDEPENDENT_AUDIT_CHECKS.tsv	NOT_INCLUDED_IN_COMPACT_TREE	Historical checksum reference retained for provenance; referenced source-package/transport member is not part of the compact repository.
reproduction/first_season/capsules/posterior_attribution/fresh_replay_records/E002_SHA256SUMS.txt	HTS66_RESULTS_FOR_REVIEW/HTS66_INDEPENDENT_AUDIT_RESULT.md	NOT_INCLUDED_IN_COMPACT_TREE	Historical checksum reference retained for provenance; referenced source-package/transport member is not part of the compact repository.
reproduction/first_season/capsules/posterior_attribution/fresh_replay_records/E002_SHA256SUMS.txt	HTS66_RESULTS_FOR_REVIEW/HTS66_INVARIANT_HIERARCHY.tsv	NOT_INCLUDED_IN_COMPACT_TREE	Historical checksum reference retained for provenance; referenced source-package/transport member is not part of the compact repository.
reproduction/first_season/capsules/posterior_attribution/fresh_replay_records/E002_SHA256SUMS.txt	HTS66_RESULTS_FOR_REVIEW/HTS66_PREFLIGHT_RESULT.md	NOT_INCLUDED_IN_COMPACT_TREE	Historical checksum reference retained for provenance; referenced source-package/transport member is not part of the compact repository.
reproduction/first_season/capsules/posterior_attribution/fresh_replay_records/E002_SHA256SUMS.txt	HTS66_RESULTS_FOR_REVIEW/HTS66_PREFLIGHT_TEST_AUDIT.md	NOT_INCLUDED_IN_COMPACT_TREE	Historical checksum reference retained for provenance; referenced source-package/transport member is not part of the compact repository.
reproduction/first_season/capsules/posterior_attribution/fresh_replay_records/E002_SHA256SUMS.txt	HTS66_RESULTS_FOR_REVIEW/HTS66_PRIMARY_SYNTHESIS.tsv	NOT_INCLUDED_IN_COMPACT_TREE	Historical checksum reference retained for provenance; referenced source-package/transport member is not part of the compact repository.
reproduction/first_season/capsules/posterior_attribution/fresh_replay_records/E002_SHA256SUMS.txt	HTS66_RESULTS_FOR_REVIEW/HTS66_SELECTION_AUDIT.md	NOT_INCLUDED_IN_COMPACT_TREE	Historical checksum reference retained for provenance; referenced source-package/transport member is not part of the compact repository.
reproduction/first_season/capsules/posterior_attribution/fresh_replay_records/E002_SHA256SUMS.txt	HTS66_RESULTS_FOR_REVIEW/HTS66_SOURCE_ADEQUACY_AUDIT.md	NOT_INCLUDED_IN_COMPACT_TREE	Historical checksum reference retained for provenance; referenced source-package/transport member is not part of the compact repository.
reproduction/first_season/capsules/posterior_attribution/fresh_replay_records/E002_SHA256SUMS.txt	HTS66_RESULTS_FOR_REVIEW/HTS66_SOURCE_FREEZE.tsv	NOT_INCLUDED_IN_COMPACT_TREE	Historical checksum reference retained for provenance; referenced source-package/transport member is not part of the compact repository.
reproduction/first_season/capsules/posterior_attribution/fresh_replay_records/E002_SHA256SUMS.txt	HTS66_RESULTS_FOR_REVIEW/MANIFEST.json	NOT_INCLUDED_IN_COMPACT_TREE	Historical checksum reference retained for provenance; referenced source-package/transport member is not part of the compact repository.
reproduction/first_season/capsules/posterior_attribution/fresh_replay_records/E002_SHA256SUMS.txt	HTS66_RESULTS_FOR_REVIEW/README_RUN.md	NOT_INCLUDED_IN_COMPACT_TREE	Historical checksum reference retained for provenance; referenced source-package/transport member is not part of the compact repository.
reproduction/first_season/capsules/posterior_attribution/fresh_replay_records/E002_SHA256SUMS.txt	HTS66_RESULTS_FOR_REVIEW.zip	NOT_INCLUDED_IN_COMPACT_TREE	Historical checksum reference retained for provenance; referenced source-package/transport member is not part of the compact repository.
reproduction/first_season/capsules/posterior_attribution/fresh_replay_records/E002_SHA256SUMS.txt	HTS66_RESULTS_FOR_REVIEW.zip.sha256	NOT_INCLUDED_IN_COMPACT_TREE	Historical checksum reference retained for provenance; referenced source-package/transport member is not part of the compact repository.
reproduction/first_season/capsules/posterior_attribution/fresh_replay_records/E002_SHA256SUMS.txt	HTS67_RESULTS_FOR_REVIEW/CANONICAL_STATE_THROUGH_HTS66.md	NOT_INCLUDED_IN_COMPACT_TREE	Historical checksum reference retained for provenance; referenced source-package/transport member is not part of the compact repository.
reproduction/first_season/capsules/posterior_attribution/fresh_replay_records/E002_SHA256SUMS.txt	HTS67_RESULTS_FOR_REVIEW/HTS66_CANONICALIZATION_AUDIT.md	NOT_INCLUDED_IN_COMPACT_TREE	Historical checksum reference retained for provenance; referenced source-package/transport member is not part of the compact repository.
reproduction/first_season/capsules/posterior_attribution/fresh_replay_records/E002_SHA256SUMS.txt	HTS67_RESULTS_FOR_REVIEW/HTS67_AUDIT_STDERR.txt	NOT_INCLUDED_IN_COMPACT_TREE	Historical checksum reference retained for provenance; referenced source-package/transport member is not part of the compact repository.
reproduction/first_season/capsules/posterior_attribution/fresh_replay_records/E002_SHA256SUMS.txt	HTS67_RESULTS_FOR_REVIEW/HTS67_AUDIT_STDOUT.txt	NOT_INCLUDED_IN_COMPACT_TREE	Historical checksum reference retained for provenance; referenced source-package/transport member is not part of the compact repository.
reproduction/first_season/capsules/posterior_attribution/fresh_replay_records/E002_SHA256SUMS.txt	HTS67_RESULTS_FOR_REVIEW/HTS67_BURNIN_SENSITIVITY.tsv	NOT_INCLUDED_IN_COMPACT_TREE	Historical checksum reference retained for provenance; referenced source-package/transport member is not part of the compact repository.
reproduction/first_season/capsules/posterior_attribution/fresh_replay_records/E002_SHA256SUMS.txt	HTS67_RESULTS_FOR_REVIEW/HTS67_CACHE_ROOT_SELECTION.tsv	NOT_INCLUDED_IN_COMPACT_TREE	Historical checksum reference retained for provenance; referenced source-package/transport member is not part of the compact repository.
reproduction/first_season/capsules/posterior_attribution/fresh_replay_records/E002_SHA256SUMS.txt	HTS67_RESULTS_FOR_REVIEW/HTS67_CHAIN_SUPPORT.tsv	NOT_INCLUDED_IN_COMPACT_TREE	Historical checksum reference retained for provenance; referenced source-package/transport member is not part of the compact repository.
reproduction/first_season/capsules/posterior_attribution/fresh_replay_records/E002_SHA256SUMS.txt	HTS67_RESULTS_FOR_REVIEW/HTS67_CLASSIFICATION.tsv	NOT_INCLUDED_IN_COMPACT_TREE	Historical checksum reference retained for provenance; referenced source-package/transport member is not part of the compact repository.
reproduction/first_season/capsules/posterior_attribution/fresh_replay_records/E002_SHA256SUMS.txt	HTS67_RESULTS_FOR_REVIEW/HTS67_DIRECTED_BASELINE_COMPARISON.tsv	NOT_INCLUDED_IN_COMPACT_TREE	Historical checksum reference retained for provenance; referenced source-package/transport member is not part of the compact repository.
reproduction/first_season/capsules/posterior_attribution/fresh_replay_records/E002_SHA256SUMS.txt	HTS67_RESULTS_FOR_REVIEW/HTS67_ENDPOINT_6D_SUMMARY.tsv	NOT_INCLUDED_IN_COMPACT_TREE	Historical checksum reference retained for provenance; referenced source-package/transport member is not part of the compact repository.
reproduction/first_season/capsules/posterior_attribution/fresh_replay_records/E002_SHA256SUMS.txt	HTS67_RESULTS_FOR_REVIEW/HTS67_EXECUTION_CONTRACT.md	NOT_INCLUDED_IN_COMPACT_TREE	Historical checksum reference retained for provenance; referenced source-package/transport member is not part of the compact repository.
reproduction/first_season/capsules/posterior_attribution/fresh_replay_records/E002_SHA256SUMS.txt	HTS67_RESULTS_FOR_REVIEW/HTS67_EXECUTION_REPORT.md	NOT_INCLUDED_IN_COMPACT_TREE	Historical checksum reference retained for provenance; referenced source-package/transport member is not part of the compact repository.
reproduction/first_season/capsules/posterior_attribution/fresh_replay_records/E002_SHA256SUMS.txt	HTS67_RESULTS_FOR_REVIEW/HTS67_INDEPENDENT_AUDIT_CHECKS.tsv	NOT_INCLUDED_IN_COMPACT_TREE	Historical checksum reference retained for provenance; referenced source-package/transport member is not part of the compact repository.
reproduction/first_season/capsules/posterior_attribution/fresh_replay_records/E002_SHA256SUMS.txt	HTS67_RESULTS_FOR_REVIEW/HTS67_INDEPENDENT_AUDIT_RESULT.md	NOT_INCLUDED_IN_COMPACT_TREE	Historical checksum reference retained for provenance; referenced source-package/transport member is not part of the compact repository.
reproduction/first_season/capsules/posterior_attribution/fresh_replay_records/E002_SHA256SUMS.txt	HTS67_RESULTS_FOR_REVIEW/HTS67_LOO_STABILITY.tsv	NOT_INCLUDED_IN_COMPACT_TREE	Historical checksum reference retained for provenance; referenced source-package/transport member is not part of the compact repository.
reproduction/first_season/capsules/posterior_attribution/fresh_replay_records/E002_SHA256SUMS.txt	HTS67_RESULTS_FOR_REVIEW/HTS67_PREFLIGHT_RESULT.md	NOT_INCLUDED_IN_COMPACT_TREE	Historical checksum reference retained for provenance; referenced source-package/transport member is not part of the compact repository.
reproduction/first_season/capsules/posterior_attribution/fresh_replay_records/E002_SHA256SUMS.txt	HTS67_RESULTS_FOR_REVIEW/HTS67_PREFLIGHT_TEST_AUDIT.md	NOT_INCLUDED_IN_COMPACT_TREE	Historical checksum reference retained for provenance; referenced source-package/transport member is not part of the compact repository.
reproduction/first_season/capsules/posterior_attribution/fresh_replay_records/E002_SHA256SUMS.txt	HTS67_RESULTS_FOR_REVIEW/HTS67_RELEASE_ENDPOINT_CONTRACT_CHECKS.tsv	NOT_INCLUDED_IN_COMPACT_TREE	Historical checksum reference retained for provenance; referenced source-package/transport member is not part of the compact repository.
reproduction/first_season/capsules/posterior_attribution/fresh_replay_records/E002_SHA256SUMS.txt	HTS67_RESULTS_FOR_REVIEW/HTS67_SELECTED_MEMBER_PROVENANCE.tsv	NOT_INCLUDED_IN_COMPACT_TREE	Historical checksum reference retained for provenance; referenced source-package/transport member is not part of the compact repository.
reproduction/first_season/capsules/posterior_attribution/fresh_replay_records/E002_SHA256SUMS.txt	HTS67_RESULTS_FOR_REVIEW/HTS67_SELECTION_AUDIT.md	NOT_INCLUDED_IN_COMPACT_TREE	Historical checksum reference retained for provenance; referenced source-package/transport member is not part of the compact repository.
reproduction/first_season/capsules/posterior_attribution/fresh_replay_records/E002_SHA256SUMS.txt	HTS67_RESULTS_FOR_REVIEW/HTS67_SOURCE_ADEQUACY_AUDIT.md	NOT_INCLUDED_IN_COMPACT_TREE	Historical checksum reference retained for provenance; referenced source-package/transport member is not part of the compact repository.
reproduction/first_season/capsules/posterior_attribution/fresh_replay_records/E002_SHA256SUMS.txt	HTS67_RESULTS_FOR_REVIEW/HTS67_SOURCE_FREEZE.tsv	NOT_INCLUDED_IN_COMPACT_TREE	Historical checksum reference retained for provenance; referenced source-package/transport member is not part of the compact repository.
reproduction/first_season/capsules/posterior_attribution/fresh_replay_records/E002_SHA256SUMS.txt	HTS67_RESULTS_FOR_REVIEW/HTS67_SYMMETRIC_METRIC_RESULTS.tsv	NOT_INCLUDED_IN_COMPACT_TREE	Historical checksum reference retained for provenance; referenced source-package/transport member is not part of the compact repository.
reproduction/first_season/capsules/posterior_attribution/fresh_replay_records/E002_SHA256SUMS.txt	HTS67_RESULTS_FOR_REVIEW/HTS67_SYMMETRIC_POOLING_SENSITIVITY.tsv	NOT_INCLUDED_IN_COMPACT_TREE	Historical checksum reference retained for provenance; referenced source-package/transport member is not part of the compact repository.
reproduction/first_season/capsules/posterior_attribution/fresh_replay_records/E002_SHA256SUMS.txt	HTS67_RESULTS_FOR_REVIEW/MANIFEST.json	NOT_INCLUDED_IN_COMPACT_TREE	Historical checksum reference retained for provenance; referenced source-package/transport member is not part of the compact repository.
reproduction/first_season/capsules/posterior_attribution/fresh_replay_records/E002_SHA256SUMS.txt	HTS67_RESULTS_FOR_REVIEW/README_RUN.md	NOT_INCLUDED_IN_COMPACT_TREE	Historical checksum reference retained for provenance; referenced source-package/transport member is not part of the compact repository.
reproduction/first_season/capsules/posterior_attribution/fresh_replay_records/E002_SHA256SUMS.txt	HTS67_RESULTS_FOR_REVIEW/SHA256SUMS.txt	NOT_INCLUDED_IN_COMPACT_TREE	Historical checksum reference retained for provenance; referenced source-package/transport member is not part of the compact repository.
reproduction/first_season/capsules/posterior_attribution/fresh_replay_records/E002_SHA256SUMS.txt	HTS67_RESULTS_FOR_REVIEW.zip	NOT_INCLUDED_IN_COMPACT_TREE	Historical checksum reference retained for provenance; referenced source-package/transport member is not part of the compact repository.
reproduction/first_season/capsules/posterior_attribution/fresh_replay_records/E002_SHA256SUMS.txt	HTS67_RESULTS_FOR_REVIEW.zip.sha256	NOT_INCLUDED_IN_COMPACT_TREE	Historical checksum reference retained for provenance; referenced source-package/transport member is not part of the compact repository.
reproduction/first_season/capsules/posterior_attribution/official_fetch_records/historical_failed_attempt_phase2b/evidence/PHASE2B_EVIDENCE_SHA256SUMS.txt	/home/kei/h0_phase2b_official_fetch_20260728T105722Z/evidence/E002_INPUT_VERIFICATION.tsv	NOT_INCLUDED_IN_COMPACT_TREE	Historical checksum reference retained for provenance; referenced source-package/transport member is not part of the compact repository.
reproduction/first_season/capsules/posterior_attribution/official_fetch_records/historical_failed_attempt_phase2b/evidence/PHASE2B_EVIDENCE_SHA256SUMS.txt	/home/kei/h0_phase2b_official_fetch_20260728T105722Z/evidence/E002_STAGE_CLASSIFICATION_VERIFICATION.tsv	NOT_INCLUDED_IN_COMPACT_TREE	Historical checksum reference retained for provenance; referenced source-package/transport member is not part of the compact repository.
reproduction/first_season/capsules/posterior_attribution/official_fetch_records/historical_failed_attempt_phase2b/evidence/PHASE2B_EVIDENCE_SHA256SUMS.txt	/home/kei/h0_phase2b_official_fetch_20260728T105722Z/evidence/E002_STAGE_STATUS.tsv	NOT_INCLUDED_IN_COMPACT_TREE	Historical checksum reference retained for provenance; referenced source-package/transport member is not part of the compact repository.
reproduction/first_season/capsules/posterior_attribution/official_fetch_records/historical_failed_attempt_phase2b/evidence/PHASE2B_EVIDENCE_SHA256SUMS.txt	/home/kei/h0_phase2b_official_fetch_20260728T105722Z/evidence/HTS67_HISTORICAL_VS_FRESH_COMPARISON.tsv	NOT_INCLUDED_IN_COMPACT_TREE	Historical checksum reference retained for provenance; referenced source-package/transport member is not part of the compact repository.
reproduction/first_season/capsules/posterior_attribution/official_fetch_records/historical_failed_attempt_phase2b/evidence/PHASE2B_EVIDENCE_SHA256SUMS.txt	/home/kei/h0_phase2b_official_fetch_20260728T105722Z/evidence/OFFICIAL_ARCHIVE_ACQUISITION.tsv	NOT_INCLUDED_IN_COMPACT_TREE	Historical checksum reference retained for provenance; referenced source-package/transport member is not part of the compact repository.
reproduction/first_season/capsules/posterior_attribution/official_fetch_records/historical_failed_attempt_phase2b/evidence/PHASE2B_EVIDENCE_SHA256SUMS.txt	/home/kei/h0_phase2b_official_fetch_20260728T105722Z/evidence/OFFICIAL_HTTP_HEADERS/FIXED_RANGE_0_0_HEADERS.txt	NOT_INCLUDED_IN_COMPACT_TREE	Historical checksum reference retained for provenance; referenced source-package/transport member is not part of the compact repository.
reproduction/first_season/capsules/posterior_attribution/official_fetch_records/historical_failed_attempt_phase2b/evidence/PHASE2B_EVIDENCE_SHA256SUMS.txt	/home/kei/h0_phase2b_official_fetch_20260728T105722Z/evidence/OFFICIAL_HTTP_HEADERS/ORIGINAL_RANGE_0_0_HEADERS.txt	NOT_INCLUDED_IN_COMPACT_TREE	Historical checksum reference retained for provenance; referenced source-package/transport member is not part of the compact repository.
reproduction/first_season/capsules/posterior_attribution/official_fetch_records/historical_failed_attempt_phase2b/evidence/PHASE2B_EVIDENCE_SHA256SUMS.txt	/home/kei/h0_phase2b_official_fetch_20260728T105722Z/evidence/OFFICIAL_SELECTED_MEMBER_VERIFICATION.tsv	NOT_INCLUDED_IN_COMPACT_TREE	Historical checksum reference retained for provenance; referenced source-package/transport member is not part of the compact repository.
reproduction/first_season/capsules/posterior_attribution/official_fetch_records/historical_failed_attempt_phase2b/evidence/PHASE2B_EVIDENCE_SHA256SUMS.txt	/home/kei/h0_phase2b_official_fetch_20260728T105722Z/evidence/PHASE2B_ENVIRONMENT.json	NOT_INCLUDED_IN_COMPACT_TREE	Historical checksum reference retained for provenance; referenced source-package/transport member is not part of the compact repository.
reproduction/first_season/capsules/posterior_attribution/official_fetch_records/historical_failed_attempt_phase2b/evidence/PHASE2B_EVIDENCE_SHA256SUMS.txt	/home/kei/h0_phase2b_official_fetch_20260728T105722Z/evidence/PHASE2B_FAILURE_SUMMARY.txt	NOT_INCLUDED_IN_COMPACT_TREE	Historical checksum reference retained for provenance; referenced source-package/transport member is not part of the compact repository.
reproduction/first_season/capsules/posterior_attribution/official_fetch_records/historical_failed_attempt_phase2b/evidence/PHASE2B_EVIDENCE_SHA256SUMS.txt	/home/kei/h0_phase2b_official_fetch_20260728T105722Z/evidence/PHASE2B_NETWORK_PREFLIGHT.tsv	NOT_INCLUDED_IN_COMPACT_TREE	Historical checksum reference retained for provenance; referenced source-package/transport member is not part of the compact repository.
reproduction/first_season/capsules/posterior_attribution/official_fetch_records/historical_failed_attempt_phase2b/evidence/PHASE2B_EVIDENCE_SHA256SUMS.txt	/home/kei/h0_phase2b_official_fetch_20260728T105722Z/evidence/PHASE2B_NETWORK_PROBE.json	NOT_INCLUDED_IN_COMPACT_TREE	Historical checksum reference retained for provenance; referenced source-package/transport member is not part of the compact repository.
reproduction/first_season/capsules/posterior_attribution/official_fetch_records/historical_failed_attempt_phase2b/evidence/PHASE2B_EVIDENCE_SHA256SUMS.txt	/home/kei/h0_phase2b_official_fetch_20260728T105722Z/evidence/PHASE2B_RESULT.txt	NOT_INCLUDED_IN_COMPACT_TREE	Historical checksum reference retained for provenance; referenced source-package/transport member is not part of the compact repository.
reproduction/first_season/capsules/posterior_attribution/official_fetch_records/historical_failed_attempt_phase2b/evidence/PHASE2B_EVIDENCE_SHA256SUMS.txt	/home/kei/h0_phase2b_official_fetch_20260728T105722Z/evidence/PHASE2B_STARTING_TREE.tsv	NOT_INCLUDED_IN_COMPACT_TREE	Historical checksum reference retained for provenance; referenced source-package/transport member is not part of the compact repository.
reproduction/first_season/capsules/posterior_attribution/official_fetch_records/historical_failed_attempt_phase2b/evidence/PHASE2B_EVIDENCE_SHA256SUMS.txt	/home/kei/h0_phase2b_official_fetch_20260728T105722Z/logs/PHASE2B_BUNDLE_AND_CHECKPOINT_VERIFY.txt	NOT_INCLUDED_IN_COMPACT_TREE	Historical checksum reference retained for provenance; referenced source-package/transport member is not part of the compact repository.
reproduction/first_season/capsules/posterior_attribution/official_fetch_records/historical_failed_attempt_phase2b/evidence/PHASE2B_EVIDENCE_SHA256SUMS.txt	/home/kei/h0_phase2b_official_fetch_20260728T105722Z/logs/PHASE2B_EXIT_CODE.txt	NOT_INCLUDED_IN_COMPACT_TREE	Historical checksum reference retained for provenance; referenced source-package/transport member is not part of the compact repository.
reproduction/first_season/capsules/posterior_attribution/official_fetch_records/historical_failed_attempt_phase2b/evidence/PHASE2B_EVIDENCE_SHA256SUMS.txt	/home/kei/h0_phase2b_official_fetch_20260728T105722Z/logs/PHASE2B_RUN_STDERR.txt	NOT_INCLUDED_IN_COMPACT_TREE	Historical checksum reference retained for provenance; referenced source-package/transport member is not part of the compact repository.
reproduction/first_season/capsules/posterior_attribution/official_fetch_records/historical_failed_attempt_phase2b/evidence/PHASE2B_EVIDENCE_SHA256SUMS.txt	/home/kei/h0_phase2b_official_fetch_20260728T105722Z/logs/PHASE2B_RUN_STDOUT.txt	NOT_INCLUDED_IN_COMPACT_TREE	Historical checksum reference retained for provenance; referenced source-package/transport member is not part of the compact repository.
reproduction/first_season/capsules/posterior_attribution/official_fetch_records/phase2c_network_execution/evidence/E002_SHA256SUMS.txt	E002_CLEAN_REPLAY_RUN_LOG.txt	NOT_INCLUDED_IN_COMPACT_TREE	Historical checksum reference retained for provenance; referenced source-package/transport member is not part of the compact repository.
reproduction/first_season/capsules/posterior_attribution/official_fetch_records/phase2c_network_execution/evidence/E002_SHA256SUMS.txt	HTS59_RESULTS_FOR_REVIEW/CANONICAL_STATE_THROUGH_HTS58.md	NOT_INCLUDED_IN_COMPACT_TREE	Historical checksum reference retained for provenance; referenced source-package/transport member is not part of the compact repository.
reproduction/first_season/capsules/posterior_attribution/official_fetch_records/phase2c_network_execution/evidence/E002_SHA256SUMS.txt	HTS59_RESULTS_FOR_REVIEW/HTS58_CANONICALIZATION_AUDIT.md	NOT_INCLUDED_IN_COMPACT_TREE	Historical checksum reference retained for provenance; referenced source-package/transport member is not part of the compact repository.
reproduction/first_season/capsules/posterior_attribution/official_fetch_records/phase2c_network_execution/evidence/E002_SHA256SUMS.txt	HTS59_RESULTS_FOR_REVIEW/HTS59_AUDIT_STDERR.txt	NOT_INCLUDED_IN_COMPACT_TREE	Historical checksum reference retained for provenance; referenced source-package/transport member is not part of the compact repository.
reproduction/first_season/capsules/posterior_attribution/official_fetch_records/phase2c_network_execution/evidence/E002_SHA256SUMS.txt	HTS59_RESULTS_FOR_REVIEW/HTS59_AUDIT_STDOUT.txt	NOT_INCLUDED_IN_COMPACT_TREE	Historical checksum reference retained for provenance; referenced source-package/transport member is not part of the compact repository.
reproduction/first_season/capsules/posterior_attribution/official_fetch_records/phase2c_network_execution/evidence/E002_SHA256SUMS.txt	HTS59_RESULTS_FOR_REVIEW/HTS59_BURNIN_SENSITIVITY.tsv	NOT_INCLUDED_IN_COMPACT_TREE	Historical checksum reference retained for provenance; referenced source-package/transport member is not part of the compact repository.
reproduction/first_season/capsules/posterior_attribution/official_fetch_records/phase2c_network_execution/evidence/E002_SHA256SUMS.txt	HTS59_RESULTS_FOR_REVIEW/HTS59_CHAIN_SUPPORT.tsv	NOT_INCLUDED_IN_COMPACT_TREE	Historical checksum reference retained for provenance; referenced source-package/transport member is not part of the compact repository.
reproduction/first_season/capsules/posterior_attribution/official_fetch_records/phase2c_network_execution/evidence/E002_SHA256SUMS.txt	HTS59_RESULTS_FOR_REVIEW/HTS59_CLASSIFICATION.tsv	NOT_INCLUDED_IN_COMPACT_TREE	Historical checksum reference retained for provenance; referenced source-package/transport member is not part of the compact repository.
reproduction/first_season/capsules/posterior_attribution/official_fetch_records/phase2c_network_execution/evidence/E002_SHA256SUMS.txt	HTS59_RESULTS_FOR_REVIEW/HTS59_DIRECTED_6D_DECOMPOSITION.tsv	NOT_INCLUDED_IN_COMPACT_TREE	Historical checksum reference retained for provenance; referenced source-package/transport member is not part of the compact repository.
reproduction/first_season/capsules/posterior_attribution/official_fetch_records/phase2c_network_execution/evidence/E002_SHA256SUMS.txt	HTS59_RESULTS_FOR_REVIEW/HTS59_DIRECTED_LOO_STABILITY.tsv	NOT_INCLUDED_IN_COMPACT_TREE	Historical checksum reference retained for provenance; referenced source-package/transport member is not part of the compact repository.
reproduction/first_season/capsules/posterior_attribution/official_fetch_records/phase2c_network_execution/evidence/E002_SHA256SUMS.txt	HTS59_RESULTS_FOR_REVIEW/HTS59_ENDPOINT_6D_CONDITIONING.tsv	NOT_INCLUDED_IN_COMPACT_TREE	Historical checksum reference retained for provenance; referenced source-package/transport member is not part of the compact repository.
reproduction/first_season/capsules/posterior_attribution/official_fetch_records/phase2c_network_execution/evidence/E002_SHA256SUMS.txt	HTS59_RESULTS_FOR_REVIEW/HTS59_EXECUTION_CONTRACT.md	NOT_INCLUDED_IN_COMPACT_TREE	Historical checksum reference retained for provenance; referenced source-package/transport member is not part of the compact repository.
reproduction/first_season/capsules/posterior_attribution/official_fetch_records/phase2c_network_execution/evidence/E002_SHA256SUMS.txt	HTS59_RESULTS_FOR_REVIEW/HTS59_EXECUTION_REPORT.md	NOT_INCLUDED_IN_COMPACT_TREE	Historical checksum reference retained for provenance; referenced source-package/transport member is not part of the compact repository.
reproduction/first_season/capsules/posterior_attribution/official_fetch_records/phase2c_network_execution/evidence/E002_SHA256SUMS.txt	HTS59_RESULTS_FOR_REVIEW/HTS59_INDEPENDENT_AUDIT_CHECKS.tsv	NOT_INCLUDED_IN_COMPACT_TREE	Historical checksum reference retained for provenance; referenced source-package/transport member is not part of the compact repository.
reproduction/first_season/capsules/posterior_attribution/official_fetch_records/phase2c_network_execution/evidence/E002_SHA256SUMS.txt	HTS59_RESULTS_FOR_REVIEW/HTS59_INDEPENDENT_AUDIT_RESULT.md	NOT_INCLUDED_IN_COMPACT_TREE	Historical checksum reference retained for provenance; referenced source-package/transport member is not part of the compact repository.
reproduction/first_season/capsules/posterior_attribution/official_fetch_records/phase2c_network_execution/evidence/E002_SHA256SUMS.txt	HTS59_RESULTS_FOR_REVIEW/HTS59_LIKELIHOOD_MEMBERSHIP.tsv	NOT_INCLUDED_IN_COMPACT_TREE	Historical checksum reference retained for provenance; referenced source-package/transport member is not part of the compact repository.
reproduction/first_season/capsules/posterior_attribution/official_fetch_records/phase2c_network_execution/evidence/E002_SHA256SUMS.txt	HTS59_RESULTS_FOR_REVIEW/HTS59_ORIGINAL_ROOT_INVENTORY.tsv	NOT_INCLUDED_IN_COMPACT_TREE	Historical checksum reference retained for provenance; referenced source-package/transport member is not part of the compact repository.
reproduction/first_season/capsules/posterior_attribution/official_fetch_records/phase2c_network_execution/evidence/E002_SHA256SUMS.txt	HTS59_RESULTS_FOR_REVIEW/HTS59_PREFLIGHT_RESULT.md	NOT_INCLUDED_IN_COMPACT_TREE	Historical checksum reference retained for provenance; referenced source-package/transport member is not part of the compact repository.
reproduction/first_season/capsules/posterior_attribution/official_fetch_records/phase2c_network_execution/evidence/E002_SHA256SUMS.txt	HTS59_RESULTS_FOR_REVIEW/HTS59_PREFLIGHT_TEST_AUDIT.md	NOT_INCLUDED_IN_COMPACT_TREE	Historical checksum reference retained for provenance; referenced source-package/transport member is not part of the compact repository.
reproduction/first_season/capsules/posterior_attribution/official_fetch_records/phase2c_network_execution/evidence/E002_SHA256SUMS.txt	HTS59_RESULTS_FOR_REVIEW/HTS59_RAW_IMPLEMENTATION_DIAGNOSTICS.tsv	NOT_INCLUDED_IN_COMPACT_TREE	Historical checksum reference retained for provenance; referenced source-package/transport member is not part of the compact repository.
reproduction/first_season/capsules/posterior_attribution/official_fetch_records/phase2c_network_execution/evidence/E002_SHA256SUMS.txt	HTS59_RESULTS_FOR_REVIEW/HTS59_RELEASE_ENDPOINT_CONTRACT_CHECKS.tsv	NOT_INCLUDED_IN_COMPACT_TREE	Historical checksum reference retained for provenance; referenced source-package/transport member is not part of the compact repository.
reproduction/first_season/capsules/posterior_attribution/official_fetch_records/phase2c_network_execution/evidence/E002_SHA256SUMS.txt	HTS59_RESULTS_FOR_REVIEW/HTS59_SELECTED_MEMBER_PROVENANCE.tsv	NOT_INCLUDED_IN_COMPACT_TREE	Historical checksum reference retained for provenance; referenced source-package/transport member is not part of the compact repository.
reproduction/first_season/capsules/posterior_attribution/official_fetch_records/phase2c_network_execution/evidence/E002_SHA256SUMS.txt	HTS59_RESULTS_FOR_REVIEW/HTS59_SELECTION_AUDIT.md	NOT_INCLUDED_IN_COMPACT_TREE	Historical checksum reference retained for provenance; referenced source-package/transport member is not part of the compact repository.
reproduction/first_season/capsules/posterior_attribution/official_fetch_records/phase2c_network_execution/evidence/E002_SHA256SUMS.txt	HTS59_RESULTS_FOR_REVIEW/HTS59_SEMANTIC_DATA_FAMILY_MEMBERSHIP.tsv	NOT_INCLUDED_IN_COMPACT_TREE	Historical checksum reference retained for provenance; referenced source-package/transport member is not part of the compact repository.
reproduction/first_season/capsules/posterior_attribution/official_fetch_records/phase2c_network_execution/evidence/E002_SHA256SUMS.txt	HTS59_RESULTS_FOR_REVIEW/HTS59_SOURCE_ADEQUACY_AUDIT.md	NOT_INCLUDED_IN_COMPACT_TREE	Historical checksum reference retained for provenance; referenced source-package/transport member is not part of the compact repository.
reproduction/first_season/capsules/posterior_attribution/official_fetch_records/phase2c_network_execution/evidence/E002_SHA256SUMS.txt	HTS59_RESULTS_FOR_REVIEW/HTS59_SOURCE_FREEZE.tsv	NOT_INCLUDED_IN_COMPACT_TREE	Historical checksum reference retained for provenance; referenced source-package/transport member is not part of the compact repository.
reproduction/first_season/capsules/posterior_attribution/official_fetch_records/phase2c_network_execution/evidence/E002_SHA256SUMS.txt	HTS59_RESULTS_FOR_REVIEW/MANIFEST.json	NOT_INCLUDED_IN_COMPACT_TREE	Historical checksum reference retained for provenance; referenced source-package/transport member is not part of the compact repository.
reproduction/first_season/capsules/posterior_attribution/official_fetch_records/phase2c_network_execution/evidence/E002_SHA256SUMS.txt	HTS59_RESULTS_FOR_REVIEW/README_RUN.md	NOT_INCLUDED_IN_COMPACT_TREE	Historical checksum reference retained for provenance; referenced source-package/transport member is not part of the compact repository.
reproduction/first_season/capsules/posterior_attribution/official_fetch_records/phase2c_network_execution/evidence/E002_SHA256SUMS.txt	HTS59_RESULTS_FOR_REVIEW/SHA256SUMS.txt	NOT_INCLUDED_IN_COMPACT_TREE	Historical checksum reference retained for provenance; referenced source-package/transport member is not part of the compact repository.
reproduction/first_season/capsules/posterior_attribution/official_fetch_records/phase2c_network_execution/evidence/E002_SHA256SUMS.txt	HTS59_RESULTS_FOR_REVIEW.zip	NOT_INCLUDED_IN_COMPACT_TREE	Historical checksum reference retained for provenance; referenced source-package/transport member is not part of the compact repository.
reproduction/first_season/capsules/posterior_attribution/official_fetch_records/phase2c_network_execution/evidence/E002_SHA256SUMS.txt	HTS59_RESULTS_FOR_REVIEW.zip.sha256	NOT_INCLUDED_IN_COMPACT_TREE	Historical checksum reference retained for provenance; referenced source-package/transport member is not part of the compact repository.
reproduction/first_season/capsules/posterior_attribution/official_fetch_records/phase2c_network_execution/evidence/E002_SHA256SUMS.txt	HTS60_RESULTS_FOR_REVIEW/CANONICAL_STATE_THROUGH_HTS59.md	NOT_INCLUDED_IN_COMPACT_TREE	Historical checksum reference retained for provenance; referenced source-package/transport member is not part of the compact repository.
reproduction/first_season/capsules/posterior_attribution/official_fetch_records/phase2c_network_execution/evidence/E002_SHA256SUMS.txt	HTS60_RESULTS_FOR_REVIEW/HTS59_CANONICALIZATION_AUDIT.md	NOT_INCLUDED_IN_COMPACT_TREE	Historical checksum reference retained for provenance; referenced source-package/transport member is not part of the compact repository.
reproduction/first_season/capsules/posterior_attribution/official_fetch_records/phase2c_network_execution/evidence/E002_SHA256SUMS.txt	HTS60_RESULTS_FOR_REVIEW/HTS60_AUDIT_STDERR.txt	NOT_INCLUDED_IN_COMPACT_TREE	Historical checksum reference retained for provenance; referenced source-package/transport member is not part of the compact repository.
reproduction/first_season/capsules/posterior_attribution/official_fetch_records/phase2c_network_execution/evidence/E002_SHA256SUMS.txt	HTS60_RESULTS_FOR_REVIEW/HTS60_AUDIT_STDOUT.txt	NOT_INCLUDED_IN_COMPACT_TREE	Historical checksum reference retained for provenance; referenced source-package/transport member is not part of the compact repository.
reproduction/first_season/capsules/posterior_attribution/official_fetch_records/phase2c_network_execution/evidence/E002_SHA256SUMS.txt	HTS60_RESULTS_FOR_REVIEW/HTS60_BURNIN_SENSITIVITY.tsv	NOT_INCLUDED_IN_COMPACT_TREE	Historical checksum reference retained for provenance; referenced source-package/transport member is not part of the compact repository.
reproduction/first_season/capsules/posterior_attribution/official_fetch_records/phase2c_network_execution/evidence/E002_SHA256SUMS.txt	HTS60_RESULTS_FOR_REVIEW/HTS60_CHAIN_SUPPORT.tsv	NOT_INCLUDED_IN_COMPACT_TREE	Historical checksum reference retained for provenance; referenced source-package/transport member is not part of the compact repository.
reproduction/first_season/capsules/posterior_attribution/official_fetch_records/phase2c_network_execution/evidence/E002_SHA256SUMS.txt	HTS60_RESULTS_FOR_REVIEW/HTS60_CLASSIFICATION.tsv	NOT_INCLUDED_IN_COMPACT_TREE	Historical checksum reference retained for provenance; referenced source-package/transport member is not part of the compact repository.
reproduction/first_season/capsules/posterior_attribution/official_fetch_records/phase2c_network_execution/evidence/E002_SHA256SUMS.txt	HTS60_RESULTS_FOR_REVIEW/HTS60_DIRECTED_LOO_STABILITY.tsv	NOT_INCLUDED_IN_COMPACT_TREE	Historical checksum reference retained for provenance; referenced source-package/transport member is not part of the compact repository.
reproduction/first_season/capsules/posterior_attribution/official_fetch_records/phase2c_network_execution/evidence/E002_SHA256SUMS.txt	HTS60_RESULTS_FOR_REVIEW/HTS60_DIRECTED_MODE_CONTRIBUTIONS.tsv	NOT_INCLUDED_IN_COMPACT_TREE	Historical checksum reference retained for provenance; referenced source-package/transport member is not part of the compact repository.
reproduction/first_season/capsules/posterior_attribution/official_fetch_records/phase2c_network_execution/evidence/E002_SHA256SUMS.txt	HTS60_RESULTS_FOR_REVIEW/HTS60_DIRECTED_MODE_SUMMARY.tsv	NOT_INCLUDED_IN_COMPACT_TREE	Historical checksum reference retained for provenance; referenced source-package/transport member is not part of the compact repository.
reproduction/first_season/capsules/posterior_attribution/official_fetch_records/phase2c_network_execution/evidence/E002_SHA256SUMS.txt	HTS60_RESULTS_FOR_REVIEW/HTS60_ENDPOINT_CONDITIONAL_MODE_BASIS.tsv	NOT_INCLUDED_IN_COMPACT_TREE	Historical checksum reference retained for provenance; referenced source-package/transport member is not part of the compact repository.
reproduction/first_season/capsules/posterior_attribution/official_fetch_records/phase2c_network_execution/evidence/E002_SHA256SUMS.txt	HTS60_RESULTS_FOR_REVIEW/HTS60_EXECUTION_CONTRACT.md	NOT_INCLUDED_IN_COMPACT_TREE	Historical checksum reference retained for provenance; referenced source-package/transport member is not part of the compact repository.
reproduction/first_season/capsules/posterior_attribution/official_fetch_records/phase2c_network_execution/evidence/E002_SHA256SUMS.txt	HTS60_RESULTS_FOR_REVIEW/HTS60_EXECUTION_REPORT.md	NOT_INCLUDED_IN_COMPACT_TREE	Historical checksum reference retained for provenance; referenced source-package/transport member is not part of the compact repository.
reproduction/first_season/capsules/posterior_attribution/official_fetch_records/phase2c_network_execution/evidence/E002_SHA256SUMS.txt	HTS60_RESULTS_FOR_REVIEW/HTS60_INDEPENDENT_AUDIT_CHECKS.tsv	NOT_INCLUDED_IN_COMPACT_TREE	Historical checksum reference retained for provenance; referenced source-package/transport member is not part of the compact repository.
reproduction/first_season/capsules/posterior_attribution/official_fetch_records/phase2c_network_execution/evidence/E002_SHA256SUMS.txt	HTS60_RESULTS_FOR_REVIEW/HTS60_INDEPENDENT_AUDIT_RESULT.md	NOT_INCLUDED_IN_COMPACT_TREE	Historical checksum reference retained for provenance; referenced source-package/transport member is not part of the compact repository.
reproduction/first_season/capsules/posterior_attribution/official_fetch_records/phase2c_network_execution/evidence/E002_SHA256SUMS.txt	HTS60_RESULTS_FOR_REVIEW/HTS60_LIKELIHOOD_MEMBERSHIP.tsv	NOT_INCLUDED_IN_COMPACT_TREE	Historical checksum reference retained for provenance; referenced source-package/transport member is not part of the compact repository.
reproduction/first_season/capsules/posterior_attribution/official_fetch_records/phase2c_network_execution/evidence/E002_SHA256SUMS.txt	HTS60_RESULTS_FOR_REVIEW/HTS60_ORIGINAL_ROOT_INVENTORY.tsv	NOT_INCLUDED_IN_COMPACT_TREE	Historical checksum reference retained for provenance; referenced source-package/transport member is not part of the compact repository.
reproduction/first_season/capsules/posterior_attribution/official_fetch_records/phase2c_network_execution/evidence/E002_SHA256SUMS.txt	HTS60_RESULTS_FOR_REVIEW/HTS60_PREFLIGHT_RESULT.md	NOT_INCLUDED_IN_COMPACT_TREE	Historical checksum reference retained for provenance; referenced source-package/transport member is not part of the compact repository.
reproduction/first_season/capsules/posterior_attribution/official_fetch_records/phase2c_network_execution/evidence/E002_SHA256SUMS.txt	HTS60_RESULTS_FOR_REVIEW/HTS60_PREFLIGHT_TEST_AUDIT.md	NOT_INCLUDED_IN_COMPACT_TREE	Historical checksum reference retained for provenance; referenced source-package/transport member is not part of the compact repository.
reproduction/first_season/capsules/posterior_attribution/official_fetch_records/phase2c_network_execution/evidence/E002_SHA256SUMS.txt	HTS60_RESULTS_FOR_REVIEW/HTS60_RAW_IMPLEMENTATION_DIAGNOSTICS.tsv	NOT_INCLUDED_IN_COMPACT_TREE	Historical checksum reference retained for provenance; referenced source-package/transport member is not part of the compact repository.
reproduction/first_season/capsules/posterior_attribution/official_fetch_records/phase2c_network_execution/evidence/E002_SHA256SUMS.txt	HTS60_RESULTS_FOR_REVIEW/HTS60_RELEASE_ENDPOINT_CONTRACT_CHECKS.tsv	NOT_INCLUDED_IN_COMPACT_TREE	Historical checksum reference retained for provenance; referenced source-package/transport member is not part of the compact repository.
reproduction/first_season/capsules/posterior_attribution/official_fetch_records/phase2c_network_execution/evidence/E002_SHA256SUMS.txt	HTS60_RESULTS_FOR_REVIEW/HTS60_SELECTED_MEMBER_PROVENANCE.tsv	NOT_INCLUDED_IN_COMPACT_TREE	Historical checksum reference retained for provenance; referenced source-package/transport member is not part of the compact repository.
reproduction/first_season/capsules/posterior_attribution/official_fetch_records/phase2c_network_execution/evidence/E002_SHA256SUMS.txt	HTS60_RESULTS_FOR_REVIEW/HTS60_SELECTION_AUDIT.md	NOT_INCLUDED_IN_COMPACT_TREE	Historical checksum reference retained for provenance; referenced source-package/transport member is not part of the compact repository.
reproduction/first_season/capsules/posterior_attribution/official_fetch_records/phase2c_network_execution/evidence/E002_SHA256SUMS.txt	HTS60_RESULTS_FOR_REVIEW/HTS60_SEMANTIC_DATA_FAMILY_MEMBERSHIP.tsv	NOT_INCLUDED_IN_COMPACT_TREE	Historical checksum reference retained for provenance; referenced source-package/transport member is not part of the compact repository.
reproduction/first_season/capsules/posterior_attribution/official_fetch_records/phase2c_network_execution/evidence/E002_SHA256SUMS.txt	HTS60_RESULTS_FOR_REVIEW/HTS60_SOURCE_ADEQUACY_AUDIT.md	NOT_INCLUDED_IN_COMPACT_TREE	Historical checksum reference retained for provenance; referenced source-package/transport member is not part of the compact repository.
reproduction/first_season/capsules/posterior_attribution/official_fetch_records/phase2c_network_execution/evidence/E002_SHA256SUMS.txt	HTS60_RESULTS_FOR_REVIEW/HTS60_SOURCE_FREEZE.tsv	NOT_INCLUDED_IN_COMPACT_TREE	Historical checksum reference retained for provenance; referenced source-package/transport member is not part of the compact repository.
reproduction/first_season/capsules/posterior_attribution/official_fetch_records/phase2c_network_execution/evidence/E002_SHA256SUMS.txt	HTS60_RESULTS_FOR_REVIEW/MANIFEST.json	NOT_INCLUDED_IN_COMPACT_TREE	Historical checksum reference retained for provenance; referenced source-package/transport member is not part of the compact repository.
reproduction/first_season/capsules/posterior_attribution/official_fetch_records/phase2c_network_execution/evidence/E002_SHA256SUMS.txt	HTS60_RESULTS_FOR_REVIEW/README_RUN.md	NOT_INCLUDED_IN_COMPACT_TREE	Historical checksum reference retained for provenance; referenced source-package/transport member is not part of the compact repository.
reproduction/first_season/capsules/posterior_attribution/official_fetch_records/phase2c_network_execution/evidence/E002_SHA256SUMS.txt	HTS60_RESULTS_FOR_REVIEW/SHA256SUMS.txt	NOT_INCLUDED_IN_COMPACT_TREE	Historical checksum reference retained for provenance; referenced source-package/transport member is not part of the compact repository.
reproduction/first_season/capsules/posterior_attribution/official_fetch_records/phase2c_network_execution/evidence/E002_SHA256SUMS.txt	HTS60_RESULTS_FOR_REVIEW.zip	NOT_INCLUDED_IN_COMPACT_TREE	Historical checksum reference retained for provenance; referenced source-package/transport member is not part of the compact repository.
reproduction/first_season/capsules/posterior_attribution/official_fetch_records/phase2c_network_execution/evidence/E002_SHA256SUMS.txt	HTS60_RESULTS_FOR_REVIEW.zip.sha256	NOT_INCLUDED_IN_COMPACT_TREE	Historical checksum reference retained for provenance; referenced source-package/transport member is not part of the compact repository.
reproduction/first_season/capsules/posterior_attribution/official_fetch_records/phase2c_network_execution/evidence/E002_SHA256SUMS.txt	HTS61_RESULTS_FOR_REVIEW/CANONICAL_STATE_THROUGH_HTS60.md	NOT_INCLUDED_IN_COMPACT_TREE	Historical checksum reference retained for provenance; referenced source-package/transport member is not part of the compact repository.
reproduction/first_season/capsules/posterior_attribution/official_fetch_records/phase2c_network_execution/evidence/E002_SHA256SUMS.txt	HTS61_RESULTS_FOR_REVIEW/HTS60_CANONICALIZATION_AUDIT.md	NOT_INCLUDED_IN_COMPACT_TREE	Historical checksum reference retained for provenance; referenced source-package/transport member is not part of the compact repository.
reproduction/first_season/capsules/posterior_attribution/official_fetch_records/phase2c_network_execution/evidence/E002_SHA256SUMS.txt	HTS61_RESULTS_FOR_REVIEW/HTS61_AUDIT_STDERR.txt	NOT_INCLUDED_IN_COMPACT_TREE	Historical checksum reference retained for provenance; referenced source-package/transport member is not part of the compact repository.
reproduction/first_season/capsules/posterior_attribution/official_fetch_records/phase2c_network_execution/evidence/E002_SHA256SUMS.txt	HTS61_RESULTS_FOR_REVIEW/HTS61_AUDIT_STDOUT.txt	NOT_INCLUDED_IN_COMPACT_TREE	Historical checksum reference retained for provenance; referenced source-package/transport member is not part of the compact repository.
reproduction/first_season/capsules/posterior_attribution/official_fetch_records/phase2c_network_execution/evidence/E002_SHA256SUMS.txt	HTS61_RESULTS_FOR_REVIEW/HTS61_BURNIN_BLOCK_STABILITY.tsv	NOT_INCLUDED_IN_COMPACT_TREE	Historical checksum reference retained for provenance; referenced source-package/transport member is not part of the compact repository.
reproduction/first_season/capsules/posterior_attribution/official_fetch_records/phase2c_network_execution/evidence/E002_SHA256SUMS.txt	HTS61_RESULTS_FOR_REVIEW/HTS61_BURNIN_CLUSTER_STABILITY.tsv	NOT_INCLUDED_IN_COMPACT_TREE	Historical checksum reference retained for provenance; referenced source-package/transport member is not part of the compact repository.
reproduction/first_season/capsules/posterior_attribution/official_fetch_records/phase2c_network_execution/evidence/E002_SHA256SUMS.txt	HTS61_RESULTS_FOR_REVIEW/HTS61_BURNIN_MODE_STABILITY.tsv	NOT_INCLUDED_IN_COMPACT_TREE	Historical checksum reference retained for provenance; referenced source-package/transport member is not part of the compact repository.
reproduction/first_season/capsules/posterior_attribution/official_fetch_records/phase2c_network_execution/evidence/E002_SHA256SUMS.txt	HTS61_RESULTS_FOR_REVIEW/HTS61_CHAIN_SUPPORT.tsv	NOT_INCLUDED_IN_COMPACT_TREE	Historical checksum reference retained for provenance; referenced source-package/transport member is not part of the compact repository.
reproduction/first_season/capsules/posterior_attribution/official_fetch_records/phase2c_network_execution/evidence/E002_SHA256SUMS.txt	HTS61_RESULTS_FOR_REVIEW/HTS61_CLASSIFICATION.tsv	NOT_INCLUDED_IN_COMPACT_TREE	Historical checksum reference retained for provenance; referenced source-package/transport member is not part of the compact repository.
reproduction/first_season/capsules/posterior_attribution/official_fetch_records/phase2c_network_execution/evidence/E002_SHA256SUMS.txt	HTS61_RESULTS_FOR_REVIEW/HTS61_CROSS_ENDPOINT_BLOCK_ALIGNMENT.tsv	NOT_INCLUDED_IN_COMPACT_TREE	Historical checksum reference retained for provenance; referenced source-package/transport member is not part of the compact repository.
reproduction/first_season/capsules/posterior_attribution/official_fetch_records/phase2c_network_execution/evidence/E002_SHA256SUMS.txt	HTS61_RESULTS_FOR_REVIEW/HTS61_EDGE_CONTRIBUTION_IDENTIFIABILITY.tsv	NOT_INCLUDED_IN_COMPACT_TREE	Historical checksum reference retained for provenance; referenced source-package/transport member is not part of the compact repository.
reproduction/first_season/capsules/posterior_attribution/official_fetch_records/phase2c_network_execution/evidence/E002_SHA256SUMS.txt	HTS61_RESULTS_FOR_REVIEW/HTS61_ENDPOINT_BLOCK_SUBSPACE.tsv	NOT_INCLUDED_IN_COMPACT_TREE	Historical checksum reference retained for provenance; referenced source-package/transport member is not part of the compact repository.
reproduction/first_season/capsules/posterior_attribution/official_fetch_records/phase2c_network_execution/evidence/E002_SHA256SUMS.txt	HTS61_RESULTS_FOR_REVIEW/HTS61_ENDPOINT_LOO_BLOCK_STABILITY.tsv	NOT_INCLUDED_IN_COMPACT_TREE	Historical checksum reference retained for provenance; referenced source-package/transport member is not part of the compact repository.
reproduction/first_season/capsules/posterior_attribution/official_fetch_records/phase2c_network_execution/evidence/E002_SHA256SUMS.txt	HTS61_RESULTS_FOR_REVIEW/HTS61_ENDPOINT_LOO_CLUSTER_STABILITY.tsv	NOT_INCLUDED_IN_COMPACT_TREE	Historical checksum reference retained for provenance; referenced source-package/transport member is not part of the compact repository.
reproduction/first_season/capsules/posterior_attribution/official_fetch_records/phase2c_network_execution/evidence/E002_SHA256SUMS.txt	HTS61_RESULTS_FOR_REVIEW/HTS61_ENDPOINT_LOO_MODE_STABILITY.tsv	NOT_INCLUDED_IN_COMPACT_TREE	Historical checksum reference retained for provenance; referenced source-package/transport member is not part of the compact repository.
reproduction/first_season/capsules/posterior_attribution/official_fetch_records/phase2c_network_execution/evidence/E002_SHA256SUMS.txt	HTS61_RESULTS_FOR_REVIEW/HTS61_ENDPOINT_MODE_IDENTIFIABILITY.tsv	NOT_INCLUDED_IN_COMPACT_TREE	Historical checksum reference retained for provenance; referenced source-package/transport member is not part of the compact repository.
reproduction/first_season/capsules/posterior_attribution/official_fetch_records/phase2c_network_execution/evidence/E002_SHA256SUMS.txt	HTS61_RESULTS_FOR_REVIEW/HTS61_EXECUTION_CONTRACT.md	NOT_INCLUDED_IN_COMPACT_TREE	Historical checksum reference retained for provenance; referenced source-package/transport member is not part of the compact repository.
reproduction/first_season/capsules/posterior_attribution/official_fetch_records/phase2c_network_execution/evidence/E002_SHA256SUMS.txt	HTS61_RESULTS_FOR_REVIEW/HTS61_EXECUTION_REPORT.md	NOT_INCLUDED_IN_COMPACT_TREE	Historical checksum reference retained for provenance; referenced source-package/transport member is not part of the compact repository.
reproduction/first_season/capsules/posterior_attribution/official_fetch_records/phase2c_network_execution/evidence/E002_SHA256SUMS.txt	HTS61_RESULTS_FOR_REVIEW/HTS61_INDEPENDENT_AUDIT_CHECKS.tsv	NOT_INCLUDED_IN_COMPACT_TREE	Historical checksum reference retained for provenance; referenced source-package/transport member is not part of the compact repository.
reproduction/first_season/capsules/posterior_attribution/official_fetch_records/phase2c_network_execution/evidence/E002_SHA256SUMS.txt	HTS61_RESULTS_FOR_REVIEW/HTS61_INDEPENDENT_AUDIT_RESULT.md	NOT_INCLUDED_IN_COMPACT_TREE	Historical checksum reference retained for provenance; referenced source-package/transport member is not part of the compact repository.
reproduction/first_season/capsules/posterior_attribution/official_fetch_records/phase2c_network_execution/evidence/E002_SHA256SUMS.txt	HTS61_RESULTS_FOR_REVIEW/HTS61_LIKELIHOOD_MEMBERSHIP.tsv	NOT_INCLUDED_IN_COMPACT_TREE	Historical checksum reference retained for provenance; referenced source-package/transport member is not part of the compact repository.
reproduction/first_season/capsules/posterior_attribution/official_fetch_records/phase2c_network_execution/evidence/E002_SHA256SUMS.txt	HTS61_RESULTS_FOR_REVIEW/HTS61_ORIGINAL_ROOT_INVENTORY.tsv	NOT_INCLUDED_IN_COMPACT_TREE	Historical checksum reference retained for provenance; referenced source-package/transport member is not part of the compact repository.
reproduction/first_season/capsules/posterior_attribution/official_fetch_records/phase2c_network_execution/evidence/E002_SHA256SUMS.txt	HTS61_RESULTS_FOR_REVIEW/HTS61_PREFLIGHT_RESULT.md	NOT_INCLUDED_IN_COMPACT_TREE	Historical checksum reference retained for provenance; referenced source-package/transport member is not part of the compact repository.
reproduction/first_season/capsules/posterior_attribution/official_fetch_records/phase2c_network_execution/evidence/E002_SHA256SUMS.txt	HTS61_RESULTS_FOR_REVIEW/HTS61_PREFLIGHT_TEST_AUDIT.md	NOT_INCLUDED_IN_COMPACT_TREE	Historical checksum reference retained for provenance; referenced source-package/transport member is not part of the compact repository.
reproduction/first_season/capsules/posterior_attribution/official_fetch_records/phase2c_network_execution/evidence/E002_SHA256SUMS.txt	HTS61_RESULTS_FOR_REVIEW/HTS61_RAW_IMPLEMENTATION_DIAGNOSTICS.tsv	NOT_INCLUDED_IN_COMPACT_TREE	Historical checksum reference retained for provenance; referenced source-package/transport member is not part of the compact repository.
reproduction/first_season/capsules/posterior_attribution/official_fetch_records/phase2c_network_execution/evidence/E002_SHA256SUMS.txt	HTS61_RESULTS_FOR_REVIEW/HTS61_RELEASE_ENDPOINT_CONTRACT_CHECKS.tsv	NOT_INCLUDED_IN_COMPACT_TREE	Historical checksum reference retained for provenance; referenced source-package/transport member is not part of the compact repository.
reproduction/first_season/capsules/posterior_attribution/official_fetch_records/phase2c_network_execution/evidence/E002_SHA256SUMS.txt	HTS61_RESULTS_FOR_REVIEW/HTS61_SELECTED_MEMBER_PROVENANCE.tsv	NOT_INCLUDED_IN_COMPACT_TREE	Historical checksum reference retained for provenance; referenced source-package/transport member is not part of the compact repository.
reproduction/first_season/capsules/posterior_attribution/official_fetch_records/phase2c_network_execution/evidence/E002_SHA256SUMS.txt	HTS61_RESULTS_FOR_REVIEW/HTS61_SELECTION_AUDIT.md	NOT_INCLUDED_IN_COMPACT_TREE	Historical checksum reference retained for provenance; referenced source-package/transport member is not part of the compact repository.
reproduction/first_season/capsules/posterior_attribution/official_fetch_records/phase2c_network_execution/evidence/E002_SHA256SUMS.txt	HTS61_RESULTS_FOR_REVIEW/HTS61_SEMANTIC_DATA_FAMILY_MEMBERSHIP.tsv	NOT_INCLUDED_IN_COMPACT_TREE	Historical checksum reference retained for provenance; referenced source-package/transport member is not part of the compact repository.
reproduction/first_season/capsules/posterior_attribution/official_fetch_records/phase2c_network_execution/evidence/E002_SHA256SUMS.txt	HTS61_RESULTS_FOR_REVIEW/HTS61_SOURCE_ADEQUACY_AUDIT.md	NOT_INCLUDED_IN_COMPACT_TREE	Historical checksum reference retained for provenance; referenced source-package/transport member is not part of the compact repository.
reproduction/first_season/capsules/posterior_attribution/official_fetch_records/phase2c_network_execution/evidence/E002_SHA256SUMS.txt	HTS61_RESULTS_FOR_REVIEW/HTS61_SOURCE_FREEZE.tsv	NOT_INCLUDED_IN_COMPACT_TREE	Historical checksum reference retained for provenance; referenced source-package/transport member is not part of the compact repository.
reproduction/first_season/capsules/posterior_attribution/official_fetch_records/phase2c_network_execution/evidence/E002_SHA256SUMS.txt	HTS61_RESULTS_FOR_REVIEW/MANIFEST.json	NOT_INCLUDED_IN_COMPACT_TREE	Historical checksum reference retained for provenance; referenced source-package/transport member is not part of the compact repository.
reproduction/first_season/capsules/posterior_attribution/official_fetch_records/phase2c_network_execution/evidence/E002_SHA256SUMS.txt	HTS61_RESULTS_FOR_REVIEW/README_RUN.md	NOT_INCLUDED_IN_COMPACT_TREE	Historical checksum reference retained for provenance; referenced source-package/transport member is not part of the compact repository.
reproduction/first_season/capsules/posterior_attribution/official_fetch_records/phase2c_network_execution/evidence/E002_SHA256SUMS.txt	HTS61_RESULTS_FOR_REVIEW/SHA256SUMS.txt	NOT_INCLUDED_IN_COMPACT_TREE	Historical checksum reference retained for provenance; referenced source-package/transport member is not part of the compact repository.
reproduction/first_season/capsules/posterior_attribution/official_fetch_records/phase2c_network_execution/evidence/E002_SHA256SUMS.txt	HTS61_RESULTS_FOR_REVIEW.zip	NOT_INCLUDED_IN_COMPACT_TREE	Historical checksum reference retained for provenance; referenced source-package/transport member is not part of the compact repository.
reproduction/first_season/capsules/posterior_attribution/official_fetch_records/phase2c_network_execution/evidence/E002_SHA256SUMS.txt	HTS61_RESULTS_FOR_REVIEW.zip.sha256	NOT_INCLUDED_IN_COMPACT_TREE	Historical checksum reference retained for provenance; referenced source-package/transport member is not part of the compact repository.
reproduction/first_season/capsules/posterior_attribution/official_fetch_records/phase2c_network_execution/evidence/E002_SHA256SUMS.txt	HTS62_RESULTS_FOR_REVIEW/CANONICAL_STATE_THROUGH_HTS61.md	NOT_INCLUDED_IN_COMPACT_TREE	Historical checksum reference retained for provenance; referenced source-package/transport member is not part of the compact repository.
reproduction/first_season/capsules/posterior_attribution/official_fetch_records/phase2c_network_execution/evidence/E002_SHA256SUMS.txt	HTS62_RESULTS_FOR_REVIEW/HTS61_CANONICALIZATION_AUDIT.md	NOT_INCLUDED_IN_COMPACT_TREE	Historical checksum reference retained for provenance; referenced source-package/transport member is not part of the compact repository.
reproduction/first_season/capsules/posterior_attribution/official_fetch_records/phase2c_network_execution/evidence/E002_SHA256SUMS.txt	HTS62_RESULTS_FOR_REVIEW/HTS62_AUDIT_STDERR.txt	NOT_INCLUDED_IN_COMPACT_TREE	Historical checksum reference retained for provenance; referenced source-package/transport member is not part of the compact repository.
reproduction/first_season/capsules/posterior_attribution/official_fetch_records/phase2c_network_execution/evidence/E002_SHA256SUMS.txt	HTS62_RESULTS_FOR_REVIEW/HTS62_AUDIT_STDOUT.txt	NOT_INCLUDED_IN_COMPACT_TREE	Historical checksum reference retained for provenance; referenced source-package/transport member is not part of the compact repository.
reproduction/first_season/capsules/posterior_attribution/official_fetch_records/phase2c_network_execution/evidence/E002_SHA256SUMS.txt	HTS62_RESULTS_FOR_REVIEW/HTS62_BURNIN_SENSITIVITY.tsv	NOT_INCLUDED_IN_COMPACT_TREE	Historical checksum reference retained for provenance; referenced source-package/transport member is not part of the compact repository.
reproduction/first_season/capsules/posterior_attribution/official_fetch_records/phase2c_network_execution/evidence/E002_SHA256SUMS.txt	HTS62_RESULTS_FOR_REVIEW/HTS62_CHAIN_SUPPORT.tsv	NOT_INCLUDED_IN_COMPACT_TREE	Historical checksum reference retained for provenance; referenced source-package/transport member is not part of the compact repository.
reproduction/first_season/capsules/posterior_attribution/official_fetch_records/phase2c_network_execution/evidence/E002_SHA256SUMS.txt	HTS62_RESULTS_FOR_REVIEW/HTS62_CLASSIFICATION.tsv	NOT_INCLUDED_IN_COMPACT_TREE	Historical checksum reference retained for provenance; referenced source-package/transport member is not part of the compact repository.
reproduction/first_season/capsules/posterior_attribution/official_fetch_records/phase2c_network_execution/evidence/E002_SHA256SUMS.txt	HTS62_RESULTS_FOR_REVIEW/HTS62_DIRECTED_FIXED_BLOCK_DECOMPOSITION.tsv	NOT_INCLUDED_IN_COMPACT_TREE	Historical checksum reference retained for provenance; referenced source-package/transport member is not part of the compact repository.
reproduction/first_season/capsules/posterior_attribution/official_fetch_records/phase2c_network_execution/evidence/E002_SHA256SUMS.txt	HTS62_RESULTS_FOR_REVIEW/HTS62_DIRECTED_LOO_STABILITY.tsv	NOT_INCLUDED_IN_COMPACT_TREE	Historical checksum reference retained for provenance; referenced source-package/transport member is not part of the compact repository.
reproduction/first_season/capsules/posterior_attribution/official_fetch_records/phase2c_network_execution/evidence/E002_SHA256SUMS.txt	HTS62_RESULTS_FOR_REVIEW/HTS62_ENDPOINT_BLOCK_COUPLING.tsv	NOT_INCLUDED_IN_COMPACT_TREE	Historical checksum reference retained for provenance; referenced source-package/transport member is not part of the compact repository.
reproduction/first_season/capsules/posterior_attribution/official_fetch_records/phase2c_network_execution/evidence/E002_SHA256SUMS.txt	HTS62_RESULTS_FOR_REVIEW/HTS62_EXECUTION_CONTRACT.md	NOT_INCLUDED_IN_COMPACT_TREE	Historical checksum reference retained for provenance; referenced source-package/transport member is not part of the compact repository.
reproduction/first_season/capsules/posterior_attribution/official_fetch_records/phase2c_network_execution/evidence/E002_SHA256SUMS.txt	HTS62_RESULTS_FOR_REVIEW/HTS62_EXECUTION_REPORT.md	NOT_INCLUDED_IN_COMPACT_TREE	Historical checksum reference retained for provenance; referenced source-package/transport member is not part of the compact repository.
reproduction/first_season/capsules/posterior_attribution/official_fetch_records/phase2c_network_execution/evidence/E002_SHA256SUMS.txt	HTS62_RESULTS_FOR_REVIEW/HTS62_INDEPENDENT_AUDIT_CHECKS.tsv	NOT_INCLUDED_IN_COMPACT_TREE	Historical checksum reference retained for provenance; referenced source-package/transport member is not part of the compact repository.
reproduction/first_season/capsules/posterior_attribution/official_fetch_records/phase2c_network_execution/evidence/E002_SHA256SUMS.txt	HTS62_RESULTS_FOR_REVIEW/HTS62_INDEPENDENT_AUDIT_RESULT.md	NOT_INCLUDED_IN_COMPACT_TREE	Historical checksum reference retained for provenance; referenced source-package/transport member is not part of the compact repository.
reproduction/first_season/capsules/posterior_attribution/official_fetch_records/phase2c_network_execution/evidence/E002_SHA256SUMS.txt	HTS62_RESULTS_FOR_REVIEW/HTS62_LIKELIHOOD_MEMBERSHIP.tsv	NOT_INCLUDED_IN_COMPACT_TREE	Historical checksum reference retained for provenance; referenced source-package/transport member is not part of the compact repository.
reproduction/first_season/capsules/posterior_attribution/official_fetch_records/phase2c_network_execution/evidence/E002_SHA256SUMS.txt	HTS62_RESULTS_FOR_REVIEW/HTS62_ORIGINAL_ROOT_INVENTORY.tsv	NOT_INCLUDED_IN_COMPACT_TREE	Historical checksum reference retained for provenance; referenced source-package/transport member is not part of the compact repository.
reproduction/first_season/capsules/posterior_attribution/official_fetch_records/phase2c_network_execution/evidence/E002_SHA256SUMS.txt	HTS62_RESULTS_FOR_REVIEW/HTS62_PREFLIGHT_RESULT.md	NOT_INCLUDED_IN_COMPACT_TREE	Historical checksum reference retained for provenance; referenced source-package/transport member is not part of the compact repository.
reproduction/first_season/capsules/posterior_attribution/official_fetch_records/phase2c_network_execution/evidence/E002_SHA256SUMS.txt	HTS62_RESULTS_FOR_REVIEW/HTS62_PREFLIGHT_TEST_AUDIT.md	NOT_INCLUDED_IN_COMPACT_TREE	Historical checksum reference retained for provenance; referenced source-package/transport member is not part of the compact repository.
reproduction/first_season/capsules/posterior_attribution/official_fetch_records/phase2c_network_execution/evidence/E002_SHA256SUMS.txt	HTS62_RESULTS_FOR_REVIEW/HTS62_RAW_IMPLEMENTATION_DIAGNOSTICS.tsv	NOT_INCLUDED_IN_COMPACT_TREE	Historical checksum reference retained for provenance; referenced source-package/transport member is not part of the compact repository.
reproduction/first_season/capsules/posterior_attribution/official_fetch_records/phase2c_network_execution/evidence/E002_SHA256SUMS.txt	HTS62_RESULTS_FOR_REVIEW/HTS62_RELEASE_ENDPOINT_CONTRACT_CHECKS.tsv	NOT_INCLUDED_IN_COMPACT_TREE	Historical checksum reference retained for provenance; referenced source-package/transport member is not part of the compact repository.
reproduction/first_season/capsules/posterior_attribution/official_fetch_records/phase2c_network_execution/evidence/E002_SHA256SUMS.txt	HTS62_RESULTS_FOR_REVIEW/HTS62_SELECTED_MEMBER_PROVENANCE.tsv	NOT_INCLUDED_IN_COMPACT_TREE	Historical checksum reference retained for provenance; referenced source-package/transport member is not part of the compact repository.
reproduction/first_season/capsules/posterior_attribution/official_fetch_records/phase2c_network_execution/evidence/E002_SHA256SUMS.txt	HTS62_RESULTS_FOR_REVIEW/HTS62_SELECTION_AUDIT.md	NOT_INCLUDED_IN_COMPACT_TREE	Historical checksum reference retained for provenance; referenced source-package/transport member is not part of the compact repository.
reproduction/first_season/capsules/posterior_attribution/official_fetch_records/phase2c_network_execution/evidence/E002_SHA256SUMS.txt	HTS62_RESULTS_FOR_REVIEW/HTS62_SEMANTIC_DATA_FAMILY_MEMBERSHIP.tsv	NOT_INCLUDED_IN_COMPACT_TREE	Historical checksum reference retained for provenance; referenced source-package/transport member is not part of the compact repository.
reproduction/first_season/capsules/posterior_attribution/official_fetch_records/phase2c_network_execution/evidence/E002_SHA256SUMS.txt	HTS62_RESULTS_FOR_REVIEW/HTS62_SOURCE_ADEQUACY_AUDIT.md	NOT_INCLUDED_IN_COMPACT_TREE	Historical checksum reference retained for provenance; referenced source-package/transport member is not part of the compact repository.
reproduction/first_season/capsules/posterior_attribution/official_fetch_records/phase2c_network_execution/evidence/E002_SHA256SUMS.txt	HTS62_RESULTS_FOR_REVIEW/HTS62_SOURCE_FREEZE.tsv	NOT_INCLUDED_IN_COMPACT_TREE	Historical checksum reference retained for provenance; referenced source-package/transport member is not part of the compact repository.
reproduction/first_season/capsules/posterior_attribution/official_fetch_records/phase2c_network_execution/evidence/E002_SHA256SUMS.txt	HTS62_RESULTS_FOR_REVIEW/MANIFEST.json	NOT_INCLUDED_IN_COMPACT_TREE	Historical checksum reference retained for provenance; referenced source-package/transport member is not part of the compact repository.
reproduction/first_season/capsules/posterior_attribution/official_fetch_records/phase2c_network_execution/evidence/E002_SHA256SUMS.txt	HTS62_RESULTS_FOR_REVIEW/README_RUN.md	NOT_INCLUDED_IN_COMPACT_TREE	Historical checksum reference retained for provenance; referenced source-package/transport member is not part of the compact repository.
reproduction/first_season/capsules/posterior_attribution/official_fetch_records/phase2c_network_execution/evidence/E002_SHA256SUMS.txt	HTS62_RESULTS_FOR_REVIEW/SHA256SUMS.txt	NOT_INCLUDED_IN_COMPACT_TREE	Historical checksum reference retained for provenance; referenced source-package/transport member is not part of the compact repository.
reproduction/first_season/capsules/posterior_attribution/official_fetch_records/phase2c_network_execution/evidence/E002_SHA256SUMS.txt	HTS62_RESULTS_FOR_REVIEW.zip	NOT_INCLUDED_IN_COMPACT_TREE	Historical checksum reference retained for provenance; referenced source-package/transport member is not part of the compact repository.
reproduction/first_season/capsules/posterior_attribution/official_fetch_records/phase2c_network_execution/evidence/E002_SHA256SUMS.txt	HTS62_RESULTS_FOR_REVIEW.zip.sha256	NOT_INCLUDED_IN_COMPACT_TREE	Historical checksum reference retained for provenance; referenced source-package/transport member is not part of the compact repository.
reproduction/first_season/capsules/posterior_attribution/official_fetch_records/phase2c_network_execution/evidence/E002_SHA256SUMS.txt	HTS63_RESULTS_FOR_REVIEW/CANONICAL_STATE_THROUGH_HTS62.md	NOT_INCLUDED_IN_COMPACT_TREE	Historical checksum reference retained for provenance; referenced source-package/transport member is not part of the compact repository.
reproduction/first_season/capsules/posterior_attribution/official_fetch_records/phase2c_network_execution/evidence/E002_SHA256SUMS.txt	HTS63_RESULTS_FOR_REVIEW/HTS62_CANONICALIZATION_AUDIT.md	NOT_INCLUDED_IN_COMPACT_TREE	Historical checksum reference retained for provenance; referenced source-package/transport member is not part of the compact repository.
reproduction/first_season/capsules/posterior_attribution/official_fetch_records/phase2c_network_execution/evidence/E002_SHA256SUMS.txt	HTS63_RESULTS_FOR_REVIEW/HTS63_AUDIT_STDERR.txt	NOT_INCLUDED_IN_COMPACT_TREE	Historical checksum reference retained for provenance; referenced source-package/transport member is not part of the compact repository.
reproduction/first_season/capsules/posterior_attribution/official_fetch_records/phase2c_network_execution/evidence/E002_SHA256SUMS.txt	HTS63_RESULTS_FOR_REVIEW/HTS63_AUDIT_STDOUT.txt	NOT_INCLUDED_IN_COMPACT_TREE	Historical checksum reference retained for provenance; referenced source-package/transport member is not part of the compact repository.
reproduction/first_season/capsules/posterior_attribution/official_fetch_records/phase2c_network_execution/evidence/E002_SHA256SUMS.txt	HTS63_RESULTS_FOR_REVIEW/HTS63_BURNIN_SENSITIVITY.tsv	NOT_INCLUDED_IN_COMPACT_TREE	Historical checksum reference retained for provenance; referenced source-package/transport member is not part of the compact repository.
reproduction/first_season/capsules/posterior_attribution/official_fetch_records/phase2c_network_execution/evidence/E002_SHA256SUMS.txt	HTS63_RESULTS_FOR_REVIEW/HTS63_CHAIN_SUPPORT.tsv	NOT_INCLUDED_IN_COMPACT_TREE	Historical checksum reference retained for provenance; referenced source-package/transport member is not part of the compact repository.
reproduction/first_season/capsules/posterior_attribution/official_fetch_records/phase2c_network_execution/evidence/E002_SHA256SUMS.txt	HTS63_RESULTS_FOR_REVIEW/HTS63_CLASSIFICATION.tsv	NOT_INCLUDED_IN_COMPACT_TREE	Historical checksum reference retained for provenance; referenced source-package/transport member is not part of the compact repository.
reproduction/first_season/capsules/posterior_attribution/official_fetch_records/phase2c_network_execution/evidence/E002_SHA256SUMS.txt	HTS63_RESULTS_FOR_REVIEW/HTS63_DIRECTED_LOO_STABILITY.tsv	NOT_INCLUDED_IN_COMPACT_TREE	Historical checksum reference retained for provenance; referenced source-package/transport member is not part of the compact repository.
reproduction/first_season/capsules/posterior_attribution/official_fetch_records/phase2c_network_execution/evidence/E002_SHA256SUMS.txt	HTS63_RESULTS_FOR_REVIEW/HTS63_DIRECTED_VARIABLE_ALLOCATIONS.tsv	NOT_INCLUDED_IN_COMPACT_TREE	Historical checksum reference retained for provenance; referenced source-package/transport member is not part of the compact repository.
reproduction/first_season/capsules/posterior_attribution/official_fetch_records/phase2c_network_execution/evidence/E002_SHA256SUMS.txt	HTS63_RESULTS_FOR_REVIEW/HTS63_DIRECTED_VARIABLE_ALLOCATION_SUMMARY.tsv	NOT_INCLUDED_IN_COMPACT_TREE	Historical checksum reference retained for provenance; referenced source-package/transport member is not part of the compact repository.
reproduction/first_season/capsules/posterior_attribution/official_fetch_records/phase2c_network_execution/evidence/E002_SHA256SUMS.txt	HTS63_RESULTS_FOR_REVIEW/HTS63_EXECUTION_CONTRACT.md	NOT_INCLUDED_IN_COMPACT_TREE	Historical checksum reference retained for provenance; referenced source-package/transport member is not part of the compact repository.
reproduction/first_season/capsules/posterior_attribution/official_fetch_records/phase2c_network_execution/evidence/E002_SHA256SUMS.txt	HTS63_RESULTS_FOR_REVIEW/HTS63_EXECUTION_REPORT.md	NOT_INCLUDED_IN_COMPACT_TREE	Historical checksum reference retained for provenance; referenced source-package/transport member is not part of the compact repository.
reproduction/first_season/capsules/posterior_attribution/official_fetch_records/phase2c_network_execution/evidence/E002_SHA256SUMS.txt	HTS63_RESULTS_FOR_REVIEW/HTS63_INDEPENDENT_AUDIT_CHECKS.tsv	NOT_INCLUDED_IN_COMPACT_TREE	Historical checksum reference retained for provenance; referenced source-package/transport member is not part of the compact repository.
reproduction/first_season/capsules/posterior_attribution/official_fetch_records/phase2c_network_execution/evidence/E002_SHA256SUMS.txt	HTS63_RESULTS_FOR_REVIEW/HTS63_INDEPENDENT_AUDIT_RESULT.md	NOT_INCLUDED_IN_COMPACT_TREE	Historical checksum reference retained for provenance; referenced source-package/transport member is not part of the compact repository.
reproduction/first_season/capsules/posterior_attribution/official_fetch_records/phase2c_network_execution/evidence/E002_SHA256SUMS.txt	HTS63_RESULTS_FOR_REVIEW/HTS63_LIKELIHOOD_MEMBERSHIP.tsv	NOT_INCLUDED_IN_COMPACT_TREE	Historical checksum reference retained for provenance; referenced source-package/transport member is not part of the compact repository.
reproduction/first_season/capsules/posterior_attribution/official_fetch_records/phase2c_network_execution/evidence/E002_SHA256SUMS.txt	HTS63_RESULTS_FOR_REVIEW/HTS63_ORIGINAL_ROOT_INVENTORY.tsv	NOT_INCLUDED_IN_COMPACT_TREE	Historical checksum reference retained for provenance; referenced source-package/transport member is not part of the compact repository.
reproduction/first_season/capsules/posterior_attribution/official_fetch_records/phase2c_network_execution/evidence/E002_SHA256SUMS.txt	HTS63_RESULTS_FOR_REVIEW/HTS63_PREFLIGHT_RESULT.md	NOT_INCLUDED_IN_COMPACT_TREE	Historical checksum reference retained for provenance; referenced source-package/transport member is not part of the compact repository.
reproduction/first_season/capsules/posterior_attribution/official_fetch_records/phase2c_network_execution/evidence/E002_SHA256SUMS.txt	HTS63_RESULTS_FOR_REVIEW/HTS63_PREFLIGHT_TEST_AUDIT.md	NOT_INCLUDED_IN_COMPACT_TREE	Historical checksum reference retained for provenance; referenced source-package/transport member is not part of the compact repository.
reproduction/first_season/capsules/posterior_attribution/official_fetch_records/phase2c_network_execution/evidence/E002_SHA256SUMS.txt	HTS63_RESULTS_FOR_REVIEW/HTS63_RAW_IMPLEMENTATION_DIAGNOSTICS.tsv	NOT_INCLUDED_IN_COMPACT_TREE	Historical checksum reference retained for provenance; referenced source-package/transport member is not part of the compact repository.
reproduction/first_season/capsules/posterior_attribution/official_fetch_records/phase2c_network_execution/evidence/E002_SHA256SUMS.txt	HTS63_RESULTS_FOR_REVIEW/HTS63_RELEASE_ENDPOINT_CONTRACT_CHECKS.tsv	NOT_INCLUDED_IN_COMPACT_TREE	Historical checksum reference retained for provenance; referenced source-package/transport member is not part of the compact repository.
reproduction/first_season/capsules/posterior_attribution/official_fetch_records/phase2c_network_execution/evidence/E002_SHA256SUMS.txt	HTS63_RESULTS_FOR_REVIEW/HTS63_SELECTED_MEMBER_PROVENANCE.tsv	NOT_INCLUDED_IN_COMPACT_TREE	Historical checksum reference retained for provenance; referenced source-package/transport member is not part of the compact repository.
reproduction/first_season/capsules/posterior_attribution/official_fetch_records/phase2c_network_execution/evidence/E002_SHA256SUMS.txt	HTS63_RESULTS_FOR_REVIEW/HTS63_SELECTION_AUDIT.md	NOT_INCLUDED_IN_COMPACT_TREE	Historical checksum reference retained for provenance; referenced source-package/transport member is not part of the compact repository.
reproduction/first_season/capsules/posterior_attribution/official_fetch_records/phase2c_network_execution/evidence/E002_SHA256SUMS.txt	HTS63_RESULTS_FOR_REVIEW/HTS63_SEMANTIC_DATA_FAMILY_MEMBERSHIP.tsv	NOT_INCLUDED_IN_COMPACT_TREE	Historical checksum reference retained for provenance; referenced source-package/transport member is not part of the compact repository.
reproduction/first_season/capsules/posterior_attribution/official_fetch_records/phase2c_network_execution/evidence/E002_SHA256SUMS.txt	HTS63_RESULTS_FOR_REVIEW/HTS63_SOURCE_ADEQUACY_AUDIT.md	NOT_INCLUDED_IN_COMPACT_TREE	Historical checksum reference retained for provenance; referenced source-package/transport member is not part of the compact repository.
reproduction/first_season/capsules/posterior_attribution/official_fetch_records/phase2c_network_execution/evidence/E002_SHA256SUMS.txt	HTS63_RESULTS_FOR_REVIEW/HTS63_SOURCE_FREEZE.tsv	NOT_INCLUDED_IN_COMPACT_TREE	Historical checksum reference retained for provenance; referenced source-package/transport member is not part of the compact repository.
reproduction/first_season/capsules/posterior_attribution/official_fetch_records/phase2c_network_execution/evidence/E002_SHA256SUMS.txt	HTS63_RESULTS_FOR_REVIEW/MANIFEST.json	NOT_INCLUDED_IN_COMPACT_TREE	Historical checksum reference retained for provenance; referenced source-package/transport member is not part of the compact repository.
reproduction/first_season/capsules/posterior_attribution/official_fetch_records/phase2c_network_execution/evidence/E002_SHA256SUMS.txt	HTS63_RESULTS_FOR_REVIEW/README_RUN.md	NOT_INCLUDED_IN_COMPACT_TREE	Historical checksum reference retained for provenance; referenced source-package/transport member is not part of the compact repository.
reproduction/first_season/capsules/posterior_attribution/official_fetch_records/phase2c_network_execution/evidence/E002_SHA256SUMS.txt	HTS63_RESULTS_FOR_REVIEW/SHA256SUMS.txt	NOT_INCLUDED_IN_COMPACT_TREE	Historical checksum reference retained for provenance; referenced source-package/transport member is not part of the compact repository.
reproduction/first_season/capsules/posterior_attribution/official_fetch_records/phase2c_network_execution/evidence/E002_SHA256SUMS.txt	HTS63_RESULTS_FOR_REVIEW.zip	NOT_INCLUDED_IN_COMPACT_TREE	Historical checksum reference retained for provenance; referenced source-package/transport member is not part of the compact repository.
reproduction/first_season/capsules/posterior_attribution/official_fetch_records/phase2c_network_execution/evidence/E002_SHA256SUMS.txt	HTS63_RESULTS_FOR_REVIEW.zip.sha256	NOT_INCLUDED_IN_COMPACT_TREE	Historical checksum reference retained for provenance; referenced source-package/transport member is not part of the compact repository.
reproduction/first_season/capsules/posterior_attribution/official_fetch_records/phase2c_network_execution/evidence/E002_SHA256SUMS.txt	HTS64_RESULTS_FOR_REVIEW/CANONICAL_STATE_THROUGH_HTS63.md	NOT_INCLUDED_IN_COMPACT_TREE	Historical checksum reference retained for provenance; referenced source-package/transport member is not part of the compact repository.
reproduction/first_season/capsules/posterior_attribution/official_fetch_records/phase2c_network_execution/evidence/E002_SHA256SUMS.txt	HTS64_RESULTS_FOR_REVIEW/HTS63_CANONICALIZATION_AUDIT.md	NOT_INCLUDED_IN_COMPACT_TREE	Historical checksum reference retained for provenance; referenced source-package/transport member is not part of the compact repository.
reproduction/first_season/capsules/posterior_attribution/official_fetch_records/phase2c_network_execution/evidence/E002_SHA256SUMS.txt	HTS64_RESULTS_FOR_REVIEW/HTS64_AUDIT_STDERR.txt	NOT_INCLUDED_IN_COMPACT_TREE	Historical checksum reference retained for provenance; referenced source-package/transport member is not part of the compact repository.
reproduction/first_season/capsules/posterior_attribution/official_fetch_records/phase2c_network_execution/evidence/E002_SHA256SUMS.txt	HTS64_RESULTS_FOR_REVIEW/HTS64_AUDIT_STDOUT.txt	NOT_INCLUDED_IN_COMPACT_TREE	Historical checksum reference retained for provenance; referenced source-package/transport member is not part of the compact repository.
reproduction/first_season/capsules/posterior_attribution/official_fetch_records/phase2c_network_execution/evidence/E002_SHA256SUMS.txt	HTS64_RESULTS_FOR_REVIEW/HTS64_BURNIN_SENSITIVITY.tsv	NOT_INCLUDED_IN_COMPACT_TREE	Historical checksum reference retained for provenance; referenced source-package/transport member is not part of the compact repository.
reproduction/first_season/capsules/posterior_attribution/official_fetch_records/phase2c_network_execution/evidence/E002_SHA256SUMS.txt	HTS64_RESULTS_FOR_REVIEW/HTS64_CHAIN_SUPPORT.tsv	NOT_INCLUDED_IN_COMPACT_TREE	Historical checksum reference retained for provenance; referenced source-package/transport member is not part of the compact repository.
reproduction/first_season/capsules/posterior_attribution/official_fetch_records/phase2c_network_execution/evidence/E002_SHA256SUMS.txt	HTS64_RESULTS_FOR_REVIEW/HTS64_CLASSIFICATION.tsv	NOT_INCLUDED_IN_COMPACT_TREE	Historical checksum reference retained for provenance; referenced source-package/transport member is not part of the compact repository.
reproduction/first_season/capsules/posterior_attribution/official_fetch_records/phase2c_network_execution/evidence/E002_SHA256SUMS.txt	HTS64_RESULTS_FOR_REVIEW/HTS64_DIRECTED_LOO_STABILITY.tsv	NOT_INCLUDED_IN_COMPACT_TREE	Historical checksum reference retained for provenance; referenced source-package/transport member is not part of the compact repository.
reproduction/first_season/capsules/posterior_attribution/official_fetch_records/phase2c_network_execution/evidence/E002_SHA256SUMS.txt	HTS64_RESULTS_FOR_REVIEW/HTS64_EXECUTION_CONTRACT.md	NOT_INCLUDED_IN_COMPACT_TREE	Historical checksum reference retained for provenance; referenced source-package/transport member is not part of the compact repository.
reproduction/first_season/capsules/posterior_attribution/official_fetch_records/phase2c_network_execution/evidence/E002_SHA256SUMS.txt	HTS64_RESULTS_FOR_REVIEW/HTS64_EXECUTION_REPORT.md	NOT_INCLUDED_IN_COMPACT_TREE	Historical checksum reference retained for provenance; referenced source-package/transport member is not part of the compact repository.
reproduction/first_season/capsules/posterior_attribution/official_fetch_records/phase2c_network_execution/evidence/E002_SHA256SUMS.txt	HTS64_RESULTS_FOR_REVIEW/HTS64_INDEPENDENT_AUDIT_CHECKS.tsv	NOT_INCLUDED_IN_COMPACT_TREE	Historical checksum reference retained for provenance; referenced source-package/transport member is not part of the compact repository.
reproduction/first_season/capsules/posterior_attribution/official_fetch_records/phase2c_network_execution/evidence/E002_SHA256SUMS.txt	HTS64_RESULTS_FOR_REVIEW/HTS64_INDEPENDENT_AUDIT_RESULT.md	NOT_INCLUDED_IN_COMPACT_TREE	Historical checksum reference retained for provenance; referenced source-package/transport member is not part of the compact repository.
reproduction/first_season/capsules/posterior_attribution/official_fetch_records/phase2c_network_execution/evidence/E002_SHA256SUMS.txt	HTS64_RESULTS_FOR_REVIEW/HTS64_LIKELIHOOD_MEMBERSHIP.tsv	NOT_INCLUDED_IN_COMPACT_TREE	Historical checksum reference retained for provenance; referenced source-package/transport member is not part of the compact repository.
reproduction/first_season/capsules/posterior_attribution/official_fetch_records/phase2c_network_execution/evidence/E002_SHA256SUMS.txt	HTS64_RESULTS_FOR_REVIEW/HTS64_ORIGINAL_ROOT_INVENTORY.tsv	NOT_INCLUDED_IN_COMPACT_TREE	Historical checksum reference retained for provenance; referenced source-package/transport member is not part of the compact repository.
reproduction/first_season/capsules/posterior_attribution/official_fetch_records/phase2c_network_execution/evidence/E002_SHA256SUMS.txt	HTS64_RESULTS_FOR_REVIEW/HTS64_PREFLIGHT_RESULT.md	NOT_INCLUDED_IN_COMPACT_TREE	Historical checksum reference retained for provenance; referenced source-package/transport member is not part of the compact repository.
reproduction/first_season/capsules/posterior_attribution/official_fetch_records/phase2c_network_execution/evidence/E002_SHA256SUMS.txt	HTS64_RESULTS_FOR_REVIEW/HTS64_PREFLIGHT_TEST_AUDIT.md	NOT_INCLUDED_IN_COMPACT_TREE	Historical checksum reference retained for provenance; referenced source-package/transport member is not part of the compact repository.
reproduction/first_season/capsules/posterior_attribution/official_fetch_records/phase2c_network_execution/evidence/E002_SHA256SUMS.txt	HTS64_RESULTS_FOR_REVIEW/HTS64_RAW_IMPLEMENTATION_DIAGNOSTICS.tsv	NOT_INCLUDED_IN_COMPACT_TREE	Historical checksum reference retained for provenance; referenced source-package/transport member is not part of the compact repository.
reproduction/first_season/capsules/posterior_attribution/official_fetch_records/phase2c_network_execution/evidence/E002_SHA256SUMS.txt	HTS64_RESULTS_FOR_REVIEW/HTS64_RELEASE_ENDPOINT_CONTRACT_CHECKS.tsv	NOT_INCLUDED_IN_COMPACT_TREE	Historical checksum reference retained for provenance; referenced source-package/transport member is not part of the compact repository.
reproduction/first_season/capsules/posterior_attribution/official_fetch_records/phase2c_network_execution/evidence/E002_SHA256SUMS.txt	HTS64_RESULTS_FOR_REVIEW/HTS64_REPARAMETERIZATION_SUMMARY.tsv	NOT_INCLUDED_IN_COMPACT_TREE	Historical checksum reference retained for provenance; referenced source-package/transport member is not part of the compact repository.
reproduction/first_season/capsules/posterior_attribution/official_fetch_records/phase2c_network_execution/evidence/E002_SHA256SUMS.txt	HTS64_RESULTS_FOR_REVIEW/HTS64_ROTATED_COORDINATE_ALLOCATIONS.tsv	NOT_INCLUDED_IN_COMPACT_TREE	Historical checksum reference retained for provenance; referenced source-package/transport member is not part of the compact repository.
reproduction/first_season/capsules/posterior_attribution/official_fetch_records/phase2c_network_execution/evidence/E002_SHA256SUMS.txt	HTS64_RESULTS_FOR_REVIEW/HTS64_ROTATION_GRID.tsv	NOT_INCLUDED_IN_COMPACT_TREE	Historical checksum reference retained for provenance; referenced source-package/transport member is not part of the compact repository.
reproduction/first_season/capsules/posterior_attribution/official_fetch_records/phase2c_network_execution/evidence/E002_SHA256SUMS.txt	HTS64_RESULTS_FOR_REVIEW/HTS64_SELECTED_MEMBER_PROVENANCE.tsv	NOT_INCLUDED_IN_COMPACT_TREE	Historical checksum reference retained for provenance; referenced source-package/transport member is not part of the compact repository.
reproduction/first_season/capsules/posterior_attribution/official_fetch_records/phase2c_network_execution/evidence/E002_SHA256SUMS.txt	HTS64_RESULTS_FOR_REVIEW/HTS64_SELECTION_AUDIT.md	NOT_INCLUDED_IN_COMPACT_TREE	Historical checksum reference retained for provenance; referenced source-package/transport member is not part of the compact repository.
reproduction/first_season/capsules/posterior_attribution/official_fetch_records/phase2c_network_execution/evidence/E002_SHA256SUMS.txt	HTS64_RESULTS_FOR_REVIEW/HTS64_SEMANTIC_DATA_FAMILY_MEMBERSHIP.tsv	NOT_INCLUDED_IN_COMPACT_TREE	Historical checksum reference retained for provenance; referenced source-package/transport member is not part of the compact repository.
reproduction/first_season/capsules/posterior_attribution/official_fetch_records/phase2c_network_execution/evidence/E002_SHA256SUMS.txt	HTS64_RESULTS_FOR_REVIEW/HTS64_SOURCE_ADEQUACY_AUDIT.md	NOT_INCLUDED_IN_COMPACT_TREE	Historical checksum reference retained for provenance; referenced source-package/transport member is not part of the compact repository.
reproduction/first_season/capsules/posterior_attribution/official_fetch_records/phase2c_network_execution/evidence/E002_SHA256SUMS.txt	HTS64_RESULTS_FOR_REVIEW/HTS64_SOURCE_FREEZE.tsv	NOT_INCLUDED_IN_COMPACT_TREE	Historical checksum reference retained for provenance; referenced source-package/transport member is not part of the compact repository.
reproduction/first_season/capsules/posterior_attribution/official_fetch_records/phase2c_network_execution/evidence/E002_SHA256SUMS.txt	HTS64_RESULTS_FOR_REVIEW/MANIFEST.json	NOT_INCLUDED_IN_COMPACT_TREE	Historical checksum reference retained for provenance; referenced source-package/transport member is not part of the compact repository.
reproduction/first_season/capsules/posterior_attribution/official_fetch_records/phase2c_network_execution/evidence/E002_SHA256SUMS.txt	HTS64_RESULTS_FOR_REVIEW/README_RUN.md	NOT_INCLUDED_IN_COMPACT_TREE	Historical checksum reference retained for provenance; referenced source-package/transport member is not part of the compact repository.
reproduction/first_season/capsules/posterior_attribution/official_fetch_records/phase2c_network_execution/evidence/E002_SHA256SUMS.txt	HTS64_RESULTS_FOR_REVIEW/SHA256SUMS.txt	NOT_INCLUDED_IN_COMPACT_TREE	Historical checksum reference retained for provenance; referenced source-package/transport member is not part of the compact repository.
reproduction/first_season/capsules/posterior_attribution/official_fetch_records/phase2c_network_execution/evidence/E002_SHA256SUMS.txt	HTS64_RESULTS_FOR_REVIEW.zip	NOT_INCLUDED_IN_COMPACT_TREE	Historical checksum reference retained for provenance; referenced source-package/transport member is not part of the compact repository.
reproduction/first_season/capsules/posterior_attribution/official_fetch_records/phase2c_network_execution/evidence/E002_SHA256SUMS.txt	HTS64_RESULTS_FOR_REVIEW.zip.sha256	NOT_INCLUDED_IN_COMPACT_TREE	Historical checksum reference retained for provenance; referenced source-package/transport member is not part of the compact repository.
reproduction/first_season/capsules/posterior_attribution/official_fetch_records/phase2c_network_execution/evidence/E002_SHA256SUMS.txt	HTS65_RESULTS_FOR_REVIEW/CANONICAL_STATE_THROUGH_HTS64.md	NOT_INCLUDED_IN_COMPACT_TREE	Historical checksum reference retained for provenance; referenced source-package/transport member is not part of the compact repository.
reproduction/first_season/capsules/posterior_attribution/official_fetch_records/phase2c_network_execution/evidence/E002_SHA256SUMS.txt	HTS65_RESULTS_FOR_REVIEW/HTS64_CANONICALIZATION_AUDIT.md	NOT_INCLUDED_IN_COMPACT_TREE	Historical checksum reference retained for provenance; referenced source-package/transport member is not part of the compact repository.
reproduction/first_season/capsules/posterior_attribution/official_fetch_records/phase2c_network_execution/evidence/E002_SHA256SUMS.txt	HTS65_RESULTS_FOR_REVIEW/HTS65_AUDIT_STDERR.txt	NOT_INCLUDED_IN_COMPACT_TREE	Historical checksum reference retained for provenance; referenced source-package/transport member is not part of the compact repository.
reproduction/first_season/capsules/posterior_attribution/official_fetch_records/phase2c_network_execution/evidence/E002_SHA256SUMS.txt	HTS65_RESULTS_FOR_REVIEW/HTS65_AUDIT_STDOUT.txt	NOT_INCLUDED_IN_COMPACT_TREE	Historical checksum reference retained for provenance; referenced source-package/transport member is not part of the compact repository.
reproduction/first_season/capsules/posterior_attribution/official_fetch_records/phase2c_network_execution/evidence/E002_SHA256SUMS.txt	HTS65_RESULTS_FOR_REVIEW/HTS65_BURNIN_SENSITIVITY.tsv	NOT_INCLUDED_IN_COMPACT_TREE	Historical checksum reference retained for provenance; referenced source-package/transport member is not part of the compact repository.
reproduction/first_season/capsules/posterior_attribution/official_fetch_records/phase2c_network_execution/evidence/E002_SHA256SUMS.txt	HTS65_RESULTS_FOR_REVIEW/HTS65_CHAIN_SUPPORT.tsv	NOT_INCLUDED_IN_COMPACT_TREE	Historical checksum reference retained for provenance; referenced source-package/transport member is not part of the compact repository.
reproduction/first_season/capsules/posterior_attribution/official_fetch_records/phase2c_network_execution/evidence/E002_SHA256SUMS.txt	HTS65_RESULTS_FOR_REVIEW/HTS65_CLASSIFICATION.tsv	NOT_INCLUDED_IN_COMPACT_TREE	Historical checksum reference retained for provenance; referenced source-package/transport member is not part of the compact repository.
reproduction/first_season/capsules/posterior_attribution/official_fetch_records/phase2c_network_execution/evidence/E002_SHA256SUMS.txt	HTS65_RESULTS_FOR_REVIEW/HTS65_DIRECTED_LOO_STABILITY.tsv	NOT_INCLUDED_IN_COMPACT_TREE	Historical checksum reference retained for provenance; referenced source-package/transport member is not part of the compact repository.
reproduction/first_season/capsules/posterior_attribution/official_fetch_records/phase2c_network_execution/evidence/E002_SHA256SUMS.txt	HTS65_RESULTS_FOR_REVIEW/HTS65_DIRECTED_PARTITION_BLOCK_ALLOCATIONS.tsv	NOT_INCLUDED_IN_COMPACT_TREE	Historical checksum reference retained for provenance; referenced source-package/transport member is not part of the compact repository.
reproduction/first_season/capsules/posterior_attribution/official_fetch_records/phase2c_network_execution/evidence/E002_SHA256SUMS.txt	HTS65_RESULTS_FOR_REVIEW/HTS65_DIRECTED_PARTITION_RESULTS.tsv	NOT_INCLUDED_IN_COMPACT_TREE	Historical checksum reference retained for provenance; referenced source-package/transport member is not part of the compact repository.
reproduction/first_season/capsules/posterior_attribution/official_fetch_records/phase2c_network_execution/evidence/E002_SHA256SUMS.txt	HTS65_RESULTS_FOR_REVIEW/HTS65_DIRECTED_PARTITION_SUMMARY.tsv	NOT_INCLUDED_IN_COMPACT_TREE	Historical checksum reference retained for provenance; referenced source-package/transport member is not part of the compact repository.
reproduction/first_season/capsules/posterior_attribution/official_fetch_records/phase2c_network_execution/evidence/E002_SHA256SUMS.txt	HTS65_RESULTS_FOR_REVIEW/HTS65_DIRECTED_PARTITION_VARIABLE_ALLOCATIONS.tsv	NOT_INCLUDED_IN_COMPACT_TREE	Historical checksum reference retained for provenance; referenced source-package/transport member is not part of the compact repository.
reproduction/first_season/capsules/posterior_attribution/official_fetch_records/phase2c_network_execution/evidence/E002_SHA256SUMS.txt	HTS65_RESULTS_FOR_REVIEW/HTS65_EXECUTION_CONTRACT.md	NOT_INCLUDED_IN_COMPACT_TREE	Historical checksum reference retained for provenance; referenced source-package/transport member is not part of the compact repository.
reproduction/first_season/capsules/posterior_attribution/official_fetch_records/phase2c_network_execution/evidence/E002_SHA256SUMS.txt	HTS65_RESULTS_FOR_REVIEW/HTS65_EXECUTION_REPORT.md	NOT_INCLUDED_IN_COMPACT_TREE	Historical checksum reference retained for provenance; referenced source-package/transport member is not part of the compact repository.
reproduction/first_season/capsules/posterior_attribution/official_fetch_records/phase2c_network_execution/evidence/E002_SHA256SUMS.txt	HTS65_RESULTS_FOR_REVIEW/HTS65_INDEPENDENT_AUDIT_CHECKS.tsv	NOT_INCLUDED_IN_COMPACT_TREE	Historical checksum reference retained for provenance; referenced source-package/transport member is not part of the compact repository.
reproduction/first_season/capsules/posterior_attribution/official_fetch_records/phase2c_network_execution/evidence/E002_SHA256SUMS.txt	HTS65_RESULTS_FOR_REVIEW/HTS65_INDEPENDENT_AUDIT_RESULT.md	NOT_INCLUDED_IN_COMPACT_TREE	Historical checksum reference retained for provenance; referenced source-package/transport member is not part of the compact repository.
reproduction/first_season/capsules/posterior_attribution/official_fetch_records/phase2c_network_execution/evidence/E002_SHA256SUMS.txt	HTS65_RESULTS_FOR_REVIEW/HTS65_LIKELIHOOD_MEMBERSHIP.tsv	NOT_INCLUDED_IN_COMPACT_TREE	Historical checksum reference retained for provenance; referenced source-package/transport member is not part of the compact repository.
reproduction/first_season/capsules/posterior_attribution/official_fetch_records/phase2c_network_execution/evidence/E002_SHA256SUMS.txt	HTS65_RESULTS_FOR_REVIEW/HTS65_ORIGINAL_ROOT_INVENTORY.tsv	NOT_INCLUDED_IN_COMPACT_TREE	Historical checksum reference retained for provenance; referenced source-package/transport member is not part of the compact repository.
reproduction/first_season/capsules/posterior_attribution/official_fetch_records/phase2c_network_execution/evidence/E002_SHA256SUMS.txt	HTS65_RESULTS_FOR_REVIEW/HTS65_PARTITION_CATALOG.tsv	NOT_INCLUDED_IN_COMPACT_TREE	Historical checksum reference retained for provenance; referenced source-package/transport member is not part of the compact repository.
reproduction/first_season/capsules/posterior_attribution/official_fetch_records/phase2c_network_execution/evidence/E002_SHA256SUMS.txt	HTS65_RESULTS_FOR_REVIEW/HTS65_PREFLIGHT_RESULT.md	NOT_INCLUDED_IN_COMPACT_TREE	Historical checksum reference retained for provenance; referenced source-package/transport member is not part of the compact repository.
reproduction/first_season/capsules/posterior_attribution/official_fetch_records/phase2c_network_execution/evidence/E002_SHA256SUMS.txt	HTS65_RESULTS_FOR_REVIEW/HTS65_PREFLIGHT_TEST_AUDIT.md	NOT_INCLUDED_IN_COMPACT_TREE	Historical checksum reference retained for provenance; referenced source-package/transport member is not part of the compact repository.
reproduction/first_season/capsules/posterior_attribution/official_fetch_records/phase2c_network_execution/evidence/E002_SHA256SUMS.txt	HTS65_RESULTS_FOR_REVIEW/HTS65_RAW_IMPLEMENTATION_DIAGNOSTICS.tsv	NOT_INCLUDED_IN_COMPACT_TREE	Historical checksum reference retained for provenance; referenced source-package/transport member is not part of the compact repository.
reproduction/first_season/capsules/posterior_attribution/official_fetch_records/phase2c_network_execution/evidence/E002_SHA256SUMS.txt	HTS65_RESULTS_FOR_REVIEW/HTS65_RELEASE_ENDPOINT_CONTRACT_CHECKS.tsv	NOT_INCLUDED_IN_COMPACT_TREE	Historical checksum reference retained for provenance; referenced source-package/transport member is not part of the compact repository.
reproduction/first_season/capsules/posterior_attribution/official_fetch_records/phase2c_network_execution/evidence/E002_SHA256SUMS.txt	HTS65_RESULTS_FOR_REVIEW/HTS65_SELECTED_MEMBER_PROVENANCE.tsv	NOT_INCLUDED_IN_COMPACT_TREE	Historical checksum reference retained for provenance; referenced source-package/transport member is not part of the compact repository.
reproduction/first_season/capsules/posterior_attribution/official_fetch_records/phase2c_network_execution/evidence/E002_SHA256SUMS.txt	HTS65_RESULTS_FOR_REVIEW/HTS65_SELECTION_AUDIT.md	NOT_INCLUDED_IN_COMPACT_TREE	Historical checksum reference retained for provenance; referenced source-package/transport member is not part of the compact repository.
reproduction/first_season/capsules/posterior_attribution/official_fetch_records/phase2c_network_execution/evidence/E002_SHA256SUMS.txt	HTS65_RESULTS_FOR_REVIEW/HTS65_SEMANTIC_DATA_FAMILY_MEMBERSHIP.tsv	NOT_INCLUDED_IN_COMPACT_TREE	Historical checksum reference retained for provenance; referenced source-package/transport member is not part of the compact repository.
reproduction/first_season/capsules/posterior_attribution/official_fetch_records/phase2c_network_execution/evidence/E002_SHA256SUMS.txt	HTS65_RESULTS_FOR_REVIEW/HTS65_SOURCE_ADEQUACY_AUDIT.md	NOT_INCLUDED_IN_COMPACT_TREE	Historical checksum reference retained for provenance; referenced source-package/transport member is not part of the compact repository.
reproduction/first_season/capsules/posterior_attribution/official_fetch_records/phase2c_network_execution/evidence/E002_SHA256SUMS.txt	HTS65_RESULTS_FOR_REVIEW/HTS65_SOURCE_FREEZE.tsv	NOT_INCLUDED_IN_COMPACT_TREE	Historical checksum reference retained for provenance; referenced source-package/transport member is not part of the compact repository.
reproduction/first_season/capsules/posterior_attribution/official_fetch_records/phase2c_network_execution/evidence/E002_SHA256SUMS.txt	HTS65_RESULTS_FOR_REVIEW/MANIFEST.json	NOT_INCLUDED_IN_COMPACT_TREE	Historical checksum reference retained for provenance; referenced source-package/transport member is not part of the compact repository.
reproduction/first_season/capsules/posterior_attribution/official_fetch_records/phase2c_network_execution/evidence/E002_SHA256SUMS.txt	HTS65_RESULTS_FOR_REVIEW/README_RUN.md	NOT_INCLUDED_IN_COMPACT_TREE	Historical checksum reference retained for provenance; referenced source-package/transport member is not part of the compact repository.
reproduction/first_season/capsules/posterior_attribution/official_fetch_records/phase2c_network_execution/evidence/E002_SHA256SUMS.txt	HTS65_RESULTS_FOR_REVIEW/SHA256SUMS.txt	NOT_INCLUDED_IN_COMPACT_TREE	Historical checksum reference retained for provenance; referenced source-package/transport member is not part of the compact repository.
reproduction/first_season/capsules/posterior_attribution/official_fetch_records/phase2c_network_execution/evidence/E002_SHA256SUMS.txt	HTS65_RESULTS_FOR_REVIEW.zip	NOT_INCLUDED_IN_COMPACT_TREE	Historical checksum reference retained for provenance; referenced source-package/transport member is not part of the compact repository.
reproduction/first_season/capsules/posterior_attribution/official_fetch_records/phase2c_network_execution/evidence/E002_SHA256SUMS.txt	HTS65_RESULTS_FOR_REVIEW.zip.sha256	NOT_INCLUDED_IN_COMPACT_TREE	Historical checksum reference retained for provenance; referenced source-package/transport member is not part of the compact repository.
reproduction/first_season/capsules/posterior_attribution/official_fetch_records/phase2c_network_execution/evidence/E002_SHA256SUMS.txt	HTS66_RESULTS_FOR_REVIEW/CANONICAL_STATE_THROUGH_HTS65.md	NOT_INCLUDED_IN_COMPACT_TREE	Historical checksum reference retained for provenance; referenced source-package/transport member is not part of the compact repository.
reproduction/first_season/capsules/posterior_attribution/official_fetch_records/phase2c_network_execution/evidence/E002_SHA256SUMS.txt	HTS66_RESULTS_FOR_REVIEW/HTS65_CANONICALIZATION_AUDIT.md	NOT_INCLUDED_IN_COMPACT_TREE	Historical checksum reference retained for provenance; referenced source-package/transport member is not part of the compact repository.
reproduction/first_season/capsules/posterior_attribution/official_fetch_records/phase2c_network_execution/evidence/E002_SHA256SUMS.txt	HTS66_RESULTS_FOR_REVIEW/HTS66_AUDIT_STDERR.txt	NOT_INCLUDED_IN_COMPACT_TREE	Historical checksum reference retained for provenance; referenced source-package/transport member is not part of the compact repository.
reproduction/first_season/capsules/posterior_attribution/official_fetch_records/phase2c_network_execution/evidence/E002_SHA256SUMS.txt	HTS66_RESULTS_FOR_REVIEW/HTS66_AUDIT_STDOUT.txt	NOT_INCLUDED_IN_COMPACT_TREE	Historical checksum reference retained for provenance; referenced source-package/transport member is not part of the compact repository.
reproduction/first_season/capsules/posterior_attribution/official_fetch_records/phase2c_network_execution/evidence/E002_SHA256SUMS.txt	HTS66_RESULTS_FOR_REVIEW/HTS66_CLASSIFICATION.tsv	NOT_INCLUDED_IN_COMPACT_TREE	Historical checksum reference retained for provenance; referenced source-package/transport member is not part of the compact repository.
reproduction/first_season/capsules/posterior_attribution/official_fetch_records/phase2c_network_execution/evidence/E002_SHA256SUMS.txt	HTS66_RESULTS_FOR_REVIEW/HTS66_CONDITIONAL_DISTANCE_CONSISTENCY.tsv	NOT_INCLUDED_IN_COMPACT_TREE	Historical checksum reference retained for provenance; referenced source-package/transport member is not part of the compact repository.
reproduction/first_season/capsules/posterior_attribution/official_fetch_records/phase2c_network_execution/evidence/E002_SHA256SUMS.txt	HTS66_RESULTS_FOR_REVIEW/HTS66_CROSS_STAGE_KEY_AUDIT.tsv	NOT_INCLUDED_IN_COMPACT_TREE	Historical checksum reference retained for provenance; referenced source-package/transport member is not part of the compact repository.
reproduction/first_season/capsules/posterior_attribution/official_fetch_records/phase2c_network_execution/evidence/E002_SHA256SUMS.txt	HTS66_RESULTS_FOR_REVIEW/HTS66_EXECUTION_CONTRACT.md	NOT_INCLUDED_IN_COMPACT_TREE	Historical checksum reference retained for provenance; referenced source-package/transport member is not part of the compact repository.
reproduction/first_season/capsules/posterior_attribution/official_fetch_records/phase2c_network_execution/evidence/E002_SHA256SUMS.txt	HTS66_RESULTS_FOR_REVIEW/HTS66_EXECUTION_REPORT.md	NOT_INCLUDED_IN_COMPACT_TREE	Historical checksum reference retained for provenance; referenced source-package/transport member is not part of the compact repository.
reproduction/first_season/capsules/posterior_attribution/official_fetch_records/phase2c_network_execution/evidence/E002_SHA256SUMS.txt	HTS66_RESULTS_FOR_REVIEW/HTS66_FIXED_BLOCK_CONSISTENCY.tsv	NOT_INCLUDED_IN_COMPACT_TREE	Historical checksum reference retained for provenance; referenced source-package/transport member is not part of the compact repository.
reproduction/first_season/capsules/posterior_attribution/official_fetch_records/phase2c_network_execution/evidence/E002_SHA256SUMS.txt	HTS66_RESULTS_FOR_REVIEW/HTS66_INDEPENDENT_AUDIT_CHECKS.tsv	NOT_INCLUDED_IN_COMPACT_TREE	Historical checksum reference retained for provenance; referenced source-package/transport member is not part of the compact repository.
reproduction/first_season/capsules/posterior_attribution/official_fetch_records/phase2c_network_execution/evidence/E002_SHA256SUMS.txt	HTS66_RESULTS_FOR_REVIEW/HTS66_INDEPENDENT_AUDIT_RESULT.md	NOT_INCLUDED_IN_COMPACT_TREE	Historical checksum reference retained for provenance; referenced source-package/transport member is not part of the compact repository.
reproduction/first_season/capsules/posterior_attribution/official_fetch_records/phase2c_network_execution/evidence/E002_SHA256SUMS.txt	HTS66_RESULTS_FOR_REVIEW/HTS66_INVARIANT_HIERARCHY.tsv	NOT_INCLUDED_IN_COMPACT_TREE	Historical checksum reference retained for provenance; referenced source-package/transport member is not part of the compact repository.
reproduction/first_season/capsules/posterior_attribution/official_fetch_records/phase2c_network_execution/evidence/E002_SHA256SUMS.txt	HTS66_RESULTS_FOR_REVIEW/HTS66_PREFLIGHT_RESULT.md	NOT_INCLUDED_IN_COMPACT_TREE	Historical checksum reference retained for provenance; referenced source-package/transport member is not part of the compact repository.
reproduction/first_season/capsules/posterior_attribution/official_fetch_records/phase2c_network_execution/evidence/E002_SHA256SUMS.txt	HTS66_RESULTS_FOR_REVIEW/HTS66_PREFLIGHT_TEST_AUDIT.md	NOT_INCLUDED_IN_COMPACT_TREE	Historical checksum reference retained for provenance; referenced source-package/transport member is not part of the compact repository.
reproduction/first_season/capsules/posterior_attribution/official_fetch_records/phase2c_network_execution/evidence/E002_SHA256SUMS.txt	HTS66_RESULTS_FOR_REVIEW/HTS66_PRIMARY_SYNTHESIS.tsv	NOT_INCLUDED_IN_COMPACT_TREE	Historical checksum reference retained for provenance; referenced source-package/transport member is not part of the compact repository.
reproduction/first_season/capsules/posterior_attribution/official_fetch_records/phase2c_network_execution/evidence/E002_SHA256SUMS.txt	HTS66_RESULTS_FOR_REVIEW/HTS66_SELECTION_AUDIT.md	NOT_INCLUDED_IN_COMPACT_TREE	Historical checksum reference retained for provenance; referenced source-package/transport member is not part of the compact repository.
reproduction/first_season/capsules/posterior_attribution/official_fetch_records/phase2c_network_execution/evidence/E002_SHA256SUMS.txt	HTS66_RESULTS_FOR_REVIEW/HTS66_SOURCE_ADEQUACY_AUDIT.md	NOT_INCLUDED_IN_COMPACT_TREE	Historical checksum reference retained for provenance; referenced source-package/transport member is not part of the compact repository.
reproduction/first_season/capsules/posterior_attribution/official_fetch_records/phase2c_network_execution/evidence/E002_SHA256SUMS.txt	HTS66_RESULTS_FOR_REVIEW/HTS66_SOURCE_FREEZE.tsv	NOT_INCLUDED_IN_COMPACT_TREE	Historical checksum reference retained for provenance; referenced source-package/transport member is not part of the compact repository.
reproduction/first_season/capsules/posterior_attribution/official_fetch_records/phase2c_network_execution/evidence/E002_SHA256SUMS.txt	HTS66_RESULTS_FOR_REVIEW/MANIFEST.json	NOT_INCLUDED_IN_COMPACT_TREE	Historical checksum reference retained for provenance; referenced source-package/transport member is not part of the compact repository.
reproduction/first_season/capsules/posterior_attribution/official_fetch_records/phase2c_network_execution/evidence/E002_SHA256SUMS.txt	HTS66_RESULTS_FOR_REVIEW/README_RUN.md	NOT_INCLUDED_IN_COMPACT_TREE	Historical checksum reference retained for provenance; referenced source-package/transport member is not part of the compact repository.
reproduction/first_season/capsules/posterior_attribution/official_fetch_records/phase2c_network_execution/evidence/E002_SHA256SUMS.txt	HTS66_RESULTS_FOR_REVIEW.zip	NOT_INCLUDED_IN_COMPACT_TREE	Historical checksum reference retained for provenance; referenced source-package/transport member is not part of the compact repository.
reproduction/first_season/capsules/posterior_attribution/official_fetch_records/phase2c_network_execution/evidence/E002_SHA256SUMS.txt	HTS66_RESULTS_FOR_REVIEW.zip.sha256	NOT_INCLUDED_IN_COMPACT_TREE	Historical checksum reference retained for provenance; referenced source-package/transport member is not part of the compact repository.
reproduction/first_season/capsules/posterior_attribution/official_fetch_records/phase2c_network_execution/evidence/E002_SHA256SUMS.txt	HTS67_RESULTS_FOR_REVIEW/CANONICAL_STATE_THROUGH_HTS66.md	NOT_INCLUDED_IN_COMPACT_TREE	Historical checksum reference retained for provenance; referenced source-package/transport member is not part of the compact repository.
reproduction/first_season/capsules/posterior_attribution/official_fetch_records/phase2c_network_execution/evidence/E002_SHA256SUMS.txt	HTS67_RESULTS_FOR_REVIEW/HTS66_CANONICALIZATION_AUDIT.md	NOT_INCLUDED_IN_COMPACT_TREE	Historical checksum reference retained for provenance; referenced source-package/transport member is not part of the compact repository.
reproduction/first_season/capsules/posterior_attribution/official_fetch_records/phase2c_network_execution/evidence/E002_SHA256SUMS.txt	HTS67_RESULTS_FOR_REVIEW/HTS67_AUDIT_STDERR.txt	NOT_INCLUDED_IN_COMPACT_TREE	Historical checksum reference retained for provenance; referenced source-package/transport member is not part of the compact repository.
reproduction/first_season/capsules/posterior_attribution/official_fetch_records/phase2c_network_execution/evidence/E002_SHA256SUMS.txt	HTS67_RESULTS_FOR_REVIEW/HTS67_AUDIT_STDOUT.txt	NOT_INCLUDED_IN_COMPACT_TREE	Historical checksum reference retained for provenance; referenced source-package/transport member is not part of the compact repository.
reproduction/first_season/capsules/posterior_attribution/official_fetch_records/phase2c_network_execution/evidence/E002_SHA256SUMS.txt	HTS67_RESULTS_FOR_REVIEW/HTS67_BURNIN_SENSITIVITY.tsv	NOT_INCLUDED_IN_COMPACT_TREE	Historical checksum reference retained for provenance; referenced source-package/transport member is not part of the compact repository.
reproduction/first_season/capsules/posterior_attribution/official_fetch_records/phase2c_network_execution/evidence/E002_SHA256SUMS.txt	HTS67_RESULTS_FOR_REVIEW/HTS67_CACHE_ROOT_SELECTION.tsv	NOT_INCLUDED_IN_COMPACT_TREE	Historical checksum reference retained for provenance; referenced source-package/transport member is not part of the compact repository.
reproduction/first_season/capsules/posterior_attribution/official_fetch_records/phase2c_network_execution/evidence/E002_SHA256SUMS.txt	HTS67_RESULTS_FOR_REVIEW/HTS67_CHAIN_SUPPORT.tsv	NOT_INCLUDED_IN_COMPACT_TREE	Historical checksum reference retained for provenance; referenced source-package/transport member is not part of the compact repository.
reproduction/first_season/capsules/posterior_attribution/official_fetch_records/phase2c_network_execution/evidence/E002_SHA256SUMS.txt	HTS67_RESULTS_FOR_REVIEW/HTS67_CLASSIFICATION.tsv	NOT_INCLUDED_IN_COMPACT_TREE	Historical checksum reference retained for provenance; referenced source-package/transport member is not part of the compact repository.
reproduction/first_season/capsules/posterior_attribution/official_fetch_records/phase2c_network_execution/evidence/E002_SHA256SUMS.txt	HTS67_RESULTS_FOR_REVIEW/HTS67_DIRECTED_BASELINE_COMPARISON.tsv	NOT_INCLUDED_IN_COMPACT_TREE	Historical checksum reference retained for provenance; referenced source-package/transport member is not part of the compact repository.
reproduction/first_season/capsules/posterior_attribution/official_fetch_records/phase2c_network_execution/evidence/E002_SHA256SUMS.txt	HTS67_RESULTS_FOR_REVIEW/HTS67_ENDPOINT_6D_SUMMARY.tsv	NOT_INCLUDED_IN_COMPACT_TREE	Historical checksum reference retained for provenance; referenced source-package/transport member is not part of the compact repository.
reproduction/first_season/capsules/posterior_attribution/official_fetch_records/phase2c_network_execution/evidence/E002_SHA256SUMS.txt	HTS67_RESULTS_FOR_REVIEW/HTS67_EXECUTION_CONTRACT.md	NOT_INCLUDED_IN_COMPACT_TREE	Historical checksum reference retained for provenance; referenced source-package/transport member is not part of the compact repository.
reproduction/first_season/capsules/posterior_attribution/official_fetch_records/phase2c_network_execution/evidence/E002_SHA256SUMS.txt	HTS67_RESULTS_FOR_REVIEW/HTS67_EXECUTION_REPORT.md	NOT_INCLUDED_IN_COMPACT_TREE	Historical checksum reference retained for provenance; referenced source-package/transport member is not part of the compact repository.
reproduction/first_season/capsules/posterior_attribution/official_fetch_records/phase2c_network_execution/evidence/E002_SHA256SUMS.txt	HTS67_RESULTS_FOR_REVIEW/HTS67_INDEPENDENT_AUDIT_CHECKS.tsv	NOT_INCLUDED_IN_COMPACT_TREE	Historical checksum reference retained for provenance; referenced source-package/transport member is not part of the compact repository.
reproduction/first_season/capsules/posterior_attribution/official_fetch_records/phase2c_network_execution/evidence/E002_SHA256SUMS.txt	HTS67_RESULTS_FOR_REVIEW/HTS67_INDEPENDENT_AUDIT_RESULT.md	NOT_INCLUDED_IN_COMPACT_TREE	Historical checksum reference retained for provenance; referenced source-package/transport member is not part of the compact repository.
reproduction/first_season/capsules/posterior_attribution/official_fetch_records/phase2c_network_execution/evidence/E002_SHA256SUMS.txt	HTS67_RESULTS_FOR_REVIEW/HTS67_LOO_STABILITY.tsv	NOT_INCLUDED_IN_COMPACT_TREE	Historical checksum reference retained for provenance; referenced source-package/transport member is not part of the compact repository.
reproduction/first_season/capsules/posterior_attribution/official_fetch_records/phase2c_network_execution/evidence/E002_SHA256SUMS.txt	HTS67_RESULTS_FOR_REVIEW/HTS67_PREFLIGHT_RESULT.md	NOT_INCLUDED_IN_COMPACT_TREE	Historical checksum reference retained for provenance; referenced source-package/transport member is not part of the compact repository.
reproduction/first_season/capsules/posterior_attribution/official_fetch_records/phase2c_network_execution/evidence/E002_SHA256SUMS.txt	HTS67_RESULTS_FOR_REVIEW/HTS67_PREFLIGHT_TEST_AUDIT.md	NOT_INCLUDED_IN_COMPACT_TREE	Historical checksum reference retained for provenance; referenced source-package/transport member is not part of the compact repository.
reproduction/first_season/capsules/posterior_attribution/official_fetch_records/phase2c_network_execution/evidence/E002_SHA256SUMS.txt	HTS67_RESULTS_FOR_REVIEW/HTS67_RELEASE_ENDPOINT_CONTRACT_CHECKS.tsv	NOT_INCLUDED_IN_COMPACT_TREE	Historical checksum reference retained for provenance; referenced source-package/transport member is not part of the compact repository.
reproduction/first_season/capsules/posterior_attribution/official_fetch_records/phase2c_network_execution/evidence/E002_SHA256SUMS.txt	HTS67_RESULTS_FOR_REVIEW/HTS67_SELECTED_MEMBER_PROVENANCE.tsv	NOT_INCLUDED_IN_COMPACT_TREE	Historical checksum reference retained for provenance; referenced source-package/transport member is not part of the compact repository.
reproduction/first_season/capsules/posterior_attribution/official_fetch_records/phase2c_network_execution/evidence/E002_SHA256SUMS.txt	HTS67_RESULTS_FOR_REVIEW/HTS67_SELECTION_AUDIT.md	NOT_INCLUDED_IN_COMPACT_TREE	Historical checksum reference retained for provenance; referenced source-package/transport member is not part of the compact repository.
reproduction/first_season/capsules/posterior_attribution/official_fetch_records/phase2c_network_execution/evidence/E002_SHA256SUMS.txt	HTS67_RESULTS_FOR_REVIEW/HTS67_SOURCE_ADEQUACY_AUDIT.md	NOT_INCLUDED_IN_COMPACT_TREE	Historical checksum reference retained for provenance; referenced source-package/transport member is not part of the compact repository.
reproduction/first_season/capsules/posterior_attribution/official_fetch_records/phase2c_network_execution/evidence/E002_SHA256SUMS.txt	HTS67_RESULTS_FOR_REVIEW/HTS67_SOURCE_FREEZE.tsv	NOT_INCLUDED_IN_COMPACT_TREE	Historical checksum reference retained for provenance; referenced source-package/transport member is not part of the compact repository.
reproduction/first_season/capsules/posterior_attribution/official_fetch_records/phase2c_network_execution/evidence/E002_SHA256SUMS.txt	HTS67_RESULTS_FOR_REVIEW/HTS67_SYMMETRIC_METRIC_RESULTS.tsv	NOT_INCLUDED_IN_COMPACT_TREE	Historical checksum reference retained for provenance; referenced source-package/transport member is not part of the compact repository.
reproduction/first_season/capsules/posterior_attribution/official_fetch_records/phase2c_network_execution/evidence/E002_SHA256SUMS.txt	HTS67_RESULTS_FOR_REVIEW/HTS67_SYMMETRIC_POOLING_SENSITIVITY.tsv	NOT_INCLUDED_IN_COMPACT_TREE	Historical checksum reference retained for provenance; referenced source-package/transport member is not part of the compact repository.
reproduction/first_season/capsules/posterior_attribution/official_fetch_records/phase2c_network_execution/evidence/E002_SHA256SUMS.txt	HTS67_RESULTS_FOR_REVIEW/MANIFEST.json	NOT_INCLUDED_IN_COMPACT_TREE	Historical checksum reference retained for provenance; referenced source-package/transport member is not part of the compact repository.
reproduction/first_season/capsules/posterior_attribution/official_fetch_records/phase2c_network_execution/evidence/E002_SHA256SUMS.txt	HTS67_RESULTS_FOR_REVIEW/README_RUN.md	NOT_INCLUDED_IN_COMPACT_TREE	Historical checksum reference retained for provenance; referenced source-package/transport member is not part of the compact repository.
reproduction/first_season/capsules/posterior_attribution/official_fetch_records/phase2c_network_execution/evidence/E002_SHA256SUMS.txt	HTS67_RESULTS_FOR_REVIEW/SHA256SUMS.txt	NOT_INCLUDED_IN_COMPACT_TREE	Historical checksum reference retained for provenance; referenced source-package/transport member is not part of the compact repository.
reproduction/first_season/capsules/posterior_attribution/official_fetch_records/phase2c_network_execution/evidence/E002_SHA256SUMS.txt	HTS67_RESULTS_FOR_REVIEW.zip	NOT_INCLUDED_IN_COMPACT_TREE	Historical checksum reference retained for provenance; referenced source-package/transport member is not part of the compact repository.
reproduction/first_season/capsules/posterior_attribution/official_fetch_records/phase2c_network_execution/evidence/E002_SHA256SUMS.txt	HTS67_RESULTS_FOR_REVIEW.zip.sha256	NOT_INCLUDED_IN_COMPACT_TREE	Historical checksum reference retained for provenance; referenced source-package/transport member is not part of the compact repository.
reproduction/first_season/capsules/posterior_attribution/official_fetch_records/phase2c_network_execution/evidence/PHASE2C_EVIDENCE_SHA256SUMS.txt	/home/kei/h0_phase2c_official_fetch_20260728T122933Z/evidence/E002_CLASSIFICATION.txt	NOT_INCLUDED_IN_COMPACT_TREE	Historical checksum reference retained for provenance; referenced source-package/transport member is not part of the compact repository.
reproduction/first_season/capsules/posterior_attribution/official_fetch_records/phase2c_network_execution/evidence/PHASE2C_EVIDENCE_SHA256SUMS.txt	/home/kei/h0_phase2c_official_fetch_20260728T122933Z/evidence/E002_ENVIRONMENT.json	NOT_INCLUDED_IN_COMPACT_TREE	Historical checksum reference retained for provenance; referenced source-package/transport member is not part of the compact repository.
reproduction/first_season/capsules/posterior_attribution/official_fetch_records/phase2c_network_execution/evidence/PHASE2C_EVIDENCE_SHA256SUMS.txt	/home/kei/h0_phase2c_official_fetch_20260728T122933Z/evidence/E002_FRESH_OUTPUT_COMPARISON.tsv	NOT_INCLUDED_IN_COMPACT_TREE	Historical checksum reference retained for provenance; referenced source-package/transport member is not part of the compact repository.
reproduction/first_season/capsules/posterior_attribution/official_fetch_records/phase2c_network_execution/evidence/PHASE2C_EVIDENCE_SHA256SUMS.txt	/home/kei/h0_phase2c_official_fetch_20260728T122933Z/evidence/E002_FRESH_STAGE_COMPARISON.tsv	NOT_INCLUDED_IN_COMPACT_TREE	Historical checksum reference retained for provenance; referenced source-package/transport member is not part of the compact repository.
reproduction/first_season/capsules/posterior_attribution/official_fetch_records/phase2c_network_execution/evidence/PHASE2C_EVIDENCE_SHA256SUMS.txt	/home/kei/h0_phase2c_official_fetch_20260728T122933Z/evidence/E002_INPUT_VERIFICATION.tsv	NOT_INCLUDED_IN_COMPACT_TREE	Historical checksum reference retained for provenance; referenced source-package/transport member is not part of the compact repository.
reproduction/first_season/capsules/posterior_attribution/official_fetch_records/phase2c_network_execution/evidence/PHASE2C_EVIDENCE_SHA256SUMS.txt	/home/kei/h0_phase2c_official_fetch_20260728T122933Z/evidence/E002_SHA256SUMS.txt	NOT_INCLUDED_IN_COMPACT_TREE	Historical checksum reference retained for provenance; referenced source-package/transport member is not part of the compact repository.
reproduction/first_season/capsules/posterior_attribution/official_fetch_records/phase2c_network_execution/evidence/PHASE2C_EVIDENCE_SHA256SUMS.txt	/home/kei/h0_phase2c_official_fetch_20260728T122933Z/evidence/E002_STAGE_CLASSIFICATION_VERIFICATION.tsv	NOT_INCLUDED_IN_COMPACT_TREE	Historical checksum reference retained for provenance; referenced source-package/transport member is not part of the compact repository.
reproduction/first_season/capsules/posterior_attribution/official_fetch_records/phase2c_network_execution/evidence/PHASE2C_EVIDENCE_SHA256SUMS.txt	/home/kei/h0_phase2c_official_fetch_20260728T122933Z/evidence/E002_STAGE_STATUS.tsv	NOT_INCLUDED_IN_COMPACT_TREE	Historical checksum reference retained for provenance; referenced source-package/transport member is not part of the compact repository.
reproduction/first_season/capsules/posterior_attribution/official_fetch_records/phase2c_network_execution/evidence/PHASE2C_EVIDENCE_SHA256SUMS.txt	/home/kei/h0_phase2c_official_fetch_20260728T122933Z/evidence/HTS67_HISTORICAL_VS_FRESH_COMPARISON.tsv	NOT_INCLUDED_IN_COMPACT_TREE	Historical checksum reference retained for provenance; referenced source-package/transport member is not part of the compact repository.
reproduction/first_season/capsules/posterior_attribution/official_fetch_records/phase2c_network_execution/evidence/PHASE2C_EVIDENCE_SHA256SUMS.txt	/home/kei/h0_phase2c_official_fetch_20260728T122933Z/evidence/OFFICIAL_ARCHIVE_ACQUISITION.tsv	NOT_INCLUDED_IN_COMPACT_TREE	Historical checksum reference retained for provenance; referenced source-package/transport member is not part of the compact repository.
reproduction/first_season/capsules/posterior_attribution/official_fetch_records/phase2c_network_execution/evidence/PHASE2C_EVIDENCE_SHA256SUMS.txt	/home/kei/h0_phase2c_official_fetch_20260728T122933Z/evidence/OFFICIAL_HTTP_HEADERS/FIXED_RANGE_0_0_HEADERS.txt	NOT_INCLUDED_IN_COMPACT_TREE	Historical checksum reference retained for provenance; referenced source-package/transport member is not part of the compact repository.
reproduction/first_season/capsules/posterior_attribution/official_fetch_records/phase2c_network_execution/evidence/PHASE2C_EVIDENCE_SHA256SUMS.txt	/home/kei/h0_phase2c_official_fetch_20260728T122933Z/evidence/OFFICIAL_HTTP_HEADERS/ORIGINAL_RANGE_0_0_HEADERS.txt	NOT_INCLUDED_IN_COMPACT_TREE	Historical checksum reference retained for provenance; referenced source-package/transport member is not part of the compact repository.
reproduction/first_season/capsules/posterior_attribution/official_fetch_records/phase2c_network_execution/evidence/PHASE2C_EVIDENCE_SHA256SUMS.txt	/home/kei/h0_phase2c_official_fetch_20260728T122933Z/evidence/OFFICIAL_SELECTED_MEMBER_VERIFICATION.tsv	NOT_INCLUDED_IN_COMPACT_TREE	Historical checksum reference retained for provenance; referenced source-package/transport member is not part of the compact repository.
reproduction/first_season/capsules/posterior_attribution/official_fetch_records/phase2c_network_execution/evidence/PHASE2C_EVIDENCE_SHA256SUMS.txt	/home/kei/h0_phase2c_official_fetch_20260728T122933Z/evidence/PHASE2C_ENVIRONMENT.json	NOT_INCLUDED_IN_COMPACT_TREE	Historical checksum reference retained for provenance; referenced source-package/transport member is not part of the compact repository.
reproduction/first_season/capsules/posterior_attribution/official_fetch_records/phase2c_network_execution/evidence/PHASE2C_EVIDENCE_SHA256SUMS.txt	/home/kei/h0_phase2c_official_fetch_20260728T122933Z/evidence/PHASE2C_NETWORK_PREFLIGHT.tsv	NOT_INCLUDED_IN_COMPACT_TREE	Historical checksum reference retained for provenance; referenced source-package/transport member is not part of the compact repository.
reproduction/first_season/capsules/posterior_attribution/official_fetch_records/phase2c_network_execution/evidence/PHASE2C_EVIDENCE_SHA256SUMS.txt	/home/kei/h0_phase2c_official_fetch_20260728T122933Z/evidence/PHASE2C_NETWORK_PROBE.json	NOT_INCLUDED_IN_COMPACT_TREE	Historical checksum reference retained for provenance; referenced source-package/transport member is not part of the compact repository.
reproduction/first_season/capsules/posterior_attribution/official_fetch_records/phase2c_network_execution/evidence/PHASE2C_EVIDENCE_SHA256SUMS.txt	/home/kei/h0_phase2c_official_fetch_20260728T122933Z/evidence/PHASE2C_RESULT.txt	NOT_INCLUDED_IN_COMPACT_TREE	Historical checksum reference retained for provenance; referenced source-package/transport member is not part of the compact repository.
reproduction/first_season/capsules/posterior_attribution/official_fetch_records/phase2c_network_execution/evidence/PHASE2C_EVIDENCE_SHA256SUMS.txt	/home/kei/h0_phase2c_official_fetch_20260728T122933Z/evidence/PHASE2C_STARTING_TREE.tsv	NOT_INCLUDED_IN_COMPACT_TREE	Historical checksum reference retained for provenance; referenced source-package/transport member is not part of the compact repository.
reproduction/first_season/capsules/posterior_attribution/official_fetch_records/phase2c_network_execution/evidence/PHASE2C_EVIDENCE_SHA256SUMS.txt	/home/kei/h0_phase2c_official_fetch_20260728T122933Z/logs/PHASE2C_BUNDLE_AND_CHECKPOINT_VERIFY.txt	NOT_INCLUDED_IN_COMPACT_TREE	Historical checksum reference retained for provenance; referenced source-package/transport member is not part of the compact repository.
reproduction/first_season/capsules/posterior_attribution/official_fetch_records/phase2c_network_execution/evidence/PHASE2C_EVIDENCE_SHA256SUMS.txt	/home/kei/h0_phase2c_official_fetch_20260728T122933Z/logs/PHASE2C_EXIT_CODE.txt	NOT_INCLUDED_IN_COMPACT_TREE	Historical checksum reference retained for provenance; referenced source-package/transport member is not part of the compact repository.
reproduction/first_season/capsules/posterior_attribution/official_fetch_records/phase2c_network_execution/evidence/PHASE2C_EVIDENCE_SHA256SUMS.txt	/home/kei/h0_phase2c_official_fetch_20260728T122933Z/logs/PHASE2C_PHASE1_LOCAL_VERIFIER.txt	NOT_INCLUDED_IN_COMPACT_TREE	Historical checksum reference retained for provenance; referenced source-package/transport member is not part of the compact repository.
reproduction/first_season/capsules/posterior_attribution/official_fetch_records/phase2c_network_execution/evidence/PHASE2C_EVIDENCE_SHA256SUMS.txt	/home/kei/h0_phase2c_official_fetch_20260728T122933Z/logs/PHASE2C_RUN_STDERR.txt	NOT_INCLUDED_IN_COMPACT_TREE	Historical checksum reference retained for provenance; referenced source-package/transport member is not part of the compact repository.
reproduction/first_season/capsules/posterior_attribution/official_fetch_records/phase2c_network_execution/evidence/PHASE2C_EVIDENCE_SHA256SUMS.txt	/home/kei/h0_phase2c_official_fetch_20260728T122933Z/logs/PHASE2C_RUN_STDOUT.txt	NOT_INCLUDED_IN_COMPACT_TREE	Historical checksum reference retained for provenance; referenced source-package/transport member is not part of the compact repository.
reproduction/first_season/capsules/cmb_fixed_seed_bootstrap/fresh_replay_records/E001_SHA256SUMS.txt	02_PROFILED_AMPLITUDE_MODELS.tsv	NOT_INCLUDED_IN_COMPACT_TREE	Historical checksum reference retained for provenance; referenced source-package/transport member is not part of the compact repository.
reproduction/first_season/capsules/cmb_fixed_seed_bootstrap/fresh_replay_records/E001_SHA256SUMS.txt	03_MODEL_AMPLITUDES.tsv	NOT_INCLUDED_IN_COMPACT_TREE	Historical checksum reference retained for provenance; referenced source-package/transport member is not part of the compact repository.
reproduction/first_season/capsules/cmb_fixed_seed_bootstrap/fresh_replay_records/E001_SHA256SUMS.txt	04_NESTED_MODEL_TESTS.tsv	NOT_INCLUDED_IN_COMPACT_TREE	Historical checksum reference retained for provenance; referenced source-package/transport member is not part of the compact repository.
reproduction/first_season/capsules/cmb_fixed_seed_bootstrap/fresh_replay_records/E001_SHA256SUMS.txt	05_PROFILED_DIRECTION_STABILITY.tsv	NOT_INCLUDED_IN_COMPACT_TREE	Historical checksum reference retained for provenance; referenced source-package/transport member is not part of the compact repository.
reproduction/first_season/capsules/cmb_fixed_seed_bootstrap/fresh_replay_records/E001_SHA256SUMS.txt	06_MACHINE_READABLE_RESULTS.json	NOT_INCLUDED_IN_COMPACT_TREE	Historical checksum reference retained for provenance; referenced source-package/transport member is not part of the compact repository.
evidence/canonical_ledgers/first_season/SHA256SUMS.txt	canonical_reference_packages/HTV_HTS_INTEGRATED_STATUS_AUDIT_PACKAGE.zip	NOT_INCLUDED_IN_COMPACT_TREE	Historical checksum reference retained for provenance; referenced source-package/transport member is not part of the compact repository.
evidence/canonical_ledgers/first_season/SHA256SUMS.txt	canonical_reference_packages/HTV_HTS_INTEGRATED_STATUS_AUDIT_PACKAGE.zip.sha256	NOT_INCLUDED_IN_COMPACT_TREE	Historical checksum reference retained for provenance; referenced source-package/transport member is not part of the compact repository.
evidence/canonical_ledgers/first_season/SHA256SUMS.txt	canonical_reference_packages/TDCOSMO_ALTERNATE_IMPLEMENTATION_BRANCH_CLOSEOUT_PACKAGE.zip	NOT_INCLUDED_IN_COMPACT_TREE	Historical checksum reference retained for provenance; referenced source-package/transport member is not part of the compact repository.
evidence/canonical_ledgers/first_season/SHA256SUMS.txt	canonical_reference_packages/TDCOSMO_ALTERNATE_IMPLEMENTATION_BRANCH_CLOSEOUT_PACKAGE.zip.sha256	NOT_INCLUDED_IN_COMPACT_TREE	Historical checksum reference retained for provenance; referenced source-package/transport member is not part of the compact repository.
evidence/canonical_ledgers/first_season/SHA256SUMS.txt	canonical_reference_packages/cross_season_bridge_evidence/HTV114_CORR1_RESULTS_FOR_REVIEW.zip	NOT_INCLUDED_IN_COMPACT_TREE	Historical checksum reference retained for provenance; referenced source-package/transport member is not part of the compact repository.
evidence/canonical_ledgers/first_season/SHA256SUMS.txt	canonical_reference_packages/cross_season_bridge_evidence/HTV114_CORR1_RESULTS_FOR_REVIEW.zip.sha256	NOT_INCLUDED_IN_COMPACT_TREE	Historical checksum reference retained for provenance; referenced source-package/transport member is not part of the compact repository.
evidence/canonical_ledgers/first_season/SHA256SUMS.txt	canonical_reference_packages/cross_season_bridge_evidence/HTV136_RESULTS_FOR_REVIEW_CORR1.zip	NOT_INCLUDED_IN_COMPACT_TREE	Historical checksum reference retained for provenance; referenced source-package/transport member is not part of the compact repository.
evidence/canonical_ledgers/first_season/SHA256SUMS.txt	canonical_reference_packages/cross_season_bridge_evidence/HTV136_RESULTS_FOR_REVIEW_CORR1.zip.sha256	NOT_INCLUDED_IN_COMPACT_TREE	Historical checksum reference retained for provenance; referenced source-package/transport member is not part of the compact repository.
evidence/canonical_ledgers/first_season/SHA256SUMS.txt	canonical_reference_packages/cross_season_bridge_evidence/HTV29_RESULTS_FOR_REVIEW.zip	NOT_INCLUDED_IN_COMPACT_TREE	Historical checksum reference retained for provenance; referenced source-package/transport member is not part of the compact repository.
evidence/canonical_ledgers/first_season/SHA256SUMS.txt	canonical_reference_packages/cross_season_bridge_evidence/HTV29_RESULTS_FOR_REVIEW.zip.sha256	NOT_INCLUDED_IN_COMPACT_TREE	Historical checksum reference retained for provenance; referenced source-package/transport member is not part of the compact repository.
evidence/canonical_ledgers/first_season/SHA256SUMS.txt	scripts/verify_master_package.py	NOT_INCLUDED_IN_COMPACT_TREE	Historical checksum reference retained for provenance; referenced source-package/transport member is not part of the compact repository.
evidence/canonical_ledgers/final_validation/SHA256SUMS.txt	scripts/build_deterministic_zip.py	NOT_INCLUDED_IN_COMPACT_TREE	Historical checksum reference retained for provenance; referenced source-package/transport member is not part of the compact repository.
evidence/canonical_ledgers/final_validation/SHA256SUMS.txt	scripts/finalize_package.py	NOT_INCLUDED_IN_COMPACT_TREE	Historical checksum reference retained for provenance; referenced source-package/transport member is not part of the compact repository.
evidence/canonical_ledgers/final_validation/SHA256SUMS.txt	scripts/rebuild_test_vectors_from_h0dn.py	NOT_INCLUDED_IN_COMPACT_TREE	Historical checksum reference retained for provenance; referenced source-package/transport member is not part of the compact repository.
evidence/canonical_ledgers/final_validation/SHA256SUMS.txt	scripts/run_internal_validations.py	NOT_INCLUDED_IN_COMPACT_TREE	Historical checksum reference retained for provenance; referenced source-package/transport member is not part of the compact repository.
evidence/canonical_ledgers/final_validation/SHA256SUMS.txt	scripts/verify_package.py	NOT_INCLUDED_IN_COMPACT_TREE	Historical checksum reference retained for provenance; referenced source-package/transport member is not part of the compact repository.
evidence/canonical_ledgers/final_validation/SHA256SUMS.txt	test_vectors/TEST_VECTOR_PROVENANCE.json	NOT_INCLUDED_IN_COMPACT_TREE	Historical checksum reference retained for provenance; referenced source-package/transport member is not part of the compact repository.
evidence/canonical_ledgers/final_validation/SHA256SUMS.txt	test_vectors/h0dn_network_gls.npz	NOT_INCLUDED_IN_COMPACT_TREE	Historical checksum reference retained for provenance; referenced source-package/transport member is not part of the compact repository.
evidence/canonical_ledgers/final_validation/SHA256SUMS.txt	test_vectors/sn_intercept_block.npz	NOT_INCLUDED_IN_COMPACT_TREE	Historical checksum reference retained for provenance; referenced source-package/transport member is not part of the compact repository.
evidence/canonical_ledgers/second_season/SHA256SUMS.txt	canonical_branch_masters/B01/GWTC45_STANDARD_SIREN_POSTERIOR_TRACEABILITY_MASTER_V1_0.zip	NOT_INCLUDED_IN_COMPACT_TREE	Historical checksum reference retained for provenance; referenced source-package/transport member is not part of the compact repository.
evidence/canonical_ledgers/second_season/SHA256SUMS.txt	canonical_branch_masters/B01/GWTC45_STANDARD_SIREN_POSTERIOR_TRACEABILITY_MASTER_V1_0.zip.sha256	NOT_INCLUDED_IN_COMPACT_TREE	Historical checksum reference retained for provenance; referenced source-package/transport member is not part of the compact repository.
evidence/canonical_ledgers/second_season/SHA256SUMS.txt	canonical_branch_masters/B02/PANTHEON_PLUS_BBC_SOURCE_READINESS_MASTER_V1_0.zip	NOT_INCLUDED_IN_COMPACT_TREE	Historical checksum reference retained for provenance; referenced source-package/transport member is not part of the compact repository.
evidence/canonical_ledgers/second_season/SHA256SUMS.txt	canonical_branch_masters/B02/PANTHEON_PLUS_BBC_SOURCE_READINESS_MASTER_V1_0.zip.sha256	NOT_INCLUDED_IN_COMPACT_TREE	Historical checksum reference retained for provenance; referenced source-package/transport member is not part of the compact repository.
evidence/canonical_ledgers/second_season/SHA256SUMS.txt	canonical_branch_masters/B03A/H0DN_SINGULAR_COVARIANCE_MASTER_REFERENCE_PACKAGE_v1.0.0.zip	NOT_INCLUDED_IN_COMPACT_TREE	Historical checksum reference retained for provenance; referenced source-package/transport member is not part of the compact repository.
evidence/canonical_ledgers/second_season/SHA256SUMS.txt	canonical_branch_masters/B03A/H0DN_SINGULAR_COVARIANCE_MASTER_REFERENCE_PACKAGE_v1.0.0.zip.sha256	NOT_INCLUDED_IN_COMPACT_TREE	Historical checksum reference retained for provenance; referenced source-package/transport member is not part of the compact repository.
evidence/canonical_ledgers/second_season/SHA256SUMS.txt	canonical_branch_masters/B03B/H0DN_SNIA_SAME_CID_RESIDUAL_DEFICIT_MASTER_REFERENCE_PACKAGE_v1.0.0.zip	NOT_INCLUDED_IN_COMPACT_TREE	Historical checksum reference retained for provenance; referenced source-package/transport member is not part of the compact repository.
evidence/canonical_ledgers/second_season/SHA256SUMS.txt	canonical_branch_masters/B03B/H0DN_SNIA_SAME_CID_RESIDUAL_DEFICIT_MASTER_REFERENCE_PACKAGE_v1.0.0.zip.sha256	NOT_INCLUDED_IN_COMPACT_TREE	Historical checksum reference retained for provenance; referenced source-package/transport member is not part of the compact repository.
evidence/canonical_ledgers/second_season/SHA256SUMS.txt	scripts/verify_master_package.py	NOT_INCLUDED_IN_COMPACT_TREE	Historical checksum reference retained for provenance; referenced source-package/transport member is not part of the compact repository.
evidence/canonical_ledgers/cross_season/SHA256SUMS.txt	scripts/build_deterministic_zip.py	NOT_INCLUDED_IN_COMPACT_TREE	Historical checksum reference retained for provenance; referenced source-package/transport member is not part of the compact repository.
evidence/canonical_ledgers/cross_season/SHA256SUMS.txt	scripts/verify_against_masters.py	NOT_INCLUDED_IN_COMPACT_TREE	Historical checksum reference retained for provenance; referenced source-package/transport member is not part of the compact repository.
evidence/canonical_ledgers/cross_season/SHA256SUMS.txt	scripts/verify_package.py	NOT_INCLUDED_IN_COMPACT_TREE	Historical checksum reference retained for provenance; referenced source-package/transport member is not part of the compact repository.
